$\mu / [W]$,0.0,0.15151515151515152,0.30303030303030304,0.45454545454545453,0.6060606060606061,0.7575757575757575,0.9090909090909091,1.0606060606060606,1.2121212121212122,1.3636363636363635,1.515151515151515,1.6666666666666667,1.8181818181818181,1.9696969696969697,2.121212121212121,2.272727272727273,2.4242424242424243,2.5757575757575757,2.727272727272727,2.878787878787879,3.03030303030303,3.1818181818181817,3.3333333333333335,3.484848484848485,3.6363636363636362,3.7878787878787876,3.9393939393939394,4.090909090909091,4.242424242424242,4.393939393939394,4.545454545454546,4.696969696969696,4.848484848484849,5.0,5.151515151515151,5.303030303030303,5.454545454545454,5.6060606060606055,5.757575757575758,5.909090909090909,6.06060606060606,6.212121212121212,6.363636363636363,6.515151515151515,6.666666666666667,6.8181818181818175,6.96969696969697,7.121212121212121,7.2727272727272725,7.424242424242425,7.575757575757575,7.727272727272727,7.878787878787879,8.03030303030303,8.181818181818182,8.333333333333334,8.484848484848484,8.636363636363635,8.787878787878787,8.93939393939394,9.090909090909092,9.242424242424242,9.393939393939393,9.545454545454545,9.696969696969697,9.848484848484848,10.0,10.15151515151515,10.303030303030303,10.454545454545455,10.606060606060606,10.757575757575758,10.909090909090908,11.06060606060606,11.212121212121211,11.363636363636362,11.515151515151516,11.666666666666666,11.818181818181818,11.969696969696969,12.12121212121212,12.272727272727273,12.424242424242424,12.575757575757576,12.727272727272727,12.878787878787877,13.03030303030303,13.181818181818182,13.333333333333334,13.484848484848484,13.636363636363635,13.787878787878787,13.93939393939394,14.090909090909092,14.242424242424242,14.393939393939393,14.545454545454545,14.696969696969695,14.84848484848485,15.0
-0.5,0.0,2.480709589204031e-07,9.337310122614926e-06,0.00012307289371917338,0.00046311910658355314,0.0010285713047616097,0.0017550957862576034,0.00257910875897514,0.003455664570559147,0.00435688353531551,0.005266606148952787,0.006175915595410271,0.007080159418314289,0.007977129589528096,0.008865990244996604,0.009746656350231277,0.010619436842574428,0.011484831246694235,0.01234341506980941,0.013195776543168121,0.01404248300675752,0.014884064360464496,0.015721006231735234,0.016553748570370664,0.017382687162402686,0.018208176603045894,0.019030533887545328,0.019850042145021323,0.02066695425708244,0.021481496230519415,0.022293870267633745,0.02310425752006935,0.02391282053524126,0.024719705416331172,0.025525043722031876,0.026328954133604077,0.027131543916071272,0.02793291019854841,0.028733141096382638,0.029532316695333596,0.030330509915630435,0.031127787271514894,0.03192420953986126,0.03271983234966679,0.03351470670262523,0.034308879433617386,0.0351023936187571,0.03589528893759661,0.03668760199520504,0.037479366609066665,0.03827061406508595,0.03906137334641901,0.039851671338363544,0.040641533012118904,0.041430981589866876,0.042220038693311014,0.043008724477544114,0.04379705775187984,0.04458505608908373,0.04537273592426386,0.04616011264453007,0.04694720067039898,0.04773401352980685,0.04852056392549312,0.04930686379642917,0.05009292437389102,0.050878756232707656,0.051664369338157434,0.052449773088933845,0.05323497635655658,0.05401998752156283,0.054804814506779716,0.055589464807946194,0.05637394552192595,0.05715826337272791,0.057942424735529,0.058726435658874886,0.059510301885216554,0.060294028869925874,0.0610776217989189,0.06186108560500381,0.06264442498305922,0.06342764440413894,0.06421074812859001,0.06499374021826346,0.06577662454788953,0.06655940481568329,0.06734208455324006,0.06812466713477555,0.06890715578576054,0.06968955359099534,0.07047186350216632,0.07125408834492238,0.07203623082550616,0.07281829353697312,0.0736002789650268,0.07438218949349826,0.07516402740949464,0.07594579490823945,0.07672749409762596
-0.4898989898989899,0.0,8.293271732307193e-06,0.00043081208756038644,0.0016151513583860337,0.0031653800104225853,0.004814244787272624,0.00646609512824576,0.00809395541380157,0.009693493158027292,0.011267090633347411,0.012818634840952749,0.014351895722730395,0.01587009745383438,0.017375877607164976,0.01887136003921996,0.020358248943824115,0.021837914889133905,0.02331146575670416,0.024779802861522402,0.02624366460300812,0.027703660230191936,0.02916029596823186,0.030613995304324768,0.03206511482015087,0.03351395662361307,0.0349607781738314,0.036405800097657925,0.037849212449538046,0.039291179757339166,0.04073184511529566,0.04217133352426113,0.0436097546336583,0.04504720500492799,0.04648376999001156,0.04791952529833777,0.049354538310368075,0.05078886918383813,0.05222257178956951,0.05365569450648039,0.055088280899728226,0.056520370301412666,0.057951998309687815,0.059383197219272404,0.06081399639405093,0.062244422590605634,0.06367450024001912,0.06510425169406481,0.06653369744090361,0.06796285629458555,0.06939174556197883,0.07082038119018978,0.07224877789707322,0.07367694928704568,0.07510490795408975,0.07653266557356768,0.07796023298423253,0.0793876202616328,0.08081483678394352,0.08224189129111723,0.08366879193813014,0.08509554634299858,0.08652216163015398,0.08794864446968938,0.08937500111292873,0.09080123742471331,0.09222735891275267,0.09365337075434621,0.09507927782074593,0.09650508469939849,0.09793079571427944,0.09935641494450666,0.10078194624140074,0.10220739324414095,0.10363275939414966,0.10505804794832384,0.10648326199122009,0.10790840444628781,0.10933347808623672,0.11075848554261498,0.11218342931466707,0.11360831177753411,0.11503313518985221,0.1164579017008003,0.11788261335664303,0.11930727210681052,0.12073187980955252,0.12215643823720147,0.12358094908107586,0.12500541395605153,0.12642983440482744,0.1278542119019094,0.12927854785733292,0.13070284362014492,0.13212710048166285,0.13355131967852685,0.13497550239556058,0.13639964976845473,0.13782376288628503,0.139247842793878,0.14067189049403309
-0.47979797979797983,0.0,9.939759972676118e-06,0.000495635684722297,0.0018332882511793705,0.0035693651137224092,0.00540778042319593,0.007244877770977553,0.009052560404728646,0.010827201984612546,0.012572179960480883,0.014292253747821925,0.015991872244395442,0.017674767345070876,0.01934395219366192,0.02100182900997193,0.022650309959753426,0.024290922678628504,0.02592489509490047,0.027553221399909136,0.029176712712478403,0.030796035875480954,0.03241174322660052,0.03402429555177713,0.03563407989162219,0.03724142344984063,0.03884660453468556,0.04044986122827838,0.04205139830430694,0.04365139278606411,0.045249998441769655,0.04684734944358896,0.04844356336413035,0.05003874364469604,0.05163298163971988,0.053226358319138745,0.05481894569308826,0.05641080800994961,0.058002002768421844,0.05959258157622344,0.061182590881700964,0.06277207259963333,0.06436106464856516,0.06594960141384971,0.06753771414805707,0.06912543131836799,0.07071277890893109,0.07229978068482289,0.07388645842315908,0.07547283211601255,0.07705892014905599,0.0786447394592399,0.0802303056743121,0.0818156332365651,0.08340073551284678,0.08498562489257651,0.08657031287526028,0.08815481014879212,0.0897391266596503,0.09132327167594863,0.09290725384417504,0.0944910812403414,0.09607476141617464,0.09765830144090032,0.09924170793910046,0.10082498712506865,0.10240814483403388,0.10399118655058069,0.10557411743455442,0.10715694234470703,0.10873966586030971,0.11032229230093281,0.11190482574457222,0.11348727004428037,0.11506962884344397,0.1166519055898348,0.11823410354854723,0.11981622581392352,0.12139827532055814,0.12298025485346302,0.12456216705746721,0.12614401444591736,0.12772579940873874,0.12930752421991118,0.13088919104440888,0.13247080194464778,0.13405235888648126,0.13563386374478084,0.13721531830863418,0.13879672428619108,0.14037808330918564,0.1419593969371578,0.14354066666139928,0.145121893908643,0.1467030800445164,0.14828422637677555,0.14986533415833594,0.15144640459011507,0.15302743882370037,0.1546084379638542,0.15618940307086837
-0.4696969696969697,0.0,1.0798094567620393e-05,0.0005166123304462812,0.0018852032901268013,0.0036472187125637574,0.005506637883664568,0.007362043681573408,0.009186745899009035,0.010977828678535606,0.012739011671394474,0.01447521721243091,0.016190970647217088,0.017890038237888733,0.019575446843890062,0.021249602283785345,0.022914415475966163,0.024571410631398446,0.026221811431166146,0.027866607676031132,0.029506606278637017,0.03114247020421368,0.03277474829019635,0.034403898200260456,0.03603030420820751,0.03765429107414687,0.039276134951034776,0.04089607201996603,0.04251430537639924,0.04413101055992628,0.04574634002463956,0.04736042677635215,0.04897338735017284,0.05058532426239059,0.052196328040780726,0.053806478914781346,0.05541584822966125,0.05702449963546999,0.05863249009123856,0.06023987071685858,0.06184668751876655,0.06345298201059311,0.06505879174600138,0.06666415077780187,0.06826909005492048,0.06987363776677301,0.07147781964296639,0.07308165921491708,0.07468517804489402,0.07628839592710535,0.07789133106471634,0.07949400022608323,0.08109641888298652,0.08269860133323031,0.08430056080962661,0.08590230957709184,0.08750385901933745,0.0891052197164291,0.0907064015143154,0.09230741358727666,0.09390826449411944,0.09550896222883389,0.09710951426633863,0.0987099276038595,0.10031020879841919,0.10191036400085739,0.10351039898674931,0.10511031918454729,0.1067101297012313,0.10830983534572179,0.10990944065027876,0.1115089498900864,0.11310836710119916,0.11470769609700775,0.11630694048336465,0.11790610367249497,0.11950518889580447,0.12110419921568566,0.12270313753641182,0.12430200661420004,0.12590080906651666,0.12749954738068978,0.12909822392188944,0.1306968409405278,0.13229540057912895,0.1338939048787108,0.1354923557847206,0.1370907551525583,0.13868910475272234,0.14028740627560626,0.1418856613359747,0.14348387147714217,0.14508203817487852,0.14668016284106114,0.1482782468270925,0.14987629142710168,0.15147429788094383,0.15307226737701382,0.1546702010548868,0.15626810000779776,0.1578659652849713
-0.4595959595959596,0.0,1.1742141772559227e-05,0.0005387449027772406,0.0019392701437882332,0.003727873215140662,0.00560882817465087,0.007483055165954448,0.009325296188704282,0.011133349887574107,0.012911276901114889,0.014664160482266918,0.01639660068303455,0.018112396800778436,0.01981458842801111,0.021505584261454127,0.023187293440278367,0.024861236353747398,0.02652863213536361,0.02819046596496264,0.029847540369977738,0.03150051429707093,0.033149932971167535,0.034796250843251976,0.036439849346724285,0.038081050737634244,0.039720128963524164,0.0413573182625819,0.04299282001677502,0.04462680825209727,0.04625943408300045,0.047890829327041584,0.049521109462919655,0.05115037606549869,0.05277871882158269,0.05440621720757156,0.05603294189283428,0.05765895591934214,0.05928431569781528,0.06090907185262719,0.06253326994143663,0.0641569510705743,0.06578015242329495,0.06740290771488665,0.06902524758613232,0.07064719994460812,0.07226879026167947,0.07389004183173588,0.07551097599912865,0.07713161235739428,0.07875196892462001,0.08037206229820902,0.08199190779180601,0.08361151955672962,0.08523091068991369,0.08685009333006977,0.08846907874353928,0.09008787740109964,0.09170649904681477,0.093324952759872,0.09494324701022439,0.09656138970874802,0.0981793882525341,0.09979724956585663,0.1014149801372886,0.10303258605338199,0.10465007302927704,0.10626744643656054,0.1078847113286585,0.10950187246401226,0.11111893432726187,0.11273590114863098,0.11435277692169182,0.1159695654196628,0.11758627021038011,0.11920289467006649,0.12081944199600814,0.12243591521823984,0.12405231721032706,0.1256686506993258,0.12728491827499186,0.12890112239830495,0.13051726540936628,0.13213334953472228,0.13374937689416336,0.13536534950703982,0.1369812692981354,0.13859713810313382,0.14021295767371073,0.14182872968228052,0.14344445572642578,0.14506013733303233,0.14667577596215425,0.14829137301062753,0.14990692981545242,0.1515224476569608,0.15313792776178486,0.15475337130564118,0.15636877941594324,0.15798415317425515,0.1595994936185973
-0.44949494949494945,0.0,1.2782246919952999e-05,0.0005621255335333813,0.001995640199396529,0.0038115212360825567,0.005714581957668406,0.007608181087761075,0.009468518907147354,0.01129411250655661,0.01308936218163042,0.014859510010491482,0.016609228943928567,0.018342349934747308,0.02006192429102995,0.02177036284098155,0.02346957239286988,0.02516106910187955,0.02684606724153274,0.02852554713081254,0.03020030672519833,0.03187100080558012,0.033538170866950504,0.03520226805289636,0.03686367087924635,0.038522699034513115,0.04017962420815241,0.04183467865138415,0.04348806199555131,0.045139946721537094,0.046790482577238196,0.04843980016883092,0.05008801389862502,0.05173522438270825,0.05338152045177138,0.055026980815902016,0.05667167545688354,0.058315666798280104,0.059959010693337395,0.06160175726275204,0.06324395160811704,0.0648856344219322,0.06652684251117394,0.06816760924831715,0.06980796496122042,0.07144793727128806,0.07308755138770943,0.0747268303642653,0.07636579532412162,0.07800446565715573,0.07964285919364007,0.081280992357513,0.08291888030197365,0.08455653702972778,0.0861939754998682,0.08783120772308735,0.08946824484667765,0.09110509723057181,0.09274177451550403,0.0943782856842257,0.09601463911658603,0.0976508426391819,0.0992869035701897,0.1009228287599157,0.10255862462753296,0.1041942971944162,0.10582985211443628,0.10746529470153192,0.10910062995483981,0.1107358625816313,0.11237099701827528,0.11400603744942255,0.11564098782558492,0.11727585187926338,0.11891063313976291,0.12054533494681702,0.1221799604631319,0.12381451268594867,0.125448994457712,0.12708340847592517,0.12871775730226212,0.13035204337100134,0.1319862689968401,0.13362043638214066,0.13525454762365663,0.13688860471878211,0.1385226095713629,0.14015656399710436,0.14179046972860979,0.14342432842007627,0.14505814165167671,0.14669191093365133,0.14832563771013066,0.14995932336271087,0.15159296921380003,0.1532265765297513,0.15486014652379998,0.15649368035881736,0.15812717914989563,0.15976064396677495,0.16139407583612433
-0.4393939393939394,0.0,1.393031575905482e-05,0.0005868572829688688,0.0020544822668825988,0.0038983777237682933,0.0058241568358643045,0.007737721834983908,0.009616757824285694,0.01146050421593135,0.01327369951269152,0.015061742427804796,0.016829376931811742,0.01858046420120121,0.020318066203801596,0.022044595123881735,0.02376195486518871,0.0254716569194455,0.027174910374419922,0.028872690437659842,0.030565790297357884,0.03225486041443157,0.03394043843076457,0.03562297208306706,0.03730283688843562,0.03898034990100667,0.040655780496626,0.04232935889305181,0.044001282931780655,0.04567172351527051,0.04734082899638534,0.04900872874543346,0.05067553606716357,0.05234135060048745,0.05400626030391539,0.055670343107129344,0.05733366829191286,0.0589962976524446,0.060658286474751105,0.06231968436717231,0.06398053596747824,0.0656408815473838,0.06730075753133448,0.06896019694335442,0.07061922979328122,0.07227788341172804,0.07393618274151166,0.07559415059198278,0.07725180786163467,0.07890917373349662,0.08056626584710425,0.08222310045024851,0.08387969253321602,0.08553605594782661,0.08719220351323446,0.08884814711017412,0.090503897765094,0.09215946572541805,0.09381486052700579,0.09547009105473604,0.09712516559701706,0.09878009189491987,0.10043487718654276,0.10208952824713723,0.1037440514254594,0.10539845267675442,0.10705273759273104,0.10870691142884197,0.11036097912914745,0.11201494534900856,0.11366881447582648,0.11532259064802274,0.11697627777242997,0.1186298795402476,0.12028339944169776,0.12193684077950333,0.12359020668129705,0.12524350011105942,0.12689672387967182,0.1285498806546652,0.13020297296923342,0.13185600323057584,0.13350897372762674,0.13516188663822257,0.1368147440357555,0.1384675478953542,0.14012030009963175,0.14177300244403487,0.1434256566418266,0.14507826432873125,0.14673082706726845,0.14838334635079967,0.15003582360730938,0.15168826020294132,0.15334065744530748,0.15499301658658768,0.15664533882643342,0.15829762531469224,0.15994987715396358,0.16160209540199935,0.16325428107395962
-0.4292929292929293,0.0,1.5200112791518913e-05,0.0006130559504167349,0.0021159854276103134,0.003988683615241943,0.005937841767915164,0.007872014488748526,0.009770398775407864,0.011632960176640167,0.013464773828343804,0.015271392785168593,0.017057630080989424,0.018827375627276068,0.020583700953504255,0.022329018792727518,0.0240652295461652,0.025793839593744764,0.027516052496777643,0.029232838088887783,0.030944984586044538,0.03265313796716592,0.034357831891412116,0.036059510583795217,0.037758546477051284,0.03945525392033766,0.04114989991717476,0.04284271260264098,0.044533887986826365,0.04622359535843084,0.04791198164505744,0.049599174955133836,0.05128528747334018,0.05297041784183889,0.05465465312985667,0.05633807047165889,0.058020738435799545,0.05970271817536632,0.06138406439877151,0.06306482619273475,0.06474504772292101,0.06642476883283253,0.068104025557703,0.06978285056707978,0.07146127354732999,0.07313932153333517,0.07481701919704957,0.07649438909930432,0.07817145191018712,0.0798482266024647,0.08152473062180655,0.08320098003698272,0.0848769896727239,0.08655277322752836,0.08822834337836329,0.08990371187392686,0.09157888961789899,0.09325388674341029,0.0949287126797884,0.09660337621249891,0.09827788553707416,0.09995224830772194,0.10162647168121398,0.1033005623565803,0.1049745266110687,0.1066483703327722,0.10832209905027902,0.10999571795965617,0.11166923194904228,0.11334264562109303,0.115015963313494,0.11668918911773213,0.11836232689629622,0.12003538029845683,0.12170835277476034,0.12338124759035879,0.1250540678372816,0.12672681644574643,0.128399496194596,0.1300721097209379,0.1317446595290581,0.13341714799867058,0.13508957739256047,0.13676194986367152,0.13843426746168508,0.14010653213913218,0.14177874575707647,0.14345091009040406,0.14512302683275005,0.1467950976010913,0.1484671239400321,0.15013910732580452,0.15181104917000773,0.1534829508231041,0.1551548135776907,0.15682663867156418,0.1584984272905919,0.16017018057140506,0.16184189960392617,0.16351358543374211,0.16518523906433455
-0.41919191919191917,0.0,1.660762998967634e-05,0.0006408522727933998,0.0021803624835242566,0.004082710259383365,0.006055962409875951,0.008011439079621529,0.009929876838300941,0.011811971135727318,0.013663132037673472,0.015489064535157195,0.017294648684507394,0.019083801580705398,0.02085960316987172,0.022624465891065468,0.024380286017715736,0.026128564348401464,0.027870498560538793,0.02960705283797826,0.03133901020874567,0.033067011998940514,0.034791587748150124,0.03651317805886313,0.038232152188804824,0.03994882170731972,0.04166345118329893,0.043376266616860705,0.04508746214249957,0.04679720539755596,0.04850564185217601,0.05021289832517911,0.051919085857168444,0.05362430207266402,0.05532863313334163,0.057032155362007876,0.05873493659984103,0.06043703734631501,0.06213851172110165,0.06383940827938088,0.06553977070584047,0.06723963840781001,0.0689390470241491,0.07063802886346611,0.07233661328281156,0.07403482701603376,0.07573269445940507,0.07743023792084634,0.07912747783803066,0.08082443296979439,0.08252112056457854,0.08421755650904415,0.08591375545952477,0.08760973095857834,0.08930549553856765,0.09100106081391897,0.09269643756347369,0.09439163580414915,0.09608666485695821,0.0977815334062948,0.09947624955327145,0.10117082086379292,0.10286525441196032,0.10455955681932604,0.10625373429045419,0.10794779264518489,0.10964173734795335,0.11133557353447178,0.11302930603604668,0.11472293940177213,0.11641647791881164,0.11810992563095825,0.11980328635564057,0.12149656369952372,0.12318976107284009,0.12488288170256678,0.12657592864455838,0.128268904794729,0.12996181289936973,0.13165465556467879,0.13334743526557294,0.13504015435384267,0.13673281506570775,0.1384254195288234,0.1401179697687837,0.14181046771516329,0.14350291520713512,0.1451953139986991,0.14688766576355192,0.14857997209962698,0.15027223453333005,0.151964454523494,0.15365663346507433,0.15534877269260494,0.15704087348343207,0.158732937060743,0.16042496459640412,0.16211695721362324,0.1638089159894468,0.16550084195710613,0.1671927361082214
-0.4090909090909091,0.0,1.817154640779548e-05,0.0006703946132007007,0.0022478541622842924,0.004180764806877097,0.00617888762492167,0.008156426212922655,0.010095685082270938,0.01199809330843598,0.013869394048138835,0.015715441703166376,0.017541181218555687,0.019350555251678,0.021146650967939124,0.022931879629844526,0.02470813272715187,0.026476904983660458,0.028239387816597156,0.02999653946912645,0.03174913755344636,0.033497818562098346,0.035243107770082514,0.03698544203976156,0.03872518735753085,0.04046265243331217,0.04219809933501265,0.04393175187205276,0.04566380225617506,0.047394416433198056,0.04912373838139391,0.05085189360031032,0.052578991960770795,0.05430513004727072,0.056030393094353564,0.05775485659616123,0.05947858765131569,0.06120164609223202,0.06292408543789042,0.06464595370127182,0.06636729407654875,0.06808814552631763,0.06980854328535861,0.0715285192943864,0.07324810257484164,0.07496731955383033,0.07668619434675196,0.07840474900388629,0.08012300372617155,0.08184097705456005,0.08355868603663907,0.08527614637363062,0.08699337255040657,0.08871037795075941,0.09042717495983899,0.09214377505538746,0.09386018888917326,0.09557642635982805,0.09729249667812474,0.09900840842559518,0.10072416960726453,0.10243978769917944,0.10415526969131865,0.10587062212639997,0.10758585113503388,0.10930096246761795,0.11101596152331872,0.11273085337644638,0.11444564280049117,0.11616033429005983,0.11787493208092233,0.11958944016835664,0.1213038623239564,0.12301820211105065,0.12473246289886662,0.12644664787555368,0.12816076006017357,0.1298748023137516,0.13158877734947286,0.13330268774210038,0.13501653593668259,0.1367303242566126,0.13844405491109443,0.14015773000206663,0.14187135153062852,0.14358492140301046,0.14529844143612533,0.14701191336273442,0.14872533883626018,0.15043871943527187,0.15215205666767076,0.15386535197459805,0.15557860673408616,0.1572918222644733,0.15900499982759908,0.16071814063179662,0.1624312458346973,0.16414431654586045,0.1658573538292416,0.16757035870550982,0.1692833321542259
-0.398989898989899,0.0,1.991380614332201e-05,0.0007018522741343707,0.002318734282320461,0.004283196827135199,0.006307037475444987,0.008307466432052367,0.010268385313120772,0.012191960516461382,0.014084266307123122,0.015951303840386545,0.017798080713344214,0.019628563446797313,0.021445845169258553,0.02325233503928058,0.02504991907248011,0.02684008539743382,0.028624018773535834,0.030402671195285846,0.03217681461738331,0.033947080506825315,0.03571398971975255,0.03747797525311459,0.039239399719229316,0.040998568883569994,0.04275574224211142,0.04451114135391849,0.04626495645746067,0.04801735176396854,0.04976846972290456,0.05151843448268711,0.05326735471673635,0.055015325945452755,0.05676243245517645,0.058508748892859515,0.06025434159821472,0.061999269722107904,0.06374358616994165,0.06548733840099964,0.06723056910864667,0.06897331680150502,0.07071561630195448,0.0724574991753036,0.07419899410058288,0.07594012719198548,0.07768092227842573,0.0794214011474265,0.08116158375851795,0.08290148843049079,0.08464113200615579,0.08638052999769154,0.08811969671519058,0.08985864538062133,0.09159738822909576,0.09333593659905909,0.09507430101278648,0.09681249124837842,0.09855051640428213,0.10028838495722685,0.10202610481434293,0.10376368336013349,0.10550112749888091,0.1072384436929971,0.10897563799776201,0.11071271609284056,0.11244968331092071,0.11418654466377466,0.11592330486600884,0.11765996835673848,0.11939653931939469,0.12113302169984912,0.12286941922302023,0.12460573540810745,0.12634197358258345,0.1280781368950609,0.12981422832713824,0.13155025070431672,0.13328620670607363,0.13502209887516584,0.13675792962623176,0.13849370125375263,0.14022941593942786,0.14196507575901432,0.14370068268867423,0.14543623861087263,0.14717174531986058,0.1489072045267787,0.15064261786441024,0.1523779868916121,0.15411331309744877,0.1558485979050521,0.15758384267522785,0.15931904870982846,0.16105421725490895,0.1627893495036826,0.16452444659929097,0.16625950963740113,0.16799453966864364,0.16972953770090127,0.17146450470146
-0.38888888888888884,0.0,2.186035186126088e-05,0.0007354196140897975,0.0023933161478669036,0.004390406496558655,0.0064408931138832835,0.00846512180857085,0.010448621375911375,0.012394299217924329,0.01430855857152554,0.016197544543010128,0.018066325029883666,0.01991888862978375,0.021758333111627882,0.023587064551758453,0.025406962761880047,0.02721950872417622,0.029025880118260978,0.030827022362554125,0.03262370149687981,0.0344165437578904,0.036206065418045684,0.03799269547483829,0.03977679305643616,0.0415586608926668,0.043338555831390506,0.045116697117192565,0.04689327296091464,0.048668445792825483,0.050442356493773606,0.052215127826690466,0.05398686723778164,0.055757669157359614,0.05752761690079367,0.059296784247818694,0.06106523676155031,0.06283303289562443,0.06460022492791531,0.06636685975155633,0.06813297954795294,0.0698986223617374,0.07166382259386767,0.0734286114260984,0.07519301718767273,0.07695706567317491,0.07872078041894243,0.08048418294418702,0.08224729296195595,0.08401012856423233,0.08577270638478855,0.08753504174284328,0.08929714877010424,0.09105904052339085,0.0928207290847063,0.09458222565035788,0.09634354061049533,0.09810468362024584,0.09986566366346188,0.10162648910995914,0.1033871677670067,0.10514770692572978,0.10690811340300177,0.10866839357932724,0.11042855343315684,0.11218859857201835,0.11394853426080404,0.11570836544751124,0.11746809678670021,0.11922773266090113,0.12098727720017649,0.1227467343000213,0.12450610763776349,0.12626540068760858,0.12802461673445817,0.12978375888661628,0.13154283008748716,0.13330183312635616,0.1350607706483368,0.1368196451635578,0.13857845905565727,0.14033721458964382,0.14209591391917956,0.1438545590933328,0.14561315206284672,0.14737169468596162,0.1491301887338297,0.15088863589555376,0.15264703778288022,0.15440539593457417,0.15616371182050076,0.1579219868454364,0.15968022235262933,0.16143841962712954,0.1631965798989047,0.16495470434575846,0.1667127940960648,0.16847085023133265,0.1702288737886126,0.17198686576275637,0.17374482710854078
-0.37878787878787873,0.0,2.4042064973952255e-05,0.0007713212078592657,0.0024719605355583547,0.004502854819086696,0.006581009129730471,0.00863004041356488,0.010637135768114153,0.01260594728061259,0.014543204856561548,0.01645519458899624,0.01834704219455725,0.020222756461689775,0.022085438401242215,0.023937489971025613,0.025780784004127946,0.02761679375000751,0.02944668935872556,0.03127140932294735,0.033091713492255335,0.03490822265347788,0.03672144831848843,0.03853181534124811,0.040339679247312174,0.042145339632596944,0.043949050614671754,0.045751029054403376,0.04755146107626149,0.04935050727939152,0.05114830693293914,0.0529449813771297,0.05474063679863834,0.05653536650949551,0.05832925282939052,0.060122368649094066,0.06191477873590878,0.06370654082919774,0.06549770656413788,0.06728832225416626,0.06907842955659459,0.07086806604116241,0.07265726567758275,0.07444605925518201,0.07623447474537842,0.0780225376158502,0.07981027110371765,0.08159769645382567,0.08338483312720442,0.08517169898396156,0.08695831044418172,0.08874468262985002,0.09053082949035456,0.0923167639137365,0.09410249782553766,0.09588804227682544,0.09767340752274979,0.09945860309279754,0.10124363785374785,0.10302852006619685,0.10481325743540378,0.10659785715711202,0.10838232595891395,0.11016667013765692,0.11195089559332394,0.11373500785977066,0.11551901213265363,0.11730291329484317,0.11908671593958244,0.12087042439162093,0.12265404272652654,0.12443757478835638,0.12622102420584672,0.12800439440726402,0.12978768863404572,0.1315709099533425,0.13335406126956523,0.13513714533502627,0.13692016475975788,0.13870312202058016,0.14048601946948489,0.1422688593413947,0.14405164376135113,0.14583437475117977,0.14761705423567673,0.1493996840483555,0.1511822659367906,0.1529648015675907,0.15474729253103017,0.1565297403453667,0.15831214646086972,0.16009451226358104,0.16187683907882913,0.16365912817451508,0.16544138076418788,0.16722359800992403,0.1690057810250261,0.17078793087655356,0.17257004858769784,0.17435213514001194,0.17613419147550655
-0.3686868686868687,0.0,2.649598357150747e-05,0.0008098183773723458,0.0025550857625387465,0.0046210765034538324,0.006728029108115382,0.008802974557525493,0.010834790584947775,0.012827877653293915,0.014789289853871438,0.016725451118494647,0.01864154235413493,0.02054159054025731,0.022428698444215234,0.024305262802216995,0.026173148642319177,0.028033820854433723,0.02988844157724466,0.03173794200234363,0.033583075492978426,0.035424457149762556,0.03726259353315618,0.03909790519795949,0.040930743938987955,0.04276140611184041,0.044590143014715734,0.046417169049633465,0.04824266819089279,0.050066799151993725,0.051889699543509214,0.053711489242444864,0.055532273140746956,0.05735214340143671,0.059171181321579495,0.06098945887925619,0.0628070400249823,0.06462398176523763,0.06644033507593107,0.06825614567600012,0.07007145468539716,0.07188629918704657,0.07370071270867092,0.07551472563745808,0.07732836557820445,0.07914165766369345,0.08095462482455706,0.08276728802464077,0.08457966646689491,0.08639177777399897,0.08820363814725433,0.09001526250672855,0.0918266646151763,0.09363785718788138,0.09544885199024782,0.09725965992470086,0.099070291108238,0.10088075494177966,0.10269106017231248,0.10450121494868257,0.10631122687178159,0.10812110303977139,0.10993085008890907,0.11174047423046346,0.1135499812841516,0.11535937670847167,0.11716866562826318,0.11897785285978492,0.1207869429335671,0.12259594011526538,0.12440484842471645,0.12621367165337394,0.12802241338028256,0.12983107698673166,0.13163966566971316,0.13344818245429665,0.1352566302050213,0.13706501163639478,0.13887332932257962,0.14068158570633946,0.14248978310731,0.14429792372965367,0.14610600966915074,0.14791404291977459,0.14972202537979437,0.1515299588574445,0.15333784507619572,0.1551456856796609,0.1569534822361638,0.15876123624299837,0.160568949130402,0.1623766222652654,0.16418425695459893,0.16599185444877404,0.16779941594455636,0.16960694258794637,0.1714144354768411,0.1732218956635304,0.17502932415703945,0.1768367219253283,0.17864408989735872
-0.35858585858585856,0.0,2.9266898445932425e-05,0.0008512175435116029,0.0026431805086807067,0.004745696354167716,0.006882705437064585,0.008984804017297279,0.011042594190357316,0.013061228521942846,0.015048082591970302,0.017009714818109287,0.018951358499296717,0.020877056674947384,0.022789912282921668,0.02469231565745004,0.026586123135216536,0.028472790572827495,0.030353471578603127,0.03222908963800885,0.03410039130783452,0.035967985746482876,0.03783237435603677,0.03969397322311408,0.041553130272463996,0.043410138503528845,0.045265246298059975,0.04711866551727817,0.04897057791565951,0.050821140261486285,0.05267048845550984,0.05451874086718827,0.05636600105520261,0.058212359999905074,0.060057897946206,0.061902685933480285,0.06374678707244703,0.06559025761627812,0.06743314786342125,0.069275502922056,0.07111736336020114,0.07295876576086299,0.074799743197961,0.07664032564586702,0.07848054033307976,0.0803204120486993,0.082159963408868,0.0839992150891319,0.08583818602768752,0.08767689360367241,0.0895153537939936,0.09135358131164172,0.09319158972798613,0.09502939158116937,0.09686699847240637,0.09870442115173123,0.10054166959451392,0.10237875306988305,0.10421568020203509,0.1060524590252761,0.1078890970335304,0.10972560122495269,0.111561978142199,0.11339823390884074,0.11523437426234519,0.11707040458399375,0.11890632992606476,0.12074215503656704,0.12257788438177813,0.12441352216681079,0.12624907235440577,0.12808453868212674,0.12991992467811347,0.1317552336755318,0.1335904688258455,0.1354256331110186,0.13726072935474917,0.13909576023282202,0.14093072828265948,0.14276563591214317,0.14460048540776896,0.1464352789421947,0.1482700185812319,0.1501047062903287,0.15193934394058703,0.15377393331435232,0.1556084761104105,0.15744297394882473,0.15927742837543987,0.16111184086608152,0.1629462128304735,0.16478054561589528,0.1666148405105992,0.16844909874700634,0.17028332150469652,0.17211750991320865,0.1739516650546651,0.17578578796623237,0.17761987964243017,0.17945394103730036,0.1812879730664438
-0.34848484848484845,0.0,3.2409471012933274e-05,0.0008958810285684037,0.0027368203295320107,0.004877450369452029,0.0070459248080244966,0.009176565948044125,0.011261735589366757,0.01330734216312373,0.01532107981125797,0.017309637842507726,0.01927829895246836,0.02123111995653072,0.023171202259758134,0.025100928523797413,0.0270221454376491,0.02893629909604554,0.030844534014565023,0.032747765532780505,0.03464673305285045,0.0365420395120897,0.03843418092841004,0.04032356873560151,0.04221054683595674,0.044095404745921364,0.045978387824396116,0.047859705301896545,0.04973953663659822,0.05161803658610651,0.053495339284999006,0.05537156154641281,0.05724680555333825,0.05912116106638129,0.06099470724575228,0.06286751416343533,0.06473964406497308,0.06661115242769149,0.06848208885249431,0.07035249781885002,0.0722224193267452,0.0740918894447907,0.07596094078004736,0.07782960288226702,0.07969790259295188,0.0815658643477982,0.08343351043960763,0.08530086124754976,0.08716793543768146,0.08903475013883132,0.09090132109730026,0.09276766281328985,0.09463378866152215,0.09649971099814292,0.09836544125569091,0.10023099002765577,0.10209636714392996,0.1039615817382765,0.1058266423087796,0.10769155677211346,0.10955633251235342,0.1114209764249583,0.11328549495647133,0.11514989414041732,0.1170141796298143,0.11887835672666537,0.12074243040875343,0.12260640535402062,0.12447028596278388,0.126334076378006,0.1281977805038181,0.130061402022467,0.13192494440984096,0.13378841094971136,0.135651804746812,0.1375151287388651,0.13937838570765212,0.14124157828921588,0.143104708983273,0.1449677801619067,0.14683079407760344,0.14869375287069034,0.15055665857622494,0.15241951313038335,0.1542823183763895,0.15614507607002304,0.1580077878847401,0.15987045541643924,0.1617330801878998,0.16359566365291933,0.1654582072001734,0.1673207121568194,0.16918317979186337,0.17104561131930884,0.1729080079011028,0.17477037064989495,0.17663270063162304,0.1784949988679372,0.18035726633847568,0.1822195039830006,0.18408171270340554
-0.3383838383838384,0.0,3.599108268331882e-05,0.0009442412034727592,0.0028366891849142136,0.00501721323407115,0.007218741453888807,0.00937949388400368,0.011493629238993027,0.013567815628084103,0.015610062555988763,0.017627186346444224,0.01962451586510532,0.02160611923953351,0.023575094500638268,0.02553381526066643,0.027484117522266593,0.029427436825226888,0.03136490797895241,0.03329743769652517,0.03522575784431264,0.037150464832764594,0.039072049047695796,0.04099091706706301,0.04290740860296404,0.04482180954908508,0.04673436212412055,0.04864527282863337,0.05055471874000838,0.05246285253280437,0.05436980651308268,0.0562756958836689,0.05818062140487285,0.060084671576467526,0.06198792443788173,0.06389044906189344,0.06579230680070756,0.06769355233078732,0.0695942345331931,0.07149439723874147,0.07339407986150058,0.07529331793959627,0.07719214359871794,0.07909058595087258,0.08098867143866716,0.08288642413358148,0.08478386599522886,0.0866810170974141,0.0885778958258343,0.09047451905147619,0.09237090228311896,0.0942670598018145,0.09616300477977746,0.09805874938574911,0.09995430487859364,0.10184968169062904,0.1037448895019809,0.1056399373070644,0.1075348334741495,0.10942958579883244,0.11132420155212787,0.11321868752380171,0.1151130500614842,0.11700729510603464,0.11890142822356947,0.1207954546345149,0.12268937924000121,0.12458320664587831,0.12647694118459765,0.12837058693517966,0.13026414774145753,0.13215762722876948,0.1340510288192507,0.13594435574585967,0.1378376110652599,0.13973079766966423,0.1416239182977372,0.1435169755446431,0.1454099718713149,0.14730290961301543,0.1491957909872512,0.15108861810109678,0.1529813929579795,0.15487411746397,0.15676679343362104,0.15865942259539093,0.16055200659668642,0.16244454700855507,0.16433704533005616,0.16622950299233416,0.16812192136241974,0.17001430174677792,0.17190664539462341,0.17379895350102081,0.17569122720978536,0.17758346761619978,0.17947567576955958,0.18136785267556063,0.18325999929853862,0.18515211656357314,0.18704420535846364
-0.3282828282828283,0.0,4.009572668627963e-05,0.0009968192716742325,0.0029436078902633014,0.0051660346360728705,0.007402421068558642,0.0095950692913475,0.01173997430899836,0.013844567774909512,0.01591717103318541,0.01796472321238595,0.01999259584679099,0.022004865698615133,0.02400462541922059,0.025994238068476967,0.02797552782622323,0.029949918807677067,0.0319185354420699,0.03388227528696982,0.03584186225268877,0.03779788588515438,0.03975083066393741,0.0417010980864099,0.04364902348856212,0.045594888986259935,0.04753893352767155,0.049481360773105616,0.05142234532518538,0.053362037694877885,0.05530056829030003,0.05723805064380483,0.0591745840406342,0.06111025567390016,0.0630451424219872,0.06497931232295052,0.06691282580420835,0.06884573671341393,0.0707780931868653,0.07270993838443673,0.07464131111427906,0.0765722463660385,0.07850277576779792,0.08043292797913397,0.08236272903044188,0.08429220261688176,0.0862213703538533,0.08815025199973232,0.09007886565064958,0.09200722791131268,0.09393535404523155,0.09586325810718199,0.09779095306030482,0.09971845087987637,0.10164576264548397,0.10357289862308756,0.10549986833823703,0.107426680641535,0.10935334376728638,0.1112798653861453,0.11320625265246397,0.11513251224695407,0.11705865041519231,0.11898467300243486,0.12091058548514555,0.12283639299959498,0.12476210036784123,0.12668771212136867,0.12861323252262638,0.130538665584681,0.13246401508917335,0.13438928460274702,0.13631447749209857,0.138239596937782,0.1401646459468863,0.14208962736469163,0.144014543885399,0.145939398062018,0.14786419231548842,0.1497889289431049,0.15171361012630474,0.15363823793787515,0.15556281434862937,0.15748734123359692,0.15941182037776877,0.1613362534814339,0.16326064216514136,0.16518498797431727,0.16710929238356556,0.1690335568006761,0.17095778257036462,0.17288197097776334,0.17480612325168343,0.1767302405676652,0.17865432405083184,0.18057837477856262,0.18250239378299707,0.184426382053384,0.18635034053828492,0.18827427014764378,0.1901981717547316
-0.3181818181818182,0.0,4.48294133502552e-05,0.0010542505925085867,0.0030585722893968557,0.005325187974673649,0.007598499731472256,0.009825090761582484,0.012002834244423895,0.014139929289802186,0.016245005163984572,0.018325119187347975,0.02038568173069774,0.02243077525656301,0.024463484834423052,0.026486161317447215,0.028500615808982083,0.030508260038336787,0.03251020730805041,0.03450734543320664,0.036500389901023125,0.038489923017132034,0.040476423049373676,0.042460286163801354,0.044441843112676495,0.04642137206071451,0.04839910853976018,0.050375253246371064,0.05234997820312331,0.054323431667091825,0.05629574207056715,0.05826702120790794,0.060237366830462914,0.062206864773200594,0.0641755907082121,0.06614361159890032,0.06811098691252764,0.07007776963649698,0.0720440071343016,0.07400974186978297,0.07597501202265743,0.07793985201382646,0.07990429295547861,0.08186836303821478,0.08383208786521255,0.08579549074167114,0.0877585929263483,0.0897214138508438,0.09168397131134137,0.09364628163675388,0.0956083598365839,0.0975702197312922,0.09953187406753766,0.10149333462029385,0.10345461228354957,0.10541571715105368,0.10737665858835309,0.10933744529719867,0.11129808537324469,0.11325858635784096,0.1152189552846109,0.11717919872141684,0.11913932280823587,0.12109933329140365,0.12305923555462521,0.125019034647103,0.12697873530908996,0.1289383419951377,0.13089785889527897,0.1328572899543548,0.13481663888967355,0.13677590920716634,0.13873510421618712,0.14069422704308723,0.14265328064368132,0.14461226781470946,0.14657119120438686,0.14853005332212665,0.15048885654750865,0.15244760313856254,0.15440629523942528,0.15636493488742706,0.15832352401965558,0.16028206447904156,0.16224055802000772,0.16419900631371523,0.1661574109529418,0.16811577345662132,0.1700740952740715,0.17203237778893454,0.17399062232285348,0.17594883013890428,0.17790700244480265,0.1798651403959026,0.18182324509800185,0.18378131760996985,0.18573935894620933,0.18769737007896534,0.18965535194049146,0.19161330542508428,0.19357123139099472
-0.30808080808080807,0.0,5.0327818415664606e-05,0.001117319407785533,0.0031828053458283676,0.005496236806544579,0.007808864326709846,0.010071768487271354,0.012284745437609842,0.014456765677341015,0.01659676198825069,0.018711904776157865,0.020807639013141716,0.02288804961534656,0.024956211628900108,0.027014461862416694,0.029064596947062076,0.031108015153896634,0.03314581782454267,0.035178882374589764,0.037207915344619584,0.03923349137817273,0.04125608218804854,0.043276078326900086,0.0452938057294559,0.04730953841392319,0.049323508331368345,0.05133591307519903,0.05334692196902537,0.05535668091397741,0.057365316278454974,0.05937293804243566,0.06137964235679729,0.06338551364007423,0.0653906263068126,0.06739504620052048,0.06939883178821742,0.07140203516141098,0.07340470287898901,0.07540687668029944,0.07740859409107688,0.07940988894048089,0.08141079180404866,0.08341133038462197,0.08541152984112242,0.08741141307329696,0.08941100096914562,0.09141031262060227,0.09340936551210982,0.09540817568597461,0.09740675788776161,0.0994051256944804,0.1014032916278879,0.10340126725488175,0.1053990632766657,0.1073966896081228,0.10939415544862618,0.11139146934534448,0.1133886392499529,0.11538567256953584,0.11738257621236298,0.11937935662913057,0.12137601985018232,0.12337257151915977,0.12536901692347496,0.12736536102194898,0.12936160846992015,0.13135776364208626,0.13335383065331688,0.13534981337764249,0.13734571546560334,0.139341540360122,0.1413372913110429,0.143332971388468,0.14532858349500355,0.14732413037701922,0.1493196146350124,0.15131503873315857,0.15331040500812146,0.1553057156771899,0.15730097284579894,0.1592961785144906,0.16129133458536107,0.1632864428680388,0.16528150508523212,0.167276522877883,0.16927149780995818,0.17126643137290745,0.1732613249898163,0.17525618001927634,0.17725099775899553,0.17924577944916928,0.18124052627562992,0.1832352393727917,0.1852299198264056,0.18722456867614068,0.18921918691800144,0.19121377550659513,0.19320833535725968,0.19520286734806144,0.19719737232167175
-0.29797979797979796,0.0,5.676733335037464e-05,0.0011870073873391461,0.0033178296028852374,0.005681127256274486,0.008035864441408663,0.01033785578397038,0.01258886857123911,0.014798648593272188,0.016976427118782358,0.019129481918332875,0.021263287831431537,0.023381928596219032,0.02548846650001838,0.027585222243796167,0.02967397641680891,0.03175611262363421,0.03383271930347583,0.0359046627298159,0.03797263990404278,0.04003721732962599,0.04209885977485994,0.044157951858681356,0.04621481443255803,0.048269717145981585,0.05032288818205017,0.05237452187224975,0.05442478470570022,0.05647382011122293,0.058521752292864944,0.06056868932904467,0.06261472569415552,0.06465994432372135,0.06670441831618702,0.06874821234345979,0.0707913838264889,0.07283398392012695,0.07487605834228371,0.07691764807525422,0.07895878996155875,0.08099951721229531,0.08303985984258941,0.08507984504601951,0.08711949751774158,0.08915883973430945,0.09119789219679762,0.09323667364270873,0.09527520123123329,0.09731349070568313,0.099351556536307,0.10138941204619305,0.10342706952254556,0.10546454031527698,0.10750183492456784,0.1095389630788065,0.1115759338041174,0.11361275548651673,0.11564943592759079,0.11768598239446955,0.11972240166476521,0.12175870006705723,0.12379488351742958,0.12583095755250154,0.12786692735933822,0.12990279780257893,0.13193857344908025,0.13397425859033515,0.13600985726289908,0.13804537326702573,0.14008081018369334,0.1421161713901812,0.14415146007433793,0.1461866792476679,0.14822183175734902,0.15025692029728105,0.15229194741825544,0.15432691553732672,0.1563618269464571,0.15839668382050023,0.1604314882245811,0.16246624212092545,0.16450094737518559,0.16653560576230553,0.16857021897196448,0.17060478861363249,0.1726393162212714,0.17467380325770887,0.17670825111871244,0.17874266113678614,0.18077703458471314,0.1828113726788623,0.1848456765822782,0.18687994740756983,0.18891418621961384,0.19094839403808592,0.19298257183983292,0.19501672056109687,0.19705084109960216,0.1990849343165154,0.20111900103828642
-0.2878787878787879,0.0,6.438141199863274e-05,0.0012645629928250619,0.003465570205676075,0.005882319394713284,0.00828247154409293,0.010626836285547952,0.012919204114974887,0.015170099880007554,0.017389047499434207,0.01958342560942743,0.021758733556826546,0.023919049788932948,0.026067420732385996,0.02820614863727686,0.030336996265120122,0.032461331177255574,0.03458022783607231,0.03669454052437753,0.03880495602644827,0.040912032158256284,0.04301622629710785,0.04511791676069208,0.04721741901208163,0.04931499807671394,0.05141087815448304,0.053505250132289295,0.05559827750876439,0.05769010110641536,0.059780842849194736,0.061870608813485384,0.06395949170955699,0.06604757291313947,0.06813492413902278,0.07022160882784624,0.07230768330159244,0.07439319773140111,0.07647819695220238,0.07856272115163261,0.08064680645522818,0.08273048542561612,0.08481378749005357,0.08689673930800212,0.0889793650883009,0.09106168686380145,0.09314372472995958,0.0952254970527734,0.09730702065055584,0.09938831095329681,0.10146938214276757,0.10355024727602334,0.10563091839455163,0.10771140662097188,0.10979172224490967,0.11187187479943124,0.11395187312922544,0.11603172545155253,0.11811143941083892,0.1201910221276757,0.12227048024287872,0.12434981995718031,0.12642904706704933,0.1285081669970723,0.1305871848292747,0.1326661053297139,0.13474493297263498,0.13682367196244646,0.13890232625374094,0.1409808995695612,0.14305939541808807,0.14513781710790677,0.1472161677619909,0.14929445033052802,0.15137266760269702,0.15345082221749592,0.15552891667370813,0.15760695333908592,0.15968493445882193,0.1617628621633727,0.1638407384756902,0.16591856531791402,0.1679963445175703,0.1700740778133182,0.17215176686028408,0.1742294132350152,0.1763070184400859,0.1783845839083832,0.1804621110070986,0.18253960104144804,0.1846170552581429,0.18669447484862964,0.1887718609521171,0.190849214658407,0.19292653701054227,0.19500382900728705,0.19708109160545073,0.19915832572206685,0.20123553223643795,0.2033127119920555,0.20538986579840376
-0.27777777777777773,0.0,7.348541212931609e-05,0.0013516031110986794,0.003628505117032695,0.006102978822246686,0.008552511269392722,0.010943197280339228,0.013280907127875477,0.015576948178202593,0.01784113008784487,0.020080924854386537,0.022301850171815196,0.02450797447242087,0.026702324756446762,0.028887182126175623,0.031064289457206008,0.0332349966788232,0.03540036303517222,0.03756122983677441,0.03971827286577794,0.041872040616155494,0.044022982556290675,0.046171470275957215,0.04831781349536259,0.05046227231908748,0.05260506671349773,0.05474638390836165,0.05688638423022354,0.059025205739215804,0.06116296794435652,0.06329977480289863,0.06543571715882253,0.06757087473852935,0.06970531779436162,0.07183910846608067,0.07397230191497807,0.07610494727355853,0.07823708844474243,0.08036876477760146,0.08250001164125494,0.08463086091434412,0.086761341404187,0.08889147920709466,0.09102129801924226,0.0931508194058147,0.09528006303480491,0.09740904688075297,0.09953778740283148,0.10166629970096143,0.10379459765305099,0.10592269403596327,0.10805060063241624,0.11017832832568425,0.11230588718369224,0.11443328653386177,0.11656053502987189,0.11868764071133457,0.12081461105724628,0.12294145303395808,0.1250681731383088,0.1271947774364808,0.12932127159906312,0.13144766093274826,0.13357395040903203,0.13570014469024214,0.13782624815318076,0.13995226491063245,0.14207819883095826,0.14420405355597174,0.14632983251727064,0.14845553895117622,0.15058117591241812,0.15270674628668476,0.1548322528021481,0.15695769804005863,0.15908308444449729,0.16120841433136157,0.16333368989665442,0.16545891322413878,0.16758408629241353,0.16970921098146086,0.17183428907871123,0.173959322284666,0.1760843122181155,0.17820926042098595,0.1803341683628457,0.18245903744509795,0.18458386900488563,0.18670866431873115,0.18883342460593158,0.19095815103172822,0.1930828447102677,0.1952075067073712,0.197332138043125,0.1994567396943067,0.20158131259665832,0.20370585764701787,0.20583037570531978,0.20795486759647264,0.210079334112124
-0.2676767676767677,0.0,8.451554135533862e-05,0.001450266394309723,0.0038098906972343725,0.006347264464982328,0.008851012643158579,0.011292840925605042,0.013680761099300285,0.016026865892277975,0.01834124232840518,0.02063144693809836,0.02290300856058235,0.025159980098117984,0.027405364961271005,0.029641419953202932,0.03186986565630926,0.034092032507609275,0.03630896307808564,0.03852148455449606,0.04073026079521969,0.04293583022673184,0.0451386337995335,0.047339035873517836,0.0495373400087678,0.051733801039453985,0.053928634403466215,0.05612202342290187,0.058314125038078764,0.0605050743626687,0.06269498833165175,0.06488396864494755,0.06707210415963363,0.06925947284705511,0.07144614340404555,0.07363217658725589,0.07581762632435671,0.07800254064431407,0.08018696246008904,0.08237093023028783,0.08455447852099328,0.08673763848486843,0.0889204382713679,0.09110290337931592,0.09328505696106089,0.09546692008577466,0.097648511968146,0.09982985016765063,0.10201095076271312,0.10419182850336955,0.10637249694545924,0.10855296856889701,0.11073325488218384,0.1129133665149848,0.1150933133003324,0.11727310434778505,0.11945274810867888,0.12163225243445132,0.12381162462887858,0.12599087149495436,0.12816999937703957,0.13034901419883035,0.13252792149761886,0.13470672645526363,0.13688543392623018,0.13906404846302112,0.1412425743392746,0.14342101557077588,0.1455993759345991,0.1477776589865703,0.14995586807722058,0.15213400636637986,0.15431207683654366,0.1564900823051326,0.15866802543574882,0.16084590874852486,0.16302373462964834,0.16520150534013853,0.1673792230239417,0.16955688971540764,0.17173450734619955,0.1739120777516888,0.17608960267687776,0.1782670837818907,0.1804445226470701,0.18262192077770922,0.18479927960845335,0.1869766005073935,0.18915388477988007,0.1913311336720769,0.19350834837427636,0.19568553002399466,0.19786267970886348,0.2000397984693334,0.20221688730120405,0.2043939471579926,0.2065709789531537,0.20874798356216073,0.21092496182445852,0.21310191454529756,0.21527884249745652
-0.25757575757575757,0.0,9.809215943677609e-05,0.0015634527593245623,0.00401411250423721,0.006620776401998446,0.00918475202565716,0.011683725246573039,0.014127916952803535,0.01653020697079671,0.01890094928495138,0.021247774344954787,0.023576213547547423,0.025890297705351003,0.02819300169024355,0.03048655425938208,0.03277265083814165,0.035052600156796995,0.03732742637996232,0.03959794119797993,0.041864795446096316,0.04412851659351446,0.04638953634565304,0.04864821123280428,0.05090483815618944,0.05315966626159336,0.05541290610562117,0.057664736802914264,0.059915311651257776,0.06216476259746861,0.06441320381195784,0.06666073457177277,0.06890744160258823,0.07115340099400479,0.0733986797758159,0.07564333722299389,0.07788742594215799,0.08013099278091705,0.08237407959278348,0.08461672388365506,0.08685895936066261,0.08910081640012067,0.09134232244812546,0.0935835023648199,0.09582437872133613,0.09806497205681963,0.1003053011016455,0.10254538297189585,0.10478523333931478,0.1070248665802701,0.1092642959066799,0.11150353348139795,0.11374259052016501,0.11598147738191343,0.1182202036489463,0.12045877819829004,0.12269720926533147,0.12493550450069489,0.12717367102118135,0.12941171545547986,0.13164964398526574,0.13388746238221932,0.13612517604142918,0.13836279001158572,0.14060030902231768,0.14283773750898274,0.14507507963518393,0.1473123393132517,0.14954952022290188,0.15178662582825786,0.15402365939339965,0.15626062399658783,0.15849752254329166,0.16073435777813708,0.1629711322958774,0.16520784855147858,0.16744450886940188,0.16968111545215658,0.17191767038818917,0.17415417565916883,0.1763906331467211,0.17862704463865922,0.18086341183475552,0.18309973635209167,0.1853360197300248,0.1875722634347989,0.18980846886383262,0.19204463734970875,0.19428077016388987,0.19651686852018055,0.19875293357795829,0.20098896644518846,0.203224968181242,0.20546093979952929,0.20769688226996494,0.20993279652127575,0.2121686834431631,0.21440454388833052,0.21664037867438682,0.21887618858563204,0.22111197437473604
-0.2474747474747475,0.0,0.00011512728981075235,0.0016952133669859472,0.004247254336772996,0.006931283006696967,0.00956313733857521,0.012126907008478174,0.014635096112704228,0.01710137135759263,0.01953634037296452,0.021947694446152546,0.02434095705371643,0.026720128945195275,0.029088150446445735,0.03144721772224198,0.033798997565787366,0.0361447743126338,0.03848555161642356,0.04082212400360874,0.04315512795026671,0.045485078886576415,0.04781239838844997,0.05013743442694723,0.052460476637465205,0.0547817679685815,0.05710151366601423,0.05941988827182437,0.061737041129027566,0.06405310074904424,0.06636817830552051,0.06868237045085855,0.07099576160317579,0.07330842581586483,0.07562042831567882,0.07793182677570402,0.08024267237487229,0.08255301068451275,0.08486288241391882,0.08717232404034268,0.08948136834374038,0.09179004486261605,0.09409838028419087,0.09640639877965428,0.09871412229329068,0.10102157079270556,0.10332876248611149,0.10563571401161716,0.10794244060263102,0.11024895623281916,0.11255527374350165,0.11486140495591644,0.11716736077040503,0.11947315125426067,0.12177878571972085,0.1240842727933692,0.1263896204780292,0.1286948362080796,0.13099992689899229,0.13330489899178358,0.1356097584929777,0.13791451101060184,0.140219161786664,0.14252371572650857,0.1448281774253938,0.14713255119259253,0.14943684107328115,0.15174105086845072,0.15404518415304388,0.15634924429250097,0.15865323445787408,0.16095715763965263,0.16326101666042617,0.16556481418649685,0.16786855273854207,0.17017223470141643,0.1724758623331727,0.17477943777337424,0.17708296305076143,0.17938644009033203,0.18168987071988466,0.18399325667607422,0.18629659961002001,0.18859990109250527,0.19090316261880214,0.19320638561315293,0.19550957143293635,0.19781272137254413,0.20011583666699098,0.20241891849527896,0.20472196798353648,0.20702498620794776,0.20932797419749047,0.21163093293649482,0.2139338633670381,0.2162367663911873,0.2185396428730997,0.2208424936409931,0.2231453194889942,0.22544812117887414,0.22775089944167934
-0.23737373737373738,0.0,0.00013701696045165408,0.0018514190351956977,0.0045180706808792,0.007289965370115514,0.009999723417610911,0.012638330703333193,0.015220655662161893,0.01776114827538418,0.020270652224136418,0.022756903036216806,0.025225403135572755,0.02768011326478194,0.030123931728756163,0.03255901644869045,0.034987001267816974,0.03740914278759079,0.03982642153592147,0.04223961280341551,0.04464933704656518,0.047056096311870486,0.04946030094614908,0.051862289453916764,0.05426234344983674,0.056660699052323245,0.059057555661711,0.06145308279313716,0.06384742544626154,0.06624070836285893,0.06863303943076562,0.07102451242653883,0.07341520924140975,0.07580520170022444,0.0781945530573329,0.08058331923422771,0.08297154984933779,0.08535928907947847,0.08774657638412853,0.09013344711729689,0.09251993304677232,0.09490606279667506,0.09729186222618136,0.09967735475488888,0.10206256164337592,0.10444750223597847,0.10683219417158195,0.10921665356722927,0.111600895178544,0.11398493254030782,0.11636877808999553,0.11875244327662643,0.12113593865692666,0.123519273980493,0.12590245826539634,0.12828549986545298,0.13066840653021447,0.13305118545857764,0.13543384334679268,0.13781638643153968,0.14019882052865318,0.14258115106800026,0.14496338312494905,0.14734552144881044,0.14972757048858712,0.152109534416322,0.15449141714830392,0.15687322236435502,0.1592549535254004,0.1616366138894951,0.1640182065264641,0.1663997343312935,0.16878120003639538,0.1711626062228547,0.17354395533075648,0.17592524966867837,0.17830649142242758,0.18068768266309046,0.18306882535445732,0.18544992135987834,0.18783097244860072,0.1902119803016323,0.19259294651717188,0.19497387261564403,0.19735476004437155,0.19973561018191396,0.20211642434210209,0.20449720377779138,0.20687794968435677,0.2092586632029512,0.2116393454235436,0.2140199973877561,0.21640062009151403,0.21878121448752383,0.22116178148759102,0.22354232196479207,0.22592283675550687,0.2283033266613277,0.2306837924508469,0.2330642348613388,0.23544465460033717
-0.22727272727272727,0.0,0.000166008789155546,0.0020409827839471604,0.004839762421170075,0.00771369438711443,0.010514989505867772,0.013242111277237088,0.015912380701146235,0.018541021564862967,0.02113908949510929,0.023714342473531838,0.02627224487334204,0.02881670463910885,0.031350568469782965,0.03387594880873797,0.036394441027073336,0.03890726972353562,0.04141538895886925,0.04391955214042081,0.04642036158363067,0.0489183042332915,0.051413777802170026,0.05390711016889829,0.05639857396274491,0.058888397663087094,0.06137677414178234,0.06386386730635,0.06634981731641272,0.0688347447168449,0.07131875374018005,0.07380193496599788,0.07628436747824076,0.07876612062729933,0.08124725547857724,0.08372782601055245,0.08620788011132245,0.08868746041199932,0.0911666049872148,0.09364534794676144,0.09612371993756819,0.09860174857144231,0.10107945879105233,0.10355687318429269,0.1060340122553143,0.1085108946590214,0.11098753740464641,0.11346395603304904,0.11594016477160875,0.1184161766699411,0.12089200371914827,0.12336765695688502,0.12584314656016907,0.1283184819275683,0.1307936717521572,0.13326872408642668,0.13574364640016492,0.13821844563217875,0.14069312823660793,0.14316770022447847,0.14564216720105694,0.14811653439949177,0.15059080671116457,0.1530649887131211,0.1555390846929035,0.15801309867106703,0.16048703442162895,0.16296089549066742,0.16543468521326296,0.1679084067289518,0.1703820629958418,0.1728556568035234,0.17532919078489442,0.17780266742700343,0.18027608908100515,0.18274945797131245,0.18522277620401853,0.18769604577465637,0.19016926857535643,0.19264244640145514,0.19511558095760348,0.19758867386341872,0.20006172665871902,0.202534740808376,0.20500771770681822,0.2074806586822128,0.20995356500035425,0.21242643786828133,0.21489927843764603,0.21737208780785303,0.21984486702898876,0.22231761710455464,0.22479033899402137,0.22726303361521719,0.22973570184656122,0.23220834452915648,0.23468096246874892,0.23715355643756633,0.23962612717604206,0.24209867539443444,0.24457120177434818
-0.21717171717171715,0.0,0.00020596663147508004,0.0022782958238445864,0.005233516486402633,0.008229583344254316,0.011141903849600369,0.013977119693734883,0.016755098931943654,0.01949181941372259,0.022198514284679127,0.024882934186883365,0.027550482553796565,0.030204997432752328,0.03284926115331598,0.035485331069752275,0.03811475675457119,0.04073872514548274,0.043358159409326136,0.045973787564228145,0.04858619097585246,0.05119583921309209,0.05380311549511214,0.05640833554032373,0.0590117617159819,0.061613613792011614,0.06421407720784773,0.06681330949496216,0.06941144531568778,0.0720086004526183,0.07460487499403783,0.07720035589759495,0.07979511906888472,0.0823892310584274,0.08498275045612257,0.08757572904411888,0.09016821275543958,0.09276024247541527,0.0953518547151317,0.09794308218007136,0.10053395425245953,0.10312449740219047,0.10571473553835142,0.10830469031111174,0.11089438137195284,0.11348382659878475,0.11607304229134814,0.11866204334137316,0.1212508433812139,0.1238394549140666,0.12642788942837604,0.12901615749862333,0.1316042688743479,0.13419223255897342,0.13678005687977352,0.13936774955011672,0.1419553177249657,0.14454276805046784,0.14713010670835733,0.14971733945579171,0.15230447166115937,0.15489150833632678,0.15747845416572998,0.16006531353266573,0.16265209054309096,0.16523878904720166,0.1678254126590292,0.17041196477426354,0.17299844858648636,0.17558486710197907,0.17817122315324793,0.18075751941139415,0.18334375839744335,0.1859299424927339,0.18851607394845524,0.19110215489441448,0.19368818734710544,0.19627417321714158,0.1988601143161124,0.20144601236291396,0.20403186898959993,0.2066176857467954,0.20920346410871027,0.21178920547778798,0.2143749111890176,0.21696058251394043,0.21954622066437304,0.2221318267958726,0.22471740201096246,0.22730294736213938,0.2298884638546781,0.2324739524492495,0.2350594140643668,0.23764484957867157,0.240230259833074,0.24281564563275568,0.24540100774904694,0.24798634692118685,0.25057166385797397,0.2531569592393177,0.25574223371769395
-0.20707070707070707,0.0,0.00026415604407776063,0.0025886972236220745,0.005736483783683163,0.00888529328703628,0.01193855355352935,0.014911954538346678,0.01782800980505413,0.020703413156096858,0.02354952362744982,0.026374041653852428,0.02918227731165665,0.03197797472069743,0.03476383398165261,0.03754184394601768,0.040313498179888115,0.04307993808507834,0.04584204977843831,0.048600531015940425,0.051355938311168574,0.054108720698390324,0.05685924432092659,0.05960781060668708,0.06235466988868079,0.06510003174155675,0.0678440729176782,0.07058694350598159,0.07332877175937016,0.076069667913551,0.07880972723404729,0.08154903246688511,0.08428765582442105,0.08702566060575904,0.08976310252767361,0.09250003082449547,0.09523648916233357,0.09797251640312277,0.10070814724645581,0.10344341277137371,0.10617834089581568,0.10891295676794421,0.11164728310082787,0.11438134045980806,0.11711514751016344,0.11984872123131951,0.12258207710275248,0.1253152292658523,0.12804819066529163,0.13078097317286133,0.13351358769625657,0.13624604427490175,0.1389783521645803,0.14171051991236341,0.1444425554231105,0.14717446601862605,0.14990625849040062,0.15263793914673338,0.1553695138549213,0.15810098807910689,0.16083236691429684,0.16356365511699528,0.16629485713283823,0.1690259771215663,0.17175701897962933,0.17448798636068075,0.17721888269418876,0.17994971120236178,0.1826804749155639,0.1854111766863764,0.18814181920243978,0.19087240499819969,0.19360293646566343,0.19633341586426342,0.1990638453299122,0.20179422688332563,0.20452456243768283,0.20725485380568262,0.20998510270605175,0.2127153107695544,0.21544547954454615,0.2181756105021125,0.22090570504082818,0.22363576449116832,0.22636579011960278,0.22909578313239728,0.23182574467914815,0.23455567585607004,0.23728557770905834,0.24001545123654247,0.24274529739214756,0.2454751170871791,0.2482049111929443,0.2509346805429218,0.253664425934792,0.2563941481323384,0.2591238478672284,0.2618535258406836,0.2645831827250465,0.26731281916525185,0.27004243578020865
-0.19696969696969693,0.0,0.00035619024072270196,0.0030232168724757644,0.006423497811049139,0.009777274024589314,0.013022883760120563,0.016186211722696794,0.019292517908760975,0.022359140738032593,0.025397483117268083,0.028415129444315703,0.03141724732318265,0.034407450780736086,0.03738833091035797,0.04036178799352013,0.04332924434041576,0.04629178406376608,0.049250247048399455,0.0522052935232371,0.05515744933384259,0.058107138273241855,0.06105470556194608,0.06400043516413638,0.06694456273895298,0.06988728545290233,0.07282876950281349,0.07576915594691358,0.07870856527040139,0.08164710099376808,0.08458485254945157,0.08752189759380274,0.09045830387927656,0.09339413078122488,0.0963294305512597,0.09926424935254885,0.10219862811997933,0.10513260327874464,0.10806620734777195,0.11099946944892736,0.11393241573870398,0.11686506977579982,0.11979745283541153,0.12272958417903083,0.12566148128691657,0.128593160059123,0.13152463498993208,0.13445591931970222,0.1373870251674689,0.1403179636470823,0.14324874496921652,0.14617937853121324,0.14910987299641884,0.15204023636441924,0.15497047603336825,0.1579005988554259,0.16083061118618078,0.16376051892880264,0.16669032757356947,0.16962004223332414,0.17254966767534097,0.17547920835001973,0.1784086684167684,0.18133805176739112,0.18426736204725747,0.18719660267449448,0.1901257768574134,0.19305488761035763,0.1959839377681366,0.1989129299991895,0.20184186681760932,0.2047707505941377,0.2076995835662352,0.21062836784731329,0.21355710543521078,0.21648579821998445,0.21941444799107793,0.22234305644392646,0.22527162518604824,0.22820015574266786,0.2311286495619145,0.23405710801963073,0.2369855324238256,0.23991392401880318,0.2428422839889934,0.24577061346250872,0.24869891351445217,0.2516271851699929,0.2545554294072319,0.25748364715987143,0.2604118393197057,0.26334000673894487,0.26626815023238753,0.26919627057945,0.27212436852606614,0.275052444786466,0.2779805000448419,0.28090853495691065,0.28383655015137926,0.28676454623132175,0.2896925237754712
-0.18686868686868685,0.0,0.000524504663847972,0.003714239568917859,0.0074910826442615005,0.011161299291376854,0.014709491464805513,0.018173550963228015,0.02158163248768921,0.024951598099304473,0.028294758849351134,0.03161847447482889,0.034927689023471487,0.03822582664741469,0.04151532510587096,0.0447979628488506,0.04807506562500822,0.051347640734246996,0.05461646656317362,0.057882153725637285,0.06114518771562608,0.06440595924386104,0.06766478619589414,0.0709219297806815,0.07417760658009571,0.07743199765974561,0.08068525554195098,0.0839375096024148,0.08718887029013543,0.09043943245870217,0.09368927801939803,0.0969384780715724,0.10018709462639197,0.10343518201156425,0.10668278802374381,0.10992995487987832,0.11317672000720329,0.11642311670289097,0.1196691746877408,0.12291492057322605,0.12616037825729437,0.12940556926127422,0.13265051301785244,0.13589522711820962,0.13913972752490852,0.14238402875594255,0.14562814404439758,0.14887208547741296,0.15211586411750333,0.1553594901087991,0.15860297277034455,0.1618463206782572,0.165089541738268,0.16833264324992922,0.17157563196358658,0.174818514131048,0.17806129555074743,0.181303981608089,0.18454657731156052,0.187789087325125,0.1910315159973295,0.19427386738751376,0.19751614528944836,0.20075835325269412,0.20400049460193218,0.20724257245448832,0.2104845897362437,0.21372654919610393,0.216968453419175,0.22021030483878082,0.22345210574743746,0.22669385830688973,0.22993556455730155,0.2331772264256817,0.23641884573361963,0.23966042420439448,0.2429019634695173,0.2461434650747575,0.24938493048570065,0.2526263610928798,0.2558677582165178,0.2591091231109148,0.26235045696851067,0.26559176092365133,0.2688330360560836,0.2720742833941997,0.2753155039180543,0.2785566985621705,0.2817978682181537,0.28503901373712587,0.28828013593199786,0.2915212355795891,0.2947623134226084,0.2980033701715051,0.3012444065062018,0.30448542307771614,0.3077264205096804,0.31096739939976614,0.31420836032102084,0.31744930382312325,0.3206902304335619
-0.17676767676767677,0.0,0.000996540071736287,0.005411038638406914,0.010091090767443963,0.014557652532468735,0.01888050679247993,0.02311725611876993,0.02730033453363517,0.03144818170458953,0.03557181146858583,0.03967813890342603,0.043771700765487226,0.04785558746469528,0.051931972671814146,0.056002427748018925,0.060068115809280516,0.0641299156569647,0.06818850332892347,0.07224440720127412,0.07629804610218717,0.08034975623160774,0.08439981053373004,0.08844843287499315,0.09249580857972071,0.0965420923682387,0.10058741441386537,0.1046318850182858,0.1086755982589997,0.11271863486284446,0.11676106449040025,0.12080294756737232,0.1248443367642998,0.12888527820085702,0.13292581243269538,0.13696597526526058,0.1410057984289428,0.14504531014234479,0.14908453558470022,0.1531234972940803,0.15716221550463147,0.1612007084334595,0.16523899252571192,0.16927708266479294,0.17331499235336115,0.1773527338697379,0.1813903184035354,0.18542775617365456,0.1894650565312682,0.19350222804997153,0.1975392786049268,0.20157621544253726,0.20561304524194746,0.2096497741694655,0.21368640792683988,0.2177229517941857,0.2217594106682387,0.2257957890965201,0.22983209130791246,0.23386832124008036,0.23790448256410643,0.24194057870667054,0.24597661287004988,0.25001258805018833,0.2540485070530472,0.2580843725094261,0.2621201868884178,0.26615595250964225,0.27019167155438617,0.2742273460757619,0.27826297800798316,0.28229856917484825,0.2863341212975063,0.29036963600157734,0.29440511482368836,0.29844055921747986,0.30247597055913217,0.30651135015245673,0.3105466992335903,0.31458201897532895,0.31861731049113323,0.3226525748388333,0.32668781302405975,0.33072302600342324,0.33475821468746614,0.3387933799434009,0.3428285225976581,0.34686364343825477,0.35089874321700076,0.35493382265155415,0.3589688824273387,0.363003923199333,0.3670389455937426,0.37107395020956235,0.3751089376200381,0.37914390837403616,0.3831788629973247,0.3872138019937766,0.39124872584649745,0.395283635018884,0.39931852995561923
-0.16666666666666666,0.0,0.0018663977944050447,0.006521492117329337,0.011244000000603117,0.01581493429315319,0.02028379572978938,0.024690096342328573,0.029056765033069268,0.033397134920232746,0.03771929313585085,0.04202837165089852,0.04632776315996804,0.05061979176783668,0.054906099119103886,0.05918787587857032,0.06346600566174025,0.06774115748276667,0.07201384686943994,0.07628447731095335,0.08055336901499774,0.08482077927050558,0.08908691713276068,0.09335195419034636,0.0976160325784355,0.10187927102449723,0.1061417694666764,0.11040361262232061,0.1146648727744109,0.11892561196848807,0.12318588376039498,0.12744573461829556,0.13170520505610236,0.1359643305564107,0.14022314232712293,0.14448166792566827,0.14873993177705486,0.1529979556062203,0.15725575880076062,0.16151335871676567,0.16577077093789647,0.17002800949583208,0.1742850870586373,0.17854201509236448,0.1827988040002222,0.18705546324285713,0.19131200144267357,0.19556842647460626,0.19982474554535382,0.2040809652627483,0.20833709169666367,0.21259313043264197,0.21684908661923374,0.2211049650098942,0.22536077000015223,0.22961650566066283,0.23387217576666472,0.23812778382429092,0.24238333309411797,0.24663882661228506,0.250894267209472,0.25514965752798363,0.2594050000371579,0.2636602970472867,0.2679155507222141,0.27217076309075555,0.2764259360570656,0.28068107141006554,0.2849361708320275,0.2891912359064033,0.29344626812497415,0.29770126889438747,0.30195623954214373,0.306211181322084,0.3104660954194283,0.3147209829554053,0.3189758449915125,0.3232306825334411,0.3274854965346944,0.3317402878999296,0.3359950574880453,0.3402498061150376,0.3445045345566458,0.3487592435508042,0.35301393379991647,0.357268605972969,0.361523260707494,0.3657778986113967,0.3700325202646558,0.37428712622090926,0.3785417170089321,0.38279629313401703,0.3870508550792629,0.39130540330678,0.39555993825881736,0.39981446035881874,0.40406897001241093,0.40832346760833144,0.4125779535192981,0.4168324281028258,0.4210868917019935
-0.15656565656565657,0.0,0.0008005277543225129,0.004852306861439864,0.009302423388006341,0.013558056176059527,0.017668947049080865,0.021690798428464886,0.025656517894202313,0.029585168350740137,0.03348824586640129,0.03737300946552865,0.04124423912772943,0.0451051992162299,0.04895818995786294,0.05280487647580154,0.05664649258267356,0.06048397126455149,0.06431803071648522,0.06814923256571924,0.07197802219530042,0.07580475725381323,0.07962972818948401,0.08345317328898953,0.08727528985946868,0.09109624265796591,0.0949161703261518,0.09873519035916649,0.1025534029833096,0.1063708942118488,0.11018773827496942,0.11400399956828662,0.11781973422751675,0.12163499141030149,0.12544981434674993,0.12926424120591587,0.13307830581473365,0.13689203825788984,0.14070546538099798,0.1445186112147734,0.14833149733429804,0.15214414316466812,0.15595656624212792,0.15976878243806833,0.16358080615190612,0.16739265047777,0.1712043273490493,0.17501584766416034,0.17882722139631427,0.18263845768961237,0.18644956494341258,0.1902605508866044,0.19407142264317226,0.19788218679021585,0.20169284940942064,0.20550341613282422,0.2093138921836042,0.21312428241250556,0.21693459133044388,0.22074482313774293,0.2245549817504059,0.2283650708237653,0.2321750937738112,0.2359850537964603,0.2397949538849925,0.24360479684585648,0.24741458531301916,0.25122432176101267,0.2550340085168147,0.2588436477706829,0.2626532415860485,0.2664627919085629,0.2702723005743816,0.27408176931775813,0.27789119977801524,0.28170059350595106,0.2855099519697348,0.2893192765603355,0.2931285685965303,0.296937829329527,0.3007470599472359,0.304556261578222,0.3083654352953647,0.3121745821192498,0.315983703021317,0.3197927989267822,0.32360187071735425,0.3274109192337624,0.33121994527810916,0.33502894961606317,0.33883793297890447,0.3426468960654334,0.34645583954375403,0.35026476405294044,0.3540736702045972,0.35788255858431883,0.36169142975305785,0.3655002842484077,0.36930912258580545,0.373117945259662,0.3769267527444226
-0.1464646464646465,0.0,0.00029566232439128925,0.0027740596435473787,0.0060584539069189515,0.009321571310031793,0.012480642419554764,0.015556974409682003,0.018575058972464944,0.021552293173759448,0.02450028578373671,0.027426818700080277,0.03033721949729913,0.03323522591268869,0.03612352370678395,0.039004085802652654,0.04187839070327432,0.0447475664326282,0.047612487558962274,0.05047384199785451,0.05333217792211998,0.05618793730380784,0.05904148029864836,0.06189310324438783,0.06474305213177613,0.06759153281681522,0.07043871885426342,0.07328475757209194,0.07612977482943799,0.07897387877822781,0.08181716286293081,0.08465970823208924,0.08750158569158674,0.09034285729789047,0.093183577666207,0.09602379505121778,0.09886355224513245,0.101702887328032,0.10454183429804215,0.10738042360316906,0.11021868259221966,0.1130566358987931,0.11589430576963704,0.11873171234653927,0.12156887390923952,0.1244058070855004,0.12724252703339764,0.13007904760001904,0.13291538146005472,0.1357515402371873,0.13858753461071951,0.14142337440948993,0.1442590686948099,0.14709462583388763,0.1499300535649893,0.1527653590553993,0.15560054895309264,0.15843562943289868,0.16127060623783027,0.16410548471615785,0.16694026985473073,0.16977496630898134,0.17260957842999092,0.17544411028894658,0.17827856569927947,0.1811129482367345,0.18394726125759517,0.18678150791525772,0.18961569117532615,0.19244981382937965,0.1952838785075475,0.19811788769000907,0.20095184371752553,0.2037857488010962,0.20661960503082386,0.20945341438406315,0.21228717873291927,0.21512089985115604,0.21795457942056698,0.22078821903685797,0.2236218202150839,0.22645538439467894,0.22928891294411471,0.23212240716521879,0.2349558682971813,0.23778929752027653,0.24062269595932198,0.24345606468689662,0.246289404726338,0.24912271705453495,0.251956002604533,0.25478926226796555,0.25762249689732614,0.26045570730809203,0.26328889428071095,0.26612205856246196,0.2689552008691984,0.27178832188698226,0.2746214222736177,0.2774545026600907,0.28028756365192153
-0.13636363636363638,0.0,0.00012959477105163825,0.0018121800020990486,0.00446463504071704,0.007229960228465354,0.009934192896153172,0.01256691501231083,0.015142833027086,0.017676471690474756,0.02017877263820884,0.022657552448929977,0.025118374749171165,0.02756524559066609,0.030001096909258215,0.03242811185411784,0.03484794344512799,0.03726186306232053,0.039670862775877586,0.04207572700530934,0.04447708351228489,0.04687544025265033,0.04927121240130052,0.05166474244374494,0.054056315305022716,0.05644616987780779,0.05883450790420242,0.061221500889263425,0.0636072955340771,0.06599201804356518,0.06837577757055995,0.07075866899078159,0.07314077515500869,0.07552216872943299,0.07790291370915146,0.08028306667036249,0.08266267781226767,0.08504179182864641,0.08742044864064226,0.08979868401581559,0.09217653009348947,0.0945540158324953,0.09693116739434109,0.09930800847239328,0.10168456057572578,0.1040608432747435,0.10643687441444451,0.10881267030017959,0.11118824585995485,0.11356361478665593,0.11593878966302945,0.11831378207180898,0.12068860269300317,0.12306326139005609,0.1254377672863359,0.12781212883319293,0.13018635387065125,0.13256044968164632,0.13493442304059414,0.13730828025697156,0.13968202721449396,0.14205566940640085,0.14442921196729233,0.14680265970190334,0.1491760171111536,0.15154928841576903,0.15392247757773506,0.15629558831980944,0.15866862414329747,0.16104158834426577,0.16341448402835365,0.1657873141243206,0.16816008139645447,0.17053278845594969,0.17290543777135492,0.1752780316781768,0.1776505723877186,0.1800230619952241,0.18239550248738878,0.18476789574929597,0.18714024357082815,0.18951254765259842,0.19188480961144508,0.19425703098552446,0.19662921323903834,0.199001357766623,0.20137346589743088,0.20374553889892744,0.2061175779804275,0.20848958429639095,0.21086155894949676,0.21323350299351326,0.21560541743597872,0.2179773032407085,0.22034916133014015,0.2227209925875299,0.22509279785901004,0.22746457795551892,0.22983633365461054,0.23220806570215544,0.23457977481393658
-0.12626262626262622,0.0,5.6357359406941473e-05,0.0011884745103934097,0.0033290120399397712,0.005703581488100858,0.008068815538857197,0.010380484811952537,0.012640622928861492,0.01485918010157619,0.017045514792286134,0.019206981512604537,0.021349102060186507,0.023475989706898032,0.025590725891941123,0.027695644113981014,0.029792533757148548,0.03188278462720788,0.03396748963873209,0.036047518363688726,0.03812357028112155,0.040196213787751456,0.04226591512115343,0.044333060056639145,0.04639797036746315,0.048460916446485286,0.05052212708267339,0.05258179710612807,0.05464009341998146,0.05669715979964235,0.05875312074149632,0.060808084572265636,0.06286214597861033,0.06491538807860267,0.06696788412855452,0.06901969893760551,0.07107089004657859,0.07312150871551217,0.07517160075500628,0.07722120722936092,0.07927036505391989,0.08131910750468001,0.08336746465479568,0.08541546374989493,0.08746312953195907,0.08951048451978612,0.09155754925266368,0.09360434250274884,0.0956508814607351,0.09769718189863834,0.09974325831291815,0.10178912405064704,0.10383479142101988,0.10588027179415022,0.1079255756888096,0.10997071285052558,0.1120156923212497,0.11406052250163712,0.1161052112068351,0.11814976571655444,0.12019419282009552,0.1222384988569118,0.12428268975321667,0.12632677105507764,0.1283707479583833,0.13041462533602283,0.13245840776257498,0.13450209953676937,0.13654570470194977,0.1385892270647446,0.14063267021212447,0.14267603752700664,0.14471933220254965,0.1467625572552633,0.14880571553704777,0.1508488097462621,0.15289184243791212,0.1549348160330382,0.15697773282737557,0.15902059499935198,0.16106340461748056,0.16310616364720126,0.16514887395721786,0.1671915373253731,0.16923415544410178,0.171276729925495,0.17331926230600958,0.1753617540508494,0.17740420655804615,0.1794466211622633,0.18148899913834396,0.18353134170462357,0.18557365002602486,0.18761592521695183,0.1896581683439973,0.19170038042847884,0.19374256244881438,0.19578471534275066,0.19782684000945328,0.19986893731147048,0.20191100807657678
-0.11616161616161613,0.0,2.3014038286861495e-05,0.0007574500262559663,0.0024468482951947846,0.0044720922772517975,0.006546833006094288,0.008593019604887899,0.010597292613573455,0.012563155048629386,0.01449731309292507,0.01640606548303018,0.018294558585822653,0.020166821165806096,0.02202597128366657,0.023874424828628612,0.025714065847201775,0.027546376588703955,0.029372534446711927,0.03119348377599829,0.03300998920238909,0.03482267543241869,0.036632057218248575,0.03843856211164493,0.040242547899777305,0.042044316086954754,0.043844122411098314,0.04564218511693858,0.04743869151737686,0.04923380323747641,0.05102766043635635,0.0528203852298536,0.054612084483533385,0.05640285210609824,0.05819277094368303,0.0599819143532463,0.061770347516350015,0.063558128541682,0.06534530939470921,0.06713193668512327,0.06891805233670888,0.07070369415953172,0.07248889634060145,0.07427368986619512,0.07605810288665416,0.07784216103256182,0.07962588768967313,0.08140930423872164,0.08319243026521388,0.08497528374349166,0.086757881198661,0.08854023784942387,0.09032236773438355,0.09210428382400661,0.09388599812010305,0.0956675217444141,0.09744886501767237,0.09923003753030528,0.10101104820579337,0.10279190535755688,0.10457261674012669,0.10635318959525907,0.10813363069356485,0.1099139463721547,0.11169414256873672,0.11347422485255004,0.11525419845247155,0.1170340682825917,0.11881383896552127,0.12059351485366043,0.12237310004863423,0.1241525984190764,0.12593201361692277,0.12771134909235754,0.12949060810754112,0.13126979374923267,0.13304890894041088,0.13482795645098344,0.13660693890766815,0.1383858588031187,0.14016471850436255,0.14194352026060936,0.14372226621048512,0.14550095838873991,0.147279598732474,0.1490581890869214,0.1508367312108277,0.15261522678145492,0.15439367739924284,0.15617208459215415,0.15795044981972847,0.1597287744768673,0.16150705989737063,0.163285307357244,0.16506351807779318,0.1668416932285225,0.16861983392985067,0.17039794125565755,0.1721760162356745,0.17395405985772852,0.17573207306985095
-0.10606060606060604,0.0,8.45008321707271e-06,0.00045834424368830946,0.0017424096102029633,0.003435680873779133,0.005240727382813784,0.007049272951523349,0.008830548906756892,0.010579654826457818,0.012299387044771537,0.013994245064781122,0.015668566037008825,0.017326038897502127,0.018969665733571985,0.020601852156007416,0.02222451980024294,0.02383920782936462,0.025447155857313553,0.02704936906762835,0.028646668545275703,0.030239729994332804,0.03182911354915179,0.03341528681919594,0.03499864280349326,0.03657951390699169,0.03815818298221481,0.039734892088122545,0.04130984948612235,0.042883235265752044,0.044455205898014404,0.0460258979439575,0.04759543109344221,0.04916391066943552,0.05073142970320165,0.05229807066295031,0.053863906901025126,0.055429003871245074,0.0569934201575664,0.05855720834708358,0.060120415773993935,0.06168308515610684,0.06324525514147471,0.06480696077953287,0.06636823392857584,0.06792910360933802,0.06948959631277833,0.0710497362688136,0.0726095456816377,0.07416904493635747,0.07572825278092722,0.07728718648674833,0.07884586199078687,0.08040429402163614,0.08196249621159453,0.08352048119653084,0.08507826070505752,0.0866358456383199,0.08819324614153162,0.08975047166823223,0.09130753103811472,0.09286443248915975,0.09442118372471803,0.09597779195610245,0.09753426394117985,0.099090606019394,0.1006468241435976,0.10220292390902713,0.10375891057971474,0.10531478911259723,0.10687056417955297,0.10842624018757065,0.10998182129723265,0.11153731143967392,0.1130927143321614,0.11464803349242307,0.11620327225184118,0.11775843376761437,0.11931352103398031,0.12086853689258314,0.12242348404205995,0.12397836504691474,0.1255331823457402,0.12708793825884288,0.12864263499532147,0.13019727465964331,0.1317518592577602,0.13330639070280048,0.1348608708203716,0.1364153013535034,0.13796968396726073,0.1395240202530503,0.1410783117326454,0.14263255986195014,0.14418676603452202,0.14574093158487106,0.14729505779155203,0.14884914588006426,0.1504031970255732,0.1519572123554664,0.15351119295175528
-0.09595959595959595,0.0,2.6178945005610534e-06,0.0002567907659949966,0.0011809299899832389,0.0025500613969576262,0.004090875813146282,0.0056734015663866865,0.00724895918604625,0.008802448077692678,0.010331331237543413,0.011837378473904299,0.013323540064839025,0.014792810023902208,0.016247855078278247,0.017690933644751727,0.019123918570433517,0.02054835092216953,0.02196549726472062,0.023376400931908837,0.024781924918177625,0.02618278667790619,0.027579585967520692,0.02897282700036109,0.030362936062916835,0.03175027554964124,0.03313515518402315,0.03451784102998608,0.035898562764659116,0.03727751957856867,0.038654884987676476,0.04003081077869338,0.04140543026060765,0.04277886095803419,0.04415120685319394,0.0455225602610487,0.04689300340480947,0.04826260974553443,0.049631445108953974,0.05099956864433145,0.05236703364358004,0.05373388824362157,0.05510017603079254,0.056465936562749196,0.057831205820623365,0.059196016601992744,0.060560398863453546,0.06192438002013336,0.06328798520829246,0.06465123751618605,0.06601415818755123,0.06737676680141436,0.0687390814313574,0.07010111878691809,0.07146289433940914,0.07282442243411565,0.07418571639055395,0.07554678859224283,0.07690765056724068,0.07826831306053421,0.07962878609922135,0.0809890790513094,0.08234920067884355,0.08370915918599216,0.08506896226263676,0.08642861712394828,0.0877881305463733,0.08914750890040324,0.09050675818045656,0.09186588403216579,0.09322489177732762,0.09458378643674614,0.09594257275117334,0.09730125520052867,0.09865983802156048,0.10001832522409419,0.1013767206059971,0.10273502776697661,0.10409325012131611,0.10545139090964296,0.10680945320981262,0.1081674399469858,0.10952535390296735,0.1108831977248687,0.11224097393315112,0.11359868492909979,0.1149563330017757,0.11631392033448718,0.11767144901081934,0.11902892102025604,0.12038633826342632,0.12174370255700427,0.12310101563828842,0.12445827916948489,0.12581549474171685,0.12717266387877965,0.12852978804066095,0.12988686862684226,0.1312439069793983,0.13260090438590735,0.1339578620821867
-0.08585858585858586,0.0,6.628588912425264e-07,0.00012887608829614084,0.0007446845124895888,0.0017968536329737031,0.003069872041026029,0.004426414104501994,0.005802100641714953,0.007170528933193813,0.008522392463213771,0.009855620332608332,0.01117101826685907,0.012470389218397876,0.013755743149029852,0.015028982779680199,0.016291796080309853,0.01754563653483509,0.018791738409704887,0.020031143755963574,0.021264731164563507,0.022493242298426724,0.023717304908834756,0.024937452202833155,0.026154138887513733,0.02736775435993201,0.028578633517288506,0.029787065614183133,0.030993301530180525,0.032197559748032525,0.033400031287026156,0.03460088378877824,0.03580026491410455,0.036998305178324975,0.03819512032731478,0.0393908133366278,0.04058547610009974,0.04177919086165976,0.042972031433963935,0.04416406423937866,0.04535534920236018,0.04654594051706612,0.04773588730983058,0.04892523421273217,0.0501140218617196,0.051302287330506874,0.052490064509605805,0.0536773844383506,0.05486427559652159,0.05605076416114486,0.057236874233188545,0.05842262803816528,0.0596080461040559,0.06079314741947106,0.06197794957455033,0.06316246888674462,0.06434672051333097,0.06553071855225538,0.0667144761326856,0.0678980054964725,0.0690813180715625,0.07026442453826996,0.07144733488920316,0.07263005848353919,0.0738126040962574,0.07499497996286703,0.07617719382010175,0.0773592529429973,0.07854116417872023,0.07972293397747497,0.08090456842077744,0.08208607324735306,0.08326745387688857,0.08444871543184057,0.0856298627574845,0.08681090044036634,0.0879918328253033,0.0891726640310647,0.09035339796485058,0.09153403833567429,0.09271458866674376,0.09389505230692853,0.09507543244138957,0.09625573210144178,0.09743595417371433,0.0986161014086645,0.09979617642849926,0.10097618173455068,0.1021561197141494,0.10333599264703482,0.10451580271133885,0.10569555198917485,0.10687524247186249,0.10805487606481583,0.10923445459211895,0.11041397980081337,0.11159345336491683,0.1127728768891938,0.11395225191269516,0.1151315799120829,0.1163108623047557
-0.07575757575757576,0.0,2.841927649158419e-07,5.5207739632322526e-05,0.00042286655075497406,0.0011723635787945312,0.002170534610079955,0.00329234154963441,0.004464082987127892,0.005648628208925023,0.0068288738528301625,0.00799774309059419,0.00915296433454919,0.010294477240810875,0.01142316926607831,0.012540269236554602,0.013647063412997635,0.014744769556109205,0.015834487952556865,0.016917189223050872,0.017993718945596596,0.019064809201550327,0.020131092220608403,0.021193113860809784,0.02225134594891467,0.023306197146753388,0.02435802231656045,0.02540713049555231,0.026453791641357003,0.027498242319177038,0.028540690491477835,0.02958131955317562,0.03062029173555035,0.031657750983169405,0.032693825391126856,0.03372862927522614,0.03476226493531862,0.03579482416164513,0.03682638952543981,0.03785703548797541,0.0388868293564037,0.03991583210995735,0.04094409911614294,0.04197168075331648,0.0429986229533633,0.04402496767599976,0.04505075332439196,0.04607601511027229,0.04710078537547883,0.04812509387579336,0.04914896803207769,0.05017243315297457,0.051195512632821766,0.05221822812790897,0.05324059971376777,0.05426264602581422,0.055284384385346635,0.056305830912634275,0.05732700062860266,0.05834790754642515,0.05936856475416338,0.060388984489454095,0.0614091782071157,0.06242915664044137,0.06344892985685144,0.06446850730849912,0.065487897878352,0.06650710992221247,0.0675261513070863,0.06854502944626259,0.06956375133142827,0.0705823235621036,0.07160075237265555,0.07261904365711665,0.0736372029920145,0.07465523565739428,0.07567314665619869,0.07669094073215227,0.07770862238628283,0.07872619589219933,0.07974366531023329,0.08076103450054138,0.08177830713525625,0.08279548670976578,0.08381257655319198,0.08482957983813516,0.08584649958974273,0.08686333869415586,0.087880099906384,0.08889678585765111,0.08991339906225483,0.09092994192397551,0.09194641674206912,0.09296282571687552,0.09397917095506991,0.09499545447458423,0.09601167820922184,0.09702784401298807,0.09804395366415629,0.09906000886908846,0.10007601126582714
-0.06565656565656568,0.0,1.6279176370846186e-07,1.870132555398311e-05,0.00020541916293224138,0.0006812377396859718,0.0014013614125009208,0.002274537500618617,0.003229317110614799,0.004221571698226307,0.005226687560138694,0.006231777505518524,0.007230528967687211,0.008220189332461854,0.009199883881677898,0.01016969597723463,0.011130169360206346,0.012082041635182466,0.013026104057224814,0.013963130239798524,0.014893842387702215,0.01581889775622994,0.016738885793855178,0.017654330694041622,0.018565696454601256,0.019473392868628602,0.020377781613660304,0.021279182021116425,0.022177876338648487,0.02307411442376769,0.02396811787340922,0.024860083626786943,0.02575018709284453,0.02663858485733211,0.027525417022913033,0.02841080923150681,0.029294874412854888,0.03017771429789921,0.031059420730426057,0.03194007680574995,0.03281975786106914,0.03369853233851402,0.034576462538800874,0.03545360528074432,0.03633001247961972,0.03720573165544571,0.03808080638063109,0.03895527667505306,0.03982917935546733,0.04070254834516436,0.04157541494894772,0.04244780809780116,0.04331975456700669,0.044191279170962106,0.04506240493750855,0.04593315326420397,0.04680354405865864,0.04767359586477373,0.048543325976488944,0.04941275054044153,0.05028188464876432,0.05115074242309983,0.05201933709077564,0.05288768105397402,0.05375578595262909,0.05462366272170033,0.0554913216433952,0.05635877239484963,0.05722602409171663,0.05809308532806495,0.058959964212943805,0.05982666840393263,0.06069320513796012,0.06155958125964661,0.06242580324739767,0.06329187723745335,0.0641578090460763,0.06502360419004388,0.06588926790559266,0.06675480516594978,0.06762022069757147,0.0684855189951984,0.0693507043358269,0.07021578079168514,0.07108075224229646,0.07194562238570266,0.07281039474891522,0.07367507269765494,0.074539659445436,0.07540415806204503,0.07626857148146149,0.07713290250926176,0.07799715382954565,0.07886132801142068,0.07972542751507669,0.08058945469748056,0.08145341181771851,0.08231730104201064,0.08318112444842156,0.08404488403128764,0.08490858170538103
-0.055555555555555504,0.0,1.034995745423843e-07,4.3894436686449125e-06,7.821813428454844e-05,0.0003300238483124961,0.0007834155164221751,0.001396299850636845,0.002115091405733886,0.002897023080797735,0.0037131133469454937,0.004545214027156439,0.005382493914525786,0.006218745089393879,0.007050583221226364,0.007876313050347682,0.00869523231306443,0.009507210280866657,0.010312434455571966,0.011111259275526723,0.011904116510629656,0.012691462963160293,0.013473750687468687,0.014251410806349583,0.015024845473517645,0.015794424667443487,0.016560485790858167,0.01732333483990314,0.018083248392050184,0.01884047596103171,0.019595242451775,0.020347750562382298,0.02109818305032562,0.021846704822775842,0.022593464836644678,0.023338597808913116,0.0240822257461856,0.02482445930668513,0.02556539900969364,0.026305136307751612,0.027043754536395636,0.02778132975522671,0.02851793149290854,0.029253623407441004,0.029988463871824297,0.03072250649407157,0.03145580057946514,0.03218839154199243,0.03292032127104205,0.033651628458684024,0.034382348892191786,0.03511251571588068,0.03584215966582808,0.036571309280595314,0.03729999109068507,0.03802822978913048,0.03875604838531872,0.03948346834389679,0.0402105097103843,0.040937191224924514,0.04166353042543556,0.04238954374127596,0.04311524657841001,0.043840653396945095,0.04456577778181431,0.04529063250729102,0.04601522959594607,0.04673958037259048,0.04746369551368854,0.048187585092673596,0.04891125862155285,0.0496347250891474,0.050357992996277225,0.051081070388169364,0.05180396488433938,0.05252668370617069,0.053249233702394115,0.05397162137265061,0.05469385288930162,0.05541593411763618,0.0561378706346095,0.05685966774623514,0.05758133050374154,0.058302863718593306,0.05902427197646883,0.059745559650276996,0.060466730912289,0.06118778974545411,0.061908739953962295,0.06262958517311125,0.06335032887853044,0.06407097439481017,0.06479152490357984,0.0655119834510756,0.06623235295523457,0.06695263621234988,0.06767283590331734,0.06839295459950276,0.06911299476825651,0.06983295877809967,0.07055284890360385
-0.045454545454545414,0.0,6.816497578065073e-08,5.841145962197858e-07,1.9809398550762993e-05,0.00011779720689004824,0.0003433669956052407,0.000700997952991339,0.0011682459057780576,0.0017160664214536554,0.0023186826882639375,0.002956335376889703,0.0036149660586500694,0.0042850024505590185,0.004960120963972632,0.005636250379215711,0.00631084262819151,0.006982363575050221,0.007649946183563021,0.008313157489550712,0.008971843234400364,0.009626024769744402,0.010275830907420893,0.010921453066242093,0.011563115928266227,0.012201058444875472,0.012835521708051823,0.013466741410159593,0.014094943339897116,0.014720340884718991,0.015343133847010542,0.015963508108689135,0.016581635831795397,0.017197675985754998,0.01781177506172264,0.018424067881659865,0.01903467844182644,0.019643720752067745,0.020251299646952964,0.020857511554692707,0.021462445216358775,0.022066182352279706,0.022668798275304037,0.023270362452396512,0.0238709390170975,0.024470587235962734,0.02506936193237017,0.025667313871142333,0.02626449010736098,0.026860934302599098,0.027456687011596943,0.02805178594218745,0.02864626619104935,0.029240160457640187,0.02983349923844614,0.03042631100348213,0.031018622356786787,0.0316104581824838,0.032201841777822766,0.032792794974469235,0.03338333824918408,0.0339734908249157,0.03456327076322364,0.035152695048858144,0.03574177966723633,0.036330539675479896,0.036918989267612216,0.03750714183445251,0.03809501001869039,0.038682605765576916,0.039269940369624085,0.03985702451766717,0.04044386832860918,0.04103048139013622,0.04161687279266457,0.04220305116075582,0.042789024682213773,0.04337480113505731,0.04396038791254467,0.04454579204640955,0.04513102022845386,0.045716078830629246,0.046300973923728006,0.046885711294792805,0.047470296463345406,0.048054734696525485,0.048639031023223395,0.049223190247282715,0.04980721695984296,0.050391115550885934,0.050974890220044866,0.051558544986729744,0.05214208369961882,0.05272551004556102,0.0533088275579317,0.05389203962447991,0.05447514949470258,0.05505816028677837,0.055641074994091426,0.05622389649137253,0.05680662754048379
-0.035353535353535324,0.0,4.45472541383284e-08,1.79966391302636e-07,2.296650914505339e-06,2.3799554868834575e-05,9.550502385019764e-05,0.0002411907313198486,0.00046755036387349406,0.0007684274311201217,0.0011316303648517096,0.001543709247210554,0.001992392334273891,0.0024674852608743236,0.0029609664207921435,0.0034667373729898483,0.003980270128123447,0.00449826227124435,0.005018341781232458,0.005538830555544281,0.006058561909423433,0.006576742849821123,0.007092851571663759,0.0076065618287786685,0.008117687441137325,0.008626141724155887,0.009131907903774479,0.009635017589351374,0.010135535145453563,0.010633546378568127,0.011129150380529917,0.011622453674336177,0.012113566060124663,0.012602597682178064,0.013089657004950113,0.013574849445087274,0.014058276481808301,0.01454003511374659,0.015020217565166796,0.015498911170068394,0.015976198381558587,0.016452156867810472,0.016926859666228002,0.017400375375071882,0.01787276836745824,0.018344099016837322,0.018814423926170526,0.01928379615532811,0.019752265442933552,0.020219878420136565,0.020686678814718466,0.021152707644605796,0.02161800340035459,0.022082602216514535,0.022546538032026428,0.023009842739973516,0.023472546327117275,0.02393467700371713,0.02439626132417122,0.024857324299031282,0.02531788949894505,0.02577797915106835,0.026237614228470846,0.02669681453303635,0.027155598772331892,0.027613984630892405,0.02807198883633979,0.02852962722072641,0.028986914777466427,0.029443865714191785,0.02990049350184455,0.03035681092029395,0.03081283010074405,0.03126856256517735,0.0317240192630604,0.032179210605519516,0.03263414649717828,0.03308883636583312,0.033543289190129215,0.03399751352538629,0.034451517527711244,0.034905308976524614,0.035358895295616914,0.035812283572842114,0.03626548057854719,0.03671849278282844,0.03717132637169846,0.03762398726224128,0.038076481116826634,0.03852881335644942,0.03898098917325508,0.03943301354230674,0.03988489123264644,0.04033662681769793,0.04078822468505564,0.041239689045700946,0.04169102394268349,0.04214223325930302,0.04259332072682428,0.04304428993175525,0.04349514432271687
-0.02525252525252523,0.0,2.7530685079188706e-08,8.006115004227395e-08,2.196716059383903e-07,1.2794069708560562e-06,9.746622602201788e-06,3.6003364452037486e-05,9.155804086310438e-05,0.00018438489346321487,0.00031785166915563766,0.0004914548851784117,0.0007021443546459581,0.0009455355759694996,0.0012167895116841217,0.0015111649117745933,0.0018243202487471981,0.0021524473627076604,0.0024923021497757986,0.0028411779557149107,0.0031968511149968455,0.0035575163784887323,0.003921722208133632,0.004288311032212285,0.00465636663531951,0.005025169204331474,0.0053941576813886115,0.005762898673087432,0.006131061022716842,0.006498395160404157,0.006864716416562268,0.0072298915867517995,0.007593828142738803,0.007956465585268727,0.008317768523586722,0.008677721143486443,0.00903632278998474,0.009393584443781874,0.009749525913979288,0.010104173604617888,0.010457558740884089,0.01080971596496212,0.01116068221942404,0.011510495882808816,0.011859196077612483,0.012206822139026874,0.012553413203083992,0.012899007891912803,0.013243644076597125,0.013587358701948821,0.01393018766057868,0.014272165706111605,0.014613326397373042,0.014953702066967558,0.01529332380895404,0.01563222148135729,0.015970423720090877,0.01630795796154088,0.016644850471605348,0.016981126379425098,0.017316809714398213,0.017651923445359152,0.017986489521036663,0.018320528911093748,0.018654061647205414,0.01898710686375329,0.019319682837815703,0.019651807028211687,0.01998349611342226,0.02031476602826316,0.02064563199922514,0.02097610857843008,0.021306209676177485,0.02163594859207579,0.021965338044769137,0.022294390200281965,0.022623116699013165,0.022951528681418226,0.02327963681242262,0.023607451304613097,0.023934981940255343,0.024262238092187947,0.02458922874364253,0.024915962507040052,0.02524244764181222,0.025568692071295963,0.025894703398747766,0.02622048892252275,0.026546055650462152,0.026871410313530814,0.027196559378744493,0.02752150906142532,0.027846265336821514,0.02817083395112591,0.02849522043192614,0.028819430098117552,0.029143468069308214,0.02946733927474395,0.029791048461779823,0.030114600203922866,0.03043799890846961
-0.015151515151515138,0.0,1.4638744640094036e-08,3.499415070713418e-08,6.54877346663352e-08,1.1603485411430804e-07,2.1593343866478542e-07,5.001759052752275e-07,2.0245027892638225e-06,6.749996131632237e-06,1.680250016845452e-05,3.4850788391006464e-05,6.330611412730783e-05,0.0001041061177778101,0.00015859050308675881,0.00022749585921770382,0.00031102266080802683,0.0004089353955597163,0.0005206697013642964,0.0006454316816956508,0.0007822825064785548,0.000930206295031352,0.001088162009172824,0.0012551213474567616,0.0014300950719268503,0.0016121501669713754,0.0018004199769411922,0.001994109129735433,0.0021924947167547837,0.00239492486970355,0.0026008156218222805,0.002809646707289506,0.0030209567804253827,0.003234338397563536,0.0034494329991843447,0.003665926050911622,0.003883542443716723,0.004102042211470361,0.004321216594014369,0.004540884453151998,0.004760889034997652,0.004981095063153497,0.005201386141845053,0.005421662444954946,0.005641838666957975,0.005861842209830603,0.006081611583127867,0.006301094994320301,0.006520249108662688,0.006739037959527467,0.006957431991903722,0.007175407223482613,0.007392944509381595,0.007610028898078578,0.007826649067522692,0.00804279683165658,0.008258466708728943,0.008473655543800864,0.008688362178762824,0.008902587163990438,0.009116332506484486,0.009329601449974282,0.009542398283020946,0.009754728171647837,0.009966597013455718,0.010178011310557854,0.010388978059001233,0.010599504652629821,0.010809598801012786,0.011019268451134783,0.011228521733997299,0.011437366903903663,0.01164581229345217,0.011853866273322302,0.012061537217774254,0.012268833475149945,0.012475763342751177,0.012682335045546977,0.012888556718229116,0.01309443639019361,0.013299981973077385,0.013505201250524413,0.013710101869895408,0.01391469133566961,0.014118977004318111,0.01432296608045458,0.014526665614093118,0.014730082498863496,0.014933223471052347,0.01513609510935475,0.015338703835234953,0.015541055913807174,0.01574315745515848,0.01594501441604522,0.01614663260190314,0.01634801766911865,0.016549175127515185,0.01675011034301468,0.016950828540438993,0.01715133480642075,0.017351634092397053
-0.005050505050505046,0.0,4.384172763545953e-09,9.260056646902512e-09,1.4766840899021516e-08,2.0827317708946635e-08,2.777126016691766e-08,3.5707982994029763e-08,4.4866827956076675e-08,5.5553433819705226e-08,6.818463138015635e-08,8.334493243390909e-08,1.0187178233255561e-07,1.250306290311808e-07,1.5479711250373173e-07,1.9444224288753025e-07,2.4980125025140696e-07,3.322474935055288e-07,4.6672380633911263e-07,7.149790483519628e-07,1.223528811453365e-06,2.154448454623367e-06,3.526854542449236e-06,5.4287521502656785e-06,8.022512342773953e-06,1.1472838549410613e-05,1.594405509583414e-05,2.1603900678598926e-05,2.8621506701800824e-05,3.716438190257317e-05,4.7395597405425465e-05,5.947137231721863e-05,7.353905241997757e-05,8.973549257772283e-05,0.00010818582652106968,0.00012900259515770661,0.00015228519842856657,0.00017811962001120573,0.0002065784121285124,0.0002377208572636405,0.0002715933061711412,0.0003082296403352342,0.0003476518321426949,0.0003898705763208798,0.00043488597013744914,0.0004826882235794494,0.0005332583841394129,0.0005865690638874043,0.000642585159181347,0.0007012645556649121,0.0007625588131376801,0.0008264138269058465,0.0008927704603366123,0.0009615651545762249,0.0010327305037789428,0.0011061958047642153,0.0011818875772262951,0.0012597300557655254,0.0013396456543496615,0.0014215554038625032,0.0015053793633832636,0.001591037005785441,0.0016784475781676678,0.0017675304375470043,0.0018582053621702735,0.0019503928387410434,0.0020440143258251336,0.0021389924936899645,0.0022352514408534785,0.0023327168876656687,0.002431316347316681,0.0025309792747556363,0.002631637194108275,0.002733223805602886,0.0028356750708509564,0.00293892928263678,0.003042927112787625,0.0031476116452531424,0.003252928392973332,0.0033588253002565754,0.003465252731948393,0.003572163450689241,0.0036795125835586296,0.003787257579384431,0.003895358157962246,0.00400377625238192,0.0041124759455993505,0.004221423402323782,0.004330586797215977,0.0044399362403137205,0.004549443700519401,0.0046590829279022404,0.004768829375486421,0.004878660121117279,0.004988553789921762,0.00509849047780761,0.00520845167637841,0.005318420199579496,0.005428380112332724,0.005538316661366272,0.00564821620839931
0.005050505050505046,0.0,4.384172763545953e-09,9.260056646902512e-09,1.4766840899021516e-08,2.0827317708946635e-08,2.7771260166917684e-08,3.570798299402976e-08,4.4866827956076675e-08,5.5553433819705186e-08,6.818463138015638e-08,8.334493243390905e-08,1.0187178233255561e-07,1.2503062903118083e-07,1.5479711250373167e-07,1.9444224288752996e-07,2.4980125025140706e-07,3.32247493505529e-07,4.6672380633911226e-07,7.149790483519626e-07,1.2235288114533634e-06,2.1544484546233683e-06,3.52685454244924e-06,5.428752150265694e-06,8.02251234277395e-06,1.1472838549410615e-05,1.5944055095834137e-05,2.1603900678598902e-05,2.8621506701800837e-05,3.7164381902573176e-05,4.739559740542546e-05,5.947137231721861e-05,7.35390524199777e-05,8.973549257772276e-05,0.00010818582652106979,0.00012900259515770653,0.00015228519842856657,0.0001781196200112056,0.00020657841212851235,0.00023772085726364044,0.000271593306171141,0.0003082296403352343,0.0003476518321426953,0.0003898705763208802,0.00043488597013744947,0.0004826882235794493,0.000533258384139413,0.000586569063887404,0.0006425851591813471,0.0007012645556649122,0.0007625588131376805,0.0008264138269058457,0.000892770460336612,0.0009615651545762248,0.001032730503778942,0.001106195804764215,0.0011818875772262951,0.0012597300557655254,0.001339645654349661,0.0014215554038625032,0.0015053793633832645,0.0015910370057854405,0.0016784475781676678,0.0017675304375470043,0.0018582053621702748,0.0019503928387410432,0.002044014325825134,0.0021389924936899645,0.0022352514408534798,0.002332716887665669,0.0024313163473166804,0.0025309792747556367,0.002631637194108275,0.0027332238056028842,0.002835675070850957,0.0029389292826367797,0.003042927112787625,0.003147611645253142,0.0032529283929733327,0.0033588253002565737,0.003465252731948393,0.003572163450689241,0.0036795125835586296,0.0037872575793844302,0.003895358157962245,0.004003776252381917,0.004112475945599353,0.004221423402323783,0.004330586797215977,0.004439936240313723,0.004549443700519401,0.004659082927902239,0.004768829375486418,0.004878660121117277,0.004988553789921764,0.00509849047780761,0.0052084516763784075,0.0053184201995794935,0.005428380112332726,0.00553831666136627,0.005648216208399316
0.015151515151515138,0.0,1.4638744640094031e-08,3.499415070713417e-08,6.548773466633518e-08,1.16034854114308e-07,2.1593343866478513e-07,5.001759052752266e-07,2.0245027892638255e-06,6.7499961316322536e-06,1.6802500168454515e-05,3.4850788391006525e-05,6.330611412730778e-05,0.00010410611777781004,0.00015859050308675873,0.000227495859217704,0.00031102266080802683,0.00040893539555971636,0.0005206697013642964,0.0006454316816956506,0.0007822825064785536,0.0009302062950313525,0.001088162009172824,0.0012551213474567616,0.0014300950719268511,0.0016121501669713748,0.0018004199769411922,0.001994109129735432,0.0021924947167547824,0.002394924869703549,0.00260081562182228,0.002809646707289506,0.0030209567804253823,0.0032343383975635353,0.0034494329991843447,0.003665926050911622,0.0038835424437167238,0.004102042211470361,0.004321216594014369,0.004540884453151999,0.004760889034997652,0.004981095063153497,0.005201386141845053,0.005421662444954949,0.0056418386669579755,0.005861842209830603,0.006081611583127866,0.006301094994320301,0.006520249108662689,0.006739037959527469,0.006957431991903722,0.007175407223482612,0.007392944509381595,0.007610028898078579,0.007826649067522692,0.008042796831656577,0.008258466708728946,0.008473655543800866,0.008688362178762822,0.008902587163990434,0.009116332506484486,0.009329601449974282,0.009542398283020946,0.009754728171647837,0.009966597013455718,0.010178011310557854,0.010388978059001233,0.01059950465262982,0.01080959880101279,0.011019268451134783,0.011228521733997299,0.011437366903903663,0.01164581229345217,0.011853866273322305,0.012061537217774256,0.012268833475149945,0.012475763342751177,0.012682335045546977,0.012888556718229116,0.01309443639019361,0.01329998197307739,0.013505201250524413,0.013710101869895408,0.013914691335669615,0.014118977004318111,0.014322966080454582,0.014526665614093118,0.014730082498863498,0.014933223471052347,0.01513609510935475,0.015338703835234953,0.015541055913807172,0.015743157455158474,0.015945014416045216,0.01614663260190314,0.016348017669118645,0.016549175127515185,0.01675011034301468,0.016950828540438993,0.017151334806420747,0.017351634092397046
0.02525252525252523,0.0,2.7530685079188716e-08,8.006115004227391e-08,2.1967160593839035e-07,1.279406970856057e-06,9.746622602201788e-06,3.600336445203751e-05,9.155804086310447e-05,0.00018438489346321498,0.00031785166915563766,0.0004914548851784117,0.0007021443546459585,0.0009455355759694996,0.0012167895116841222,0.001511164911774593,0.0018243202487471975,0.0021524473627076604,0.0024923021497757973,0.0028411779557149107,0.0031968511149968455,0.0035575163784887314,0.003921722208133631,0.004288311032212285,0.004656366635319509,0.005025169204331472,0.0053941576813886115,0.005762898673087429,0.0061310610227168424,0.006498395160404157,0.006864716416562268,0.007229891586751801,0.007593828142738804,0.007956465585268727,0.008317768523586724,0.008677721143486444,0.009036322789984738,0.009393584443781878,0.009749525913979288,0.010104173604617886,0.010457558740884084,0.01080971596496212,0.01116068221942404,0.011510495882808816,0.011859196077612481,0.012206822139026874,0.012553413203083992,0.012899007891912803,0.013243644076597125,0.013587358701948824,0.01393018766057868,0.014272165706111605,0.014613326397373045,0.014953702066967558,0.015293323808954038,0.015632221481357293,0.015970423720090877,0.01630795796154088,0.01664485047160535,0.016981126379425098,0.017316809714398213,0.01765192344535916,0.017986489521036663,0.018320528911093748,0.018654061647205414,0.018987106863753298,0.0193196828378157,0.019651807028211683,0.019983496113422258,0.02031476602826316,0.02064563199922514,0.020976108578430085,0.021306209676177485,0.02163594859207579,0.021965338044769137,0.02229439020028197,0.022623116699013165,0.022951528681418226,0.02327963681242262,0.023607451304613097,0.02393498194025535,0.024262238092187954,0.02458922874364253,0.024915962507040052,0.02524244764181222,0.02556869207129596,0.025894703398747766,0.02622048892252275,0.026546055650462152,0.026871410313530814,0.02719655937874449,0.027521509061425326,0.027846265336821514,0.028170833951125906,0.028495220431926135,0.028819430098117552,0.029143468069308204,0.02946733927474395,0.02979104846177982,0.03011460020392287,0.03043799890846961
0.035353535353535394,0.0,4.454725413832851e-08,1.7996639130263725e-07,2.2966509145053915e-06,2.3799554868834937e-05,9.55050238501989e-05,0.00024119073131985132,0.0004675503638734984,0.0007684274311201277,0.0011316303648517174,0.0015437092472105624,0.001992392334273902,0.0024674852608743358,0.002960966420792157,0.0034667373729898635,0.003980270128123463,0.004498262271244369,0.005018341781232477,0.005538830555544302,0.006058561909423456,0.006576742849821147,0.007092851571663782,0.007606561828778693,0.008117687441137347,0.008626141724155914,0.009131907903774506,0.009635017589351402,0.010135535145453593,0.010633546378568157,0.01112915038052995,0.011622453674336208,0.012113566060124696,0.012602597682178097,0.013089657004950149,0.013574849445087314,0.014058276481808338,0.014540035113746628,0.015020217565166825,0.015498911170068427,0.015976198381558622,0.016452156867810513,0.01692685966622804,0.017400375375071924,0.01787276836745828,0.018344099016837367,0.01881442392617057,0.01928379615532816,0.0197522654429336,0.020219878420136613,0.020686678814718508,0.021152707644605848,0.021618003400354645,0.02208260221651459,0.022546538032026484,0.02300984273997357,0.02347254632711733,0.023934677003717184,0.024396261324171272,0.024857324299031345,0.025317889498945114,0.025777979151068404,0.02623761422847091,0.026696814533036423,0.027155598772331955,0.02761398463089246,0.028071988836339854,0.028529627220726477,0.028986914777466486,0.029443865714191844,0.029900493501844618,0.030356810920294023,0.03081283010074412,0.031268562565177425,0.031724019263060475,0.03217921060551959,0.03263414649717835,0.03308883636583319,0.0335432891901293,0.03399751352538636,0.03445151752771132,0.0349053089765247,0.03535889529561699,0.035812283572842184,0.036265480578547275,0.03671849278282853,0.03717132637169855,0.037623987262241365,0.03807648111682671,0.0385288133564495,0.038980989173255154,0.039433013542306834,0.03988489123264654,0.040336626817698014,0.040788224685055725,0.04123968904570103,0.04169102394268357,0.0421422332593031,0.04259332072682437,0.043044289931755346,0.04349514432271696
0.04545454545454549,0.0,6.816497578065093e-08,5.841145962197932e-07,1.980939855076322e-05,0.00011779720689004924,0.0003433669956052435,0.0007009979529913426,0.0011682459057780644,0.0017160664214536626,0.002318682688263947,0.0029563353768897144,0.0036149660586500803,0.0042850024505590315,0.0049601209639726475,0.005636250379215727,0.00631084262819153,0.006982363575050239,0.00764994618356304,0.008313157489550733,0.008971843234400388,0.009626024769744423,0.010275830907420914,0.010921453066242122,0.01156311592826625,0.0122010584448755,0.012835521708051844,0.013466741410159624,0.014094943339897144,0.014720340884719026,0.01534313384701057,0.015963508108689167,0.016581635831795432,0.01719767598575504,0.017811775061722674,0.0184240678816599,0.019034678441826474,0.019643720752067783,0.020251299646953002,0.020857511554692756,0.021462445216358816,0.022066182352279747,0.022668798275304075,0.023270362452396554,0.023870939017097553,0.024470587235962783,0.02506936193237022,0.02566731387114238,0.02626449010736102,0.026860934302599154,0.027456687011596984,0.0280517859421875,0.028646266191049406,0.029240160457640232,0.029833499238446193,0.03042631100348218,0.031018622356786842,0.03161045818248386,0.03220184177782283,0.032792794974469304,0.03338333824918414,0.03397349082491576,0.0345632707632237,0.03515269504885821,0.0357417796672364,0.03633053967547995,0.036918989267612286,0.03750714183445258,0.03809501001869046,0.03868260576557698,0.03926994036962415,0.03985702451766724,0.040443868328609266,0.0410304813901363,0.04161687279266465,0.04220305116075589,0.04278902468221385,0.04337480113505738,0.04396038791254473,0.044545792046409634,0.045131020228453944,0.045716078830629316,0.04630097392372808,0.04688571129479289,0.04747029646334549,0.04805473469652557,0.04863903102322347,0.049223190247282805,0.049807216959843054,0.050391115550886025,0.05097489022004495,0.051558544986729855,0.05214208369961892,0.052725510045561114,0.05330882755793179,0.05389203962448,0.05447514949470266,0.05505816028677846,0.05564107499409151,0.056223896491372626,0.0568066275404839
0.05555555555555558,0.0,1.0349957454238457e-07,4.38944366864497e-06,7.821813428454906e-05,0.00033002384831249846,0.0007834155164221789,0.0013962998506368504,0.002115091405733894,0.002897023080797745,0.0037131133469455045,0.004545214027156453,0.005382493914525801,0.006218745089393892,0.0070505832212263775,0.007876313050347703,0.008695232313064448,0.009507210280866672,0.010312434455571987,0.011111259275526746,0.011904116510629675,0.012691462963160314,0.013473750687468714,0.014251410806349613,0.015024845473517673,0.015794424667443515,0.0165604857908582,0.01732333483990317,0.01808324839205021,0.018840475961031746,0.019595242451775033,0.02034775056238233,0.021098183050325653,0.02184670482277588,0.02259346483664471,0.02333859780891315,0.024082225746185636,0.024824459306685167,0.025565399009693682,0.026305136307751654,0.02704375453639567,0.027781329755226753,0.02851793149290859,0.029253623407441042,0.029988463871824342,0.03072250649407161,0.03145580057946519,0.03218839154199247,0.032920321271042094,0.03365162845868407,0.034382348892191834,0.035112515715880734,0.03584215966582814,0.03657130928059537,0.03729999109068514,0.038028229789130535,0.03875604838531877,0.03948346834389683,0.04021050971038435,0.04093719122492458,0.041663530425435615,0.04238954374127602,0.04311524657841007,0.04384065339694517,0.04456577778181437,0.045290632507291095,0.04601522959594614,0.046739580372590545,0.04746369551368862,0.04818758509267367,0.048911258621552926,0.049634725089147486,0.0503579929962773,0.05108107038816942,0.051803964884339464,0.05252668370617076,0.05324923370239418,0.05397162137265068,0.0546938528893017,0.05541593411763627,0.05613787063460957,0.05685966774623522,0.05758133050374162,0.058302863718593397,0.05902427197646892,0.059745559650277065,0.060466730912289095,0.0611877897454542,0.06190873995396239,0.06262958517311133,0.06335032887853052,0.06407097439481027,0.06479152490357994,0.06551198345107569,0.06623235295523465,0.06695263621234998,0.06767283590331744,0.06839295459950286,0.06911299476825662,0.06983295877809974,0.07055284890360398
0.06565656565656568,0.0,1.6279176370846186e-07,1.8701325553983097e-05,0.00020541916293224125,0.0006812377396859718,0.0014013614125009215,0.0022745375006186183,0.003229317110614799,0.004221571698226308,0.005226687560138696,0.006231777505518521,0.007230528967687211,0.008220189332461854,0.009199883881677898,0.01016969597723463,0.011130169360206346,0.012082041635182466,0.013026104057224814,0.01396313023979852,0.01489384238770221,0.01581889775622994,0.01673888579385518,0.017654330694041622,0.018565696454601256,0.019473392868628595,0.020377781613660304,0.021279182021116436,0.022177876338648483,0.02307411442376769,0.02396811787340922,0.024860083626786943,0.02575018709284452,0.02663858485733211,0.027525417022913026,0.028410809231506812,0.029294874412854888,0.030177714297899203,0.031059420730426057,0.031940076805749944,0.03281975786106914,0.03369853233851402,0.034576462538800874,0.03545360528074432,0.03633001247961972,0.03720573165544571,0.03808080638063109,0.03895527667505306,0.039829179355467335,0.04070254834516436,0.04157541494894772,0.04244780809780116,0.04331975456700669,0.044191279170962106,0.04506240493750855,0.04593315326420397,0.04680354405865864,0.04767359586477371,0.048543325976488944,0.04941275054044153,0.05028188464876432,0.05115074242309983,0.05201933709077564,0.05288768105397402,0.05375578595262909,0.05462366272170033,0.0554913216433952,0.05635877239484962,0.05722602409171663,0.05809308532806495,0.05895996421294381,0.05982666840393263,0.06069320513796012,0.06155958125964661,0.06242580324739767,0.06329187723745335,0.06415780904607632,0.06502360419004388,0.06588926790559266,0.06675480516594977,0.06762022069757147,0.0684855189951984,0.0693507043358269,0.07021578079168514,0.07108075224229646,0.07194562238570266,0.07281039474891522,0.07367507269765494,0.07453965944543599,0.07540415806204503,0.07626857148146148,0.07713290250926176,0.07799715382954565,0.07886132801142068,0.07972542751507668,0.08058945469748056,0.08145341181771851,0.08231730104201064,0.08318112444842157,0.08404488403128764,0.08490858170538103
0.07575757575757576,0.0,2.8419276491584196e-07,5.520773963232259e-05,0.00042286655075497384,0.0011723635787945312,0.002170534610079954,0.0032923415496344086,0.004464082987127891,0.005648628208925023,0.006828873852830161,0.00799774309059419,0.00915296433454919,0.010294477240810875,0.01142316926607831,0.0125402692365546,0.013647063412997635,0.014744769556109203,0.01583448795255686,0.016917189223050872,0.017993718945596593,0.019064809201550327,0.020131092220608403,0.021193113860809788,0.02225134594891466,0.023306197146753384,0.02435802231656045,0.02540713049555231,0.026453791641357003,0.027498242319177038,0.028540690491477835,0.02958131955317563,0.03062029173555035,0.031657750983169405,0.03269382539112686,0.03372862927522614,0.03476226493531862,0.03579482416164513,0.03682638952543981,0.03785703548797541,0.038886829356403696,0.03991583210995735,0.04094409911614293,0.04197168075331648,0.0429986229533633,0.04402496767599976,0.04505075332439196,0.04607601511027229,0.04710078537547883,0.04812509387579336,0.04914896803207769,0.05017243315297457,0.051195512632821766,0.05221822812790897,0.053240599713767774,0.05426264602581422,0.05528438438534663,0.05630583091263428,0.05732700062860266,0.05834790754642515,0.05936856475416338,0.060388984489454095,0.0614091782071157,0.06242915664044137,0.06344892985685144,0.06446850730849912,0.06548789787835198,0.06650710992221247,0.0675261513070863,0.06854502944626259,0.06956375133142824,0.0705823235621036,0.07160075237265555,0.07261904365711665,0.0736372029920145,0.07465523565739428,0.07567314665619869,0.07669094073215227,0.07770862238628283,0.07872619589219933,0.07974366531023333,0.08076103450054138,0.08177830713525626,0.08279548670976578,0.08381257655319198,0.08482957983813516,0.08584649958974273,0.08686333869415586,0.087880099906384,0.08889678585765111,0.08991339906225483,0.09092994192397552,0.09194641674206912,0.09296282571687552,0.09397917095506993,0.09499545447458423,0.09601167820922185,0.09702784401298807,0.09804395366415629,0.09906000886908846,0.10007601126582714
0.08585858585858586,0.0,6.628588912425264e-07,0.00012887608829614076,0.00074468451248959,0.0017968536329737031,0.003069872041026029,0.004426414104501995,0.005802100641714952,0.007170528933193812,0.008522392463213773,0.009855620332608332,0.01117101826685907,0.012470389218397876,0.013755743149029852,0.015028982779680197,0.016291796080309853,0.01754563653483509,0.018791738409704887,0.020031143755963578,0.021264731164563507,0.022493242298426724,0.023717304908834756,0.024937452202833155,0.02615413888751374,0.02736775435993201,0.028578633517288506,0.029787065614183136,0.030993301530180525,0.032197559748032525,0.033400031287026156,0.03460088378877823,0.03580026491410455,0.036998305178324975,0.03819512032731478,0.0393908133366278,0.04058547610009975,0.04177919086165976,0.04297203143396394,0.04416406423937866,0.04535534920236017,0.04654594051706611,0.04773588730983058,0.04892523421273217,0.050114021861719586,0.051302287330506874,0.052490064509605805,0.0536773844383506,0.05486427559652159,0.05605076416114486,0.05723687423318855,0.0584226280381653,0.0596080461040559,0.06079314741947107,0.06197794957455032,0.06316246888674464,0.06434672051333098,0.06553071855225538,0.0667144761326856,0.0678980054964725,0.0690813180715625,0.07026442453826996,0.07144733488920316,0.0726300584835392,0.0738126040962574,0.07499497996286701,0.07617719382010175,0.0773592529429973,0.07854116417872024,0.079722933977475,0.08090456842077744,0.08208607324735308,0.08326745387688858,0.08444871543184057,0.0856298627574845,0.08681090044036634,0.0879918328253033,0.0891726640310647,0.0903533979648506,0.0915340383356743,0.09271458866674374,0.09389505230692856,0.09507543244138957,0.09625573210144182,0.09743595417371433,0.0986161014086645,0.09979617642849929,0.10097618173455068,0.1021561197141494,0.10333599264703482,0.10451580271133885,0.10569555198917484,0.10687524247186249,0.10805487606481583,0.10923445459211896,0.11041397980081337,0.11159345336491683,0.11277287688919381,0.11395225191269516,0.1151315799120829,0.1163108623047557
0.09595959595959595,0.0,2.6178945005610534e-06,0.0002567907659949968,0.0011809299899832387,0.002550061396957627,0.004090875813146282,0.0056734015663866865,0.00724895918604625,0.00880244807769268,0.010331331237543413,0.011837378473904295,0.013323540064839025,0.01479281002390221,0.016247855078278247,0.01769093364475173,0.01912391857043352,0.02054835092216953,0.02196549726472062,0.023376400931908837,0.024781924918177625,0.02618278667790619,0.027579585967520692,0.028972827000361082,0.030362936062916835,0.03175027554964124,0.03313515518402315,0.034517841029986084,0.035898562764659116,0.03727751957856866,0.03865488498767646,0.04003081077869338,0.04140543026060763,0.0427788609580342,0.04415120685319393,0.0455225602610487,0.04689300340480947,0.04826260974553443,0.049631445108953974,0.05099956864433145,0.05236703364358002,0.05373388824362157,0.055100176030792536,0.0564659365627492,0.057831205820623365,0.059196016601992724,0.060560398863453546,0.06192438002013336,0.06328798520829246,0.06465123751618602,0.06601415818755126,0.06737676680141436,0.0687390814313574,0.07010111878691809,0.07146289433940914,0.07282442243411566,0.07418571639055395,0.07554678859224283,0.07690765056724068,0.07826831306053421,0.07962878609922133,0.08098907905130939,0.08234920067884355,0.08370915918599216,0.08506896226263676,0.08642861712394828,0.08778813054637331,0.08914750890040324,0.09050675818045656,0.09186588403216579,0.09322489177732762,0.09458378643674614,0.09594257275117334,0.09730125520052867,0.09865983802156048,0.1000183252240942,0.1013767206059971,0.10273502776697661,0.10409325012131611,0.10545139090964296,0.10680945320981262,0.1081674399469858,0.10952535390296735,0.1108831977248687,0.11224097393315108,0.11359868492909979,0.1149563330017757,0.11631392033448718,0.11767144901081937,0.11902892102025604,0.12038633826342636,0.12174370255700427,0.12310101563828836,0.12445827916948489,0.12581549474171685,0.12717266387877965,0.12852978804066092,0.12988686862684226,0.1312439069793983,0.1326009043859073,0.1339578620821867
0.10606060606060612,0.0,8.450083217072792e-06,0.0004583442436883116,0.0017424096102029686,0.0034356808737791406,0.005240727382813792,0.007049272951523359,0.008830548906756905,0.010579654826457828,0.012299387044771556,0.01399424506478114,0.015668566037008846,0.017326038897502147,0.018969665733572002,0.020601852156007436,0.022224519800242957,0.023839207829364648,0.02544715585731358,0.027049369067628382,0.02864666854527573,0.030239729994332828,0.031829113549151834,0.03341528681919598,0.03499864280349329,0.036579513906991726,0.03815818298221485,0.039734892088122586,0.041309849486122395,0.042883235265752086,0.044455205898014445,0.04602589794395754,0.047595431093442254,0.04916391066943556,0.05073142970320171,0.052298070662950356,0.05386390690102518,0.055429003871245115,0.056993420157566456,0.05855720834708363,0.06012041577399398,0.06168308515610688,0.06324525514147478,0.06480696077953293,0.0663682339285759,0.06792910360933808,0.0694895963127784,0.07104973626881367,0.07260954568163779,0.07416904493635755,0.0757282527809273,0.0772871864867484,0.07884586199078694,0.08040429402163622,0.08196249621159458,0.08352048119653092,0.0850782607050576,0.08663584563831998,0.08819324614153169,0.0897504716682323,0.0913075310381148,0.09286443248915983,0.09442118372471814,0.09597779195610255,0.09753426394117996,0.09909060601939411,0.1006468241435977,0.10220292390902729,0.10375891057971486,0.10531478911259735,0.10687056417955305,0.10842624018757074,0.10998182129723273,0.111537311439674,0.11309271433216152,0.1146480334924232,0.1162032722518413,0.11775843376761448,0.11931352103398046,0.12086853689258327,0.12242348404206009,0.12397836504691488,0.12553318234574032,0.127087938258843,0.1286426349953216,0.13019727465964345,0.13175185925776034,0.1333063907028006,0.13486087082037174,0.13641530135350355,0.1379696839672609,0.1395240202530504,0.1410783117326455,0.14263255986195028,0.14418676603452216,0.1457409315848712,0.1472950577915522,0.14884914588006443,0.15040319702557334,0.15195721235546655,0.15351119295175544
0.1161616161616162,0.0,2.301403828686168e-05,0.0007574500262559691,0.0024468482951947894,0.004472092277251807,0.0065468330060943,0.008593019604887907,0.010597292613573473,0.012563155048629406,0.014497313092925089,0.016406065483030193,0.018294558585822674,0.02016682116580612,0.022025971283666596,0.02387442482862864,0.025714065847201803,0.027546376588703982,0.029372534446711965,0.03119348377599833,0.03300998920238912,0.03482267543241874,0.036632057218248616,0.03843856211164498,0.04024254789977734,0.0420443160869548,0.04384412241109836,0.04564218511693863,0.0474386915173769,0.049233803237476455,0.0510276604363564,0.052820385229853654,0.05461208448353347,0.05640285210609832,0.0581927709436831,0.05998191435324635,0.06177034751635007,0.06355812854168207,0.06534530939470928,0.06713193668512335,0.06891805233670895,0.0707036941595318,0.07248889634060153,0.07427368986619522,0.07605810288665422,0.0778421610325619,0.07962588768967319,0.08140930423872174,0.08319243026521396,0.08497528374349174,0.08675788119866107,0.08854023784942394,0.09032236773438362,0.0921042838240067,0.09388599812010312,0.09566752174441422,0.09744886501767248,0.09923003753030536,0.10101104820579349,0.10279190535755696,0.1045726167401268,0.10635318959525919,0.10813363069356496,0.10991394637215483,0.11169414256873683,0.1134742248525502,0.11525419845247169,0.11703406828259182,0.11881383896552139,0.12059351485366056,0.12237310004863437,0.12415259841907654,0.12593201361692288,0.12771134909235768,0.12949060810754123,0.1312697937492328,0.133048908940411,0.13482795645098358,0.1366069389076683,0.13838585880311885,0.1401647185043627,0.1419435202606095,0.14372226621048526,0.14550095838874008,0.14727959873247415,0.14905818908692156,0.15083673121082788,0.15261522678145514,0.154393677399243,0.15617208459215434,0.15795044981972864,0.15972877447686748,0.16150705989737082,0.16328530735724417,0.16506351807779332,0.1668416932285227,0.16861983392985083,0.17039794125565777,0.1721760162356747,0.17395405985772863,0.17573207306985117
0.1262626262626263,0.0,5.63573594069418e-05,0.001188474510393414,0.0033290120399397786,0.005703581488100868,0.008068815538857207,0.01038048481195255,0.012640622928861507,0.014859180101576205,0.01704551479228615,0.019206981512604554,0.02134910206018653,0.02347598970689806,0.02559072589194115,0.027695644113981042,0.02979253375714858,0.031882784627207915,0.033967489638732126,0.03604751836368877,0.03812357028112159,0.04019621378775149,0.04226591512115346,0.044333060056639194,0.04639797036746319,0.04846091644648534,0.050522127082673444,0.05258179710612813,0.054640093419981516,0.056697159799642405,0.058753120741496384,0.06080808457226571,0.06286214597861038,0.06491538807860273,0.06696788412855459,0.0690196989376056,0.07107089004657866,0.07312150871551223,0.07517160075500637,0.077221207229361,0.07927036505391998,0.08131910750468009,0.08336746465479576,0.085415463749895,0.08746312953195916,0.08951048451978622,0.09155754925266375,0.0936043425027489,0.09565088146073523,0.09769718189863845,0.09974325831291825,0.10178912405064712,0.10383479142101998,0.10588027179415031,0.10792557568880974,0.10997071285052569,0.1120156923212498,0.11406052250163723,0.11610521120683522,0.11814976571655457,0.12019419282009568,0.12223849885691196,0.12428268975321678,0.12632677105507775,0.1283707479583834,0.13041462533602297,0.1324584077625751,0.13450209953676948,0.13654570470194988,0.13858922706474475,0.1406326702121246,0.1426760375270068,0.14471933220254982,0.14676255725526346,0.1488057155370479,0.15084880974626227,0.1528918424379123,0.15493481603303835,0.15697773282737573,0.15902059499935212,0.1610634046174807,0.1631061636472014,0.16514887395721803,0.16719153732537329,0.16923415544410192,0.17127672992549517,0.17331926230600972,0.17536175405084956,0.17740420655804637,0.17944662116226348,0.18148899913834415,0.1835313417046237,0.18557365002602502,0.187615925216952,0.18965816834399749,0.191700380428479,0.19374256244881458,0.1957847153427508,0.1978268400094535,0.19986893731147068,0.20191100807657694
0.13636363636363638,0.0,0.00012959477105163825,0.0018121800020990482,0.0044646350407170415,0.007229960228465355,0.009934192896153172,0.01256691501231083,0.015142833027086,0.017676471690474756,0.02017877263820884,0.022657552448929977,0.025118374749171172,0.02756524559066609,0.030001096909258215,0.03242811185411785,0.03484794344512799,0.03726186306232053,0.039670862775877586,0.04207572700530934,0.04447708351228488,0.04687544025265033,0.04927121240130052,0.05166474244374495,0.054056315305022716,0.05644616987780779,0.058834507904202436,0.061221500889263446,0.06360729553407708,0.06599201804356518,0.06837577757055995,0.0707586689907816,0.07314077515500868,0.07552216872943297,0.07790291370915146,0.08028306667036249,0.08266267781226767,0.08504179182864642,0.0874204486406423,0.08979868401581559,0.09217653009348949,0.0945540158324953,0.09693116739434109,0.09930800847239328,0.10168456057572578,0.10406084327474353,0.10643687441444451,0.10881267030017959,0.11118824585995485,0.11356361478665593,0.11593878966302944,0.11831378207180898,0.12068860269300317,0.12306326139005609,0.1254377672863359,0.12781212883319296,0.13018635387065128,0.13256044968164632,0.13493442304059414,0.13730828025697156,0.13968202721449396,0.14205566940640088,0.14442921196729233,0.14680265970190334,0.1491760171111536,0.151549288415769,0.15392247757773506,0.15629558831980944,0.15866862414329744,0.16104158834426574,0.1634144840283536,0.1657873141243206,0.16816008139645447,0.17053278845594969,0.17290543777135492,0.1752780316781768,0.17765057238771864,0.18002306199522408,0.18239550248738878,0.184767895749296,0.18714024357082817,0.18951254765259848,0.19188480961144508,0.19425703098552446,0.19662921323903834,0.19900135776662306,0.20137346589743088,0.20374553889892744,0.2061175779804275,0.20848958429639095,0.21086155894949676,0.2132335029935132,0.21560541743597872,0.21797730324070852,0.22034916133014013,0.2227209925875299,0.22509279785901,0.22746457795551892,0.22983633365461054,0.23220806570215535,0.23457977481393658
0.1464646464646465,0.0,0.0002956623243912894,0.0027740596435473753,0.006058453906918949,0.009321571310031791,0.012480642419554754,0.015556974409681993,0.018575058972464937,0.02155229317375944,0.024500285783736708,0.027426818700080267,0.030337219497299128,0.033235225912688675,0.03612352370678395,0.03900408580265263,0.041878390703274315,0.04474756643262818,0.04761248755896225,0.050473841997854485,0.05333217792211997,0.056187937303807826,0.05904148029864834,0.0618931032443878,0.06474305213177611,0.0675915328168152,0.07043871885426338,0.07328475757209191,0.07612977482943799,0.07897387877822779,0.08181716286293081,0.08465970823208924,0.08750158569158673,0.09034285729789045,0.09318357766620695,0.09602379505121773,0.09886355224513242,0.10170288732803197,0.10454183429804209,0.107380423603169,0.11021868259221963,0.11305663589879306,0.115894305769637,0.11873171234653923,0.12156887390923954,0.12440580708550036,0.12724252703339758,0.130079047600019,0.1329153814600547,0.13575154023718725,0.13858753461071943,0.1414233744094899,0.1442590686948099,0.14709462583388766,0.14993005356498926,0.15276535905539929,0.15560054895309264,0.15843562943289866,0.1612706062378302,0.16410548471615777,0.16694026985473068,0.16977496630898134,0.1726095784299909,0.17544411028894655,0.17827856569927944,0.1811129482367344,0.18394726125759508,0.18678150791525763,0.18961569117532606,0.19244981382937956,0.19528387850754744,0.19811788769000904,0.20095184371752547,0.20378574880109612,0.20661960503082377,0.20945341438406306,0.21228717873291922,0.21512089985115604,0.21795457942056698,0.22078821903685794,0.2236218202150838,0.22645538439467883,0.22928891294411471,0.23212240716521862,0.23495586829718126,0.23778929752027647,0.24062269595932187,0.24345606468689654,0.24628940472633798,0.24912271705453493,0.25195600260453294,0.25478926226796544,0.2576224968973261,0.2604557073080919,0.2632888942807109,0.2661220585624619,0.26895520086919833,0.27178832188698215,0.27462142227361763,0.2774545026600906,0.2802875636519215
0.15656565656565657,0.0,0.0008005203796147997,0.004852264869579286,0.009302348923978862,0.013557953091919447,0.017668816839896007,0.02169064166413495,0.0256563348120616,0.02958495905827009,0.033488010415507974,0.037372747882406056,0.04124395142591204,0.04510488540271116,0.04895785003613288,0.05280451044742709,0.05664610044815238,0.06048355302378733,0.06431758636905861,0.068148762111044,0.07197752563271505,0.0758042345826341,0.07962917940903602,0.08345259839862317,0.08727468885856886,0.09109561554595598,0.0949155171024945,0.09873451102336335,0.10255269753489911,0.10637016265040428,0.11018698060009645,0.11400321577962086,0.11781892432472124,0.1216341553930645,0.1254489522147829,0.12926335295895108,0.133077391452523,0.1368910977802026,0.14070449878761965,0.14451761850550418,0.14833047850895162,0.15214309822307057,0.1559554951841167,0.15976768526349128,0.1635796828606207,0.16739150106964248,0.17120315182395418,0.17501464602197947,0.1788259936369366,0.18263720381293314,0.18644828494933308,0.1902592447750314,0.19407009041401768,0.1978808284433964,0.20169146494485735,0.20550200555044232,0.20931245548333277,0.21312281959427729,0.21693310239419494,0.2207433080834124,0.22455344057793591,0.22836350353310078,0.23217350036489967,0.2359834342692516,0.23979330823943887,0.2436031250819123,0.24741288743064074,0.2512225977601585,0.25503225839744464,0.2588418715327589,0.2626514392295339,0.26646096343342257,0.270270445980582,0.27407988860526683,0.27788929294680126,0.2816986605559847,0.28550799290098733,0.2893172913727795,0.29312655729013926,0.2969357919042754,0.30074499640309915,0.3045541719151765,0.30836331951338763,0.3121724402183193,0.31598153500141174,0.3197906047878817,0.3235996504594388,0.3274086728568129,0.3312176727821071,0.33502665100099077,0.33883560824474457,0.34264454521216936,0.3464534625713696,0.35026236096142,0.35407124099392573,0.35788010325448144,0.3616889483040406,0.36549777668019684,0.3693065888983876,0.3731153854530241,0.3769241668185523
0.16666666666666666,0.0,0.0018664048917187365,0.006521501536535523,0.011244011893908307,0.015814948909063844,0.020283813224220005,0.02469011680971338,0.029056788533058625,0.03339716149237879,0.03771932280753899,0.04202840444179793,0.046327799084647514,0.05061983083737089,0.05490614134209915,0.05918792126184256,0.06346605421077646,0.06774120920204765,0.072013901762671,0.07628453538123281,0.0805534302649422,0.08482084370234454,0.08908698474840909,0.09335202499146093,0.09761610656645914,0.10187934820069418,0.1061418498321604,0.110403696178078,0.11466495952131922,0.11892570190733152,0.12318597689187705,0.12744583094304987,0.13170530457470156,0.13596443326937402,0.14022324823492266,0.14448177702873513,0.14874004407578292,0.15299807110097086,0.1572558774918658,0.16151348060453144,0.16577089602260545,0.17002813777774564,0.1742852185379978,0.17854214976939708,0.18279894187513632,0.1870556043158479,0.19131214571392322,0.19556857394428526,0.19982489621362157,0.20408111912975443,0.20833724876254858,0.21259329069753774,0.2168492500832646,0.22110513167317725,0.22536093986279793,0.2296166787227756,0.2338723520283433,0.23812796328562869,0.24238351575520334,0.24663901247320216,0.2508944562703003,0.2551498497887989,0.2594051954980321,0.26366049570828837,0.2679157525834085,0.2721709681522047,0.276426144318829,0.2806812828721998,0.2849363854945865,0.289191453769439,0.29344648918853583,0.2977014931585226,0.30195646700689766,0.3062114119875002,0.3104663292855484,0.31472122002226927,0.31897608525915877,0.3232309260019065,0.3274857432040144,0.33174053777013834,0.33599531055917536,0.34025006238712074,0.3445047940297124,0.3487595062248834,0.3530141996750366,0.3572688750491572,0.36152353298477663,0.3657781740897989,0.3700327989442023,0.3742874081016235,0.378542002090837,0.38279658141713474,0.3870511465636146,0.39130569799238635,0.39556023614569846,0.39981476144699385,0.40406927430189893,0.40832377509915035,0.4125782642114655,0.4168327419963587,0.42108720879690864
0.17676767676767677,0.0,0.0009965499054383725,0.005411088530413007,0.010091177002191035,0.014557771131399467,0.01888065631066553,0.023117436018880864,0.027300544594480215,0.0314484218266197,0.035572081603898284,0.03967843902789724,0.04377203086666543,0.047855947536147185,0.05193236271032573,0.05600284775214184,0.060068565778547835,0.06413039559145463,0.06818901322901119,0.0722449470674882,0.07629861593512595,0.08035035603189038,0.08440044030196853,0.08844909261177662,0.09249649828560715,0.09654281204375148,0.10058816405949207,0.10463266463447896,0.10867640784617837,0.11271947442139602,0.11676193402068276,0.12080384706971674,0.12484526623901208,0.1288862376482202,0.1329268018529716,0.13696699465869283,0.14100684779575653,0.14504638948274942,0.14908564489889067,0.153124636582238,0.15716338476692562,0.16120190767004805,0.16524022173674255,0.1692783418504038,0.17331628151368172,0.17735405300488963,0.1813916675136323,0.18542913525880392,0.18946646559157088,0.1935036670855227,0.19754074761581608,0.20157771442884934,0.20561457420376242,0.20965133310685902,0.2136879968398835,0.2177245706829474,0.22176105953278294,0.2257974679369079,0.229833800124202,0.23387006003232677,0.2379062513323624,0.2419423774509861,0.2459784415904727,0.2500144467467639,0.25405039572581894,0.25808629115843534,0.26212213551370434,0.2661579311112438,0.27019368013233913,0.2742293846301008,0.2782650465387414,0.2823006676820577,0.2863362497811974,0.2903717944617795,0.29440730326042974,0.2984427776307875,0.3024782189490321,0.30651362851897396,0.31054900757674886,0.31458435729515194,0.318619678787643,0.3226549731120513,0.32669024127400675,0.33072548423011927,0.3347607028909303,0.33879589812365185,0.34283107075471375,0.3468662215721326,0.3509013513277173,0.3549364607391258,0.3589715504917808,0.3630066212406611,0.3670416736119711,0.3710767082047055,0.3751117255921097,0.3791467263230493,0.38318171092329245,0.38721667989671144,0.3912516337264114,0.39528657287578883,0.39932149778952647
0.18686868686868685,0.0,0.0005245046638479719,0.0037142395689178567,0.007491082644261498,0.011161299291376851,0.014709491464805513,0.018173550963228004,0.021581632487689198,0.024951598099304462,0.028294758849351124,0.031618474474828885,0.03492768902347147,0.038225826647414675,0.041515325105870936,0.04479796284885058,0.048075065625008205,0.051347640734246976,0.0546164665631736,0.05788215372563727,0.06114518771562607,0.06440595924386101,0.06766478619589412,0.07092192978068147,0.07417760658009569,0.07743199765974558,0.08068525554195094,0.08393750960241476,0.0871888702901354,0.09043943245870213,0.09368927801939798,0.09693847807157234,0.10018709462639197,0.10343518201156421,0.10668278802374376,0.10992995487987826,0.11317672000720325,0.11642311670289095,0.11966917468774074,0.12291492057322599,0.12616037825729434,0.1294055692612742,0.13265051301785244,0.1358952271182096,0.13913972752490847,0.1423840287559425,0.1456281440443975,0.14887208547741285,0.1521158641175033,0.15535949010879904,0.15860297277034444,0.1618463206782572,0.16508954173826795,0.16833264324992916,0.17157563196358652,0.17481851413104788,0.17806129555074732,0.18130398160808892,0.18454657731156046,0.18778908732512492,0.19103151599732945,0.1942738673875137,0.1975161452894483,0.20075835325269406,0.20400049460193215,0.20724257245448827,0.21048458973624365,0.21372654919610387,0.21696845341917495,0.2202103048387807,0.22345210574743737,0.2266938583068897,0.22993556455730146,0.23317722642568164,0.23641884573361957,0.23966042420439437,0.24290196346951723,0.2461434650747574,0.24938493048570054,0.25262636109287967,0.2558677582165177,0.2591091231109148,0.26235045696851056,0.2655917609236513,0.2688330360560835,0.2720742833941996,0.27531550391805415,0.2785566985621704,0.2817978682181535,0.28503901373712576,0.2882801359319978,0.29152123557958903,0.29476231342260834,0.29800337017150497,0.30124440650620166,0.30448542307771603,0.3077264205096803,0.310967399399766,0.3142083603210208,0.31744930382312314,0.32069023043356176
0.19696969696969693,0.0,0.0003561902407227019,0.0030232168724757653,0.00642349781104914,0.009777274024589314,0.013022883760120563,0.016186211722696797,0.01929251790876097,0.02235914073803259,0.025397483117268086,0.028415129444315707,0.03141724732318265,0.034407450780736086,0.03738833091035797,0.04036178799352013,0.04332924434041576,0.04629178406376608,0.04925024704839947,0.0522052935232371,0.05515744933384259,0.05810713827324184,0.06105470556194607,0.06400043516413638,0.06694456273895298,0.06988728545290236,0.07282876950281349,0.07576915594691357,0.07870856527040139,0.08164710099376808,0.08458485254945157,0.08752189759380274,0.09045830387927657,0.09339413078122488,0.09632943055125971,0.09926424935254885,0.10219862811997933,0.10513260327874467,0.10806620734777193,0.11099946944892736,0.11393241573870395,0.11686506977579982,0.1197974528354115,0.12272958417903083,0.12566148128691657,0.128593160059123,0.13152463498993208,0.13445591931970222,0.13738702516746884,0.1403179636470823,0.14324874496921652,0.14617937853121324,0.14910987299641879,0.15204023636441924,0.15497047603336825,0.15790059885542587,0.16083061118618078,0.16376051892880264,0.1666903275735695,0.16962004223332414,0.17254966767534097,0.17547920835001973,0.1784086684167684,0.18133805176739107,0.18426736204725744,0.18719660267449448,0.19012577685741341,0.19305488761035763,0.1959839377681366,0.19891292999918952,0.20184186681760932,0.2047707505941377,0.20769958356623527,0.21062836784731334,0.2135571054352108,0.21648579821998445,0.21941444799107793,0.22234305644392652,0.22527162518604818,0.22820015574266786,0.2311286495619145,0.23405710801963073,0.2369855324238256,0.2399139240188032,0.2428422839889934,0.24577061346250872,0.24869891351445214,0.25162718516999283,0.2545554294072319,0.25748364715987143,0.26041183931970563,0.2633400067389449,0.26626815023238753,0.26919627057944995,0.2721243685260662,0.275052444786466,0.2779805000448419,0.28090853495691065,0.2838365501513794,0.28676454623132175,0.28969252377547133
0.20707070707070704,0.0,0.00026415604407776,0.0025886972236220684,0.005736483783683146,0.008885293287036257,0.011938553553529315,0.014911954538346636,0.01782800980505408,0.020703413156096803,0.02354952362744976,0.02637404165385236,0.029182277311656568,0.03197797472069734,0.03476383398165252,0.037541843946017575,0.040313498179888003,0.043079938085078213,0.04584204977843818,0.0486005310159403,0.051355938311168435,0.054108720698390185,0.056859244320926434,0.059607810606686906,0.062354669888680624,0.06510003174155658,0.06784407291767801,0.0705869435059814,0.07332877175936996,0.07606966791355078,0.0788097272340471,0.08154903246688489,0.08428765582442084,0.0870256606057588,0.08976310252767335,0.0925000308244952,0.0952364891623333,0.0979725164031225,0.1007081472464555,0.10344341277137344,0.10617834089581539,0.1089129567679439,0.11164728310082757,0.1143813404598077,0.11711514751016311,0.11984872123131919,0.12258207710275211,0.12531522926585195,0.12804819066529124,0.13078097317286094,0.13351358769625618,0.13624604427490136,0.1389783521645799,0.14171051991236297,0.14444255542311005,0.14717446601862558,0.1499062584904002,0.152637939146733,0.15536951385492084,0.15810098807910647,0.1608323669142964,0.1635636551169948,0.16629485713283776,0.16902597712156583,0.17175701897962883,0.17448798636068028,0.1772188826941883,0.17994971120236125,0.18268047491556338,0.18541117668637586,0.18814181920243925,0.1908724049981991,0.19360293646566293,0.1963334158642629,0.1990638453299116,0.20179422688332507,0.20452456243768224,0.207254853805682,0.2099851027060511,0.21271531076955377,0.2154454795445455,0.21817561050211184,0.22090570504082752,0.22363576449116773,0.22636579011960214,0.22909578313239662,0.2318257446791475,0.23455567585606937,0.23728557770905767,0.2400154512365419,0.24274529739214687,0.24547511708717842,0.24820491119294363,0.2509346805429212,0.2536644259347913,0.25639414813233763,0.2591238478672277,0.26185352584068283,0.26458318272504583,0.2673128191652511,0.27004243578020787
0.21717171717171713,0.0,0.00020596663147507937,0.002278295823844581,0.005233516486402619,0.008229583344254292,0.011141903849600334,0.013977119693734844,0.016755098931943612,0.01949181941372254,0.022198514284679057,0.0248829341868833,0.027550482553796486,0.030204997432752238,0.032849261153315885,0.035485331069752164,0.03811475675457109,0.04073872514548262,0.04335815940932602,0.045973787564228014,0.04858619097585234,0.05119583921309195,0.05380311549511199,0.056408335540323574,0.059011761715981735,0.06161361379201145,0.06421407720784757,0.06681330949496196,0.06941144531568756,0.0720086004526181,0.0746048749940376,0.07720035589759473,0.07979511906888449,0.08238923105842716,0.08498275045612232,0.08757572904411864,0.0901682127554393,0.09276024247541499,0.09535185471513145,0.09794308218007104,0.10053395425245926,0.1031244974021902,0.10571473553835113,0.10830469031111144,0.11089438137195252,0.11348382659878437,0.11607304229134781,0.11866204334137281,0.12125084338121354,0.12383945491406624,0.1264278894283757,0.12901615749862297,0.13160426887434754,0.13419223255897306,0.13678005687977313,0.13936774955011633,0.14195531772496536,0.14454276805046742,0.1471301067083569,0.1497173394557913,0.15230447166115893,0.15489150833632634,0.15747845416572953,0.16006531353266526,0.16265209054309052,0.16523878904720118,0.16782541265902873,0.17041196477426301,0.17299844858648583,0.17558486710197854,0.1781712231532474,0.18075751941139362,0.18334375839744277,0.1859299424927334,0.18851607394845468,0.19110215489441398,0.19368818734710483,0.196274173217141,0.1988601143161118,0.20144601236291337,0.20403186898959935,0.20661768574679482,0.2092034641087097,0.21178920547778726,0.21437491118901694,0.2169605825139397,0.21954622066437238,0.22213182679587198,0.2247174020109618,0.22730294736213863,0.2298884638546774,0.23247395244924893,0.23505941406436615,0.23764484957867094,0.2402302598330733,0.24281564563275496,0.24540100774904627,0.24798634692118612,0.2505716638579733,0.25315695923931697,0.25574223371769317
0.2272727272727272,0.0,0.00016600878915554564,0.0020409827839471552,0.004839762421170062,0.00771369438711441,0.010514989505867739,0.013242111277237048,0.015912380701146197,0.018541021564862915,0.02113908949510923,0.02371434247353178,0.02627224487334197,0.028816704639108768,0.03135056846978288,0.03387594880873788,0.03639444102707324,0.03890726972353551,0.04141538895886914,0.043919552140420696,0.04642036158363053,0.04891830423329136,0.05141377780216989,0.05390711016889813,0.05639857396274476,0.05888839766308692,0.06137677414178216,0.06386386730634984,0.06634981731641254,0.06883474471684471,0.07131875374017985,0.07380193496599767,0.07628436747824052,0.07876612062729911,0.08124725547857702,0.08372782601055222,0.08620788011132219,0.08868746041199906,0.09116660498721453,0.09364534794676116,0.09612371993756795,0.09860174857144206,0.10107945879105205,0.10355687318429242,0.10603401225531395,0.10851089465902113,0.1109875374046461,0.11346395603304871,0.11594016477160844,0.1184161766699408,0.12089200371914789,0.12336765695688469,0.1258431465601687,0.12831848192756798,0.1307936717521568,0.1332687240864263,0.1357436464001645,0.1382184456321784,0.14069312823660757,0.14316770022447808,0.14564216720105652,0.14811653439949132,0.15059080671116415,0.15306498871312066,0.15553908469290303,0.15801309867106658,0.16048703442162848,0.16296089549066697,0.16543468521326252,0.16790840672895135,0.17038206299584133,0.1728556568035229,0.17532919078489395,0.1778026674270029,0.18027608908100465,0.18274945797131195,0.18522277620401803,0.18769604577465585,0.19016926857535588,0.19264244640145456,0.19511558095760295,0.1975886738634182,0.20006172665871846,0.2025347408083754,0.20500771770681758,0.20748065868221222,0.20995356500035364,0.21242643786828072,0.21489927843764534,0.21737208780785244,0.2198448670289881,0.222317617104554,0.22479033899402076,0.22726303361521658,0.22973570184656064,0.2322083445291558,0.23468096246874834,0.23715355643756572,0.23962612717604137,0.24209867539443378,0.24457120177434746
0.23737373737373746,0.0,0.0001370169604516538,0.0018514190351956955,0.0045180706808792,0.007289965370115513,0.009999723417610908,0.012638330703333187,0.015220655662161887,0.017761148275384175,0.020270652224136414,0.022756903036216806,0.02522540313557275,0.027680113264781935,0.030123931728756156,0.03255901644869044,0.034987001267816974,0.037409142787590784,0.039826421535921454,0.04223961280341549,0.04464933704656517,0.04705609631187047,0.04946030094614906,0.051862289453916736,0.054262343449836714,0.056660699052323245,0.05905755566171098,0.06145308279313714,0.06384742544626153,0.06624070836285892,0.06863303943076561,0.0710245124265388,0.07341520924140973,0.07580520170022441,0.07819455305733287,0.08058331923422767,0.08297154984933776,0.08535928907947844,0.08774657638412849,0.09013344711729682,0.09251993304677232,0.09490606279667503,0.09729186222618134,0.09967735475488887,0.10206256164337589,0.10444750223597847,0.1068321941715819,0.10921665356722922,0.11160089517854395,0.1139849325403078,0.11636877808999552,0.11875244327662637,0.12113593865692664,0.12351927398049296,0.12590245826539628,0.12828549986545298,0.13066840653021447,0.13305118545857758,0.13543384334679265,0.13781638643153962,0.14019882052865315,0.14258115106800026,0.14496338312494905,0.14734552144881044,0.14972757048858706,0.15210953441632197,0.1544914171483039,0.156873222364355,0.1592549535254004,0.16163661388949507,0.164018206526464,0.16639973433129343,0.16878120003639532,0.17116260622285465,0.1735439553307564,0.1759252496686783,0.17830649142242752,0.18068768266309043,0.18306882535445723,0.18544992135987828,0.18783097244860072,0.19021198030163225,0.19259294651717176,0.194973872615644,0.1973547600443715,0.19973561018191388,0.20211642434210209,0.20449720377779126,0.20687794968435677,0.20925866320295108,0.21163934542354348,0.2140199973877561,0.21640062009151395,0.21878121448752366,0.22116178148759102,0.22354232196479196,0.22592283675550684,0.22830332666132758,0.23068379245084683,0.23306423486133876,0.23544465460033712
0.24747474747474754,0.0,0.00011512728981075224,0.0016952133669859467,0.004247254336772995,0.006931283006696965,0.009563137338575205,0.012126907008478174,0.014635096112704223,0.017101371357592626,0.019536340372964516,0.02194769444615254,0.02434095705371642,0.026720128945195265,0.02908815044644573,0.031447217722241974,0.03379899756578735,0.03614477431263379,0.03848555161642355,0.04082212400360873,0.04315512795026671,0.04548507888657641,0.04781239838844997,0.05013743442694723,0.0524604766374652,0.05478176796858148,0.05710151366601421,0.05941988827182435,0.06173704112902756,0.06405310074904423,0.06636817830552048,0.06868237045085852,0.07099576160317576,0.07330842581586482,0.0756204283156788,0.07793182677570398,0.08024267237487227,0.08255301068451273,0.0848628824139188,0.08717232404034266,0.08948136834374038,0.09179004486261604,0.09409838028419086,0.09640639877965423,0.09871412229329067,0.10102157079270553,0.10332876248611146,0.10563571401161713,0.10794244060263099,0.11024895623281915,0.1125552737435016,0.11486140495591642,0.117167360770405,0.11947315125426063,0.12177878571972083,0.12408427279336919,0.12638962047802918,0.1286948362080796,0.13099992689899223,0.13330489899178352,0.13560975849297768,0.13791451101060184,0.14021916178666394,0.14252371572650852,0.14482817742539375,0.14713255119259247,0.14943684107328115,0.15174105086845066,0.15404518415304388,0.15634924429250094,0.15865323445787405,0.1609571576396526,0.16326101666042614,0.1655648141864968,0.16786855273854204,0.1701722347014164,0.17247586233317266,0.1747794377733742,0.17708296305076143,0.179386440090332,0.18168987071988463,0.18399325667607416,0.18629659961001996,0.18859990109250524,0.1909031626188021,0.19320638561315287,0.19550957143293626,0.1978127213725441,0.20011583666699095,0.20241891849527893,0.20472196798353645,0.2070249862079477,0.2093279741974904,0.21163093293649474,0.213933863367038,0.21623676639118725,0.21853964287309968,0.22084249364099307,0.2231453194889941,0.22544812117887406,0.22775089944167928
0.2575757575757576,0.0,9.809215943677598e-05,0.0015634527593245623,0.00401411250423721,0.006620776401998443,0.009184752025657156,0.011683725246573032,0.014127916952803535,0.016530206970796702,0.018900949284951375,0.021247774344954784,0.02357621354754742,0.025890297705350996,0.02819300169024355,0.030486554259382074,0.03277265083814165,0.03505260015679699,0.03732742637996231,0.039597941197979915,0.04186479544609631,0.044128516593514445,0.04638953634565305,0.048648211232804266,0.05090483815618943,0.053159666261593325,0.05541290610562116,0.05766473680291426,0.05991531165125777,0.062164762597468594,0.06441320381195782,0.06666073457177273,0.06890744160258822,0.07115340099400479,0.07339867977581589,0.07564333722299386,0.07788742594215796,0.08013099278091704,0.08237407959278346,0.08461672388365504,0.08685895936066258,0.08910081640012064,0.09134232244812544,0.09358350236481987,0.0958243787213361,0.09806497205681962,0.10030530110164548,0.10254538297189582,0.10478523333931473,0.10702486658027005,0.10926429590667987,0.11150353348139792,0.11374259052016499,0.11598147738191338,0.11822020364894625,0.12045877819829003,0.12269720926533145,0.12493550450069485,0.1271736710211813,0.12941171545547983,0.13164964398526574,0.1338874623822193,0.13612517604142912,0.1383627900115857,0.14060030902231765,0.14283773750898274,0.14507507963518393,0.14731233931325163,0.14954952022290183,0.15178662582825783,0.15402365939339963,0.15626062399658777,0.15849752254329164,0.16073435777813708,0.16297113229587737,0.16520784855147855,0.16744450886940185,0.16968111545215656,0.17191767038818914,0.1741541756591688,0.17639063314672107,0.17862704463865922,0.18086341183475543,0.18309973635209165,0.18533601973002478,0.18757226343479885,0.18980846886383254,0.1920446373497087,0.1942807701638898,0.1965168685201805,0.19875293357795823,0.2009889664451884,0.20322496818124192,0.20546093979952926,0.20769688226996488,0.2099327965212757,0.212168683443163,0.2144045438883305,0.21664037867438682,0.218876188585632,0.22111197437473598
0.26767676767676774,0.0,8.45155413553385e-05,0.0014502663943097222,0.003809890697234371,0.006347264464982326,0.008851012643158573,0.011292840925605037,0.013680761099300281,0.01602686589227797,0.018341242328405175,0.020631446938098357,0.02290300856058235,0.025159980098117984,0.027405364961271005,0.029641419953202925,0.03186986565630926,0.03409203250760927,0.03630896307808563,0.03852148455449605,0.04073026079521968,0.042935830226731836,0.045138633799533506,0.047339035873517836,0.04953734000876778,0.051733801039453985,0.05392863440346621,0.056122023422901866,0.05831412503807876,0.0605050743626687,0.06269498833165174,0.06488396864494754,0.06707210415963362,0.0692594728470551,0.07144614340404555,0.07363217658725589,0.0758176263243567,0.07800254064431406,0.08018696246008901,0.08237093023028781,0.08455447852099325,0.08673763848486843,0.0889204382713679,0.09110290337931591,0.09328505696106087,0.09546692008577463,0.09764851196814596,0.09982985016765061,0.1020109507627131,0.10419182850336954,0.10637249694545921,0.108552968568897,0.11073325488218383,0.11291336651498479,0.11509331330033239,0.11727310434778504,0.11945274810867886,0.1216322524344513,0.12381162462887857,0.12599087149495433,0.12816999937703952,0.1303490141988303,0.13252792149761886,0.1347067264552636,0.13688543392623012,0.13906404846302106,0.1412425743392746,0.14342101557077586,0.14559937593459907,0.14777765898657028,0.14995586807722058,0.1521340063663798,0.15431207683654366,0.15649008230513253,0.1586680254357488,0.16084590874852484,0.16302373462964834,0.16520150534013847,0.16737922302394168,0.1695568897154076,0.17173450734619952,0.17391207775168874,0.1760896026768777,0.17826708378189068,0.18044452264707,0.18262192077770914,0.18479927960845333,0.18697660050739343,0.18915388477988007,0.19133113367207685,0.19350834837427633,0.1956855300239946,0.1978626797088634,0.20003979846933337,0.202216887301204,0.2043939471579926,0.2065709789531537,0.20874798356216065,0.2109249618244585,0.21310191454529756,0.21527884249745652
0.27777777777777785,0.0,7.348541212931604e-05,0.0013516031110986798,0.0036285051170326954,0.006102978822246682,0.00855251126939272,0.010943197280339226,0.013280907127875476,0.015576948178202592,0.017841130087844864,0.020080924854386534,0.022301850171815196,0.02450797447242088,0.02670232475644675,0.02888718212617561,0.031064289457206008,0.0332349966788232,0.03540036303517222,0.03756122983677441,0.03971827286577793,0.04187204061615549,0.04402298255629066,0.0461714702759572,0.04831781349536259,0.05046227231908746,0.05260506671349772,0.054746383908361645,0.05688638423022351,0.0590252057392158,0.06116296794435652,0.0632997748028986,0.06543571715882253,0.06757087473852934,0.06970531779436161,0.07183910846608067,0.07397230191497807,0.07610494727355852,0.07823708844474242,0.08036876477760145,0.08250001164125492,0.08463086091434412,0.08676134140418697,0.08889147920709466,0.09102129801924225,0.0931508194058147,0.0952800630348049,0.09740904688075296,0.09953778740283147,0.10166629970096142,0.10379459765305099,0.10592269403596326,0.10805060063241623,0.11017832832568421,0.11230588718369221,0.11443328653386174,0.11656053502987186,0.11868764071133453,0.12081461105724628,0.12294145303395805,0.1250681731383088,0.12719477743648078,0.12932127159906312,0.13144766093274826,0.133573950409032,0.1357001446902421,0.13782624815318073,0.13995226491063245,0.1420781988309582,0.14420405355597174,0.1463298325172706,0.1484555389511762,0.1505811759124181,0.15270674628668476,0.15483225280214807,0.15695769804005857,0.15908308444449723,0.16120841433136154,0.1633336898966544,0.16545891322413878,0.16758408629241348,0.16970921098146086,0.17183428907871123,0.17395932228466604,0.17608431221811546,0.17820926042098598,0.18033416836284566,0.18245903744509787,0.18458386900488555,0.18670866431873112,0.18883342460593158,0.1909581510317282,0.19308284471026768,0.19520750670737116,0.19733213804312497,0.19945673969430666,0.20158131259665824,0.20370585764701785,0.20583037570531973,0.20795486759647266,0.21007933411212398
0.2878787878787879,0.0,6.438141199863241e-05,0.001264562992825058,0.0034655702056760624,0.005882319394713266,0.008282471544092904,0.01062683628554792,0.012919204114974847,0.015170099880007509,0.017389047499434155,0.019583425609427368,0.021758733556826476,0.023919049788932875,0.02606742073238591,0.028206148637276773,0.030336996265120028,0.03246133117725548,0.034580227836072196,0.036694540524377414,0.038804956026448144,0.04091203215825615,0.04301622629710771,0.04511791676069194,0.047217419012081485,0.04931499807671378,0.05141087815448287,0.05350525013228913,0.05559827750876422,0.057690101106415176,0.05978084284919455,0.061870608813485196,0.0639594917095568,0.06604757291313927,0.06813492413902257,0.07022160882784602,0.07230768330159222,0.07439319773140088,0.07647819695220216,0.07856272115163238,0.08064680645522793,0.08273048542561587,0.0848137874900533,0.08689673930800185,0.08897936508830064,0.09106168686380117,0.09314372472995928,0.09522549705277311,0.09730702065055553,0.09938831095329652,0.10146938214276728,0.10355024727602302,0.10563091839455128,0.10771140662097155,0.10979172224490931,0.11187187479943089,0.11395187312922511,0.11603172545155217,0.11811143941083856,0.12019102212767535,0.12227048024287834,0.12434981995717992,0.1264290470670489,0.1285081669970719,0.1305871848292743,0.13266610532971349,0.1347449329726346,0.13682367196244608,0.13890232625374052,0.14098089956956075,0.14305939541808765,0.14513781710790633,0.14721616776199045,0.14929445033052754,0.15137266760269655,0.15345082221749545,0.15552891667370766,0.15760695333908545,0.15968493445882145,0.1617628621633722,0.1638407384756897,0.16591856531791355,0.16799634451756976,0.1700740778133177,0.17215176686028355,0.17422941323501465,0.17630701844008537,0.17838458390838263,0.180462111007098,0.18253960104144748,0.18461705525814232,0.18669447484862903,0.1887718609521165,0.19084921465840643,0.19292653701054166,0.19500382900728644,0.19708109160545015,0.19915832572206627,0.20123553223643734,0.2033127119920549,0.20538986579840313
0.297979797979798,0.0,5.6767333350374506e-05,0.0011870073873391422,0.0033178296028852257,0.005681127256274468,0.008035864441408637,0.010337855783970349,0.012588868571239071,0.014798648593272143,0.016976427118782302,0.019129481918332816,0.02126328783143147,0.023381928596218963,0.025488466500018302,0.027585222243796084,0.029673976416808818,0.03175611262363411,0.033832719303475735,0.0359046627298158,0.037972639904042656,0.04003721732962587,0.04209885977485981,0.04415795185868122,0.04621481443255787,0.04826971714598143,0.050322888182050024,0.05237452187224959,0.05442478470570004,0.05647382011122276,0.05852175229286478,0.060568689329044474,0.06261472569415533,0.06465994432372114,0.06670441831618683,0.06874821234345957,0.07079138382648871,0.07283398392012673,0.07487605834228349,0.07691764807525399,0.0789587899615585,0.08099951721229506,0.08303985984258914,0.08507984504601925,0.08711949751774133,0.0891588397343092,0.09119789219679734,0.09323667364270845,0.09527520123123301,0.09731349070568283,0.09935155653630669,0.10138941204619273,0.10342706952254525,0.10546454031527668,0.10750183492456751,0.10953896307880619,0.11157593380411707,0.11361275548651639,0.11564943592759046,0.11768598239446922,0.11972240166476483,0.12175870006705686,0.12379488351742919,0.12583095755250115,0.12786692735933783,0.12990279780257855,0.13193857344907983,0.13397425859033474,0.13600985726289866,0.1380453732670253,0.14008081018369292,0.14211617139018076,0.14415146007433743,0.14618667924766746,0.14822183175734857,0.15025692029728058,0.152291947418255,0.15432691553732622,0.15636182694645662,0.15839668382049973,0.16043148822458062,0.1624662421209249,0.16450094737518503,0.166535605762305,0.16857021897196398,0.17060478861363196,0.17263931622127085,0.17467380325770834,0.17670825111871188,0.17874266113678558,0.18077703458471253,0.18281137267886174,0.18484567658227766,0.18687994740756922,0.18891418621961323,0.19094839403808528,0.19298257183983228,0.19501672056109629,0.19705084109960158,0.19908493431651475,0.20111900103828584
0.3080808080808081,0.0,5.0327818415664504e-05,0.0011173194077855298,0.0031828053458283563,0.005496236806544563,0.007808864326709822,0.01007176848727132,0.012284745437609802,0.014456765677340971,0.01659676198825064,0.018711904776157806,0.020807639013141654,0.02288804961534649,0.024956211628900035,0.027014461862416614,0.029064596947061986,0.031108015153896534,0.03314581782454257,0.03517888237458966,0.03720791534461947,0.039233491378172614,0.04125608218804842,0.04327607832689995,0.04529380572945576,0.04730953841392304,0.0493235083313682,0.05133591307519888,0.05334692196902519,0.055356680913977246,0.057365316278454793,0.059372938042435465,0.0613796423567971,0.06338551364007404,0.06539062630681239,0.06739504620052027,0.0693988317882172,0.07140203516141076,0.07340470287898879,0.0754068766802992,0.07740859409107666,0.07940988894048066,0.08141079180404844,0.08341133038462172,0.08541152984112216,0.08741141307329668,0.08941100096914534,0.09141031262060201,0.09340936551210953,0.0954081756859743,0.0974067578877613,0.09940512569448011,0.1014032916278876,0.10340126725488141,0.10539906327666539,0.10739668960812249,0.10939415544862584,0.11139146934534412,0.11338863924995256,0.11538567256953547,0.1173825762123626,0.1193793566291302,0.12137601985018193,0.12337257151915941,0.12536901692347455,0.12736536102194862,0.12936160846991976,0.13135776364208585,0.1333538306533165,0.13534981337764204,0.13734571546560292,0.13934154036012156,0.14133729131104247,0.14333297138846757,0.14532858349500308,0.14732413037701877,0.14931961463501195,0.15131503873315807,0.153310405008121,0.15530571567718943,0.15730097284579847,0.1592961785144901,0.16129133458536057,0.16328644286803826,0.1652815050852316,0.1672765228778825,0.16927149780995765,0.1712664313729069,0.17326132498981583,0.1752561800192758,0.17725099775899497,0.17924577944916872,0.18124052627562945,0.1832352393727911,0.18522991982640505,0.18722456867614012,0.18921918691800085,0.1912137755065945,0.19320833535725912,0.19520286734806072,0.19719737232167114
0.3181818181818182,0.0,4.482941335025525e-05,0.0010542505925085867,0.003058572289396856,0.005325187974673649,0.007598499731472255,0.009825090761582481,0.012002834244423893,0.014139929289802186,0.01624500516398457,0.01832511918734797,0.02038568173069774,0.022430775256563017,0.024463484834423052,0.026486161317447215,0.028500615808982093,0.030508260038336784,0.03251020730805041,0.03450734543320664,0.03650038990102314,0.03848992301713203,0.04047642304937368,0.042460286163801354,0.044441843112676495,0.04642137206071451,0.04839910853976018,0.050375253246371064,0.05234997820312331,0.054323431667091825,0.05629574207056715,0.05826702120790794,0.060237366830462914,0.06220686477320058,0.06417559070821212,0.06614361159890032,0.06811098691252764,0.07007776963649696,0.0720440071343016,0.07400974186978296,0.07597501202265743,0.07793985201382644,0.07990429295547861,0.08186836303821478,0.08383208786521255,0.08579549074167116,0.08775859292634831,0.0897214138508438,0.09168397131134136,0.09364628163675388,0.0956083598365839,0.0975702197312922,0.09953187406753766,0.10149333462029385,0.10345461228354956,0.10541571715105368,0.10737665858835309,0.10933744529719867,0.11129808537324466,0.11325858635784096,0.1152189552846109,0.11717919872141684,0.11913932280823586,0.12109933329140365,0.12305923555462521,0.125019034647103,0.12697873530908996,0.1289383419951377,0.13089785889527897,0.1328572899543548,0.13481663888967357,0.13677590920716634,0.13873510421618715,0.14069422704308723,0.14265328064368135,0.14461226781470946,0.14657119120438686,0.14853005332212668,0.15048885654750865,0.15244760313856254,0.15440629523942528,0.15636493488742706,0.15832352401965558,0.16028206447904156,0.16224055802000775,0.1641990063137152,0.1661574109529418,0.16811577345662132,0.1700740952740715,0.17203237778893454,0.17399062232285348,0.1759488301389043,0.17790700244480265,0.1798651403959026,0.18182324509800185,0.18378131760996985,0.18573935894620938,0.18769737007896534,0.18965535194049146,0.19161330542508434,0.19357123139099466
0.3282828282828283,0.0,4.009572668627965e-05,0.0009968192716742327,0.0029436078902633014,0.0051660346360728705,0.007402421068558642,0.0095950692913475,0.01173997430899836,0.013844567774909512,0.01591717103318541,0.01796472321238595,0.019992595846790986,0.022004865698615133,0.02400462541922059,0.025994238068476967,0.027975527826223225,0.029949918807677067,0.03191853544206989,0.03388227528696982,0.03584186225268878,0.037797885885154384,0.03975083066393742,0.0417010980864099,0.04364902348856212,0.045594888986259935,0.04753893352767155,0.04948136077310561,0.05142234532518538,0.053362037694877885,0.05530056829030003,0.05723805064380483,0.0591745840406342,0.06111025567390015,0.06304514242198717,0.06497931232295052,0.06691282580420833,0.06884573671341396,0.07077809318686532,0.07270993838443672,0.07464131111427906,0.0765722463660385,0.07850277576779792,0.08043292797913397,0.08236272903044188,0.08429220261688176,0.0862213703538533,0.08815025199973232,0.0900788656506496,0.09200722791131268,0.09393535404523155,0.09586325810718199,0.09779095306030479,0.09971845087987637,0.10164576264548397,0.10357289862308756,0.105499868338237,0.10742668064153499,0.10935334376728638,0.1112798653861453,0.11320625265246397,0.11513251224695407,0.11705865041519231,0.11898467300243477,0.12091058548514554,0.12283639299959498,0.12476210036784123,0.12668771212136867,0.12861323252262638,0.130538665584681,0.13246401508917335,0.13438928460274702,0.13631447749209855,0.138239596937782,0.1401646459468863,0.14208962736469163,0.144014543885399,0.145939398062018,0.14786419231548842,0.14978892894310494,0.15171361012630474,0.15363823793787518,0.15556281434862934,0.1574873412335969,0.15941182037776877,0.16133625348143396,0.16326064216514136,0.16518498797431727,0.16710929238356556,0.1690335568006761,0.17095778257036462,0.17288197097776334,0.17480612325168343,0.1767302405676652,0.17865432405083184,0.18057837477856256,0.18250239378299707,0.184426382053384,0.1863503405382849,0.18827427014764386,0.1901981717547316
0.3383838383838384,0.0,3.599108268331877e-05,0.0009442412034727592,0.0028366891849142136,0.00501721323407115,0.007218741453888807,0.009379493884003682,0.011493629238993027,0.013567815628084097,0.015610062555988765,0.017627186346444224,0.01962451586510532,0.02160611923953351,0.02357509450063826,0.025533815260666424,0.027484117522266593,0.02942743682522689,0.03136490797895241,0.03329743769652516,0.03522575784431264,0.037150464832764594,0.039072049047695796,0.04099091706706301,0.04290740860296404,0.04482180954908508,0.046734362124120556,0.04864527282863337,0.05055471874000838,0.05246285253280436,0.05436980651308268,0.0562756958836689,0.058180621404872866,0.060084671576467526,0.06198792443788173,0.06389044906189344,0.06579230680070755,0.0676935523307873,0.06959423453319309,0.07149439723874147,0.07339407986150058,0.07529331793959627,0.07719214359871793,0.07909058595087258,0.08098867143866716,0.08288642413358148,0.08478386599522884,0.0866810170974141,0.0885778958258343,0.09047451905147619,0.09237090228311896,0.0942670598018145,0.09616300477977745,0.09805874938574914,0.09995430487859364,0.10184968169062904,0.1037448895019809,0.1056399373070644,0.1075348334741495,0.10942958579883244,0.11132420155212787,0.11321868752380171,0.1151130500614842,0.11700729510603464,0.11890142822356946,0.1207954546345149,0.12268937924000121,0.12458320664587831,0.12647694118459765,0.12837058693517966,0.13026414774145753,0.13215762722876948,0.1340510288192507,0.1359443557458597,0.13783761106525994,0.13973079766966423,0.1416239182977372,0.1435169755446431,0.1454099718713149,0.14730290961301543,0.1491957909872512,0.15108861810109678,0.1529813929579795,0.15487411746397,0.15676679343362104,0.15865942259539093,0.16055200659668642,0.16244454700855507,0.16433704533005616,0.16622950299233416,0.16812192136241977,0.17001430174677798,0.17190664539462341,0.1737989535010208,0.17569122720978536,0.17758346761619978,0.17947567576955958,0.18136785267556063,0.18325999929853856,0.18515211656357314,0.18704420535846364
0.34848484848484845,0.0,3.240947101293325e-05,0.0008958810285684036,0.002736820329532009,0.004877450369452029,0.0070459248080244966,0.009176565948044123,0.011261735589366757,0.01330734216312373,0.01532107981125797,0.017309637842507726,0.01927829895246836,0.02123111995653072,0.02317120225975813,0.025100928523797413,0.02702214543764911,0.02893629909604554,0.03084453401456502,0.032747765532780505,0.03464673305285044,0.0365420395120897,0.03843418092841004,0.04032356873560151,0.04221054683595674,0.044095404745921364,0.045978387824396116,0.047859705301896545,0.04973953663659822,0.05161803658610651,0.053495339284999,0.05537156154641281,0.05724680555333825,0.05912116106638129,0.06099470724575227,0.06286751416343532,0.06473964406497308,0.06661115242769149,0.06848208885249431,0.07035249781884999,0.07222241932674521,0.0740918894447907,0.07596094078004736,0.07782960288226703,0.07969790259295187,0.0815658643477982,0.08343351043960763,0.08530086124754976,0.08716793543768146,0.08903475013883132,0.09090132109730026,0.09276766281328985,0.09463378866152215,0.09649971099814292,0.09836544125569091,0.10023099002765577,0.10209636714392994,0.1039615817382765,0.1058266423087796,0.10769155677211346,0.10955633251235342,0.1114209764249583,0.11328549495647133,0.11514989414041732,0.1170141796298143,0.11887835672666537,0.12074243040875342,0.12260640535402062,0.12447028596278394,0.126334076378006,0.1281977805038181,0.130061402022467,0.13192494440984096,0.13378841094971136,0.135651804746812,0.1375151287388651,0.13937838570765212,0.14124157828921588,0.143104708983273,0.1449677801619067,0.14683079407760344,0.14869375287069034,0.15055665857622494,0.15241951313038335,0.15428231837638953,0.15614507607002304,0.1580077878847401,0.1598704554164392,0.1617330801878998,0.16359566365291933,0.1654582072001734,0.1673207121568194,0.16918317979186337,0.17104561131930876,0.1729080079011028,0.17477037064989495,0.17663270063162295,0.17849499886793727,0.18035726633847568,0.1822195039830006,0.18408171270340554
0.35858585858585856,0.0,2.9266898445932442e-05,0.0008512175435116026,0.0026431805086807067,0.004745696354167716,0.006882705437064584,0.00898480401729728,0.011042594190357316,0.013061228521942846,0.015048082591970303,0.01700971481810929,0.01895135849929672,0.020877056674947384,0.022789912282921668,0.02469231565745004,0.026586123135216536,0.028472790572827495,0.03035347157860313,0.032229089638008836,0.03410039130783452,0.035967985746482876,0.03783237435603677,0.03969397322311408,0.041553130272463996,0.04341013850352884,0.045265246298059975,0.04711866551727816,0.04897057791565951,0.050821140261486285,0.05267048845550984,0.05451874086718827,0.05636600105520262,0.058212359999905074,0.06005789794620598,0.061902685933480285,0.06374678707244705,0.06559025761627812,0.06743314786342125,0.069275502922056,0.07111736336020114,0.07295876576086298,0.074799743197961,0.07664032564586702,0.07848054033307976,0.0803204120486993,0.08215996340886801,0.08399921508913193,0.08583818602768752,0.08767689360367241,0.08951535379399357,0.09135358131164172,0.09319158972798613,0.09502939158116937,0.09686699847240636,0.09870442115173123,0.10054166959451392,0.10237875306988305,0.10421568020203507,0.10605245902527612,0.1078890970335304,0.10972560122495269,0.111561978142199,0.11339823390884075,0.11523437426234517,0.11707040458399375,0.11890632992606476,0.12074215503656704,0.12257788438177813,0.12441352216681079,0.12624907235440577,0.12808453868212674,0.12991992467811347,0.1317552336755318,0.1335904688258455,0.1354256331110186,0.13726072935474917,0.139095760232822,0.14093072828265948,0.14276563591214317,0.14460048540776896,0.14643527894219474,0.1482700185812319,0.1501047062903287,0.15193934394058703,0.15377393331435232,0.15560847611041054,0.15744297394882475,0.15927742837543987,0.16111184086608152,0.1629462128304735,0.16478054561589528,0.16661484051059922,0.16844909874700634,0.17028332150469652,0.17211750991320862,0.1739516650546651,0.17578578796623234,0.17761987964243017,0.17945394103730036,0.18128797306644384
0.3686868686868687,0.0,2.649598357150749e-05,0.0008098183773723455,0.0025550857625387473,0.004621076503453832,0.006728029108115382,0.008802974557525493,0.010834790584947775,0.012827877653293913,0.014789289853871436,0.01672545111849465,0.01864154235413493,0.02054159054025731,0.02242869844421523,0.024305262802216995,0.026173148642319177,0.028033820854433723,0.029888441577244657,0.03173794200234364,0.033583075492978426,0.035424457149762556,0.037262593533156176,0.03909790519795949,0.040930743938987955,0.04276140611184041,0.044590143014715734,0.046417169049633465,0.04824266819089279,0.050066799151993725,0.051889699543509214,0.053711489242444864,0.055532273140746956,0.05735214340143671,0.05917118132157948,0.06098945887925619,0.0628070400249823,0.06462398176523763,0.06644033507593106,0.06825614567600012,0.07007145468539716,0.07188629918704657,0.07370071270867092,0.07551472563745808,0.07732836557820445,0.07914165766369345,0.08095462482455708,0.08276728802464077,0.08457966646689491,0.08639177777399897,0.08820363814725433,0.09001526250672855,0.0918266646151763,0.09363785718788141,0.09544885199024782,0.09725965992470086,0.099070291108238,0.10088075494177966,0.10269106017231246,0.1045012149486826,0.10631122687178161,0.10812110303977136,0.10993085008890906,0.1117404742304635,0.1135499812841516,0.11535937670847168,0.11716866562826318,0.1189778528597849,0.1207869429335671,0.12259594011526538,0.12440484842471645,0.12621367165337394,0.12802241338028258,0.12983107698673166,0.13163966566971316,0.13344818245429665,0.1352566302050213,0.13706501163639476,0.13887332932257962,0.14068158570633946,0.14248978310730998,0.1442979237296537,0.14610600966915074,0.14791404291977459,0.14972202537979437,0.15152995885744447,0.15333784507619572,0.1551456856796609,0.1569534822361638,0.15876123624299834,0.160568949130402,0.16237662226526542,0.1641842569545989,0.16599185444877404,0.16779941594455636,0.16960694258794637,0.1714144354768411,0.1732218956635304,0.1750293241570395,0.1768367219253283,0.17864408989735872
0.37878787878787873,0.0,2.4042064973952255e-05,0.000771321207859266,0.0024719605355583547,0.004502854819086696,0.006581009129730471,0.008630040413564882,0.010637135768114155,0.012605947280612593,0.01454320485656155,0.016455194588996244,0.01834704219455725,0.020222756461689775,0.022085438401242215,0.023937489971025613,0.02578078400412794,0.027616793750007505,0.02944668935872556,0.03127140932294735,0.033091713492255335,0.03490822265347788,0.03672144831848843,0.03853181534124812,0.04033967924731217,0.042145339632596944,0.043949050614671754,0.045751029054403376,0.04755146107626151,0.04935050727939152,0.05114830693293914,0.05294498137712972,0.05474063679863834,0.05653536650949551,0.05832925282939052,0.060122368649094066,0.06191477873590878,0.06370654082919776,0.06549770656413788,0.06728832225416626,0.06907842955659459,0.07086806604116241,0.07265726567758275,0.07444605925518201,0.07623447474537844,0.0780225376158502,0.07981027110371763,0.08159769645382568,0.08338483312720442,0.08517169898396158,0.08695831044418172,0.08874468262985002,0.09053082949035456,0.0923167639137365,0.09410249782553766,0.09588804227682544,0.09767340752274976,0.09945860309279754,0.10124363785374785,0.10302852006619685,0.10481325743540378,0.10659785715711201,0.10838232595891395,0.11016667013765692,0.11195089559332394,0.11373500785977066,0.11551901213265363,0.11730291329484317,0.11908671593958244,0.12087042439162092,0.12265404272652652,0.12443757478835638,0.1262210242058467,0.12800439440726402,0.1297876886340457,0.1315709099533425,0.1333540612695652,0.13513714533502627,0.13692016475975788,0.13870312202058013,0.14048601946948489,0.1422688593413947,0.1440516437613511,0.14583437475117977,0.14761705423567673,0.1493996840483555,0.15118226593679057,0.1529648015675907,0.15474729253103017,0.1565297403453667,0.15831214646086972,0.16009451226358104,0.16187683907882908,0.16365912817451508,0.16544138076418793,0.16722359800992403,0.1690057810250261,0.17078793087655356,0.17257004858769784,0.17435213514001194,0.17613419147550655
0.388888888888889,0.0,2.1860351861260805e-05,0.000735419614089797,0.0023933161478669044,0.004390406496558653,0.006440893113883281,0.00846512180857085,0.01044862137591137,0.012394299217924322,0.014308558571525536,0.01619754454301012,0.018066325029883663,0.019918888629783745,0.02175833311162789,0.02358706455175845,0.02540696276188004,0.02721950872417621,0.02902588011826097,0.03082702236255411,0.032623701496879806,0.03441654375789039,0.036206065418045684,0.03799269547483828,0.03977679305643615,0.0415586608926668,0.04333855583139049,0.045116697117192565,0.04689327296091463,0.04866844579282547,0.050442356493773606,0.05221512782669046,0.05398686723778163,0.0557576691573596,0.05752761690079366,0.059296784247818674,0.06106523676155029,0.06283303289562443,0.06460022492791531,0.06636685975155632,0.06813297954795293,0.06989862236173738,0.07166382259386764,0.07342861142609836,0.0751930171876727,0.0769570656731749,0.0787207804189424,0.080484182944187,0.08224729296195593,0.0840101285642323,0.08577270638478852,0.08753504174284325,0.0892971487701042,0.09105904052339081,0.09282072908470629,0.09458222565035788,0.09634354061049528,0.09810468362024581,0.09986566366346183,0.1016264891099591,0.10338716776700667,0.10514770692572976,0.10690811340300173,0.10866839357932724,0.11042855343315681,0.11218859857201834,0.11394853426080402,0.11570836544751122,0.11746809678670017,0.1192277326609011,0.12098727720017648,0.12274673430002127,0.12450610763776349,0.12626540068760858,0.12802461673445814,0.12978375888661625,0.1315428300874871,0.13330183312635616,0.1350607706483368,0.1368196451635578,0.13857845905565724,0.1403372145896438,0.1420959139191795,0.1438545590933328,0.1456131520628467,0.14737169468596156,0.1491301887338297,0.1508886358955537,0.15264703778288022,0.1544053959345741,0.1561637118205007,0.1579219868454364,0.15968022235262933,0.16143841962712954,0.1631965798989047,0.1649547043457584,0.16671279409606476,0.16847085023133265,0.17022887378861254,0.17198686576275635,0.17374482710854075
0.39898989898989906,0.0,1.991380614332202e-05,0.0007018522741343704,0.0023187342823204602,0.0042831968271351975,0.006307037475444986,0.008307466432052367,0.010268385313120772,0.01219196051646138,0.014084266307123122,0.015951303840386545,0.017798080713344214,0.019628563446797306,0.021445845169258546,0.02325233503928058,0.02504991907248011,0.026840085397433818,0.02862401877353583,0.030402671195285846,0.0321768146173833,0.033947080506825315,0.03571398971975256,0.037477975253114575,0.039239399719229316,0.04099856888356999,0.04275574224211141,0.04451114135391848,0.046264956457460676,0.04801735176396854,0.04976846972290455,0.05151843448268711,0.05326735471673633,0.05501532594545275,0.05676243245517643,0.05850874889285951,0.06025434159821472,0.0619992697221079,0.06374358616994165,0.06548733840099964,0.06723056910864665,0.06897331680150502,0.0707156163019545,0.0724574991753036,0.07419899410058288,0.07594012719198547,0.07768092227842573,0.07942140114742649,0.08116158375851792,0.08290148843049076,0.0846411320061558,0.08638052999769154,0.08811969671519058,0.08985864538062133,0.09159738822909574,0.09333593659905907,0.09507430101278648,0.09681249124837842,0.0985505164042821,0.10028838495722685,0.10202610481434293,0.10376368336013349,0.10550112749888091,0.10723844369299708,0.10897563799776201,0.11071271609284052,0.11244968331092071,0.11418654466377465,0.11592330486600884,0.11765996835673848,0.11939653931939469,0.12113302169984909,0.12286941922302021,0.12460573540810742,0.1263419735825834,0.12807813689506087,0.12981422832713818,0.13155025070431672,0.13328620670607363,0.13502209887516584,0.13675792962623173,0.13849370125375257,0.14022941593942786,0.1419650757590143,0.14370068268867423,0.1454362386108726,0.14717174531986058,0.14890720452677866,0.15064261786441024,0.15237798689161206,0.15411331309744877,0.1558485979050521,0.15758384267522785,0.15931904870982846,0.16105421725490895,0.1627893495036826,0.1645244465992909,0.1662595096374011,0.16799453966864356,0.16972953770090118,0.17146450470146
0.40909090909090917,0.0,1.817154640779548e-05,0.0006703946132006999,0.002247854162284292,0.004180764806877097,0.00617888762492167,0.008156426212922655,0.010095685082270938,0.011998093308435985,0.013869394048138835,0.015715441703166376,0.017541181218555683,0.019350555251678003,0.021146650967939124,0.022931879629844526,0.02470813272715187,0.026476904983660458,0.028239387816597156,0.029996539469126445,0.031749137553446355,0.03349781856209834,0.035243107770082514,0.03698544203976156,0.03872518735753084,0.04046265243331217,0.042198099335012645,0.04393175187205276,0.04566380225617503,0.04739441643319806,0.049123738381393896,0.05085189360031032,0.05257899196077079,0.054305130047270715,0.05603039309435356,0.05775485659616123,0.059478587651315674,0.06120164609223202,0.06292408543789042,0.06464595370127182,0.06636729407654873,0.06808814552631763,0.06980854328535863,0.0715285192943864,0.07324810257484164,0.0749673195538303,0.07668619434675196,0.07840474900388629,0.08012300372617157,0.08184097705456005,0.08355868603663906,0.08527614637363061,0.08699337255040657,0.08871037795075941,0.09042717495983899,0.09214377505538744,0.09386018888917326,0.095576426359828,0.09729249667812474,0.09900840842559518,0.1007241696072645,0.10243978769917944,0.10415526969131862,0.10587062212639996,0.10758585113503388,0.10930096246761793,0.1110159615233187,0.1127308533764464,0.11444564280049115,0.11616033429005977,0.1178749320809223,0.11958944016835664,0.12130386232395636,0.12301820211105063,0.12473246289886662,0.12644664787555368,0.12816076006017357,0.12987480231375154,0.13158877734947286,0.13330268774210038,0.13501653593668259,0.13673032425661255,0.13844405491109443,0.14015773000206658,0.1418713515306285,0.1435849214030105,0.14529844143612528,0.1470119133627344,0.14872533883626018,0.15043871943527187,0.15215205666767076,0.15386535197459802,0.15557860673408613,0.15729182226447333,0.15900499982759908,0.16071814063179665,0.1624312458346973,0.16414431654586048,0.16585735382924158,0.16757035870550982,0.16928333215422586
0.4191919191919193,0.0,1.660762998967635e-05,0.0006408522727933995,0.0021803624835242575,0.004082710259383365,0.006055962409875948,0.008011439079621525,0.00992987683830094,0.011811971135727318,0.013663132037673472,0.015489064535157188,0.017294648684507394,0.019083801580705394,0.02085960316987172,0.022624465891065457,0.024380286017715733,0.026128564348401457,0.02787049856053879,0.02960705283797826,0.03133901020874567,0.033067011998940514,0.03479158774815013,0.03651317805886313,0.038232152188804824,0.039948821707319705,0.04166345118329893,0.043376266616860705,0.04508746214249957,0.04679720539755595,0.04850564185217602,0.05021289832517911,0.05191908585716843,0.053624302072664005,0.055328633133341604,0.057032155362007876,0.058734936599841026,0.06043703734631501,0.06213851172110163,0.06383940827938088,0.06553977070584045,0.06723963840781001,0.0689390470241491,0.07063802886346611,0.07233661328281156,0.07403482701603374,0.07573269445940506,0.07743023792084634,0.07912747783803065,0.08082443296979437,0.08252112056457851,0.08421755650904415,0.08591375545952475,0.08760973095857834,0.08930549553856763,0.09100106081391895,0.09269643756347369,0.09439163580414912,0.0960866648569582,0.09778153340629477,0.09947624955327145,0.10117082086379292,0.1028652544119603,0.10455955681932604,0.10625373429045419,0.10794779264518489,0.10964173734795334,0.11133557353447177,0.11302930603604668,0.11472293940177213,0.11641647791881161,0.11810992563095825,0.11980328635564058,0.12149656369952372,0.12318976107284008,0.12488288170256678,0.12657592864455838,0.128268904794729,0.1299618128993697,0.13165465556467876,0.13334743526557294,0.13504015435384265,0.13673281506570775,0.1384254195288234,0.1401179697687837,0.14181046771516326,0.14350291520713512,0.1451953139986991,0.14688766576355192,0.14857997209962698,0.15027223453333002,0.151964454523494,0.15365663346507427,0.15534877269260491,0.15704087348343207,0.15873293706074296,0.16042496459640412,0.16211695721362324,0.1638089159894468,0.16550084195710613,0.16719273610822138
0.42929292929292934,0.0,1.5200112791518926e-05,0.0006130559504167347,0.002115985427610313,0.003988683615241942,0.005937841767915164,0.007872014488748523,0.009770398775407866,0.011632960176640166,0.0134647738283438,0.01527139278516859,0.01705763008098943,0.018827375627276065,0.020583700953504248,0.022329018792727515,0.0240652295461652,0.02579383959374476,0.027516052496777646,0.02923283808888778,0.030944984586044538,0.032653137967165936,0.034357831891412116,0.0360595105837952,0.03775854647705127,0.039455253920337656,0.04114989991717475,0.04284271260264098,0.044533887986826365,0.04622359535843084,0.04791198164505744,0.049599174955133836,0.05128528747334018,0.05297041784183889,0.05465465312985667,0.056338070471658876,0.05802073843579953,0.05970271817536632,0.06138406439877151,0.06306482619273475,0.06474504772292101,0.06642476883283253,0.068104025557703,0.06978285056707977,0.07146127354732999,0.07313932153333517,0.07481701919704957,0.07649438909930432,0.07817145191018711,0.0798482266024647,0.08152473062180655,0.08320098003698272,0.0848769896727239,0.08655277322752834,0.08822834337836327,0.08990371187392686,0.09157888961789899,0.09325388674341029,0.0949287126797884,0.09660337621249887,0.09827788553707413,0.09995224830772194,0.10162647168121401,0.1033005623565803,0.1049745266110687,0.1066483703327722,0.10832209905027902,0.10999571795965617,0.11166923194904227,0.11334264562109303,0.11501596331349397,0.11668918911773211,0.11836232689629624,0.1200353802984568,0.12170835277476032,0.12338124759035878,0.1250540678372816,0.12672681644574643,0.12839949619459598,0.13007210972093788,0.1317446595290581,0.13341714799867058,0.13508957739256047,0.1367619498636715,0.1384342674616851,0.14010653213913216,0.14177874575707647,0.14345091009040406,0.14512302683275,0.1467950976010913,0.1484671239400321,0.15013910732580452,0.15181104917000773,0.15348295082310406,0.1551548135776907,0.15682663867156418,0.1584984272905919,0.16017018057140506,0.16184189960392614,0.1635135854337421,0.1651852390643345
0.43939393939393945,0.0,1.393031575905482e-05,0.0005868572829688686,0.002054482266882597,0.0038983777237682933,0.005824156835864303,0.007737721834983905,0.009616757824285694,0.011460504215931347,0.01327369951269152,0.01506174242780479,0.016829376931811742,0.01858046420120121,0.020318066203801596,0.022044595123881728,0.023761954865188704,0.02547165691944549,0.027174910374419922,0.028872690437659845,0.03056579029735788,0.03225486041443157,0.03394043843076456,0.03562297208306706,0.037302836888435616,0.03898034990100666,0.040655780496626,0.042329358893051804,0.044001282931780655,0.045671723515270525,0.04734082899638534,0.04900872874543346,0.05067553606716357,0.052341350600487446,0.0540062603039154,0.05567034310712935,0.05733366829191285,0.05899629765244458,0.0606582864747511,0.062319684367172286,0.06398053596747824,0.0656408815473838,0.06730075753133447,0.06896019694335442,0.07061922979328121,0.07227788341172804,0.07393618274151166,0.0755941505919828,0.07725180786163467,0.0789091737334966,0.08056626584710423,0.08222310045024851,0.08387969253321599,0.0855360559478266,0.08719220351323446,0.08884814711017412,0.090503897765094,0.09215946572541805,0.09381486052700577,0.09547009105473603,0.09712516559701706,0.09878009189491987,0.10043487718654276,0.10208952824713723,0.1037440514254594,0.1053984526767544,0.10705273759273103,0.10870691142884198,0.11036097912914745,0.11201494534900854,0.11366881447582644,0.11532259064802271,0.11697627777242997,0.1186298795402476,0.12028339944169776,0.12193684077950329,0.12359020668129705,0.12524350011105942,0.12689672387967182,0.1285498806546652,0.13020297296923342,0.13185600323057584,0.13350897372762668,0.13516188663822257,0.13681474403575547,0.1384675478953542,0.14012030009963175,0.14177300244403487,0.14342565664182658,0.14507826432873125,0.14673082706726845,0.14838334635079967,0.15003582360730938,0.15168826020294127,0.15334065744530748,0.15499301658658762,0.1566453388264334,0.15829762531469224,0.15994987715396358,0.16160209540199935,0.16325428107395965
0.44949494949494956,0.0,1.2782246919953003e-05,0.0005621255335333811,0.0019956401993965274,0.0038115212360825563,0.005714581957668404,0.007608181087761075,0.009468518907147354,0.011294112506556606,0.013089362181630418,0.014859510010491482,0.016609228943928567,0.018342349934747308,0.02006192429102994,0.02177036284098155,0.023469572392869873,0.025161069101879544,0.02684606724153274,0.02852554713081254,0.03020030672519833,0.03187100080558012,0.0335381708669505,0.03520226805289636,0.03686367087924635,0.038522699034513115,0.04017962420815241,0.04183467865138415,0.04348806199555131,0.04513994672153709,0.046790482577238196,0.0484398001688309,0.050088013898625015,0.05173522438270824,0.05338152045177138,0.055026980815902016,0.056671675456883536,0.058315666798280104,0.05995901069333739,0.06160175726275204,0.06324395160811704,0.0648856344219322,0.06652684251117394,0.06816760924831715,0.06980796496122042,0.07144793727128805,0.07308755138770942,0.07472683036426532,0.07636579532412162,0.07800446565715571,0.07964285919364007,0.08128099235751297,0.08291888030197363,0.08455653702972776,0.0861939754998682,0.08783120772308735,0.08946824484667765,0.09110509723057181,0.09274177451550403,0.09437828568422567,0.09601463911658602,0.09765084263918188,0.0992869035701897,0.1009228287599157,0.10255862462753296,0.1041942971944162,0.10582985211443625,0.10746529470153192,0.10910062995483981,0.1107358625816313,0.11237099701827528,0.11400603744942252,0.11564098782558492,0.11727585187926337,0.11891063313976291,0.120545334946817,0.12217996046313188,0.12381451268594863,0.125448994457712,0.12708340847592517,0.12871775730226212,0.13035204337100134,0.1319862689968401,0.13362043638214066,0.13525454762365663,0.13688860471878214,0.13852260957136284,0.14015656399710436,0.14179046972860976,0.14342432842007624,0.14505814165167671,0.14669191093365133,0.1483256377101306,0.14995932336271087,0.15159296921379997,0.1532265765297513,0.15486014652379998,0.15649368035881736,0.15812717914989563,0.15976064396677492,0.16139407583612433
0.4595959595959596,0.0,1.1742141772559247e-05,0.0005387449027772411,0.0019392701437882336,0.00372787321514066,0.00560882817465087,0.007483055165954448,0.009325296188704282,0.011133349887574107,0.012911276901114889,0.014664160482266922,0.016396600683034553,0.018112396800778436,0.01981458842801111,0.021505584261454127,0.023187293440278367,0.024861236353747398,0.026528632135363606,0.028190465964962635,0.029847540369977745,0.03150051429707093,0.033149932971167535,0.034796250843251976,0.03643984934672429,0.038081050737634244,0.039720128963524164,0.0413573182625819,0.04299282001677502,0.04462680825209727,0.046259434083000435,0.047890829327041584,0.049521109462919675,0.05115037606549869,0.05277871882158269,0.05440621720757154,0.05603294189283428,0.05765895591934215,0.05928431569781528,0.06090907185262719,0.06253326994143664,0.0641569510705743,0.06578015242329496,0.06740290771488665,0.06902524758613232,0.07064719994460812,0.07226879026167947,0.07389004183173588,0.07551097599912865,0.07713161235739428,0.07875196892462001,0.08037206229820902,0.08199190779180603,0.08361151955672962,0.08523091068991367,0.08685009333006977,0.08846907874353928,0.09008787740109964,0.09170649904681476,0.093324952759872,0.0949432470102244,0.09656138970874804,0.0981793882525341,0.09979724956585663,0.10141498013728856,0.10303258605338199,0.10465007302927704,0.10626744643656055,0.10788471132865847,0.10950187246401231,0.11111893432726187,0.11273590114863101,0.11435277692169182,0.1159695654196628,0.11758627021038011,0.11920289467006649,0.12081944199600814,0.12243591521823984,0.12405231721032706,0.12566865069932578,0.12728491827499186,0.12890112239830495,0.13051726540936628,0.1321333495347223,0.13374937689416336,0.1353653495070398,0.1369812692981354,0.13859713810313384,0.14021295767371073,0.14182872968228055,0.14344445572642578,0.14506013733303233,0.14667577596215425,0.14829137301062756,0.14990692981545242,0.1515224476569608,0.15313792776178486,0.15475337130564118,0.15636877941594324,0.15798415317425515,0.15959949361859724
0.4696969696969697,0.0,1.079809456762039e-05,0.0005166123304462811,0.0018852032901268028,0.0036472187125637556,0.005506637883664567,0.007362043681573404,0.009186745899009035,0.010977828678535612,0.012739011671394474,0.01447521721243091,0.016190970647217084,0.017890038237888733,0.019575446843890062,0.021249602283785345,0.022914415475966163,0.02457141063139845,0.026221811431166153,0.027866607676031132,0.029506606278637024,0.03114247020421368,0.03277474829019635,0.03440389820026045,0.03603030420820751,0.03765429107414687,0.03927613495103477,0.04089607201996603,0.04251430537639925,0.04413101055992627,0.04574634002463956,0.04736042677635215,0.04897338735017285,0.05058532426239059,0.052196328040780726,0.053806478914781346,0.05541584822966126,0.05702449963546999,0.058632490091238554,0.06023987071685858,0.06184668751876655,0.06345298201059311,0.06505879174600138,0.06666415077780187,0.06826909005492048,0.06987363776677301,0.07147781964296639,0.07308165921491706,0.07468517804489401,0.07628839592710535,0.07789133106471634,0.07949400022608323,0.08109641888298653,0.08269860133323033,0.08430056080962661,0.08590230957709184,0.08750385901933745,0.0891052197164291,0.0907064015143154,0.09230741358727666,0.09390826449411944,0.09550896222883389,0.09710951426633863,0.0987099276038595,0.10031020879841919,0.10191036400085736,0.1035103989867493,0.10511031918454732,0.1067101297012313,0.10830983534572176,0.10990944065027879,0.11150894989008638,0.11310836710119919,0.11470769609700776,0.11630694048336467,0.11790610367249497,0.11950518889580448,0.12110419921568566,0.12270313753641178,0.12430200661420004,0.12590080906651666,0.12749954738068978,0.1290982239218894,0.13069684094052783,0.13229540057912895,0.1338939048787108,0.1354923557847206,0.13709075515255828,0.13868910475272236,0.14028740627560626,0.1418856613359747,0.14348387147714217,0.14508203817487852,0.14668016284106114,0.1482782468270925,0.14987629142710168,0.15147429788094377,0.15307226737701382,0.1546702010548868,0.15626810000779773,0.1578659652849713
0.47979797979797983,0.0,9.939759972676116e-06,0.0004956356847222975,0.0018332882511793702,0.0035693651137224092,0.00540778042319593,0.007244877770977553,0.009052560404728648,0.010827201984612546,0.01257217996048088,0.014292253747821925,0.01599187224439544,0.017674767345070876,0.019343952193661917,0.02100182900997193,0.022650309959753426,0.024290922678628507,0.02592489509490047,0.02755322139990914,0.029176712712478403,0.030796035875480954,0.032411743226600516,0.03402429555177713,0.03563407989162219,0.03724142344984063,0.03884660453468556,0.040449861228278386,0.04205139830430696,0.04365139278606411,0.045249998441769655,0.046847349443588954,0.04844356336413034,0.05003874364469604,0.05163298163971988,0.05322635831913874,0.054818945693088254,0.056410808009949624,0.05800200276842185,0.059592581576223456,0.061182590881700964,0.06277207259963333,0.06436106464856516,0.06594960141384971,0.06753771414805707,0.06912543131836797,0.07071277890893109,0.07229978068482289,0.07388645842315908,0.07547283211601256,0.07705892014905602,0.0786447394592399,0.0802303056743121,0.08181563323656507,0.08340073551284678,0.08498562489257651,0.08657031287526028,0.08815481014879212,0.0897391266596503,0.09132327167594863,0.09290725384417504,0.0944910812403414,0.09607476141617464,0.0976583014409003,0.09924170793910046,0.10082498712506865,0.10240814483403388,0.10399118655058069,0.10557411743455442,0.10715694234470703,0.10873966586030971,0.11032229230093281,0.11190482574457222,0.1134872700442804,0.11506962884344397,0.1166519055898348,0.11823410354854723,0.11981622581392352,0.12139827532055814,0.12298025485346302,0.12456216705746725,0.12614401444591736,0.1277257994087387,0.12930752421991118,0.13088919104440888,0.13247080194464775,0.13405235888648126,0.13563386374478087,0.13721531830863418,0.1387967242861911,0.14037808330918564,0.1419593969371578,0.14354066666139928,0.145121893908643,0.14670308004451638,0.14828422637677557,0.14986533415833594,0.15144640459011507,0.15302743882370037,0.15460843796385423,0.15618940307086834
0.4898989898989899,0.0,8.293271732307206e-06,0.00043081208756038633,0.0016151513583860337,0.0031653800104225857,0.0048142447872726235,0.006466095128245762,0.00809395541380157,0.009693493158027292,0.011267090633347411,0.012818634840952749,0.014351895722730395,0.01587009745383438,0.017375877607164976,0.018871360039219964,0.020358248943824115,0.021837914889133905,0.023311465756704165,0.024779802861522402,0.02624366460300812,0.027703660230191936,0.029160295968231855,0.030613995304324768,0.03206511482015086,0.03351395662361308,0.0349607781738314,0.03640580009765793,0.037849212449538046,0.039291179757339166,0.04073184511529566,0.04217133352426113,0.0436097546336583,0.04504720500492799,0.04648376999001156,0.04791952529833776,0.049354538310368075,0.050788869183838126,0.05222257178956951,0.05365569450648038,0.055088280899728226,0.056520370301412666,0.0579519983096878,0.059383197219272404,0.06081399639405093,0.06224442259060565,0.06367450024001912,0.06510425169406481,0.06653369744090361,0.06796285629458555,0.06939174556197883,0.07082038119018978,0.07224877789707322,0.07367694928704567,0.07510490795408975,0.07653266557356768,0.07796023298423252,0.07938762026163278,0.08081483678394354,0.08224189129111723,0.0836687919381301,0.08509554634299858,0.08652216163015397,0.08794864446968938,0.08937500111292877,0.09080123742471331,0.09222735891275263,0.09365337075434622,0.09507927782074593,0.09650508469939849,0.09793079571427943,0.09935641494450666,0.10078194624140074,0.10220739324414095,0.10363275939414968,0.10505804794832384,0.10648326199122009,0.10790840444628781,0.10933347808623672,0.11075848554261498,0.11218342931466707,0.1136083117775341,0.11503313518985221,0.11645790170080034,0.11788261335664303,0.11930727210681054,0.12073187980955251,0.12215643823720147,0.1235809490810759,0.12500541395605153,0.1264298344048274,0.1278542119019094,0.1292785478573329,0.13070284362014495,0.13212710048166285,0.13355131967852682,0.13497550239556058,0.13639964976845467,0.13782376288628503,0.139247842793878,0.14067189049403309
0.5,0.0,2.4807095892040305e-07,9.337310122614918e-06,0.0001230728937191733,0.00046311910658355324,0.0010285713047616097,0.0017550957862576026,0.00257910875897514,0.003455664570559146,0.004356883535315511,0.005266606148952785,0.006175915595410273,0.007080159418314291,0.007977129589528094,0.008865990244996604,0.009746656350231276,0.010619436842574428,0.011484831246694235,0.012343415069809406,0.013195776543168116,0.014042483006757521,0.014884064360464492,0.015721006231735238,0.01655374857037066,0.017382687162402682,0.018208176603045894,0.019030533887545328,0.019850042145021323,0.02066695425708244,0.021481496230519415,0.022293870267633745,0.023104257520069352,0.02391282053524127,0.024719705416331172,0.025525043722031886,0.02632895413360407,0.02713154391607127,0.02793291019854841,0.02873314109638263,0.0295323166953336,0.030330509915630428,0.031127787271514894,0.031924209539861255,0.03271983234966679,0.03351470670262522,0.03430887943361737,0.03510239361875711,0.03589528893759661,0.03668760199520503,0.037479366609066665,0.03827061406508595,0.039061373346419015,0.039851671338363544,0.04064153301211892,0.04143098158986686,0.042220038693311014,0.043008724477544114,0.04379705775187984,0.04458505608908373,0.04537273592426385,0.04616011264453007,0.04694720067039898,0.047734013529806836,0.048520563925493115,0.04930686379642917,0.05009292437389101,0.050878756232707656,0.05166436933815744,0.052449773088933845,0.05323497635655657,0.05401998752156282,0.054804814506779716,0.05558946480794619,0.056373945521925935,0.0571582633727279,0.057942424735528984,0.058726435658874886,0.059510301885216554,0.06029402886992586,0.0610776217989189,0.0618610856050038,0.06264442498305922,0.06342764440413894,0.06421074812859,0.06499374021826346,0.06577662454788953,0.0665594048156833,0.06734208455324006,0.06812466713477557,0.06890715578576054,0.06968955359099534,0.07047186350216633,0.07125408834492235,0.07203623082550616,0.07281829353697312,0.07360027896502679,0.07438218949349826,0.07516402740949465,0.07594579490823945,0.07672749409762596
