$\mu / [W]$,0.0,0.15587978550941511,0.31175957101883023,0.46763935652824534,0.6235191420376605,0.7793989275470756,0.9352787130564907,1.0911584985659057,1.247038284075321,1.402918069584736,1.5587978550941513,1.7146776406035664,1.8705574261129814,2.0264372116223965,2.1823169971318115,2.338196782641227,2.494076568150642,2.6499563536600568,2.805836139169472,2.9617159246788876,3.1175957101883025,3.2734754956977175,3.429355281207133,3.585235066716548,3.7411148522259627,3.896994637735378,4.052874423244793,4.2087542087542085,4.364633994263623,4.520513779773038,4.676393565282454,4.832273350791868,4.988153136301284,5.144032921810699,5.2999127073201135,5.45579249282953,5.611672278338944,5.76755206384836,5.923431849357775,6.07931163486719,6.235191420376605,6.39107120588602,6.546950991395435,6.70283077690485,6.858710562414266,7.01459034792368,7.170470133433096,7.326349918942511,7.4822297044519255,7.638109489961341,7.793989275470756,7.949869060980171,8.105748846489586,8.261628631999,8.417508417508417,8.573388203017831,8.729267988527246,8.885147774036662,9.041027559546077,9.196907345055491,9.352787130564908,9.508666916074322,9.664546701583737,9.820426487093153,9.976306272602567,10.132186058111982,10.288065843621398,10.443945629130813,10.599825414640227,10.755705200149643,10.91158498565906,11.067464771168474,11.223344556677889,11.379224342187305,11.53510412769672,11.690983913206134,11.84686369871555,12.002743484224965,12.15862326973438,12.314503055243796,12.47038284075321,12.626262626262625,12.78214241177204,12.938022197281455,13.09390198279087,13.249781768300286,13.4056615538097,13.561541339319115,13.717421124828531,13.873300910337946,14.02918069584736,14.185060481356777,14.340940266866191,14.496820052375606,14.652699837885022,14.808579623394436,14.964459408903851,15.120339194413267,15.276218979922682,15.432098765432096
-0.5,0.0,2.6595302481264254e-07,1.1484632214516736e-05,0.00014271074452645592,0.0005177860192516772,0.0011249475918189444,0.0018920573805415218,0.002752746201990024,0.003661904918624157,0.004592378765991867,0.005528855317118678,0.006463135230637546,0.007391109365640667,0.008310961256753445,0.009222130731198815,0.010124724769472012,0.011019185412358136,0.01190610425561156,0.012786120412747135,0.013659865947821773,0.014527938279462494,0.015390887785052628,0.01624921384860527,0.01710336546102556,0.017953744137262913,0.018800707876046898,0.019644575447877167,0.02048563062340531,0.021324126144029443,0.022160287345697288,0.022994315408586274,0.023826390238994036,0.024656673007005372,0.025485308371200235,0.026312426423947613,0.027138144390141655,0.02796256811002858,0.028785793333891585,0.02960790685328947,0.030428987490548676,0.03124910696542244,0.03206833065531573,0.032886718263244706,0.033704324405747686,0.03452119913127059,0.035337388378086206,0.036152934379549605,0.03696787602341159,0.03778224917098795,0.03859608694118988,0.039409419963742545,0.040222276605338524,0.041034683171974166,0.04184666409029003,0.04265824207036961,0.04346943825213484,0.04428027233720477,0.0450907627078497,0.0459009265344703,0.046710779872855664,0.04752033775232296,0.048329614255708704,0.04913862259206745,0.049947375162833894,0.05075588362211652,0.051564158931716,0.05237221141139337,0.053180050784856076,0.05398768622187719,0.05479512637691964,0.05560237942459565,0.0564094530922582,0.057216354689989264,0.058023091138222654,0.05882966899321466,0.05963609447055467,0.06044237346688794,0.06124851158000671,0.06205451412744953,0.06286038616373614,0.06366613249635233,0.06447175770058873,0.06527726613332817,0.06608266194586643,0.06688794909584471,0.06769313135836416,0.06849821233634691,0.06930319547020232,0.07010808404685183,0.07091288120816161,0.07171758995882713,0.07252221317375128,0.07332675360495287,0.07413121388804016,0.0749355965482809,0.07573990400629775,0.07654413858341574,0.07734830250668619,0.07815239791360959,0.07895642685657843
-0.4898989898989899,0.0,1.034642785981557e-05,0.0004812376660939248,0.0017401993941301133,0.003353187065011547,0.005053044324135452,0.006749444808120682,0.008418745624087016,0.010058297887385175,0.011671300730324526,0.013262036382554007,0.014834465313949595,0.01639190124592763,0.017937020692403244,0.019471960918675802,0.020998426763986177,0.022517783295837385,0.024031130210326806,0.02553935975876036,0.027043201323488236,0.02854325563348459,0.03004002108562161,0.03153391408896061,0.03302528488483119,0.03451442993170211,0.036001601668722565,0.03748701626697038,0.03897085982585238,0.040453293360003424,0.041934456838944506,0.043414472479924894,0.04489344744811291,0.04637147608349212,0.04784864174746691,0.0493250183621057,0.05080067169955977,0.05227566046732365,0.05375003722578964,0.05522384916735479,0.05669713878069132,0.0581699444193303,0.059642300790167656,0.06111423937467501,0.06258578879333228,0.06405697512196976,0.06552782216723053,0.06699835170715816,0.0684685837019333,0.0699385364789749,0.07140822689595845,0.07287767048475348,0.07434688157882685,0.07581587342627912,0.07728465829036242,0.07875324753906401,0.08022165172511354,0.08168988065758444,0.0831579434660994,0.08462584865851326,0.08609360417283222,0.08756121742402813,0.08902869534632274,0.09049604443144432,0.09196327076329593,0.09343038004942127,0.09489737764960736,0.0963642686019227,0.09783105764645494,0.09929774924698102,0.10076434761077668,0.10223085670674881,0.10369728028205344,0.10516362187734528,0.1066298848407871,0.10809607234093636,0.10956218737861147,0.11102823279783096,0.11249421129590848,0.1139601254327794,0.11542597763962542,0.1168917702268583,0.11835750539151779,0.11982318522413282,0.121288811715091,0.12275438676055694,0.12421991216797644,0.1256853896611994,0.1271508208852524,0.12861620741078825,0.1300815507382381,0.13154685230168808,0.13301211347250294,0.13447733556271463,0.13594251982819353,0.13740766747161912,0.13887277964526387,0.14033785745360444,0.1418029019557722,0.14326791416785464,0.1447328950650586
-0.47979797979797983,0.0,1.2372068511889627e-05,0.0005530169612735725,0.001973756090211561,0.0037790866651916475,0.0056735918107042455,0.007559685764724256,0.009413007175649048,0.011231797200978751,0.013020325941335299,0.014783774707095599,0.016526788619491785,0.01825318658929385,0.019966015503791765,0.02166768542652403,0.023360104098462856,0.025044789327421338,0.026722957272474188,0.028395590133361293,0.03006348763177906,0.03172730615629104,0.033387588640340235,0.03504478750234323,0.03669928238224673,0.03835139395749991,0.040001394787079196,0.04164951788716237,0.04329596356294061,0.04494090488994897,0.04658449214194871,0.04822685639121554,0.04986811245417775,0.05150836131576055,0.053147692135972986,0.0547861839196575,0.05642390691305477,0.05806092377756595,0.059697290580828795,0.06133305763723392,0.06296827022375195,0.06460296919201323,0.06623719149367961,0.06787097063303953,0.0695043370582692,0.07113731850080142,0.0727699402706257,0.0744022255140287,0.07603419543921282,0.07766586951435228,0.07929726564192373,0.08092840031255179,0.08255928874111584,0.08418994498745218,0.08582038206364244,0.08745061202959147,0.08908064607835525,0.09071049461247598,0.0923401673124078,0.09396967319797185,0.09559902068365272,0.09722821762844334,0.09885727138085393,0.1004861888196227,0.10211497639059867,0.10374364014020933,0.10537218574587577,0.10700061854369519,0.10862894355367136,0.11025716550274374,0.11188528884583497,0.11351331778511235,0.1151412562876384,0.11676910810156421,0.11839687677100456,0.12002456564971774,0.1216521779137009,0.12327971657279944,0.12490718448141937,0.12653458434842246,0.12816191874627583,0.12978919011952053,0.13141640079261757,0.1330435529772244,0.13467064877894858,0.13629769020362278,0.13792467916314008,0.1395516174808845,0.14117850689678926,0.14280534907205322,0.1444321455935404,0.14605889797788846,0.14768560767534786,0.149312276073372,0.15093890449997707,0.1525654942268889,0.15419204647249135,0.15581856240459271,0.1574450431430205,0.15907148976205912,0.1606979032927404
-0.4696969696969697,0.0,1.3409306121507102e-05,0.0005757583490134058,0.0020281593300306685,0.0038595652091913744,0.005775209330500474,0.00767985889667542,0.009550539752225794,0.01138617141056912,0.013191342865327839,0.014971383708201157,0.016731006637586376,0.018474059569203373,0.020203599834975407,0.021922039077091306,0.023631282526438844,0.025332843769010207,0.027027934210093137,0.028717531336280702,0.03040243045849728,0.03208328395951039,0.03376063119428201,0.03543492141350039,0.03710653146638487,0.038775779577002456,0.04044293614843794,0.04210823230112978,0.04377186667098274,0.04543401086092958,0.04709481384285028,0.048754405535387346,0.05041289973021584,0.05207039649973195,0.053726984189326525,0.05538274107483134,0.05703773674849868,0.05869203328364261,0.06034568621784283,0.06199874538665248,0.06365125563352417,0.06530325741676378,0.0669547873304394,0.06860587855308152,0.07025656123553753,0.07190686283735369,0.07355680841945032,0.07520642089955064,0.07685572127575874,0.07850472882281036,0.08015346126480326,0.08180193492762114,0.08345016487377484,0.08509816502197569,0.08674594825341542,0.08839352650644074,0.09004091086107134,0.09168811161460678,0.09333513834939759,0.09498199999370904,0.0966287048764845,0.09827526077670751,0.09992167496797384,0.10156795425880533,0.10321410502917233,0.10486013326363369,0.10650604458145276,0.10815184426400737,0.10979753727977139,0.11144312830711578,0.11308862175514733,0.11473402178277903,0.11637933231620472,0.11802455706493092,0.11966969953650337,0.12131476305005,0.12295975074874983,0.12460466561132605,0.1262495104626504,0.12789428798353886,0.1295390007198088,0.1311836510906624,0.1328282413964529,0.1344727738258877,0.1361172504627136,0.13776167329192815,0.13940604420555539,0.14105036500802143,0.1426946374211615,0.14433886308888771,0.14598304358154415,0.14762718039997344,0.1492712749793164,0.1509153286925657,0.15255934285389142,0.15420331872175533,0.15584725750182965,0.1574911603497343,0.15913502837360577,0.1607788626365095,0.1624226641587066
-0.4595959595959596,0.0,1.454746676718259e-05,0.0005997254897835448,0.002084780214955017,0.003942908972031958,0.00588023367613903,0.007803966636933206,0.009692543104325858,0.01154556359976639,0.013367934315989623,0.015165130975171573,0.016941932078744473,0.01870221322127258,0.020449041213299938,0.02218482857250736,0.023911477503177906,0.025630496985076388,0.02734309337948872,0.029050239237584385,0.030752725286899634,0.03245119976859428,0.03414619835098708,0.03583816702991964,0.037527479792981315,0.039214452352594784,0.04089935290765223,0.042582410642481056,0.04426382248969974,0.04594375855080395,0.04762236647117901,0.04929977499469757,0.05097609687002839,0.05265143124119312,0.05432586562514189,0.05599947755658305,0.05767233596312,0.05934450232056035,0.06101603162807107,0.06268697323493137,0.06435737154443447,0.06602726661561163,0.06769669467959025,0.06936568858432471,0.07103427817897977,0.0727024906472711,0.07437035079746836,0.07603788131547146,0.0777051029863124,0.07937203488857018,0.08103869456547384,0.0827050981758811,0.0843712606278334,0.08603719569698226,0.08770291613184428,0.08936843374755847,0.09103375950958138,0.09269890360855502,0.09436387552741249,0.09602868410164235,0.09769333757351024,0.09935784364093131,0.10102220950159845,0.1026864418928939,0.10435054712804594,0.10601453112893601,0.10767839945591201,0.10934215733492113,0.11100580968223926,0.11266936112704075,0.11433281603202561,0.11599617851229573,0.11765945245265126,0.11932264152345888,0.12098574919522749,0.12264877875201241,0.12431173330375643,0.1259746157976644,0.1276374290286988,0.1293001756492742,0.13096285817822087,0.13262547900908164,0.13428804041779777,0.1359505445698373,0.13761299352681106,0.1392753892526194,0.14093773361916803,0.14260002841168748,0.144262275333688,0.14592447601157876,0.14758663199897748,0.1492487447807343,0.1509108157766921,0.15257284634520274,0.15423483778641758,0.15589679134536957,0.15755870821486104,0.1592205895381724,0.16088243641160407,0.16254424988686336,0.1642060309733074
-0.44949494949494945,0.0,1.579848012303879e-05,0.0006250148951800526,0.002143774063298978,0.004029314996694633,0.005988900980180182,0.007932284509843623,0.009839332746583444,0.011710329768373573,0.013550497151033692,0.015365454503885788,0.017160044291306634,0.018938168413352493,0.02070290215869619,0.022456658191665996,0.024201335153912883,0.025938437019496465,0.027669164803663094,0.029394485890481294,0.031115186243917875,0.03283190982155905,0.03454518849186234,0.036255464904514166,0.03796311011106982,0.03966843725109808,0.04137171226849911,0.043073162368986555,0.044772982746063957,0.046471341969377605,0.04816838633183695,0.049864243380216035,0.05155902480088112,0.05325282879271722,0.05494574202960236,0.05663784129229202,0.058329194832444066,0.06001986351837236,0.06170990180196897,0.06339935853834718,0.0650882776835897,0.06677669889113348,0.06846465802348423,0.07015218759289873,0.07183931714223027,0.07352607357516917,0.07521248144352413,0.07689856319790263,0.07858433940709934,0.08026982895064227,0.08195504918824012,0.08364001610929069,0.08532474446512774,0.08700924788628102,0.08869353898668937,0.09037762945652555,0.09206153014505519,0.09374525113475363,0.09542880180773566,0.09711219090541064,0.09879542658215405,0.10047851645368254,0.1021614676407316,0.10384428680855852,0.10552698020272773,0.1072095536815802,0.1088920127457389,0.11057436256496138,0.11225660800261213,0.11393875363799816,0.1156208037867814,0.11730276251965786,0.11898463367947332,0.12066642089692547,0.12234812760498659,0.12402975705216703,0.12571131231472632,0.12739279630792796,0.12907421179642423,0.13075556140384814,0.13243684762168245,0.13411807281746804,0.13579923924240905,0.1374803490384249,0.1391614042446962,0.14084240680374613,0.14252335856709517,0.14420426130052413,0.14588511668897589,0.14756592634112536,0.14924669179364305,0.15092741451517588,0.15260809591006713,0.15428873732183496,0.15596934003642782,0.15764990528527328,0.15933043424813498,0.1610109280557919,0.16269138779255315,0.16437181449861912,0.16605220917230043
-0.4393939393939394,0.0,1.717605052116864e-05,0.0006517344721907037,0.0022053140716819025,0.0041190031969722705,0.006101474976133341,0.008065120358702946,0.009991261264794448,0.011880867778083325,0.013739474914555018,0.015572843828868562,0.017385879036968012,0.019182507319475097,0.0209658114048045,0.022738203346725022,0.024501577666619492,0.026257432916632423,0.028006964450787056,0.02975113424390997,0.03149072330779024,0.03322637116761557,0.03495860577312751,0.03668786633187574,0.038414520881072126,0.040138879922933864,0.041861207092782605,0.04358172757283777,0.04530063477961945,0.04701809571875204,0.04873425530316158,0.050449239858865125,0.05216315998946638,0.05387611293092876,0.05558818449852446,0.05729945070542774,0.059009979115343815,0.06071982997847253,0.062429057190002364,0.06413770910248083,0.06584582921727193,0.06755345677548628,0.06926062726495412,0.07096737285677543,0.07267372278255585,0.07437970366148611,0.07608533978484852,0.07779065336425578,0.07949566474888616,0.08120039261612631,0.08290485413933259,0.08460906513584282,0.0863130401978915,0.08801679280868309,0.08972033544554493,0.09142367967180366,0.09312683621879338,0.09482981505920894,0.09653262547284837,0.09823527610564865,0.09993777502279792,0.10164012975660519,0.10334234734971998,0.10504443439421995,0.10674639706701912,0.10844824116199393,0.11014997211917639,0.11185159505132092,0.11355311476811697,0.11525453579828597,0.11695586240977553,0.11865709862823887,0.12035824825396683,0.12205931487742107,0.12376030189350186,0.12546121251466838,0.12716204978301807,0.12886281658141968,0.13056351564378565,0.1322641495645603,0.13396472080749205,0.13566523171375322,0.1373656845094619,0.13906608131265744,0.1407664241397749,0.14246671491165994,0.144166955459162,0.14586714752833949,0.147567292785308,0.14926739282076026,0.15096744915418284,0.15266746323779304,0.15436743646021847,0.15606737014993702,0.1577672655784966,0.15946712396353002,0.16116694647158084,0.16286673422075318,0.16456648828319848,0.16626620968745057,0.16796589942062032
-0.4292929292929293,0.0,1.869599214176959e-05,0.0006800054072714488,0.0022695942381153558,0.004212220100834707,0.006218251520952289,0.008202819645450646,0.010148724398645868,0.012057624224729674,0.013935365504401212,0.01578784849031864,0.017620037761089797,0.019435883496348085,0.021238474783989658,0.023030222278542175,0.02481301579943486,0.026588348042028545,0.028357408369260633,0.030121153092879566,0.03188035807446374,0.033635658250302916,0.03538757752625928,0.03713655156653296,0.03888294531131053,0.040627066557278414,0.04236917657447218,0.044109498474074325,0.0458482238554683,0.047585518126113335,0.04932152478973533,0.05105636892644703,0.05279016003532644,0.05452299437048522,0.056254956872045576,0.057986122771077536,0.05971655893053148,0.061446324971164035,0.06317547422139745,0.06490405452224479,0.06663210891233153,0.06835967621324858,0.07008679153167946,0.07181348669172995,0.07353979060847822,0.0752657296118282,0.07699132772818479,0.07871660692620241,0.08044158733182465,0.08216628741698685,0.08389072416565924,0.08561491322033356,0.08733886901158205,0.08906260487292184,0.09078613314288847,0.09250946525594633,0.09423261182363157,0.0959555827071275,0.09767838708230782,0.09940103349814221,0.10112352992923962,0.10284588382320368,0.10456810214338658,0.10629019140755432,0.10801215772291123,0.10973400681787719,0.11145574407096281,0.1131773745370465,0.11489890297132212,0.11662033385115404,0.11834167139604927,0.12006291958593396,0.12178408217789859,0.1235051627215598,0.12522616457317046,0.1269470909085947,0.12866794473525317,0.13038872890313266,0.13210944611494413,0.13383009893550513,0.1355506898004145,0.13727122102408137,0.13899169480716306,0.14071211324346242,0.14243247832632974,0.1441527919546106,0.14587305593817568,0.14759327200306802,0.14931344179629646,0.1510335668903047,0.15275364878714068,0.1544736889223491,0.1561936886686094,0.15791364933913676,0.1596335721908658,0.16135345842743118,0.1630733092019615,0.1647931256196992,0.16651290874045888,0.1682326595809364,0.16995237911687802
-0.41919191919191917,0.0,2.0376643161855743e-05,0.0007099644532566981,0.002336832900874678,0.004309243380596811,0.0063395640684092,0.008345771865590167,0.01031216840549762,0.01224110275885343,0.014138730456300555,0.01601108828727286,0.01786319881926094,0.019699034086797153,0.02152168841046656,0.023333570221762103,0.025136564029576217,0.026932156216712865,0.02872152980869563,0.030505635187230415,0.032285242855066495,0.03406098299447378,0.03583337533518179,0.03760285189094851,0.039369774417338306,0.041134447933189024,0.042897131283034164,0.04465804545648352,0.04641738019306266,0.04817529926570659,0.049931944737803435,0.051687440416740345,0.05344189467384174,0.055195402761150265,0.05694804872595846,0.05869990700170325,0.0604510437368846,0.06220151791069001,0.06395138227400031,0.06570068414668627,0.06744946609604022,0.06919776651642123,0.07094562012642618,0.07269305839690397,0.07444010992073949,0.07618680073341084,0.07793315459177373,0.07967919321726745,0.0814249365087138,0.08317040272904026,0.08491560866957026,0.08666056979495462,0.08840530037134751,0.09014981358003861,0.09189412161842653,0.093638235789945,0.09538216658432368,0.09712592374937162,0.09886951635530827,0.10061295285252693,0.10235624112355901,0.10409938852990556,0.10584240195431706,0.10758528783902875,0.10932805222039453,0.11107070076030912,0.11281323877475968,0.11455567125980792,0.11629800291526833,0.1180402381663167,0.11978238118323704,0.12152443589949086,0.12326640602827273,0.12500829507769795,0.12675010636475179,0.12849184302811686,0.13023350803998238,0.13197510421692774,0.13371663422996458,0.1354581006138117,0.1371995057754704,0.13894085200216127,0.14068214146867644,0.14242337624419793,0.14416455829862576,0.14590568950845703,0.14764677166225218,0.14938780646572258,0.15112879554646885,0.1528697404583981,0.15461064268584487,0.15635150364741884,0.15809232469960038,0.1598331071401023,0.16157385221101642,0.16331456110175957,0.1650552349518351,0.16679587485342218,0.16853648185380551,0.17027705695765763,0.1720176011291827
-0.4090909090909091,0.0,2.2239381538384306e-05,0.0007417667250836073,0.0024072770526291044,0.0044103873732234,0.006465790339249465,0.008494418367043321,0.010482099037155058,0.012431874230132178,0.014350206264211622,0.016243265780517418,0.018116131168049776,0.019972794702565726,0.02181635475853048,0.02364921668122349,0.025473259030178278,0.027289961396332718,0.029100500102912485,0.030905819319811564,0.03270668397038952,0.03450371930804384,0.03629744074611593,0.038088276534191834,0.039876585150068505,0.041662668757745276,0.04344678371207691,0.045229148827186046,0.047009951937120105,0.04878935514142994,0.05056749902985963,0.05234450610836031,0.05412048359562172,0.05589552571994747,0.05766971561683904,0.05944312690543682,0.061215825005086134,0.06298786824038051,0.06475930877308018,0.06653019339158468,0.06830056418260964,0.07007045910498538,0.07183991248175285,0.07360895542376211,0.07537761619560308,0.07714592053279253,0.07891389191760297,0.08068155181967075,0.08244891990650582,0.08421601422819287,0.08598285137989202,0.08774944664518258,0.0895158141228276,0.09128196683914841,0.09304791684787568,0.09481367531907176,0.0965792526184915,0.09834465837855867,0.10010990156197003,0.10187499051880484,0.10363993303789842,0.10540473639313985,0.10716940738526891,0.10893395237967256,0.11069837734062167,0.11246268786233092,0.11422688919718092,0.11599098628139994,0.11775498375846756,0.11951888600047234,0.12128269712762892,0.12304642102613698,0.12481006136454316,0.12657362160875132,0.12833710503580845,0.1301005147465816,0.1318638536774283,0.1336271246109524,0.13539033018592775,0.13715347290646365,0.13891655515047918,0.14067957917754606,0.142442547136154,0.14420546107044832,0.14596832292648296,0.14773113455802975,0.14949389773198005,0.15125661413337146,0.15301928537007,0.1547819129771348,0.15654449842088972,0.15830704310272545,0.16006954836265172,0.16183201548261944,0.16359444568962925,0.16535684015864235,0.1671192000153092,0.1688815263385274,0.17064382016284285,0.17240608248070402,0.17416831424458054
-0.398989898989899,0.0,2.4309272817853212e-05,0.0007755891437061105,0.002481207638856528,0.004516009857206674,0.006597360510417233,0.008649261951429748,0.01065909256489677,0.01263058914820993,0.014570518287092146,0.01648518165340895,0.018379711186307924,0.02025811771121874,0.022123502419168547,0.02397826666161086,0.025824282375717895,0.02766302185461572,0.029495654333331053,0.03132311747139962,0.03314617037869347,0.03496543319385276,0.03678141686450163,0.03859454575479814,0.04040517496533486,0.042213603722984765,0.04402008582425603,0.04582483785003868,0.0476280456799946,0.04942986969859508,0.05123044898617531,0.05302990471639829,0.054828342928563915,0.05662585680391987,0.058422528545762624,0.060218430940986105,0.06201362866393408,0.0638081793705622,0.06560213462101978,0.06739554066108878,0.06918843908692969,0.07098086741288383,0.07277285955836772,0.07456444626694703,0.07635565546832142,0.07814651259206129,0.07993704084041199,0.08172726142624416,0.08351719378122201,0.08530685573843737,0.08709626369308077,0.08888543274416254,0.0906743768198352,0.09246310878848335,0.09425164055742828,0.09603998316082481,0.09782814683810415,0.09961614110412496,0.10140397481203672,0.10319165620972097,0.10497919299056231,0.10676659233920172,0.10855386097283988,0.11034100517858741,0.11212803084729507,0.1139149435042449,0.11570174833703616,0.11748845022096066,0.1192750537421265,0.12106156321855993,0.12284798271948817,0.12463431608298357,0.1264205669321288,0.1282067386898458,0.12999283459251537,0.13177885770250056,0.13356481091967595,0.13535069699205302,0.13713651852558303,0.1389222779932115,0.14070797774324906,0.14249362000711882,0.1442792069065332,0.14606474046014925,0.14785022258974492,0.14963565512595792,0.15142103981362046,0.15320637831672498,0.15499167222304852,0.156776923048464,0.15856213224096163,0.16034730118440457,0.1621324312020372,0.16391752355976635,0.16570257946923164,0.16748760009068062,0.1692725865356632,0.17105753986955863,0.1728424611139466,0.1746273512488338,0.17641221121474626
-0.38888888888888884,0.0,2.661589117535153e-05,0.0008116347133771297,0.0025589461173191694,0.004626520438719673,0.006734767350106274,0.008810878759088512,0.010843809430758774,0.012837993112561294,0.014800497971224381,0.016737753736641523,0.018654943510267846,0.02055609488783686,0.02244431057337477,0.024321986966462265,0.026190988670050746,0.028052780143197963,0.029908523122899863,0.03175914844067767,0.033605409143394965,0.035447920056479225,0.03728718750216873,0.03912363182936144,0.04095760465483923,0.04278940218002439,0.04461927556929359,0.04644743910819397,0.04827407666935005,0.05009934687722783,0.05192338726418841,0.05374631763831502,0.05556824283062797,0.05738925495012686,0.05920943524583458,0.06102885565298405,0.06284758008376894,0.06466566551030306,0.06648316287759692,0.06830011787673813,0.07011657160251646,0.07193256111506928,0.0737481199214376,0.07556327838999863,0.07737806410840452,0.07919250219378247,0.08100661556243988,0.08282042516509198,0.08463395019263263,0.08644720825665175,0.08826021554823409,0.0900729869780197,0.09188553630005092,0.09369787622154825,0.09551001850044244,0.09732197403222304,0.09913375292744202,0.10094536458102227,0.10275681773436295,0.10456812053109822,0.10637928056725275,0.10819030493643822,0.1100012002706533,0.11181197277717708,0.11362262827198481,0.1154331722100621,0.11724360971294771,0.11905394559379584,0.12086418438021423,0.1226743303351047,0.12448438747570707,0.12629435959102392,0.12810425025778482,0.12991406285509047,0.1317238005778623,0.13353346644920946,0.13534306333181392,0.1371525939384224,0.1389620608415267,0.1407714664823043,0.14258081317888388,0.1443901031339954,0.14619933844205635,0.14800852109574306,0.1498176529920895,0.15162673593815287,0.15343577165628167,0.1552447617890179,0.15705370790366333,0.15886261149653583,0.16067147399694023,0.16248029677087553,0.16428908112449925,0.16609782830736677,0.16790653951546253,0.16971521589403848,0.17152385854027455,0.17333246850577322,0.17514104679889989,0.17694959438698213,0.17875811219837426
-0.37878787878787873,0.0,2.9194370218621888e-05,0.0008501378810656727,0.0026408626491441073,0.004742391019139024,0.006878578870016544,0.00897993310925931,0.011037011289218364,0.013054946085841427,0.01504110436518774,0.017002040777213383,0.018942987066255527,0.020867985719206464,0.022780139574008054,0.024681839062708086,0.026574940697735163,0.028460900533129028,0.030340872370620536,0.03221577987417278,0.03408636976045335,0.03595325132882172,0.037816926104618065,0.03967781028182446,0.041536251878594437,0.04339254397566144,0.04524693502562563,0.04709963695158301,0.048950831562180934,0.0508006756732562,0.05264930522742442,0.05449683863110472,0.05634337947570486,0.05818901877063712,0.060033836786689034,0.06187790458634132,0.06372128530099963,0.06556403520240421,0.06740620460571176,0.06924783863417376,0.07108897786943615,0.07292965890685366,0.07476991483155984,0.07660977562813165,0.07844926853437346,0.0802884183478872,0.08212724769259727,0.08396577725118566,0.08580402596840381,0.08764201122942038,0.08947974901670062,0.09131725404836556,0.09315453990052709,0.09499161911571809,0.09682850329922355,0.09866520320485589,0.1005017288114969,0.10233808939154372,0.10417429357223844,0.10601034939072855,0.10784626434359218,0.10968204543146552,0.11151769919932741,0.11335323177292568,0.1151886488917691,0.11702395593905583,0.11885915796886554,0.12069425973090155,0.12252926569303668,0.12436418006188711,0.12619900680161142,0.1280337496511116,0.12986841213979167,0.13170299760201296,0.1335375091903699,0.13537194988789739,0.1372063225193082,0.13904062976134896,0.140874874152355,0.1427090581010745,0.14454318389482682,0.14637725370705265,0.14821126960430822,0.15004523355275048,0.15187914742415662,0.15371301300151538,0.15554683198422634,0.15738060599293782,0.15921433657405346,0.16104802520393247,0.16288167329280864,0.16471528218844886,0.16654885317957185,0.16838238749904486,0.1702158863268749,0.1720493507930103,0.1738827819799655,0.17571618092528293,0.17754954862384312,0.17938288603003374,0.18121619405978814
-0.3686868686868687,0.0,3.208676213587456e-05,0.0008913713162280338,0.0027273864235557756,0.004864168983468948,0.007029454269106124,0.00915719620557418,0.011239582508192016,0.013282446696631997,0.015293451252777293,0.017279272416980542,0.019245187907032946,0.02119525310756849,0.02313256952463825,0.025059520540835406,0.02697795377060465,0.028889316252061994,0.030794753382871493,0.03269518129467783,0.03459134008641069,0.036483833301916645,0.03837315748448138,0.040259724522199676,0.04214387871032108,0.04402590990568984,0.0459060637627364,0.04778454976924217,0.049661547608001066,0.05153721223333912,0.05341167795266435,0.05528506173143305,0.05715746588729503,0.059028980300265765,0.06089968423675615,0.06276964786347464,0.06463893351068699,0.06650759673170059,0.06837568719573715,0.07024324944384548,0.0721103235316526,0.0739769455781585,0.07584314823615894,0.07770896109700463,0.07957441104011255,0.08143952253580375,0.08330431790856051,0.08516881756659199,0.08703304020262075,0.08889700297000262,0.09076072163763586,0.0926242107265739,0.09448748363080928,0.09635055272432304,0.09821342945618415,0.10007612443522385,0.10193864750559191,0.10380100781431785,0.10566321387184575,0.10752527360637865,0.10938719441275817,0.11124898319650844,0.11311064641359296,0.11497219010636232,0.11683361993611169,0.11869494121261485,0.12055615892095643,0.12241727774594634,0.12427830209436687,0.1261392361152728,0.1280000837185402,0.12986084859183797,0.13172153421617633,0.13358214388016842,0.13544268069312856,0.1373031475971159,0.13916354737802072,0.14102388267578153,0.14288415599381107,0.14474436970770183,0.1466045260732741,0.14846462723402432,0.15032467522802476,0.15218467199432106,0.15404461937887,0.15590451914005546,0.15776437295381668,0.15962418241842105,0.1614839490589091,0.16334367433123778,0.1652033596261461,0.16706300627276405,0.1689226155419844,0.17078218864961625,0.17264172675933517,0.17450123098544656,0.17636070239547483,0.1782201420125913,0.18007955081789304,0.18193892975254197,0.18379827971977572
-0.35858585858585856,0.0,3.534381593491801e-05,0.0009356545768098686,0.0028190188054098638,0.004992493987447872,0.007188164231973982,0.009343569956978152,0.0114525575389424,0.013521663201234707,0.01555884172533893,0.01757088739503356,0.019563121059499564,0.021539608875715224,0.023503449451677497,0.025457017961843426,0.027402152255915507,0.029340289698856385,0.031272566778860734,0.033199891701257346,0.035122997636098725,0.03704248212304267,0.03895883652234974,0.04087246825214226,0.04278371774953086,0.04469287153504512,0.046600172370735125,0.048505827229538216,0.05041001360080095,0.0523128845195264,0.054214572608179266,0.056115193348232416,0.05801484774617657,0.05991362451996054,0.061811601902955045,0.063708849140843,0.06560542774041488,0.06750139251671784,0.06939679247537661,0.07129167155945304,0.07318606928440526,0.07508002128015664,0.07697355975569548,0.07886671389877843,0.08075951022103946,0.08265197285698442,0.08454412382388347,0.08643598324838363,0.08832756956469708,0.09021889968842924,0.0921099891694615,0.0940008523267689,0.09589150236760931,0.09778195149315377,0.09967221099232028,0.10156229132531723,0.10345220219818675,0.10534195262945789,0.10723155100986459,0.10912100515595528,0.11101032235830954,0.1128995094249831,0.11478857272072292,0.11667751820242384,0.11856635145124032,0.12045507770171537,0.12234370186824384,0.124232228569151,0.12612066214863232,0.12800900669677326,0.12989726606784144,0.13178544389702315,0.1336735436157552,0.13556156846578934,0.13744952151210754,0.13933740565479782,0.14122522363998616,0.1431129780699107,0.14500067141221595,0.1468883060085364,0.14877588408243173,0.15066340774673098,0.15255087901033482,0.15443829978452372,0.15632567188881188,0.1582129970563856,0.16010027693915943,0.16198751311248125,0.1638747070795151,0.16576186027532563,0.16764897407068904,0.16953604977565107,0.1714230886428515,0.17331009187063204,0.17519706060594578,0.1770839959470807,0.17897089894621232,0.18085777061179717,0.18274461191081917,0.18463142377089872,0.18651820708227418
-0.34848484848484845,0.0,3.9027333242548205e-05,0.0009833653124192183,0.0029163502651192927,0.005128119565601158,0.00735561706277514,0.009540117656094799,0.011677156183574795,0.013773973376531343,0.015838812733368884,0.01787858278287002,0.019898644462844253,0.021903072423418806,0.023894960691284387,0.025876674984471142,0.02785004245194245,0.02981649007418688,0.031777144881792556,0.033732906725643795,0.035684501508233726,0.03763252049391339,0.039577449640496275,0.041519691716749095,0.0434595831536262,0.04539740701215919,0.0473334030586919,0.049267775664016446,0.051200700049773375,0.053132327268083764,0.05506278820175268,0.05699219680091172,0.05892065271969771,0.060848243477990595,0.06277504624451867,0.06470112931608475,0.06662655335135804,0.06855137240523854,0.07047563480025099,0.07239938386403481,0.0743226585562445,0.07624549400366602,0.0781679219588003,0.08008997119434508,0.08201166784375959,0.08393303569629297,0.08585409645340579,0.08777486995233723,0.08969537436161466,0.09161562635251953,0.09353564124988238,0.09545543316505066,0.09737501511343573,0.09929439911868178,0.10121359630519665,0.10313261698053071,0.1050514707088784,0.10697016637679606,0.10888871225208002,0.11080711603662012,0.11272538491393415,0.1146435255919972,0.11656154434189919,0.11847944703279682,0.12039723916356677,0.12231492589151814,0.12423251205847659,0.12615000221451747,0.12806740063959002,0.12998471136324882,0.1319019381826823,0.1338190846792073,0.13573615423337937,0.13765315003885323,0.13957007511511102,0.14148693231916554,0.14340372435633314,0.14532045379016165,0.1472371230515887,0.14915373444740046,0.15107029016805115,0.15298679229489923,0.15490324280691117,0.15681964358687625,0.15873599642717548,0.16065230303513983,0.16256856503803224,0.16448478398768393,0.1664009613648122,0.1683170985830453,0.17023319699267717,0.1721492578841731,0.1740652824914446,0.17598127199491284,0.17789722752437367,0.17981315016168195,0.1817290409432659,0.18364490086248567,0.18556073087184619,0.18747653188507507,0.18939230477907498
-0.3383838383838384,0.0,4.3213332208403176e-05,0.0010349539285615691,0.0030200824483047495,0.005271941288757624,0.007532892750455011,0.009748103981349657,0.01191482959149367,0.014041016562277214,0.01613519321572097,0.01820437823248251,0.020253969360421235,0.02228804728268928,0.02430969962360785,0.026321281291010384,0.028324607715631837,0.030321094718514786,0.0323118592742296,0.03429779241094491,0.0362796123925273,0.038257903910522396,0.04023314727919019,0.04220574042058419,0.044176015596469366,0.04614425227256089,0.048110687105466544,0.050075521767407476,0.05203892913023527,0.054001058192884394,0.05596203803793851,0.057921981031740434,0.05988098543042675,0.06183913751589649,0.06379651335718549,0.06575318027131062,0.06770919804146307,0.06966461993809353,0.07161949357896406,0.07357386165691983,0.0755277625584357,0.07748123089152956,0.07943429793811552,0.08138699204308152,0.08333933895015207,0.08529136209281468,0.0872430828471526,0.0891945207522647,0.09114569370300672,0.09309661811901733,0.09504730909335683,0.096997780523565,0.09894804522751295,0.10089811504606357,0.10284800093425768,0.10479771304249198,0.10674726078894499,0.1086966529243309,0.11064589758991132,0.11259500236956886,0.11454397433663875,0.11649282009610307,0.11844154582267387,0.12039015729522462,0.12233865992797122,0.12428705879875514,0.1262353586747371,0.12818356403577355,0.13013167909571666,0.13207970782184836,0.13402765395263713,0.1359755210139836,0.1379233123341028,0.1398710310571741,0.14181868015587726,0.14376626244291776,0.14571378058163634,0.14766123709578544,0.1496086343785488,0.1515559747008708,0.1535032602191569,0.1554504929823994,0.15739767493877868,0.15934480794178318,0.16129189375588968,0.16323893406183967,0.1651859304615451,0.16713288448265337,0.1690797975827989,0.17102667115356632,0.1729735065241873,0.17492030496499225,0.17686706769063534,0.17881379586310964,0.18076049059456947,0.182707152949972,0.1846537839495537,0.18660038457115213,0.18854695575238464,0.19049349839269425,0.19244001335527194
-0.3282828282828283,0.0,4.7996361085416686e-05,0.001090963046145005,0.003131057338792892,0.0054250339607409695,0.00772128798376747,0.009969047876504116,0.012167321080944366,0.014324762492658877,0.016450180994943376,0.018550700977113515,0.020631753438269822,0.022697422419455077,0.02475078715782333,0.026794190271966157,0.028829434360154185,0.03085792323347884,0.03288076315244675,0.034898835806641645,0.03691285141185044,0.03892338775805564,0.0409309192491705,0.04293583874189142,0.04493847414798288,0.04693910118706845,0.04893795327932245,0.05093522929117203,0.05293109965334051,0.05492571123329155,0.05691919124591182,0.058911650415288765,0.06090318554864837,0.06289388164537393,0.06488381363568277,0.06687304782229243,0.06886164308235562,0.0708496518747162,0.07283712108815876,0.07482409275907383,0.07681060468132292,0.07879669092666966,0.08078238229066505,0.08276770667611655,0.0847526894240737,0.08673735360050078,0.08872172024539,0.09070580858991945,0.09268963624632702,0.09467321937440919,0.09665657282792715,0.09863971028368775,0.1006226443556405,0.10260538669597746,0.10458794808492823,0.10657033851069542,0.10855256724076849,0.11053464288568064,0.11251657345612481,0.11449836641422122,0.11648002871962214,0.11846156687104993,0.12044298694378673,0.1224242946235678,0.12440549523727491,0.12638659378077569,0.128367594944214,0.13034850313501867,0.13232932249886767,0.13431005693881556,0.13629071013276975,0.13827128554947887,0.14025178646317912,0.14223221596702787,0.1442125769854404,0.14619287228543199,0.14817310448705837,0.15015327607303688,0.15213338939762142,0.15411344669479934,0.15609345008586856,0.15807340158644947,0.16005330311298024,0.1620331564887389,0.16401296344943259,0.1659927256483891,0.16797244466138375,0.1699521219911313,0.17193175907146882,0.17391135727125537,0.17589091789800895,0.17787044220130296,0.17984993137593888,0.18182938656491332,0.18380880886219386,0.1857881993153189,0.18776755892783367,0.18974688866157452,0.1917261894388124,0.19370546214426573,0.19568470762699133
-0.3181818181818182,0.0,5.349547786440409e-05,0.0011520537204586273,0.003250296381802345,0.005588701505894365,0.00792237654916361,0.010204793529117524,0.012436747803890395,0.014627603738567592,0.016786446068244754,0.018920500025868384,0.02103522596593711,0.02313470835394439,0.025222015858554273,0.027299477179828207,0.02936888085339147,0.031431617739414795,0.0334887826549127,0.03554124737806885,0.03758971362123276,0.03963475190669933,0.04167683043054666,0.043716336740041335,0.04575359419490388,0.047788874600033414,0.04982240799735122,0.051854390327381324,0.053884989477333445,0.05591435009539603,0.05794259745303562,0.05996984056643818,0.06199617473673084,0.06402168363073359,0.06604644099585895,0.06807051208171071,0.07009395482502298,0.07211682084247192,0.07413915626660722,0.0761610024529769,0.07818239658094271,0.08020337216631683,0.08222395950051205,0.08424418602817384,0.0862640766730915,0.08828365412044763,0.09030293906206367,0.09232195041016829,0.09434070548429178,0.09635922017514004,0.09837750908868205,0.1003955856731784,0.10241346233145676,0.10443115052039237,0.10644866083925943,0.10846600310837745,0.11048318643927202,0.11250021929739744,0.1145171095583239,0.11653386455816932,0.11855049113895083,0.12056699568944247,0.12258338418204974,0.1245996622061456,0.1266158349982582,0.12863190746945088,0.13064788423019427,0.13266376961299434,0.13467956769300868,0.13669528230685635,0.13871091706980354,0.1407264753914857,0.1427419604903096,0.14475737540666286,0.14677272301504424,0.1487880060352162,0.15080322704247034,0.15281838847708715,0.1548334926530624,0.15684854176616597,0.15886353790139165,0.16087848303985117,0.16289337906515985,0.16490822776935773,0.1669230308584038,0.16893778995728045,0.17095250661473874,0.17296718230771405,0.17498181844543867,0.17699641637327498,0.17901097737629135,0.18102550268260062,0.18303999346647915,0.1850544508512834,0.18706887591217888,0.18908326967869582,0.19109763313712347,0.19311196723275603,0.19512627287199916,0.19714055092434923,0.19915480222425141
-0.30808080808080807,0.0,5.986269431972725e-05,0.0012190413742439326,0.0033790538665127282,0.005764545028785071,0.00813809176629501,0.01045760729014907,0.012725712296289245,0.014952482012043099,0.01714727176204743,0.019317402241975822,0.0214683588552784,0.02360422324446551,0.02572805108986978,0.02784215536161161,0.029948309162084446,0.03204788935011197,0.03414197848348138,0.03623143778735094,0.03831695995983621,0.04039910784431255,0.0424783430944957,0.04455504767347615,0.04662954016128367,0.04870208825793145,0.050772918467042356,0.05284222366760011,0.0549101690876079,0.05697689705670692,0.05904253081728714,0.0611071776033413,0.06317093114515075,0.06523387372028756,0.06729607784352262,0.06935760766735458,0.07141852014912158,0.07347886602867519,0.07553869065141179,0.07759803466436664,0.07965693460756454,0.0817154234185086,0.08377353086429391,0.08583128391314364,0.08788870705502326,0.08994582257927386,0.09200265081582394,0.09405921034542235,0.09611551818342702,0.09817158994094306,0.1002274399664944,0.1022830814709141,0.10433852663772307,0.10639378672092376,0.108448872131849,0.11050379251646669,0.11255855682433995,0.11461317337027387,0.11666764988953639,0.11872199358742071,0.12077621118381317,0.1228303089533435,0.12488429276161946,0.12693816809798367,0.1289919401051754,0.13104561360623296,0.13309919312893143,0.13515268292801436,0.1372060870054491,0.13925940912890636,0.1413126528486439,0.14336582151295188,0.14541891828230152,0.14747194614232126,0.14952490791571307,0.1515778062732079,0.15363064374364938,0.15568342272328597,0.1577361454843429,0.15978881418293764,0.16184143086639777,0.16389399748003217,0.1659465158734034,0.16799898780614295,0.17005141495334797,0.17210379891059482,0.17415614119859923,0.1762084432675535,0.17826070650116546,0.1803129322204233,0.18236512168710728,0.18441727610706857,0.18646939663329265,0.18852148436876334,0.19057354036914306,0.1926255656452824,0.194677561165572,0.19672952785814746,0.19878146661295878,0.20083337828371314,0.2028852636897007
-0.29797979797979796,0.0,6.729515021785664e-05,0.0012929459984933702,0.0035188911750502795,0.005954557472151594,0.008370841200866537,0.010730312608089614,0.013037457839662174,0.015303064125657772,0.017536751420431672,0.019745929860498754,0.02193610508458564,0.024111352278159692,0.026274711420332775,0.028428477716479997,0.030574407293174354,0.03271386182351634,0.03484791068480124,0.03697740382346147,0.03910302434488551,0.041225326947245296,0.04334476636218246,0.04546171865646053,0.04757649737156037,0.04968936588621167,0.051800546983487926,0.053910230326281505,0.05601857835149008,0.058125730956972495,0.06023180925829333,0.062336918622437204,0.06444115113489325,0.06654458761922484,0.06864729930060565,0.0707493491841394,0.07285079320319861,0.07495168118117082,0.07705205764092776,0.07915196248932997,0.08125143159863919,0.08335049730245687,0.08544918882045714,0.08754753262353132,0.08964555274885183,0.09174327107266905,0.09384070754729877,0.09593788040765439,0.09803480635178508,0.1001315006991511,0.10222797752976866,0.10432424980686421,0.10642032948526957,0.10851622760745287,0.11061195438879656,0.11270751929350038,0.114802931102287,0.11689819797292507,0.11899332749444068,0.12108832673577163,0.12318320228951757,0.12527796031135116,0.12737260655558513,0.1294671464073241,0.13156158491157774,0.13365592679966476,0.13575017651319707,0.13784433822589848,0.13993841586348274,0.14203241312178908,0.14412633348335058,0.14622018023255118,0.1483139564695095,0.15040766512281212,0.15250130896120653,0.15459489060435086,0.15668841253270838,0.15878187709666494,0.16087528652493932,0.16296864293235003,0.1650619483269948,0.1671552046168945,0.16924841361614681,0.1713415770506316,0.1734346965633059,0.1755277737191221,0.17762081000960042,0.1797138068570837,0.18180676561869982,0.18389968759005504,0.1859925740086792,0.18808542605724243,0.19017824486655988,0.19227103151840186,0.19436378704812293,0.1964565124471235,0.19854920866515738,0.20064187661249425,0.20273451716194998,0.20482713115079235,0.20691971938253187
-0.2878787878787879,0.0,7.605308230910955e-05,0.001375063835356785,0.0036717823387556604,0.006161258198688583,0.008623669860571687,0.011026482097577414,0.013376089695205167,0.01568399263268869,0.017960068634287844,0.020211810445481954,0.022444738490450932,0.02466291738069866,0.02686936831625084,0.029066366425266915,0.03125564910244984,0.033438561484766836,0.035616158717079856,0.0377892786373699,0.03995859409610251,0.0421246511119332,0.04428789705890992,0.04644870174913928,0.04860737338817637,0.05076417078470167,0.05291931279160081,0.055072985677801584,0.05722534893721856,0.059376539905483354,0.06152667745868459,0.06367586499901785,0.06582419288190061,0.06797174040217868,0.07011857742970529,0.07226476576414309,0.07441036026344269,0.07655540978875378,0.07869995799956982,0.08084404402600018,0.08298770303970006,0.08513096674079455,0.08727386377483455,0.08941642009121031,0.09155865925237079,0.09370060270153191,0.09584226999521951,0.09798367900590961,0.10012484609914905,0.10226578628882212,0.10440651337364025,0.10654704005744688,0.10868737805552987,0.11082753818880087,0.11296753046742457,0.11510736416524975,0.11724704788619901,0.11938658962361211,0.1215259968133985,0.12366527638173934,0.12580443478797898,0.12794347806326198,0.1300824118453996,0.1322212414103873,0.13435997170094285,0.13649860735238775,0.13863715271615593,0.1407756118811795,0.14291398869337188,0.145052286773402,0.1471905095329332,0.14932866018947713,0.15146674178000094,0.15360475717340585,0.15574270908198581,0.15788060007196225,0.16001843257318,0.16215620888804175,0.1642939311997496,0.16643160157991557,0.1685692219955969,0.1707067943158059,0.1728443203175397,0.17498180169137087,0.17711924004663523,0.17925663691625093,0.18139399376119847,0.18353131197468944,0.18566859288604906,0.18780583776433424,0.18994304782170987,0.1920802242165993,0.19421736805662926,0.19635448040138212,0.19849156226497192,0.2006286146184565,0.2027656383920973,0.20490263447747872,0.20703960372949667,0.2091765469682257,0.21131346498067347
-0.27777777777777773,0.0,8.648706894399614e-05,0.0014670723409599517,0.0038402679387877312,0.006387889260540031,0.008900498365638242,0.01135071800849836,0.01374689831213057,0.016101252113441714,0.0184239068660582,0.02072243005015755,0.023002350614280558,0.025267717866367476,0.027521530687916348,0.029766041467068575,0.03200296684176119,0.03423363385359371,0.03645908219888153,0.03868013664685857,0.04089745902588927,0.04311158605552986,0.04532295724680153,0.047531935740999696,0.04973882406216417,0.05194387615966026,0.05414730671228943,0.05634929838797718,0.058550007560799554,0.060749568852204776,0.06294809876753207,0.06514569863020608,0.06734245696613486,0.0695384514543111,0.07173375053259388,0.07392841472747212,0.07612249776141931,0.07831604747991382,0.08050910663137256,0.08270171352644283,0.08489390259781511,0.0870857048775932,0.08927714840601109,0.09146825858271929,0.09365905846981844,0.0958495690541835,0.09803980947530627,0.1002297972238207,0.1024195483150112,0.10460907744090032,0.10679839810393342,0.10898752273480233,0.11117646279655848,0.11336522887683777,0.11555383076974961,0.11774227754875471,0.11993057763166627,0.12211873883874892,0.12430676844475447,0.12649467322561944,0.12868245950045157,0.13087013316935003,0.1330576997475338,0.13524516439619047,0.1374325319504083,0.1396198069445068,0.14180699363504445,0.14399409602174854,0.14618111786658178,0.14836806271113642,0.15055493389252525,0.15274173455791748,0.15492846767785326,0.1571151360584547,0.1593017423526379,0.16148828907042087,0.1636747785884109,0.16586121315854588,0.1680475949161584,0.1702339258874216,0.17242020799623267,0.17460644307058185,0.1767926328484514,0.17897877898328543,0.18116488304906522,0.1833509465450237,0.18553697090002827,0.18772295747665912,0.18990890757500725,0.19209482243621434,0.1942807032457747,0.1964665511366184,0.19865236719199098,0.20083815244814643,0.2030239078968671,0.2052096344878228,0.20739533313078173,0.20958100469768337,0.21176665002458372,0.21395226991348185,0.21613786513403566
-0.2676767676767677,0.0,9.908061995306398e-05,0.0015711884447450796,0.004027686208547154,0.006638710262799699,0.009206481062099358,0.011709074235099126,0.01415684586113714,0.016562720746115277,0.018937066438077032,0.021287515909119193,0.023619599316936152,0.02593734514482231,0.028243725822263237,0.030540967884904135,0.032830764844620684,0.03511442382131214,0.037392967636905416,0.03966720686495505,0.04193779141067482,0.044205247966279254,0.04647000758529058,0.048732426248432326,0.0509928003912943,0.05325137876314801,0.05550837158125568,0.05776395766843042,0.0600182900703125,0.06227150051487965,0.06452370298179201,0.06677499658114554,0.06902546789192185,0.0712751928743477,0.07352423844371267,0.07577266377330379,0.07802052137914842,0.08026785802789956,0.08251471550051408,0.08476113123768197,0.08700713888777468,0.08925276877402387,0.09149804829445511,0.09374300226557909,0.09598765321883658,0.09823202165719026,0.10047612627796405,0.1027199841669904,0.1049636109682765,0.10720702103271147,0.10945022754876887,0.11169324265769397,0.11393607755527946,0.11617874258201437,0.11842124730312449,0.12066360057980118,0.12290581063272792,0.12514788509885852,0.12738983108226745,0.1296316551997814,0.13187336362200539,0.134114962110277,0.1363564560500108,0.13859785048083892,0.14083915012389944,0.1430803594065834,0.14532148248501148,0.14756252326447974,0.14980348541808508,0.15204437240371668,0.154285187479578,0.15652593371838527,0.1587666140203727,0.1610072311252191,0.163247787622999,0.16548828596425033,0.16772872846924014,0.16996911733650244,0.17220945465071316,0.17444974238996258,0.17668998243247716,0.17893017656283963,0.18117032647775003,0.18341043379136665,0.18565050004026287,0.18789052668803072,0.1901305151295607,0.1923704666950243,0.19461038265358277,0.19685026421684357,0.19909011254208495,0.20132992873526576,0.20356971385383815,0.2058094689093767,0.20804919487003862,0.21028889266286765,0.21252856317595262,0.21476820726045145,0.21700782573249042,0.2192474193749475,0.22148698893912763
-0.25757575757575757,0.0,0.00011451926771717881,0.001690415571446012,0.004238532416980861,0.0069194572413506196,0.00954856387829608,0.012109714177637329,0.014615325101456819,0.017079030937986007,0.01951142749892758,0.021920202168401886,0.024310877598936947,0.02668745488426993,0.029052875088187352,0.03140933519248574,0.0337585027636492,0.03610166282510127,0.03843981962529713,0.04077376819831093,0.043104145451082626,0.045431467179054726,0.04775615526815546,0.05007855795324376,0.05239896509494197,0.05471761983484811,0.05703472758476268,0.059350463030232364,0.06166497563873891,0.06397839403010042,0.06629082947273243,0.06860237870220254,0.07091312620987388,0.07322314611387211,0.0755325036983505,0.0778412566874553,0.08014945630567698,0.08245714816511332,0.08476437301164169,0.08707116735543086,0.08937756400612927,0.09168359252909049,0.09398927963587143,0.09629464951976811,0.09859972414519001,0.10090452349810115,0.10320906580349494,0.10551336771484719,0.10781744447966508,0.11012131008457232,0.11242497738281763,0.11472845820663874,0.11703176346653571,0.119334903239198,0.12163788684556658,0.12394072292029829,0.12624341947371526,0.12854598394717046,0.13084842326263021,0.13315074386716616,0.13545295177295485,0.13775505259330567,0.1400570515751685,0.14235895362851622,0.14466076335294625,0.14696248506180382,0.14926412280409077,0.15156568038439525,0.15386716138104536,0.15616856916267033,0.15846990690332893,0.16077117759634757,0.16307238406699498,0.1653735289841056,0.1676746148707519,0.16997564411405555,0.17227661897421706,0.17457754159283534,0.17687841400058227,0.17917923812428851,0.18148001579349415,0.18378074874650904,0.18608143863602666,0.18838208703432843,0.19068269543811292,0.19298326527298168,0.19528379789760922,0.1975842946076234,0.19988475663921848,0.20218518517252315,0.20448558133474212,0.20678594620308835,0.20908628080752353,0.2113865861333192,0.21368686312345406,0.21598711268085832,0.21828733567051628,0.22058753292143865,0.22288770522851245,0.2251878533542385,0.22748797803036347
-0.2474747474747475,0.0,0.0001338074914469106,0.0018289456176011779,0.004479041850131489,0.007238087854733308,0.009936391298079795,0.012563981208227472,0.015135394904511492,0.017664971104416678,0.02016351894593169,0.022638766615721753,0.025096218643311154,0.027539840757483353,0.029972536693041712,0.03239646938683244,0.03481327703845261,0.037224219934663204,0.03963028168690521,0.04203224015702694,0.044430717946856435,0.04682621889783764,0.04921915486451625,0.05160986562367544,0.05399863386877255,0.05638569663748163,0.05877125411729126,0.06115547650059657,0.06353850937245943,0.06592047798291183,0.06830149066295009,0.07068164157710562,0.07306101295758952,0.07543967693003482,0.07781769701505868,0.08019512937065369,0.08257202382598099,0.0849484247461998,0.0873243717596116,0.08969990037196894,0.09207504248781356,0.09444982685481935,0.09682427944406026,0.0991984237767089,0.101572281205751,0.10394587115976783,0.10631921135460402,0.10869231797774236,0.1110652058493991,0.11343788856369286,0.11581037861270083,0.11818268749577097,0.12055482581609277,0.12292680336622315,0.1252986292040132,0.1276703117201668,0.13004185869848778,0.1324132773697205,0.13478457445976458,0.13715575623293685,0.13952682853086382,0.14189779680751038,0.14426866616078488,0.14663944136110416,0.14901012687725482,0.15138072689984317,0.15375124536259321,0.1561216859617185,0.15849205217356852,0.16086234727072543,0.16323257433670887,0.16560273627942518,0.16797283584348646,0.17034287562150693,0.172712858064475,0.17508278549128817,0.17745266009752833,0.1798224839635465,0.18219225906192082,0.18456198726434248,0.18693167034798086,0.18930131000137287,0.19167090782987795,0.19404046536073463,0.19640998404775342,0.19877946527567528,0.20114891036422353,0.20351832057187383,0.20588769709936508,0.20825704109297158,0.21062635364755533,0.2129956358094152,0.215364888578949,0.2177341129131423,0.2201033097278974,0.22247247990021335,0.22484162427022922,0.22721074364313976,0.22957983879099322,0.23194891045437863,0.23431795934401176
-0.23737373737373738,0.0,0.00015847735039382915,0.001992847527849427,0.004758186159890323,0.007606056927867533,0.01038386094979725,0.013088235224287127,0.01573590135581525,0.01834189326882391,0.020917213963814827,0.02346961523246693,0.026004570196329704,0.028525999281398106,0.031036761476552478,0.03353898009231497,0.03603425971055616,0.038523832601348,0.04100865917523292,0.04348949809286706,0.045966956026681265,0.04844152354981313,0.05091360141137747,0.05338352004433525,0.05585155423835401,0.05831793430980033,0.060782854700678644,0.06324648066734238,0.06570895353373715,0.06817039485443724,0.07063090974144626,0.07309058954359361,0.07554951402034685,0.07800775311756382,0.0804653684274346,0.08292241439605882,0.08537893932798636,0.08783498622635905,0.09029059349913342,0.0927457955555868,0.09520062331244833,0.09765510462520326,0.1001092646571416,0.1025631261963695,0.10501670992913226,0.10747003467630396,0.10992311759869834,0.11237597437588663,0.11482861936242054,0.11728106572471884,0.1197333255613486,0.12218541000900263,0.1246373293361162,0.1270890930257708,0.12954070984928787,0.13199218793170686,0.13444353481017346,0.13689475748611615,0.13934586247196776,0.1417968558330854,0.14424774322543502,0.14669852992953014,0.14914922088105212,0.15159982069852435,0.1540503337083655,0.15650076396760623,0.1589511152845203,0.16140139123738922,0.16385159519159492,0.16630173031521134,0.16875179959324635,0.17120180584066827,0.17365175171433703,0.17610163972394402,0.1785514722420577,0.181001251513357,0.18345097966312954,0.1859006587051011,0.18835029054865746,0.19079987700551224,0.19324941979587093,0.19569892055413332,0.19814838083417544,0.20059780211424602,0.20304718580151013,0.20549653323626962,0.2079458456958859,0.21039512439843022,0.21284437050608315,0.21529358512830243,0.2177427693247781,0.22019192410819113,0.2226410504467906,0.22509014926680326,0.22753922145468816,0.22998826785924711,0.23243728929360327,0.234886286537055,0.23733526033681698,0.23978421140965267,0.24223314044341074
-0.22727272727272727,0.0,0.00019098588258894799,0.002191326110812473,0.005089493013145444,0.008040651009075795,0.01091197356410481,0.01370722317563257,0.016445373315381238,0.019142136998698097,0.021808684798359877,0.02445276963861276,0.027079816073783528,0.02969368645838093,0.03229718553096756,0.034892389833687414,0.03748086489543504,0.04006381077741455,0.04264216141309237,0.04521665366952935,0.047787876214464536,0.050356304673451785,0.05292232731781488,0.05548626410487048,0.05804838097916407,0.06060890074674873,0.06316801143805066,0.065725872807301,0.06828262143326715,0.07083837475875732,0.07339323431682458,0.07594728832780416,0.07850061380534096,0.08105327827606366,0.08360534119290158,0.08615685510370806,0.08870786662310497,0.09125841724505757,0.09380854402575489,0.09635828016026904,0.09890765547174467,0.10145669682818702,0.10400542849902684,0.10655387246135883,0.10910204866393657,0.11164997525555957,0.1141976687833244,0.11674514436527285,0.11929241584120807,0.12183949590482972,0.12438639621982885,0.12693312752216757,0.1294796997104216,0.13202612192577792,0.13457240262304343,0.13711854963381867,0.13966457022282772,0.14221047113825117,0.14475625865679526,0.14730193862412683,0.14984751649122005,0.15239299734708975,0.15493838594832207,0.15748368674576294,0.16002890390867777,0.16257404134665718,0.16511910272951055,0.16766409150535974,0.170209010917119,0.17275386401752846,0.17529865368288441,0.1778433826255987,0.1803880534057005,0.18293266844138348,0.18547723001868935,0.1880217403004091,0.19056620133427485,0.19311061506050675,0.19565498331877454,0.19819930785462478,0.2007435903254218,0.20328783230584455,0.2058320352929768,0.20837620071102733,0.2109203299157086,0.2134644241983041,0.21600848478944967,0.2185525128626512,0.22109650953756044,0.22364047588302852,0.22618441291995361,0.22872832162393916,0.23127220292777803,0.23381605772377415,0.23635988686591494,0.23890369117190588,0.24144747142507625,0.24399122837616627,0.24653496274500408,0.24907867522208002,0.25162236647002556
-0.21717171717171715,0.0,0.00023553899752429207,0.0024392294618170063,0.005494674305345864,0.00856965720337897,0.011554544051231236,0.014460841963285107,0.017309845300835132,0.02011791837847713,0.022896362315301233,0.025652900586945443,0.028392886130465464,0.031120106183252897,0.033837298588429564,0.03654648363632589,0.03924918059447871,0.04194655175969141,0.044639500248878285,0.047328737702854944,0.05001483203733673,0.05269824170754898,0.05537934069070601,0.05805843697061242,0.060735786400974406,0.06341160323342404,0.06608606820536743,0.06875933481982492,0.07143153426983324,0.07410277933553812,0.0767731674947115,0.0794427834252753,0.08211170103368218,0.08477998511045616,0.08744769269026147,0.09011487417609439,0.09278157427387501,0.09544783277364526,0.09811368520590368,0.10077916339571343,0.10344429593265525,0.10610910857114375,0.10877362457283574,0.11143786500065848,0.11410184897223798,0.11676559387911185,0.11942911557698978,0.1220924285514221,0.12475554606250122,0.12741848027162497,0.1300812423528607,0.13274384259104668,0.1354062904684362,0.13806859474141447,0.14073076350858815,0.14339280427135875,0.1460547239879289,0.14871652912155672,0.15137822568376036,0.15403981927307756,0.15670131510990512,0.1593627180678723,0.1620240327021437,0.16468526327499663,0.16734641377897364,0.17000748795787454,0.17266848932581955,0.17532942118458586,0.1779902866393993,0.1806510886133369,0.18331182986048336,0.18597251297796255,0.18863314041695708,0.19129371449281266,0.1939542373943145,0.19661471119221408,0.19927513784707643,0.2019355192165098,0.20459585706183311,0.2072561530542328,0.20991640878045317,0.21257662574806113,0.21523680539032186,0.21789694907071924,0.22055705808714995,0.22321713367581875,0.22587717701485954,0.22853718922770483,0.23119717138622276,0.23385712451364082,0.2365170495872737,0.23917694754106866,0.24183681926798395,0.2444966656222125,0.24715648742126226,0.24981628544790416,0.2524760604519972,0.25513581315219985,0.25779554423757534,0.2604552543690995,0.2631149441810773
-0.20707070707070707,0.0,0.000300008627759734,0.002762678769884298,0.006011807324769394,0.009241935704254451,0.01237116755965315,0.01541951649515761,0.018410663601512205,0.021361576277764745,0.024283631375465842,0.027184479137076032,0.030069368320321133,0.03294198712702027,0.03580498882832357,0.03866032423642699,0.04150945631899832,0.04435350187935119,0.047193327184703725,0.050029613879544944,0.052862905311157705,0.05569363967755322,0.05852217413987762,0.061348802628944175,0.06417376917839936,0.06699727803622613,0.06981950142345122,0.07264058555227855,0.07546065534107885,0.07827981814285002,0.08109816671909423,0.08391578163095176,0.08673273317624525,0.089549082969704,0.09236488524059194,0.09518018790486531,0.097995033456188,0.100809459710464,0.1036235004311827,0.10643718585722117,0.10925054315037645,0.11206359677649634,0.11487636883140966,0.11768887932075052,0.12050114640110092,0.12331318658854183,0.12612501493963285,0.12893664520897608,0.13174808998682105,0.13455936081959594,0.13737046831578428,0.14018142223918248,0.14299223159125737,0.14580290468406032,0.14861344920493635,0.15142387227408496,0.15423418049587642,0.15704438000469936,0.1598544765060074,0.16266447531314007,0.16547438138041803,0.16828419933294358,0.1710939334934833,0.1739035879067604,0.17671316636144319,0.1795226724100805,0.18233210938720415,0.18514148042579215,0.18795078847226265,0.19076003630015018,0.19356922652259623,0.196378361603773,0.1991874438693455,0.20199647551606362,0.20480545862056876,0.20761439514748872,0.21042328695688653,0.21323213581112332,0.21604094338118698,0.21884971125253697,0.22165844093050438,0.2244671338452898,0.22727579135659062,0.23008441475789146,0.23289300528044474,0.23570156409696721,0.23851009232507756,0.24131859103049258,0.2441270612300055,0.24693550389426033,0.24974391995033998,0.2525523102841822,0.25536067574283644,0.258169017136574,0.2609773352408622,0.26378563079821266,0.26659390451991305,0.2694021570876511,0.2722103891550379,0.2750186013490386,0.2778267942713159
-0.19696969696969693,0.0,0.00040122605940497706,0.003214250514577703,0.006717622978106693,0.010156408613609858,0.013482897034968314,0.016726601656963082,0.019913646630762238,0.02306151756370833,0.02618158085638408,0.029281346561228935,0.03236591003060769,0.03543882448085652,0.038502632129532414,0.04155919453507226,0.04460990337478991,0.04765581842625416,0.050697760110280495,0.05373637296464386,0.05677217008098768,0.05980556480098928,0.06283689371286125,0.06586643359706146,0.06889441409174467,0.07192102728296665,0.07494643505356868,0.07797077477683766,0.08099416377278638,0.08401670282891732,0.0870384790062445,0.09005956789390118,0.0930800354344557,0.09609993941216564,0.09911933067447394,0.10213825414081053,0.10515674964061401,0.10817485261332423,0.11119259469611899,0.11421000421982193,0.11722710662927151,0.12024392484122658,0.1232604795503615,0.12627678949191742,0.129292871668,0.13230874154325414,0.1353244132146406,0.13833989955922146,0.141355212363206,0.1443703624349688,0.14738535970431296,0.15040021330989248,0.1534149316764067,0.15642952258293663,0.1594439932235844,0.16245835026140934,0.16547259987650806,0.16848674780896708,0.1715007993973144,0.17451475961301013,0.17752863309144465,0.18054242415984886,0.18355613686247033,0.1865697749833218,0.18958334206677144,0.1925968414362087,0.19561027621099428,0.1986236493218733,0.20163696352501273,0.20465022141480457,0.20766342543555852,0.2106765778921956,0.2136896809600406,0.2167027366938007,0.2197157470358083,0.22272871382359685,0.2257416387968727,0.2287545236039373,0.2317673698076105,0.2347801788906996,0.2377929522610532,0.2408056912562373,0.24381839714786624,0.24683107114561598,0.2498437144009499,0.25285632801057717,0.25586891301966835,0.25888147042484716,0.2618940011769756,0.26490650618375056,0.26791898631212496,0.27093144239056777,0.2739438752111754,0.27695628553164625,0.27996867407712667,0.2829810415419404,0.2859933885912093,0.2890057158623711,0.29201802396660553,0.29503031349017217,0.298042584995667
-0.18686868686868685,0.0,0.0005847143596937319,0.003930403446316949,0.007813837199630783,0.011575624797400394,0.015212818161644484,0.01876599566187634,0.022263801821786677,0.02572409784925339,0.029158097241437874,0.03257305937846072,0.0359738449150855,0.039363812631846046,0.04274534983769906,0.04612019604505168,0.0494896467548194,0.05285468555479455,0.05621607205603083,0.0595744018548052,0.06293014831507333,0.06628369225809015,0.06963534343557558,0.07298535631143166,0.07633394183107511,0.07968127631625334,0.08302750826996387,0.08637276364122598,0.08971714994060037,0.09306075948820586,0.09640367199988621,0.09974595666339921,0.10308767381801102,0.10642887632300597,0.10976961068021457,0.11310991796056734,0.11644983457340703,0.11978939290879587,0.12312862187659411,0.12646754736113902,0.12980619260653128,0.13314457854456543,0.13648272407501535,0.13982064630615157,0.14315836076191654,0.1464958815610228,0.1498332215723129,0.15317039254996884,0.1565074052515537,0.15984426954137423,0.16318099448124934,0.16651758841043754,0.16985405901620462,0.1731904133962836,0.17652665811429366,0.17986279924902668,0.18319884243837736,0.18653479291858446,0.189870655559356,0.19320643489537384,0.19654213515460495,0.19987776028379045,0.20321331397143613,0.20654879966858405,0.209884220607612,0.21321957981927564,0.21655488014818178,0.21989012426685836,0.2232253146885684,0.2265604537789955,0.2298955437669162,0.23323058675395889,0.23656558472354106,0.23990053954906276,0.24323545300142782,0.24657032675595728,0.24990516239875019,0.25323996143254385,0.2565747252821175,0.25990945529928206,0.2632441527674912,0.2665788189061064,0.26991345487434854,0.2732480617749582,0.276582640657595,0.2799171925219914,0.2832517183208862,0.2865862189627533,0.2899206953143419,0.29325514820304477,0.29658957841910605,0.29992398671768306,0.3032583738207716,0.3065927404190062,0.3099270871733443,0.31326141471664304,0.3165957236551369,0.3199300145698224,0.32326428801775803,0.3265985445332843,0.3299327846291698
-0.17676767676767677,0.0,0.001094356445019901,0.0056858027433730985,0.01048479569945217,0.01506170336257396,0.019495070457440925,0.023843448081286547,0.028139132798321777,0.03240032916180789,0.036637861075581,0.040858505629312626,0.04506670098953935,0.04926546659065308,0.05345692423327094,0.057642606723684015,0.061823648035983274,0.06600090459357706,0.07017503499743878,0.07434655385379481,0.07851586898301643,0.08268330768658712,0.08684913564170366,0.09101357072454762,0.09517679327918961,0.09933895385271113,0.1035001790959721,0.10766057631750546,0.11182023703558447,0.11597923977618148,0.12013765229700446,0.12429553337027023,0.1284529342229868,0.1326098997090542,0.13676646926963906,0.14092267772510272,0.14507855593194732,0.1492341313308602,0.15338942840633857,0.15754446907409006,0.16169927300910453,0.16585385792472693,0.17000823981105748,0.17416243313942723,0.17831645103844737,0.1824703054461372,0.18662400724183584,0.19077756636096396,0.19493099189517968,0.19908429218005222,0.20323747487202995,0.20739054701619716,0.2115435151060803,0.21569638513657088,0.21984916265087076,0.2240018527822338,0.22815446029116435,0.2323069895986375,0.23645944481583106,0.2406118297707869,0.24476414803236643,0.2489164029318154,0.25306859758221073,0.2572207348960292,0.2613728176010451,0.2655248482547406,0.2696768292573878,0.2738287628639425,0.27798065119487586,0.28213249624605075,0.2862842998977405,0.29043606392287596,0.2945877899945964,0.29873947969317205,0.30289113451235816,0.307042755865235,0.31119434508958016,0.3153459034528185,0.31949743215658605,0.32364893234094316,0.3278004050882684,0.3319518514268605,0.3361032723342738,0.34025466874040955,0.34440604153038473,0.3485573915471954,0.35270871959419275,0.3568600264373854,0.36101131280758564,0.3651625794024058,0.36931382688812375,0.37346505590142165,0.37761626705101103,0.3817674609191523,0.3859186380630757,0.3900697990163116,0.3942209442899381,0.39837207437374805,0.4025231897373473,0.4066742908311829,0.41082537808751063
-0.16666666666666666,0.0,0.0019865331126496673,0.0067976377112138504,0.011644417604950703,0.01633413254153436,0.020921621916403985,0.025447198473301975,0.029933782793353736,0.03439457972967189,0.03883755703214088,0.04326775448592938,0.04768849656699283,0.0521020571308082,0.056510040504510084,0.06091360928580125,0.06531362568438885,0.06971074216146111,0.07410546127452362,0.07849817622361975,0.08288919896042621,0.08727878007908864,0.09166712315317145,0.09605439524251269,0.10044073470988896,0.10482625711640399,0.10921105972373797,0.11359522497206799,0.11797882319515278,0.12236191476059177,0.12674455177219415,0.1311267794353914,0.13550863716092046,0.13989015946342728,0.1442713766980635,0.14865231566812262,0.1530330001292834,0.15741345121040107,0.16179368776651248,0.16617372667645158,0.1705535830949482,0.17493327066712405,0.1793128017117658,0.18369218737854898,0.18807143778342872,0.1924505621256534,0.1968295687892443,0.20120846543129434,0.20558725905903952,0.2099659560973336,0.21434456244789032,0.21872308354144224,0.22310152438378306,0.22747988959651547,0.2318581834531999,0.23623640991149875,0.2406145726418242,0.24499267505292546,0.24937072031478913,0.2537487113791772,0.2581266509980817,0.26250454174033794,0.2668823860066078,0.2712601860429161,0.2756379439529008,0.28001566170891695,0.284393341162118,0.2887709840516219,0.29314859201285876,0.29752616658518277,0.3019037092188233,0.30628122128124186,0.310658704062952,0.31503615878285557,0.3194135865931408,0.3237909885837843,0.3281683657866928,0.33254571917951864,0.33692304968917886,0.34130035819510335,0.3456776455322364,0.35005491249381504,0.3544321598339395,0.35880938826995773,0.36318659848467677,0.36756379112841686,0.37194096682092015,0.37631812615312726,0.38069526968883055,0.38507239796621534,0.38944951149929713,0.3938266107792632,0.3982036962757258,0.4025807684378939,0.40695782769566885,0.4113348744606708,0.41571190912719996,0.4200889320731382,0.42446594366079443,0.42884294423769886,0.43321993413734816
-0.15656565656565657,0.0,0.0008848621136492264,0.005112084778911248,0.009677724549986244,0.01403782248535546,0.01825273475891068,0.02237957940416263,0.0264512460966604,0.030486594684541863,0.034496938848737495,0.03848939992701512,0.04246865758972018,0.04643790314318905,0.05039938301484107,0.05435472212554918,0.05830512378231232,0.06225149747685308,0.06619454305539466,0.07013480762864942,0.07407272495781606,0.07800864328519524,0.08194284536950361,0.08587556315345642,0.08980698866603055,0.09373728223862281,0.09766657877537865,0.10159499259403613,0.10552262120300344,0.10944954827738064,0.11337584602511225,0.1173015770840924,0.12122679605511093,0.125151550749581,0.12907588321203944,0.13299983056342266,0.136923425700698,0.14084669788058593,0.1447696732091577,0.14869237505453972,0.1526148243964445,0.15653704012352246,0.1604590392873961,0.16438083732055983,0.16830244822399967,0.1722238847293288,0.17614515843938497,0.18006627995055516,0.1839872589595368,0.18790810435679747,0.19182882430862666,0.19574942632937006,0.1996699173451907,0.2035903037504929,0.20751059145797565,0.2114307859431389,0.2153508922839464,0.21927091519624844,0.22319085906548533,0.22711072797511797,0.23103052573217286,0.23495025589023877,0.23886992177020502,0.24278952647899746,0.24670907292653266,0.2506285638410861,0.2545480017832436,0.2584673891585874,0.262386728229247,0.26630602112443386,0.2702252698500592,0.2741444762975314,0.27806364225180874,0.28198276939878336,0.2859018593320585,0.28982091355917733,0.2937399335073539,0.29765892052875204,0.3015778759053544,0.3054968008534558,0.3094156965278171,0.3133345640255072,0.317253404389461,0.32117221861177697,0.3250910076367773,0.3290097723638489,0.3329285136500842,0.336847232312739,0.34076592913151865,0.34468460485071123,0.348603260181175,0.3525218958021943,0.3564405123632135,0.3603591104854568,0.36427769076344513,0.3681962537664151,0.3721148000396492,0.37603333010572176,0.37995184446567015,0.38387034360009126,0.3877888279701745
-0.1464646464646465,0.0,0.00033498333292224084,0.0029568322666436845,0.00634426882082745,0.009690678635884142,0.012928189716485114,0.016082206432994007,0.019178250593494175,0.0222339261700208,0.025260827713476774,0.028266671087576117,0.03125671444335561,0.034234635330767614,0.03720307038482183,0.0401639532424578,0.04311873113455581,0.04606850713260277,0.049014135781990105,0.05195628881637005,0.05489550122995951,0.05783220417847518,0.06076674887242078,0.06369942419748222,0.06663046989293996,0.06956008653586665,0.07248844319558624,0.07541568336653258,0.0783419296134103,0.08126728724234059,0.08419184722754541,0.08711568856348195,0.09003888016953056,0.09296148244326653,0.09588354853554325,0.09880512540371535,0.10172625468668728,0.10464697343592787,0.10756731472932747,0.11048730818919979,0.11340698042142362,0.11632635538936481,0.11924545473359183,0.12216429804632496,0.12508290310791556,0.12800128609133857,0.1309194617396298,0.1338374435203495,0.1367552437604661,0.13967287376449294,0.14259034391825234,0.1455076637802654,0.14842484216245336,0.15134188720158068,0.15425880642265427,0.15717560679531545,0.1600922947841114,0.16300887639340644,0.1659253572075883,0.16884174242713376,0.17175803690102284,0.17467424515592522,0.17759037142252757,0.18050641965932313,0.18342239357414436,0.18633829664368448,0.189254132131223,0.19216990310274615,0.1950856124416279,0.19800126286202027,0.20091685692108277,0.20383239703016673,0.20674788546505754,0.20966332437536564,0.21257871579314822,0.21549406164083287,0.21840936373851025,0.22132462381065163,0.22423984349230452,0.22715502433481313,0.23007016781110512,0.23298527532058297,0.2359003481936537,0.23881538769592792,0.24173039503211613,0.24464537134964717,0.2475603177420318,0.25047523525199195,0.2533901248743749,0.25630498755886894,0.2592198242125363,0.2621346357021776,0.2650494228565406,0.26796418646838505,0.27087892729641505,0.27379364606708756,0.2767083434763076,0.279623020191017,0.28253767685068526,0.2854523140687099,0.28836693243373096
-0.13636363636363638,0.0,0.0001501874181087538,0.0019523285179660448,0.00470404071793343,0.007545410977424688,0.010317514313404443,0.01301574836140658,0.015656729343687236,0.01825558439660612,0.020823420395669798,0.0233680718840396,0.025895073437408003,0.028408390562723877,0.030910915521601547,0.033404796489824425,0.03589165690009174,0.03837274352174089,0.04084902807281398,0.0433212781470027,0.045790107558727804,0.048256012654263776,0.050719398896706014,0.053180600604008754,0.05563989579504546,0.05809751749146474,0.0605536624181257,0.06300849777073524,0.06546216653105501,0.06791479167902113,0.07036647955875032,0.0728173225894976,0.07526740146506232,0.0777167869504381,0.08016554135892819,0.08261371977392142,0.08506137106523971,0.08750853873915036,0.08995526165288298,0.09240157461813871,0.0948475089131615,0.09729309271910279,0.09973835149339888,0.10218330829049964,0.10462798403839563,0.10707239777787936,0.10951656687026211,0.11196050717828626,0.11440423322417843,0.11684775832813847,0.11929109473002926,0.12173425369659481,0.12417724561617231,0.12662008008256634,0.12906276596950322,0.13150531149687558,0.13394772428981336,0.13639001143147025,0.13883217951029206,0.1412742346624267,0.14371618260984909,0.14615802869469677,0.14859977791024814,0.1510414349289201,0.153483004127614,0.15592448961069771,0.15836589523087802,0.16080722460818447,0.16324848114726156,0.16568966805314264,0.16813078834565806,0.170571844872614,0.17301284032186273,0.17545377723237066,0.17789465800438053,0.18033548490875362,0.18277626009556616,0.18521698560203112,0.18765766335980352,0.19009829520172714,0.1925388828680693,0.19497942801229096,0.19741993220638956,0.19986039694585303,0.20230082365425636,0.20474121368753126,0.20718156833793466,0.20962188883774194,0.21206217636268565,0.21450243203516037,0.21694265692721273,0.21938285206333183,0.2218230184230566,0.2242631569434136,0.22670326852119763,0.22914335401510752,0.23158341424774673,0.23402345000749994,0.23646346205029334,0.2389034511012477,0.24134341785623092
-0.12626262626262622,0.0,6.684171770311144e-05,0.0012948177220916356,0.003531051213317086,0.005978269426612511,0.00840523047509243,0.0107745514910267,0.013091005051096461,0.015365583598414426,0.017608031520808285,0.0198258330405507,0.02202453878486696,0.024208252104945458,0.026380031194672124,0.028542183411858272,0.030696473227920268,0.032844268198298075,0.0349866419459818,0.03712444754771735,0.03925837046145903,0.04138896718419339,0.04351669384454771,0.04564192760959254,0.04776498289858333,0.04988612379867909,0.05200557367079561,0.05412352265373726,0.056240133579857514,0.0583555466783068,0.06046988334428066,0.0625832491824327,0.064695736481557,0.0668074262401652,0.06891838983481356,0.07102869040227432,0.07313838399099433,0.07524752052538651,0.07735614461738911,0.07946429625269728,0.08157201137361135,0.08367932237617502,0.08578625853591659,0.08789284637384509,0.0899991099722358,0.09210507124804314,0.09421075019041457,0.09631616506767508,0.0984213326082559,0.10052626815930749,0.10263098582613778,0.10473549859512216,0.1068398184423223,0.10894395642971277,0.1110479227906319,0.1131517270058361,0.11525537787134064,0.11735888355906116,0.11946225167113128,0.12156548928865142,0.12366860301552228,0.12577159901793217,0.12787448305999105,0.12997726053594308,0.13207993649933436,0.13418251568946618,0.1362850025554234,0.13838740127793356,0.14048971578928135,0.14259194979147707,0.1446941067728553,0.14679619002325928,0.1488982026479494,0.15100014758035973,0.15310202759381167,0.15520384531228276,0.15730560322031867,0.15940730367216693,0.1615089489002018,0.1636105410227048,0.16571208205105717,0.16781357389639448,0.16991501837577172,0.17201641721787841,0.17411777206834234,0.17621908449465695,0.17832035599076093,0.18042158798130079,0.18252278182559967,0.1846239388213574,0.1867250602081013,0.18882614717040844,0.1909272008409154,0.1930282223031331,0.19512921259408053,0.1972301727067504,0.19933110359242046,0.20143200616281975,0.2035328812921623,0.20563372981905595,0.20773455254829631
-0.11616161616161613,0.0,2.7986236533559757e-05,0.0008354321894832147,0.002615094932476101,0.004711168627569603,0.0068439782223188,0.008942429844608534,0.010996585383649239,0.01301145271520694,0.014994385725039694,0.016951956442665037,0.018889419356928668,0.02081083784003129,0.022719332146137774,0.024617306753712112,0.02650662938831048,0.028388765053143722,0.03026487472365003,0.03213588785195197,0.03400255585981195,0.035865491900881015,0.037725200682057605,0.03958210104307363,0.04143654321786923,0.04328882215535404,0.04513918789322229,0.046987853707511094,0.04883500256814371,0.05068079229298259,0.05252535969354935,0.05436882393325291,0.05621128926588889,0.05805284728287952,0.05989357876839672,0.0617335552394436,0.06357284023123964,0.06541149037547336,0.06724955630915387,0.06908708344417668,0.07092411262178039,0.07276068067141184,0.07459682088984051,0.07643256345344351,0.07826793577425248,0.08010296280848485,0.08193766732477405,0.08377207013809153,0.08560619031435951,0.08744004534993989,0.08927365132951733,0.09110702306534384,0.09294017422035637,0.09477311741730104,0.09660586433568041,0.09843842579807766,0.1002708118471884,0.10210303181470438,0.10393509438303557,0.10576700764072296,0.1075987791322806,0.10943041590310838,0.11126192454003468,0.11309331120797549,0.11492458168313739,0.11675574138313775,0.11858679539437046,0.12041774849690652,0.12224860518718411,0.12407936969871407,0.12591004602099906,0.12774063791684473,0.1295711489382191,0.13140158244080022,0.1332319415973371,0.13506222940993484,0.13689244872136405,0.13872260222548324,0.14055269247685442,0.14238272189962406,0.14421269279573323,0.1460426073525164,0.14787246764974,0.14970227566612945,0.1515320332854269,0.15336174230201835,0.15519140442616625,0.15702102128887838,0.15885059444644306,0.16068012538465656,0.16250961552276677,0.16433906621715538,0.16616847876477858,0.1679978544063838,0.1698271943295205,0.1716564996713593,0.17348577152133385,0.1753150109236182,0.17714421887945175,0.1789733963493223,0.18080254425501738
-0.10606060606060604,0.0,1.0567644346201192e-05,0.0005126062802116032,0.0018786834026786855,0.003641178151695065,0.005502213266588565,0.007359412033889383,0.009185801979383462,0.010978419316398617,0.012740998976982993,0.014478489816489928,0.016195441251810844,0.01789563865043219,0.019582123435649034,0.021257312427672787,0.022923124885065416,0.024581091397823985,0.02623244058025624,0.02787816609302579,0.029519077903992618,0.03115584142364128,0.032789007467059005,0.03441903531310799,0.03604631056679868,0.037671159094700084,0.03929385797664989,0.040914644175847836,0.04253372145215562,0.044151265913123926,0.045767430501196145,0.04738234864437262,0.048996137244604644,0.05060889913844866,0.05222072513453013,0.053831695709599676,0.05544188242756032,0.057051349132457074,0.05866015295605376,0.0602683451725482,0.061875971926650813,0.06348307485626432,0.06508969162705168,0.06669585639303045,0.06830160019481119,0.06990695130506695,0.07151193552918195,0.07311657646769215,0.07472089574604442,0.07632491321630867,0.07792864713474411,0.0795321143185146,0.08113533028434639,0.08273830937150232,0.0843410648510982,0.08594360902349414,0.08754595330524728,0.08914810830690532,0.0907500839027439,0.09235188929340292,0.09395353306224906,0.09555502322618414,0.09715636728152639,0.09875757224551175,0.10035864469389467,0.10195959079506893,0.10356041634107721,0.10516112677583556,0.10676172722085943,0.1083622224987451,0.10996261715463146,0.1115629154758418,0.11316312150988245,0.11476323908095666,0.11636327180513423,0.11796322310430268,0.11956309621901255,0.1211628942203178,0.1227626200207011,0.12436227638416643,0.12596186593557085,0.12756139116926235,0.12916085445708278,0.13076025805578959,0.1323596041139448,0.1339588946783162,0.13555813169982894,0.13715731703910544,0.13875645247162563,0.1403555396925374,0.14195458032114514,0.14355357590510096,0.145152527924321,0.1467514377946479,0.14835030687127868,0.14994913645197466,0.15154792778007,0.15314668204729343,0.15474540039641574,0.15634408392373686,0.15794273368142245
-0.09595959595959595,0.0,3.4145163489233228e-06,0.0002918630323234952,0.0012866455513013257,0.00272240768794873,0.0043179690503197974,0.0059469021321644985,0.007564178271493269,0.009156937503142773,0.010723869212896175,0.012267394042537195,0.013790804750872313,0.015297274145110956,0.01678956036354425,0.018269966210529003,0.0197403835125792,0.021202358651926923,0.02265715630631703,0.02410581430550446,0.025549188516610265,0.026987988744503644,0.028422807169178912,0.02985414080774426,0.03128240927373057,0.032707968862428424,0.03413112377141625,0.035552135084484925,0.036971228004004104,0.03838859770581588,0.039804414105589415,0.04121882576048787,0.04263196308027851,0.044043940983969264,0.04545486110884994,0.04686481365631142,0.048273878941396,0.049682128699484455,0.051089627192936526,0.05249643215218458,0.05390259557921434,0.05530816443615771,0.056713181237570486,0.05811768456164199,0.059521709492906326,0.06092528800686215,0.062328449305151405,0.06373122010851408,0.0651336249135648,0.06653568621847204,0.06793742472182644,0.06933885949832484,0.07074000815434998,0.07214088696606868,0.07354151100228906,0.07494189423399646,0.07634204963221719,0.07774198925563094,0.07914172432915921,0.08054126531459219,0.08194062197417659,0.0833398034279675,0.0847388182056439,0.08613767429339987,0.0875363791764477,0.0889349398776032,0.09033336299236751,0.09173165472086943,0.09312982089699141,0.09452786701496337,0.09592579825367709,0.09732361949894598,0.09872133536390866,0.10011895020775481,0.10151646815293162,0.10291389310097221,0.10431122874707316,0.10570847859353484,0.10710564596216597,0.10850273400574499,0.10989974571862025,0.11129668394652346,0.11269355139566377,0.11409035064116309,0.11548708413488766,0.11688375421272533,0.1182803631013542,0.11967691292454308,0.12107340570902149,0.1224698433899527,0.1238662278160411,0.12526256075430173,0.1266588438945181,0.12805507885341114,0.12945126717854188,0.13084741035196648,0.13224350979366206,0.1336395668647403,0.1350355828704635,0.13643155906307716,0.13782749664447216
-0.08585858585858586,0.0,8.4284360472062e-07,0.00014932648111778228,0.000821664863632119,0.0019357339178210234,0.0032622308046211766,0.004663886639928733,0.006079084440265108,0.007483686785587116,0.008869830896132897,0.010236299761514654,0.011584392216928594,0.012916193922199738,0.014233876208607445,0.015539433044076081,0.016834602867003355,0.018120865781105198,0.019399468694464017,0.020671458139467476,0.0219377124901312,0.023198970568507536,0.024455855907814336,0.02570889686755935,0.02695854312197517,0.02820517910826874,0.029449134981055294,0.03069069554391859,0.031930107548693486,0.03316758567986716,0.034403317479221845,0.03563746741469271,0.03687018025620145,0.0381015838883645,0.0393317916639127,0.040560904381033505,0.04178901195152432,0.04301619481371239,0.04424252513382541,0.04546806783131798,0.04669288145712377,0.047917018948563504,0.04914052828042364,0.05036345302831432,0.051585832857655466,0.05280770394939221,0.054029099371706364,0.055250049405485384,0.05647058183007281,0.057690722174801146,0.058910493940961435,0.0601299187981591,0.06134901675841791,0.06256780633090277,0.06378630465971792,0.06500452764689109,0.0662224900623589,0.06744020564252126,0.06865768717872085,0.06987494659682354,0.0710919950289228,0.07230884287805846,0.07352549987672855,0.07474197513987497,0.07595827721294018,0.07717441411551991,0.0783903933810741,0.07960622209310392,0.08082190691815487,0.08203745413596572,0.08325286966704597,0.0844681590979333,0.08568332770435554,0.08689838047249583,0.0881133221185401,0.08932815710666553,0.09054288966561337,0.09175752380397366,0.09297206332429703,0.0941865118361374,0.0954008727681178,0.09661514937910463,0.09782934476856486,0.09904346188617634,0.10025750354075136,0.10147147240853198,0.1026853710409063,0.10389920187159324,0.10511296722333763,0.1063266693141539,0.10754031026315387,0.10875389209599011,0.10996741674994422,0.11118088607868694,0.11239430185673405,0.1136076657836211,0.11482097948781654,0.11603424453039309,0.117247462408474,0.11846063455847018,0.11967376235912301
-0.07575757575757576,0.0,3.219367073656664e-07,6.55034138066437e-05,0.0004739616156923434,0.0012775275865716117,0.0023267468322261554,0.0034926910550312964,0.004702670730105499,0.005921369527685068,0.0071331550046707035,0.008331952232100674,0.009516131297512321,0.010686033408545507,0.011842795254275952,0.012987799858748454,0.0141224285438446,0.015247957221414398,0.016365521178296556,0.017476111450757514,0.01858058482274975,0.019679678772527194,0.02077402728552748,0.021864175725125723,0.022950594069052366,0.02403368835401556,0.02511381041357469,0.02619126609117814,0.02726632213623971,0.028339211984266605,0.029410140601603556,0.030479288550825507,0.03154681540867217,0.032612862646584265,0.03367755606499916,0.03474100785660397,0.03580331836046766,0.036864577558028036,0.037924866352930305,0.03898425766936824,0.0400428173975753,0.04110060521020475,0.042157675269321175,0.04321407684043413,0.04426985482730019,0.045325050238994434,0.04637970059891511,0.04743384030386568,0.048487500940097183,0.049540711562144575,0.050593498939415706,0.051645887774758786,0.0526979008986198,0.05374955944188467,0.0548008829900643,0.0558518897211123,0.05690259652885185,0.057953019133722534,0.05900317218233093,0.060053069337095234,0.06110272335710784,0.06215214617119783,0.06320134894405201,0.06425034213614798,0.06529913555816075,0.06634773842042574,0.06739615937797148,0.06844440657157648,0.06949248766525151,0.07054040988050418,0.07158818002770166,0.07263580453481346,0.07368328947378507,0.07473064058476618,0.07577786329839396,0.07682496275630991,0.0778719438300717,0.07891881113860359,0.07996556906431525,0.08101222176800572,0.08205877320265768,0.08310522712621672,0.08415158711344191,0.08519785656690476,0.0862440387272073,0.08729013668248274,0.08833615337723694,0.08938209162058304,0.09042795409391735,0.09147374335808008,0.09251946186004066,0.09356511193914395,0.09461069583295101,0.09565621568270379,0.09670167353844274,0.09774707136380172,0.09879241104050457,0.09983769437258407,0.1008829230903432,0.10192809885407712,0.10297322325757224
-0.06565656565656568,0.0,1.768681786909801e-07,2.287150285455885e-05,0.0002349260581320579,0.0007534957324493254,0.0015196944119108583,0.002435276352585232,0.003427404190964935,0.004452674640187806,0.005487608536941923,0.006520303494826341,0.007545177259263131,0.008559985875335517,0.009564199351260719,0.010558131953226324,0.0115424813603828,0.012518087589369736,0.013485809877917412,0.014446466777522876,0.015400809952352651,0.016349515683258476,0.017293185390901404,0.01823235046612394,0.019167478874383918,0.020098982200245582,0.021027222458377456,0.02195251835937292,0.02287515091420445,0.023795368363739727,0.024713390470660665,0.02562941223353206,0.026543607089771448,0.02745612967326988,0.0283671181875514,0.029276696448926862,0.030184975647326476,0.03109205586601481,0.03199802739549207,0.03290297187167046,0.0338069632638884,0.03471006873444415,0.03561234938802683,0.036513860926625195,0.03741465422313193,0.03831477582486977,0.03921426839658789,0.04011317111106284,0.04101151999424701,0.04190934823090104,0.042806686435797554,0.043703562894862984,0.04460000378001568,0.045496033340939955,0.04639167407659505,0.04728694688888265,0.04818187122057529,0.049076465179333874,0.0499707456494062,0.050864728392396495,0.051758428138321565,0.052651858668018275,0.05354503288783776,0.05443796289744831,0.05533066005147177,0.05622313501559281,0.0571153978177066,0.058007457894605714,0.058899324134650564,0.05979100491681812,0.060682508146480435,0.06157384128822594,0.06246501139600333,0.06335602514083802,0.0642468888363447,0.06513760846223712,0.06602818968601488,0.06691863788298937,0.06780895815479465,0.06869915534651481,0.06958923406254643,0.0704791986813029,0.07136905336885854,0.07225880209161932,0.07314844862810056,0.07403799657988368,0.07492744938181774,0.07581681031152562,0.07670608249826942,0.07759526893122452,0.0784843724672078,0.07937339583790146,0.08026234165661027,0.08115121242458696,0.08204001053695731,0.08292873828827443,0.08381739787772885,0.08470599141403863,0.0855945209200427,0.08648298833701773,0.08737139552873786
-0.055555555555555504,0.0,1.1020550248277147e-07,5.596130702809851e-06,9.190261341466535e-05,0.0003724601141675695,0.0008631648517760814,0.0015143435401309647,0.002268804328348253,0.003082871593277905,0.003927845788354009,0.004786216467607312,0.00564779465990396,0.006506906234392123,0.007360576582707053,0.00820741311944658,0.009046932912864375,0.00987916266227454,0.010704402357367922,0.0115230866477162,0.012335704430727417,0.013142753132524642,0.01394471361856769,0.0147420373461271,0.015535140705366017,0.01632440351406086,0.01711016983811295,0.01789275004089293,0.01867242340831526,0.019449440966795135,0.020224028275838742,0.020996388076966323,0.02176670274089738,0.02253513649070113,0.023301837399330876,0.024066939171435042,0.024830562725181974,0.025592817592296244,0.0263538031549789,0.02711360973773755,0.027872319570917653,0.028630007641226012,0.029386742442965196,0.030142586642161698,0.030897597664331672,0.03165182821531439,0.03240532674342291,0.03315813785011489,0.033910302655464346,0.03466185912390776,0.03541284235503496,0.03616328484358195,0.03691321671225276,0.037662665920535084,0.0384116584522757,0.03916021848443467,0.039908368539136964,0.04065612962087898,0.04140352134052142,0.04215056202750261,0.0428972688315353,0.043643657814900455,0.04438974403632163,0.04513554162728938,0.045881063861606314,0.04662632321883548,0.04737133144225925,0.048116099591888124,0.04886063809300021,0.04960495678064036,0.05034906494046151,0.05109297134625108,0.05183668429444904,0.05258021163593268,0.053323560805315195,0.05406673884797994,0.05480975244505038,0.05555260793647606,0.05629531134239638,0.05703786838293035,0.05778028449652367,0.058522564856974574,0.059264714389246825,0.060006737784168984,0.06074863951210991,0.06149042383571207,0.06223209482175718,0.06297365635223205,0.06371511213465636,0.06445646571172886,0.06519772047034372,0.06593887965002435,0.06667994635081745,0.06742092354068761,0.06816181406244838,0.06890262064026309,0.06964334588574657,0.07038399230369564,0.0711245622974742,0.07186505817407728,0.07260548214889583
-0.045454545454545414,0.0,7.172586312587855e-08,7.279940442021452e-07,2.4187330190063148e-05,0.000136828212794122,0.0003870885224876958,0.0007747291651017896,0.0012731367023447477,0.0018509008512298441,0.0024812938554816676,0.0031444078454680225,0.003826402633524115,0.004518047515444397,0.005213367099347094,0.005908597861164093,0.006601445881880244,0.007290579465990518,0.007975289548162222,0.008655264985594673,0.009330444835481877,0.010000921667033213,0.010666878539248378,0.011328548148234377,0.011986186562946907,0.012640056577568894,0.013290417371922702,0.013937518327877292,0.01458159555696883,0.015222870188135798,0.015861547782981884,0.016497818458567553,0.017131857439385816,0.017763825854842846,0.01839387166196019,0.019022130615516067,0.019648727236324794,0.020273775747398488,0.020897380960411927,0.02151963910326223,0.022140638584974212,0.022760460697692678,0.023379180257666873,0.023996866188406612,0.024613582049871473,0.025229386517848163,0.02584433381771331,0.026458474116665385,0.02707185387830184,0.027684516183159175,0.028296501018552484,0.028907845540765368,0.029518584312361748,0.0301287495171261,0.030738371154890767,0.03134747721828065,0.0319560938531969,0.03256424550467209,0.03317195504955849,0.03377924391735774,0.034386132200362164,0.03499263875415554,0.03559878128941051,0.036204576455822264,0.036810039918930344,0.03741518643050265,0.03802002989308618,0.03862458341926723,0.03922885938612838,0.0398328694853408,0.04043662476928604,0.04104013569356258,0.041643412156197455,0.04224646353385167,0.04284929871528051,0.043451926132284574,0.044054353788365024,0.044656589285276244,0.04525863984765122,0.04586051234585888,0.046462213317237405,0.04706374898583532,0.04766512528077934,0.04826634785337838,0.048867422093062385,0.0494683531422468,0.05006914591020545,0.05066980508602709,0.05127033515072497,0.05187074038856265,0.05247102489765417,0.053071192599891466,0.05367124725024836,0.05427119244550546,0.05487103163243754,0.055470768115501466,0.05607040506405899,0.05666994551916745,0.057269392399967485,0.05786874850969526,0.058468016541344835
-0.035353535353535324,0.0,4.6507456973068056e-08,1.966740888626245e-07,3.018466264166036e-06,2.8910276184984285e-05,0.00011158737077697203,0.0002745961997864633,0.0005225669721566183,0.0008470950266714334,0.0012342989916790878,0.0016696969118519527,0.0021405008134641784,0.002636338140982813,0.0031492044192449335,0.0036731171320492505,0.004203704122244297,0.004737825718339289,0.0052732627759261505,0.005808472927187404,0.006342406038816775,0.006874367120246964,0.00740391566364688,0.007930792268796609,0.008454865403338433,0.008976092892692052,0.009494494131287433,0.010010130076815569,0.010523088887659083,0.011033475651609162,0.011541405072984462,0.012046996321874294,0.012550369426010358,0.013051642798355911,0.013550931578096262,0.014048346559450538,0.014543993542498782,0.015037972985053395,0.015530379867286184,0.016021303704697246,0.016510828662487816,0.016999033737213294,0.01748599298100118,0.01797177575053344,0.018456446968076762,0.018940067385580607,0.01942269384560615,0.019904379534859146,0.020385174227567023,0.02086512451700608,0.021344274034253943,0.021822663653790736,0.022300331685959036,0.022777314056558997,0.023253644474032917,0.023729354584807807,0.024204474117430444,0.024679031016162995,0.025153051564715572,0.025626560500784174,0.026099581122043202,0.026572135384214074,0.02704424399180023,0.027515926482044276,0.027987201302627548,0.028458085883597387,0.028928596703972548,0.029398749353443904,0.0298685585895562,0.03033803839072621,0.030807202005424986,0.031276061997825504,0.03174463029019264,0.03221291820227018,0.032680936487898486,0.033148695369077386,0.03361620456767144,0.034083473334938386,0.0345505104790466,0.03501732439073443,0.03548392306725095,0.03595031413470701,0.036416504868954716,0.036882502215103946,0.037348312805775684,0.03781394297818441,0.03827939879013369,0.03874468603500327,0.03920981025579918,0.039674776758333134,0.04013959062359218,0.04060425671935487,0.04106877971110611,0.04153316407229839,0.041997414094004086,0.04246153389399967,0.042925527425319854,0.04338939848431703,0.04385315071825805,0.04431678763248923,0.04478031259719695
-0.02525252525252523,0.0,2.8580872522182983e-08,8.457956914168298e-08,2.43369129627391e-07,1.7257572255307837e-06,1.2139263846721306e-05,4.323065354244703e-05,0.00010710189198522267,0.00021150415287120826,0.00035909485582559124,0.0005485213027856961,0.0007759560984544313,0.0010363977532698383,0.0013245644746490304,0.001635425345369806,0.001964469462655453,0.0023078069744109472,0.0026621721930165446,0.0030248756492074866,0.0033937340595393793,0.0037669949026453557,0.004143264458740933,0.004521443422827675,0.004900671483993232,0.005280280805069713,0.005659757630003645,0.006038710969967905,0.00641684727256657,0.006793950051595073,0.007169863574001609,0.007544479835195639,0.007917728182510278,0.00828956706189683,0.008659977461915441,0.00902895771188208,0.009396519359090619,0.009762683905313242,0.01012748022732565,0.01049094254189191,0.010853108805486634,0.011214019451832832,0.011573716419303917,0.01193224238062533,0.012289640155317078,0.012645952258564989,0.013001220560040464,0.013355486029985729,0.013708788554440651,0.014061166805121775,0.014412658152365464,0.014763298611865122,0.015113122817786923,0.015462164016333296,0.015810454075014024,0.016158023503839564,0.01650490148541815,0.01685111591155441,0.017196693424442373,0.01754165946094406,0.017886038298765162,0.018229853103596653,0.018573125976498277,0.01891587800096592,0.019258129289258255,0.019599899027664666,0.019941205520481908,0.02028206623253472,0.020622497830129746,0.02096251622037466,0.02130213658882779,0.021641373435469954,0.02198024060900998,0.0223187513395512,0.022656918269657374,0.022994753483865107,0.023332268536696028,0.023669474479225402,0.024006381884267125,0.024343000870235536,0.02467934112374537,0.025015411921010214,0.025351222148099265,0.02568678032011029,0.02602209459931536,0.026357172812333685,0.026692022466383716,0.02702665076466469,0.02736106462091545,0.02769527067319584,0.028029275296934237,0.028363084617282052,0.028696704520814204,0.02903014066661241,0.029363398496766054,0.029696483246323485,0.030029399952724852,0.030362153464745568,0.030694748450978276,0.031027189407878977,0.031359480667402
-0.015151515151515138,0.0,1.513956741560568e-08,3.641864435101989e-08,6.884715553837801e-08,1.2407701429195476e-07,2.389198197874591e-07,6.084526379361965e-07,2.681449314656004e-06,8.49430651281118e-06,2.0610506019447424e-05,4.1884773374415514e-05,7.482236942859618e-05,0.00012134304355925796,0.00018268404615209553,0.00025942688520541455,0.00035159222901136366,0.00045876093662203834,0.0005801950902060571,0.000714945406612349,0.000861939631109714,0.0010200512837970205,0.0011881505699711734,0.001365140250814645,0.0015499794597116877,0.0017416982268212788,0.0019394050769882736,0.0021422896418661313,0.0023496217952949333,0.002560748488146956,0.0027750891465519833,0.0029921302685914724,0.0032114196698476015,0.003432560688645579,0.003655206557624829,0.003879055071874933,0.0041038436288992905,0.004329344676930544,0.004555361581496984,0.004781724902425814,0.0050082890622164325,0.005234929380118451,0.005461539442518287,0.005688028780081746,0.005914320820515177,0.006140351089068809,0.006366065629350025,0.006591419619606486,0.006816376161766041,0.00704090522272833,0.007264982709532201,0.007488589662026674,0.007711711548525371,0.007934337651614767,0.008156460532813591,0.0083780755661495,0.008599180531938732,0.008819775263135696,0.009039861337574343,0.009259441810263969,0.009478520980640432,0.009697104190321005,0.009915197647477449,0.010132808274436881,0.010349943575552427,0.010566611522762679,0.010782820456588125,0.010998579001780766,0.011213895988609146,0.011428780397117451,0.011643241297099587,0.011857287802796311,0.012070929032955917,0.012284174076836822,0.012497031965390372,0.012709511646957926,0.012921621966899747,0.01313337165064643,0.013344769289727136,0.013555823330384823,0.013766542064437129,0.013976933622084325,0.014187005966402983,0.014396766889296355,0.014606224008701528,0.01481538476687778,0.015024256429622934,0.015232846086283565,0.01544116065044159,0.015649206861174852,0.01585699128480184,0.016064520317032482,0.016271800185456577,0.016478836952310373,0.01668563651746939,0.016892204621622418,0.0170985468495874,0.017304668633735327,0.017510575257492566,0.017716271858896317,0.017921763434181233
-0.005050505050505046,0.0,4.517326623819201e-09,9.558192626617096e-09,1.528146538164883e-08,2.1582838925767194e-08,2.884851231563456e-08,3.719622077858705e-08,4.688721689617453e-08,5.827386099300347e-08,7.184364522846415e-08,8.828949690850703e-08,1.0863320752252851e-07,1.3444209731030606e-07,1.6824760194879847e-07,2.144122987268057e-07,2.8110412798513207e-07,3.8533126080010334e-07,5.675709237784903e-07,9.33018368846711e-07,1.6781103537175454e-06,2.888713530531474e-06,4.604061511039477e-06,6.981731990764745e-06,1.020266892922937e-05,1.44450960610217e-05,1.9890529533784484e-05,2.67230106622229e-05,3.512570901280127e-05,4.527757351773961e-05,5.735044606456499e-05,7.150663462338537e-05,8.789696622618625e-05,0.00010665930343699596,0.00012791749110734887,0.00015178069137635725,0.00017834304745817617,0.00020768365504156465,0.00023986674815451898,0.00027494209162263306,0.00031294552027217606,0.0003538995918588447,0.00039781432184629145,0.00044468797308744936,0.0004945078780865313,0.0005472512757326309,0.000602886148140125,0.000661372046486552,0.0007226608975113685,0.0007866977846522767,0.0008534217000118266,0.0009227662624002256,0.0009946604057654753,0.0010690290289481186,0.0011457936138466276,0.001224872809220617,0.0013061829814285716,0.0013896387328826629,0.0014751533890200073,0.0015626394545411968,0.0016520090395802615,0.0017431742563682156,0.0018360475868539306,0.001930542221665296,0.0020265723707408342,0.0021240535459428962,0.002222902815980751,0.0023230390340241384,0.002424383038471748,0.002526857827448756,0.0026303887077360074,0.0027349034192804926,0.0028403322343161772,0.00294660803742606,0.0030536663803626906,0.0031614455189998,0.003269886431255198,0.003378932817987058,0.0034885310884292565,0.0035986303317504555,0.0037091822763167044,0.003820141238210398,0.0039314640605118,0.004043110044785755,0.004155040876138744,0.004267220543123445,0.004379615253672025,0.004492193348138771,0.00460492521042982,0.004717783178094755,0.004830741452153938,0.004943776007337913,0.005056864503322476,0.0051699861974559,0.005283121859393875,0.005396253687983567,0.005509365230670758,0.005622441305643375,0.005735467926870766,0.005848432232150497,0.005961322414232789
0.005050505050505046,0.0,4.517326623819199e-09,9.558192626617096e-09,1.5281465381648822e-08,2.15828389257672e-08,2.8848512315634548e-08,3.719622077858703e-08,4.688721689617452e-08,5.827386099300348e-08,7.184364522846416e-08,8.828949690850703e-08,1.0863320752252847e-07,1.3444209731030596e-07,1.6824760194879866e-07,2.144122987268057e-07,2.8110412798513197e-07,3.853312608001039e-07,5.6757092377849e-07,9.330183688467106e-07,1.6781103537175526e-06,2.888713530531477e-06,4.604061511039476e-06,6.981731990764751e-06,1.020266892922938e-05,1.4445096061021682e-05,1.98905295337845e-05,2.67230106622229e-05,3.5125709012801235e-05,4.5277573517739634e-05,5.7350446064564996e-05,7.150663462338538e-05,8.789696622618633e-05,0.00010665930343699594,0.00012791749110734895,0.00015178069137635714,0.00017834304745817636,0.00020768365504156457,0.00023986674815451876,0.0002749420916226333,0.00031294552027217616,0.00035389959185884505,0.00039781432184629156,0.0004446879730874496,0.0004945078780865312,0.0005472512757326313,0.0006028861481401246,0.0006613720464865516,0.0007226608975113685,0.0007866977846522763,0.0008534217000118269,0.0009227662624002263,0.0009946604057654758,0.001069029028948119,0.0011457936138466287,0.0012248728092206162,0.0013061829814285707,0.0013896387328826629,0.001475153389020006,0.0015626394545411972,0.0016520090395802606,0.0017431742563682167,0.0018360475868539313,0.0019305422216652965,0.0020265723707408325,0.0021240535459428962,0.0022229028159807514,0.002323039034024138,0.0024243830384717475,0.0025268578274487558,0.0026303887077360074,0.002734903419280492,0.002840332234316178,0.002946608037426059,0.003053666380362689,0.003161445518999799,0.0032698864312551983,0.003378932817987059,0.0034885310884292544,0.003598630331750457,0.0037091822763167053,0.0038201412382103963,0.003931464060511802,0.004043110044785755,0.004155040876138743,0.004267220543123444,0.004379615253672023,0.004492193348138772,0.004604925210429822,0.004717783178094755,0.00483074145215394,0.004943776007337911,0.005056864503322475,0.005169986197455899,0.005283121859393875,0.0053962536879835635,0.005509365230670758,0.005622441305643374,0.0057354679268707695,0.005848432232150497,0.005961322414232789
0.015151515151515138,0.0,1.513956741560568e-08,3.6418644351019886e-08,6.884715553837795e-08,1.2407701429195492e-07,2.3891981978745906e-07,6.084526379361945e-07,2.681449314656001e-06,8.49430651281118e-06,2.061050601944743e-05,4.188477337441552e-05,7.482236942859618e-05,0.00012134304355925796,0.00018268404615209532,0.0002594268852054147,0.0003515922290113637,0.00045876093662203867,0.000580195090206057,0.0007149454066123488,0.0008619396311097139,0.00102005128379702,0.0011881505699711736,0.0013651402508146457,0.0015499794597116877,0.0017416982268212788,0.0019394050769882736,0.0021422896418661313,0.0023496217952949337,0.0025607484881469554,0.0027750891465519833,0.002992130268591471,0.0032114196698476015,0.003432560688645579,0.0036552065576248294,0.0038790550718749307,0.004103843628899289,0.004329344676930544,0.004555361581496984,0.004781724902425815,0.005008289062216431,0.00523492938011845,0.005461539442518287,0.005688028780081744,0.005914320820515175,0.0061403510890688075,0.006366065629350024,0.006591419619606486,0.006816376161766043,0.007040905222728329,0.007264982709532203,0.007488589662026674,0.007711711548525368,0.007934337651614764,0.008156460532813591,0.008378075566149501,0.008599180531938732,0.008819775263135697,0.009039861337574345,0.00925944181026397,0.009478520980640434,0.009697104190321007,0.009915197647477449,0.010132808274436881,0.010349943575552427,0.010566611522762679,0.010782820456588125,0.010998579001780766,0.011213895988609146,0.011428780397117455,0.011643241297099587,0.01185728780279631,0.012070929032955915,0.012284174076836822,0.012497031965390372,0.012709511646957926,0.012921621966899749,0.013133371650646429,0.013344769289727136,0.013555823330384825,0.013766542064437129,0.013976933622084334,0.014187005966402983,0.014396766889296355,0.014606224008701532,0.01481538476687778,0.015024256429622934,0.015232846086283558,0.015441160650441592,0.015649206861174852,0.01585699128480184,0.016064520317032482,0.016271800185456577,0.016478836952310373,0.01668563651746939,0.016892204621622414,0.017098546849587396,0.017304668633735323,0.017510575257492566,0.017716271858896314,0.017921763434181233
0.02525252525252523,0.0,2.858087252218297e-08,8.457956914168301e-08,2.433691296273911e-07,1.7257572255307803e-06,1.2139263846721301e-05,4.3230653542447005e-05,0.0001071018919852227,0.00021150415287120796,0.00035909485582559124,0.0005485213027856963,0.0007759560984544313,0.0010363977532698385,0.0013245644746490302,0.0016354253453698057,0.0019644694626554534,0.002307806974410947,0.0026621721930165446,0.0030248756492074866,0.0033937340595393793,0.003766994902645355,0.004143264458740934,0.004521443422827675,0.004900671483993236,0.005280280805069713,0.005659757630003645,0.006038710969967904,0.00641684727256657,0.006793950051595075,0.007169863574001608,0.007544479835195639,0.007917728182510278,0.008289567061896833,0.008659977461915441,0.009028957711882077,0.009396519359090619,0.009762683905313242,0.010127480227325649,0.010490942541891908,0.01085310880548663,0.011214019451832829,0.011573716419303916,0.01193224238062533,0.012289640155317076,0.012645952258564989,0.013001220560040464,0.013355486029985729,0.013708788554440647,0.014061166805121776,0.014412658152365464,0.014763298611865127,0.015113122817786923,0.015462164016333296,0.015810454075014024,0.016158023503839564,0.01650490148541815,0.01685111591155441,0.017196693424442373,0.01754165946094406,0.017886038298765162,0.018229853103596653,0.018573125976498277,0.01891587800096592,0.01925812928925826,0.019599899027664666,0.019941205520481908,0.02028206623253472,0.02062249783012975,0.020962516220374653,0.021302136588827788,0.021641373435469954,0.02198024060900998,0.0223187513395512,0.022656918269657367,0.022994753483865107,0.023332268536696028,0.02366947447922541,0.02400638188426712,0.024343000870235536,0.02467934112374537,0.025015411921010214,0.025351222148099265,0.02568678032011028,0.02602209459931536,0.026357172812333688,0.026692022466383716,0.02702665076466469,0.02736106462091545,0.027695270673195837,0.028029275296934237,0.028363084617282052,0.028696704520814204,0.02903014066661241,0.029363398496766054,0.029696483246323485,0.030029399952724852,0.030362153464745568,0.030694748450978276,0.031027189407878977,0.031359480667402
0.035353535353535394,0.0,4.650745697306821e-08,1.966740888626261e-07,3.0184662641660964e-06,2.8910276184984682e-05,0.00011158737077697348,0.0002745961997864661,0.0005225669721566225,0.0008470950266714394,0.001234298991679096,0.001669696911851962,0.0021405008134641897,0.0026363381409828276,0.0031492044192449457,0.003673117132049266,0.004203704122244312,0.004737825718339308,0.005273262775926169,0.00580847292718742,0.006342406038816799,0.006874367120246989,0.007403915663646904,0.007930792268796635,0.00845486540333846,0.00897609289269208,0.009494494131287463,0.010010130076815596,0.010523088887659111,0.011033475651609193,0.011541405072984493,0.012046996321874325,0.012550369426010392,0.013051642798355944,0.013550931578096295,0.014048346559450574,0.01454399354249882,0.015037972985053431,0.015530379867286226,0.016021303704697284,0.016510828662487858,0.01699903373721334,0.01748599298100122,0.01797177575053348,0.018456446968076808,0.018940067385580652,0.01942269384560619,0.019904379534859195,0.020385174227567072,0.02086512451700613,0.02134427403425399,0.021822663653790788,0.022300331685959088,0.022777314056559052,0.023253644474032973,0.023729354584807863,0.024204474117430496,0.024679031016163058,0.02515305156471563,0.02562656050078423,0.02609958112204326,0.02657213538421413,0.027044243991800294,0.02751592648204434,0.027987201302627607,0.028458085883597457,0.028928596703972614,0.029398749353443974,0.029868558589556265,0.030338038390726272,0.03080720200542506,0.031276061997825566,0.0317446302901927,0.03221291820227025,0.032680936487898556,0.033148695369077455,0.033616204567671525,0.034083473334938455,0.03455051047904668,0.03501732439073451,0.03548392306725103,0.03595031413470709,0.036416504868954806,0.03688250221510403,0.03734831280577577,0.03781394297818449,0.03827939879013378,0.038744686035003355,0.03920981025579926,0.03967477675833322,0.040139590623592264,0.04060425671935496,0.0410687797111062,0.04153316407229849,0.041997414094004176,0.04246153389399974,0.042925527425319944,0.04338939848431712,0.04385315071825815,0.044316787632489335,0.04478031259719704
0.04545454545454549,0.0,7.172586312587879e-08,7.279940442021554e-07,2.418733019006342e-05,0.00013682821279412333,0.0003870885224876988,0.0007747291651017938,0.0012731367023447542,0.001850900851229852,0.0024812938554816767,0.0031444078454680347,0.003826402633524127,0.004518047515444409,0.005213367099347108,0.0059085978611641094,0.006601445881880262,0.007290579465990536,0.00797528954816224,0.008655264985594694,0.009330444835481901,0.010000921667033235,0.010666878539248402,0.011328548148234398,0.011986186562946933,0.012640056577568922,0.01329041737192273,0.01393751832787732,0.014581595556968864,0.015222870188135828,0.015861547782981916,0.016497818458567584,0.017131857439385847,0.017763825854842884,0.018393871661960225,0.019022130615516105,0.01964872723632483,0.020273775747398522,0.020897380960411965,0.02151963910326227,0.022140638584974254,0.022760460697692723,0.023379180257666915,0.023996866188406647,0.024613582049871515,0.02522938651784821,0.025844333817713363,0.02645847411666544,0.027071853878301893,0.02768451618315923,0.02829650101855254,0.028907845540765423,0.029518584312361804,0.030128749517126147,0.030738371154890812,0.031347477218280705,0.031956093853196955,0.03256424550467215,0.033171955049558555,0.03377924391735781,0.034386132200362234,0.034992638754155606,0.035598781289410575,0.03620457645582232,0.03681003991893041,0.03741518643050271,0.03802002989308625,0.0386245834192673,0.039228859386128447,0.03983286948534088,0.04043662476928611,0.041040135693562664,0.04164341215619754,0.042246463533851746,0.04284929871528057,0.04345192613228465,0.044054353788365114,0.04465658928527633,0.04525863984765131,0.045860512345858966,0.04646221331723749,0.0470637489858354,0.04766512528077943,0.048266347853378466,0.04886742209306247,0.04946835314224688,0.05006914591020554,0.05066980508602719,0.05127033515072505,0.05187074038856274,0.05247102489765426,0.05307119259989158,0.05367124725024846,0.054271192445505545,0.054871031632437645,0.05547076811550155,0.056070405064059074,0.05666994551916755,0.05726939239996759,0.05786874850969536,0.058468016541344925
0.05555555555555558,0.0,1.1020550248277186e-07,5.596130702809913e-06,9.190261341466606e-05,0.00037246011416757185,0.0008631648517760855,0.0015143435401309706,0.0022688043283482606,0.0030828715932779143,0.00392784578835402,0.004786216467607325,0.005647794659903973,0.006506906234392137,0.00736057658270707,0.008207413119446597,0.009046932912864392,0.009879162662274562,0.01070440235736794,0.011523086647716221,0.012335704430727438,0.013142753132524672,0.013944713618567717,0.01474203734612712,0.015535140705366044,0.01632440351406089,0.017110169838112976,0.017892750040892958,0.018672423408315295,0.019449440966795167,0.020224028275838773,0.020996388076966355,0.021766702740897412,0.022535136490701168,0.02330183739933091,0.02406693917143508,0.024830562725182012,0.025592817592296282,0.026353803154978938,0.02711360973773759,0.027872319570917695,0.028630007641226054,0.02938674244296524,0.030142586642161736,0.030897597664331714,0.03165182821531444,0.03240532674342295,0.03315813785011494,0.03391030265546439,0.034661859123907825,0.03541284235503501,0.03616328484358201,0.036913216712252825,0.03766266592053514,0.03841165845227575,0.039160218484434725,0.03990836853913702,0.04065612962087905,0.04140352134052148,0.04215056202750267,0.042897268831535364,0.04364365781490052,0.0443897440363217,0.04513554162728945,0.04588106386160639,0.04662632321883556,0.04737133144225932,0.04811609959188817,0.048860638093000265,0.049604956780640426,0.05034906494046159,0.051092971346251154,0.05183668429444912,0.05258021163593277,0.05332356080531528,0.054066738847979995,0.05480975244505048,0.055552607936476144,0.056295311342396466,0.05703786838293045,0.057780284496523754,0.05852256485697468,0.059264714389246916,0.060006737784169074,0.060748639512110014,0.061490423835712155,0.06223209482175727,0.06297365635223214,0.06371511213465646,0.06445646571172893,0.06519772047034382,0.06593887965002444,0.06667994635081755,0.06742092354068772,0.06816181406244849,0.06890262064026319,0.06964334588574668,0.07038399230369576,0.07112456229747428,0.07186505817407739,0.07260548214889592
0.06565656565656568,0.0,1.7686817869098015e-07,2.2871502854558887e-05,0.000234926058132058,0.000753495732449326,0.0015196944119108592,0.0024352763525852315,0.0034274041909649333,0.004452674640187806,0.00548760853694192,0.006520303494826341,0.0075451772592631285,0.008559985875335517,0.009564199351260716,0.010558131953226321,0.011542481360382802,0.012518087589369736,0.013485809877917412,0.014446466777522876,0.015400809952352648,0.016349515683258476,0.017293185390901408,0.018232350466123936,0.019167478874383918,0.020098982200245582,0.021027222458377456,0.02195251835937292,0.022875150914204445,0.023795368363739727,0.02471339047066066,0.02562941223353206,0.026543607089771448,0.027456129673269884,0.028367118187551405,0.029276696448926862,0.030184975647326476,0.031092055866014805,0.03199802739549207,0.03290297187167046,0.0338069632638884,0.03471006873444415,0.03561234938802683,0.036513860926625195,0.03741465422313193,0.03831477582486977,0.03921426839658789,0.04011317111106285,0.04101151999424701,0.04190934823090104,0.042806686435797554,0.043703562894862984,0.04460000378001568,0.045496033340939955,0.04639167407659506,0.04728694688888265,0.04818187122057529,0.049076465179333874,0.049970745649406186,0.0508647283923965,0.05175842813832155,0.052651858668018275,0.05354503288783776,0.054437962897448317,0.05533066005147177,0.05622313501559281,0.0571153978177066,0.05800745789460571,0.058899324134650564,0.05979100491681812,0.060682508146480435,0.06157384128822593,0.06246501139600333,0.063356025140838,0.0642468888363447,0.06513760846223712,0.06602818968601488,0.06691863788298937,0.06780895815479465,0.06869915534651481,0.06958923406254643,0.07047919868130288,0.07136905336885854,0.07225880209161932,0.07314844862810056,0.07403799657988368,0.07492744938181774,0.07581681031152562,0.07670608249826942,0.07759526893122451,0.07848437246720778,0.07937339583790144,0.08026234165661027,0.08115121242458696,0.0820400105369573,0.08292873828827445,0.08381739787772885,0.08470599141403863,0.08559452092004272,0.08648298833701773,0.08737139552873786
0.07575757575757576,0.0,3.2193670736566635e-07,6.550341380664374e-05,0.00047396161569234326,0.0012775275865716117,0.002326746832226156,0.0034926910550312964,0.004702670730105497,0.005921369527685066,0.007133155004670704,0.008331952232100674,0.009516131297512321,0.010686033408545507,0.011842795254275952,0.012987799858748454,0.0141224285438446,0.0152479572214144,0.016365521178296556,0.017476111450757514,0.01858058482274975,0.019679678772527198,0.02077402728552748,0.021864175725125723,0.022950594069052366,0.02403368835401556,0.02511381041357469,0.02619126609117814,0.02726632213623971,0.028339211984266605,0.029410140601603556,0.030479288550825507,0.03154681540867217,0.03261286264658427,0.03367755606499916,0.03474100785660397,0.03580331836046766,0.036864577558028036,0.037924866352930305,0.038984257669368236,0.04004281739757531,0.04110060521020475,0.04215767526932118,0.04321407684043413,0.0442698548273002,0.045325050238994434,0.0463797005989151,0.04743384030386568,0.048487500940097183,0.049540711562144575,0.050593498939415706,0.051645887774758786,0.0526979008986198,0.05374955944188467,0.0548008829900643,0.0558518897211123,0.05690259652885185,0.05795301913372252,0.05900317218233093,0.060053069337095234,0.06110272335710784,0.06215214617119783,0.06320134894405201,0.06425034213614798,0.06529913555816075,0.06634773842042574,0.06739615937797148,0.06844440657157648,0.06949248766525153,0.07054040988050418,0.07158818002770168,0.07263580453481346,0.07368328947378507,0.07473064058476618,0.07577786329839398,0.07682496275630991,0.0778719438300717,0.07891881113860359,0.07996556906431525,0.08101222176800572,0.08205877320265768,0.08310522712621672,0.08415158711344191,0.08519785656690476,0.0862440387272073,0.08729013668248274,0.08833615337723694,0.08938209162058304,0.09042795409391735,0.09147374335808008,0.09251946186004062,0.09356511193914395,0.094610695832951,0.09565621568270379,0.09670167353844276,0.09774707136380172,0.09879241104050461,0.09983769437258407,0.1008829230903432,0.10192809885407712,0.10297322325757226
0.08585858585858586,0.0,8.428436047206218e-07,0.00014932648111778228,0.000821664863632119,0.0019357339178210236,0.0032622308046211766,0.004663886639928733,0.006079084440265108,0.007483686785587113,0.008869830896132897,0.01023629976151465,0.011584392216928599,0.012916193922199738,0.01423387620860745,0.015539433044076081,0.016834602867003355,0.018120865781105194,0.019399468694464014,0.020671458139467476,0.0219377124901312,0.023198970568507546,0.024455855907814336,0.025708896867559353,0.02695854312197517,0.02820517910826875,0.029449134981055298,0.030690695543918595,0.03193010754869349,0.03316758567986717,0.034403317479221845,0.0356374674146927,0.03687018025620146,0.0381015838883645,0.0393317916639127,0.0405609043810335,0.04178901195152434,0.04301619481371239,0.04424252513382541,0.04546806783131798,0.04669288145712377,0.047917018948563504,0.04914052828042364,0.05036345302831432,0.051585832857655466,0.05280770394939222,0.054029099371706364,0.055250049405485384,0.05647058183007281,0.057690722174801146,0.05891049394096143,0.06012991879815909,0.06134901675841792,0.06256780633090277,0.06378630465971792,0.0650045276468911,0.0662224900623589,0.06744020564252125,0.06865768717872084,0.06987494659682354,0.0710919950289228,0.07230884287805846,0.07352549987672855,0.07474197513987497,0.0759582772129402,0.07717441411551991,0.07839039338107412,0.07960622209310393,0.08082190691815487,0.08203745413596573,0.08325286966704597,0.08446815909793332,0.08568332770435555,0.08689838047249586,0.08811332211854012,0.08932815710666553,0.09054288966561337,0.09175752380397366,0.09297206332429703,0.0941865118361374,0.09540087276811782,0.09661514937910463,0.09782934476856486,0.09904346188617631,0.10025750354075136,0.10147147240853198,0.1026853710409063,0.10389920187159325,0.10511296722333763,0.10632666931415387,0.10754031026315387,0.10875389209599012,0.10996741674994422,0.11118088607868694,0.11239430185673406,0.1136076657836211,0.11482097948781651,0.11603424453039309,0.11724746240847399,0.11846063455847022,0.11967376235912303
0.09595959595959595,0.0,3.4145163489233194e-06,0.0002918630323234952,0.0012866455513013259,0.0027224076879487284,0.004317969050319797,0.005946902132164498,0.007564178271493269,0.009156937503142773,0.010723869212896175,0.012267394042537195,0.013790804750872314,0.015297274145110956,0.01678956036354425,0.018269966210529006,0.0197403835125792,0.021202358651926923,0.02265715630631703,0.024105814305504458,0.025549188516610265,0.026987988744503644,0.028422807169178912,0.02985414080774426,0.031282409273730584,0.032707968862428424,0.03413112377141625,0.03555213508448491,0.036971228004004104,0.03838859770581588,0.039804414105589415,0.04121882576048787,0.04263196308027852,0.04404394098396927,0.04545486110884994,0.04686481365631142,0.04827387894139601,0.049682128699484455,0.051089627192936526,0.05249643215218458,0.05390259557921436,0.05530816443615769,0.056713181237570486,0.05811768456164199,0.05952170949290631,0.06092528800686214,0.06232844930515139,0.06373122010851408,0.0651336249135648,0.06653568621847204,0.06793742472182644,0.06933885949832484,0.07074000815434998,0.07214088696606868,0.07354151100228906,0.07494189423399646,0.07634204963221719,0.07774198925563093,0.07914172432915924,0.08054126531459219,0.08194062197417658,0.08333980342796753,0.0847388182056439,0.08613767429339987,0.08753637917644769,0.08893493987760322,0.09033336299236751,0.09173165472086943,0.09312982089699141,0.09452786701496335,0.09592579825367709,0.09732361949894598,0.09872133536390866,0.10011895020775481,0.10151646815293162,0.1029138931009722,0.10431122874707317,0.10570847859353484,0.10710564596216597,0.10850273400574499,0.10989974571862025,0.11129668394652348,0.11269355139566377,0.11409035064116309,0.11548708413488766,0.11688375421272536,0.1182803631013542,0.11967691292454308,0.12107340570902149,0.1224698433899527,0.12386622781604108,0.12526256075430173,0.12665884389451806,0.12805507885341114,0.1294512671785419,0.13084741035196648,0.13224350979366206,0.1336395668647403,0.1350355828704635,0.13643155906307716,0.13782749664447216
0.10606060606060612,0.0,1.0567644346201262e-05,0.0005126062802116049,0.0018786834026786904,0.003641178151695073,0.005502213266588574,0.007359412033889391,0.009185801979383472,0.010978419316398627,0.012740998976983012,0.01447848981648995,0.01619544125181086,0.01789563865043221,0.01958212343564906,0.021257312427672804,0.022923124885065444,0.024581091397824013,0.02623244058025627,0.027878166093025816,0.02951907790399265,0.03115584142364132,0.03278900746705903,0.034419035313108026,0.0360463105667987,0.037671159094700125,0.03929385797664992,0.040914644175847885,0.04253372145215567,0.04415126591312398,0.045767430501196193,0.047382348644372664,0.04899613724460469,0.05060889913844871,0.05222072513453021,0.053831695709599725,0.055441882427560374,0.05705134913245714,0.05866015295605381,0.060268345172548254,0.061875971926650876,0.0634830748562644,0.06508969162705174,0.06669585639303054,0.06830160019481125,0.06990695130506704,0.07151193552918202,0.07311657646769222,0.07472089574604449,0.07632491321630876,0.07792864713474419,0.07953211431851469,0.08113533028434651,0.08273830937150241,0.08434106485109827,0.08594360902349424,0.08754595330524738,0.08914810830690541,0.09075008390274399,0.092351889293403,0.09395353306224913,0.09555502322618421,0.09715636728152649,0.09875757224551185,0.10035864469389481,0.10195959079506904,0.10356041634107731,0.10516112677583567,0.10676172722085954,0.10836222249874518,0.10996261715463156,0.1115629154758419,0.11316312150988256,0.11476323908095676,0.11636327180513438,0.1179632231043028,0.11956309621901269,0.12116289422031791,0.12276262002070125,0.12436227638416654,0.125961865935571,0.1275613911692625,0.12916085445708292,0.1307602580557897,0.13235960411394493,0.13395889467831631,0.13555813169982908,0.13715731703910564,0.1387564524716258,0.1403555396925375,0.14195458032114527,0.14355357590510112,0.14515252792432112,0.14675143779464803,0.14835030687127884,0.1499491364519748,0.15154792778007017,0.15314668204729356,0.15474540039641588,0.156344083923737,0.1579427336814226
0.1161616161616162,0.0,2.7986236533560004e-05,0.0008354321894832178,0.0026150949324761073,0.004711168627569611,0.006843978222318812,0.008942429844608545,0.01099658538364925,0.013011452715206954,0.014994385725039716,0.016951956442665058,0.018889419356928693,0.02081083784003131,0.0227193321461378,0.02461730675371214,0.026506629388310513,0.02838876505314375,0.030264874723650057,0.03213588785195201,0.03400255585981198,0.03586549190088106,0.037725200682057654,0.03958210104307368,0.041436543217869264,0.043288822155354074,0.045139187893222334,0.04698785370751116,0.048835002568143736,0.05068079229298265,0.052525359693549406,0.05436882393325298,0.05621128926588894,0.05805284728287958,0.05989357876839677,0.061733555239443676,0.06357284023123973,0.06541149037547343,0.06724955630915394,0.06908708344417676,0.07092411262178049,0.0727606806714119,0.07459682088984058,0.07643256345344358,0.07826793577425255,0.08010296280848493,0.08193766732477414,0.08377207013809163,0.0856061903143596,0.08744004534993999,0.08927365132951742,0.09110702306534392,0.09294017422035648,0.09477311741730114,0.09660586433568051,0.09843842579807777,0.10027081184718852,0.10210303181470447,0.10393509438303568,0.1057670076407231,0.1075987791322807,0.10943041590310852,0.1112619245400348,0.11309331120797557,0.1149245816831375,0.11675574138313789,0.1185867953943706,0.12041774849690663,0.12224860518718429,0.1240793696987142,0.12591004602099917,0.12774063791684487,0.12957114893821925,0.13140158244080039,0.13323194159733723,0.13506222940993498,0.1368924487213642,0.13872260222548333,0.14055269247685453,0.14238272189962417,0.14421269279573337,0.14604260735251653,0.14787246764974019,0.14970227566612962,0.15153203328542705,0.15336174230201854,0.1551914044261664,0.15702102128887857,0.15885059444644323,0.16068012538465673,0.1625096155227669,0.16433906621715558,0.16616847876477875,0.16799785440638393,0.16982719432952068,0.1716564996713595,0.17348577152133404,0.17531501092361837,0.17714421887945195,0.1789733963493225,0.1808025442550176
0.1262626262626263,0.0,6.684171770311176e-05,0.0012948177220916404,0.0035310512133170935,0.005978269426612522,0.008405230475092444,0.010774551491026713,0.013091005051096477,0.015365583598414443,0.017608031520808302,0.01982583304055072,0.022024538784866987,0.024208252104945482,0.02638003119467215,0.0285421834118583,0.0306964732279203,0.03284426819829812,0.03498664194598183,0.03712444754771739,0.039258370461459066,0.04138896718419343,0.04351669384454775,0.04564192760959258,0.047764982898583365,0.04988612379867915,0.05200557367079567,0.0541235226537373,0.05624013357985757,0.05835554667830686,0.06046988334428072,0.06258324918243277,0.06469573648155706,0.06680742624016527,0.06891838983481365,0.0710286904022744,0.07313838399099439,0.07524752052538658,0.0773561446173892,0.07946429625269737,0.08157201137361142,0.08367932237617509,0.08578625853591669,0.08789284637384516,0.08999910997223588,0.09210507124804324,0.09421075019041464,0.09631616506767517,0.09842133260825602,0.10052626815930758,0.10263098582613789,0.10473549859512228,0.10683981844232242,0.10894395642971288,0.11104792279063201,0.11315172700583621,0.11525537787134076,0.11735888355906127,0.11946225167113143,0.12156548928865152,0.12366860301552239,0.1257715990179323,0.12787448305999116,0.1299772605359432,0.1320799364993345,0.13418251568946632,0.13628500255542356,0.13838740127793367,0.14048971578928146,0.14259194979147724,0.14469410677285546,0.14679619002325942,0.14889820264794953,0.1510001475803599,0.1531020275938118,0.1552038453122829,0.15730560322031886,0.15940730367216707,0.16150894890020195,0.16361054102270503,0.1657120820510573,0.16781357389639465,0.16991501837577191,0.17201641721787853,0.17411777206834253,0.1762190844946571,0.17832035599076113,0.18042158798130095,0.1825227818255998,0.18462393882135755,0.1867250602081015,0.1888261471704086,0.19092720084091552,0.19302822230313324,0.19512921259408067,0.19723017270675058,0.19933110359242065,0.2014320061628199,0.2035328812921625,0.20563372981905614,0.2077345525482965
0.13636363636363638,0.0,0.0001501874181087539,0.0019523285179660437,0.00470404071793343,0.007545410977424686,0.010317514313404443,0.01301574836140658,0.015656729343687236,0.018255584396606125,0.0208234203956698,0.023368071884039613,0.025895073437408007,0.028408390562723883,0.030910915521601547,0.033404796489824425,0.03589165690009174,0.03837274352174089,0.04084902807281398,0.043321278147002706,0.045790107558727804,0.048256012654263776,0.05071939889670602,0.053180600604008754,0.055639895795045476,0.058097517491464745,0.06055366241812569,0.06300849777073522,0.06546216653105501,0.06791479167902113,0.07036647955875033,0.0728173225894976,0.07526740146506232,0.0777167869504381,0.08016554135892817,0.08261371977392144,0.08506137106523971,0.08750853873915036,0.08995526165288296,0.09240157461813871,0.0948475089131615,0.09729309271910276,0.09973835149339887,0.10218330829049964,0.10462798403839563,0.10707239777787937,0.10951656687026211,0.11196050717828628,0.11440423322417843,0.11684775832813844,0.11929109473002925,0.12173425369659481,0.12417724561617231,0.12662008008256634,0.12906276596950322,0.13150531149687558,0.13394772428981336,0.13639001143147028,0.13883217951029206,0.1412742346624267,0.14371618260984909,0.14615802869469677,0.1485997779102481,0.1510414349289201,0.15348300412761398,0.15592448961069771,0.15836589523087802,0.16080722460818447,0.16324848114726156,0.16568966805314259,0.168130788345658,0.170571844872614,0.17301284032186273,0.17545377723237063,0.17789465800438062,0.18033548490875362,0.18277626009556622,0.18521698560203112,0.18765766335980352,0.19009829520172714,0.1925388828680694,0.19497942801229096,0.19741993220638956,0.19986039694585303,0.2023008236542564,0.2047412136875313,0.20718156833793466,0.20962188883774194,0.21206217636268565,0.21450243203516037,0.21694265692721273,0.21938285206333183,0.22182301842305663,0.2242631569434136,0.2267032685211977,0.22914335401510758,0.23158341424774673,0.23402345000749994,0.23646346205029342,0.23890345110124775,0.24134341785623092
0.1464646464646465,0.0,0.00033498333292224084,0.0029568322666436836,0.006344268820827449,0.00969067863588414,0.012928189716485112,0.016082206432993996,0.019178250593494168,0.022233926170020794,0.025260827713476767,0.028266671087576103,0.0312567144433556,0.03423463533076761,0.03720307038482182,0.040163953242457785,0.04311873113455581,0.046068507132602764,0.04901413578199008,0.051956288816370044,0.05489550122995948,0.05783220417847517,0.060766748872420784,0.06369942419748219,0.06663046989293994,0.06956008653586662,0.07248844319558624,0.07541568336653255,0.07834192961341027,0.08126728724234056,0.0841918472275454,0.08711568856348194,0.09003888016953053,0.09296148244326652,0.09588354853554322,0.09880512540371529,0.10172625468668724,0.10464697343592784,0.10756731472932746,0.11048730818919977,0.11340698042142361,0.1163263553893648,0.11924545473359179,0.1221642980463249,0.12508290310791553,0.1280012860913385,0.13091946173962973,0.13383744352034946,0.13675524376046608,0.1396728737644929,0.14259034391825234,0.14550766378026536,0.14842484216245333,0.15134188720158065,0.15425880642265422,0.1571756067953154,0.16009229478411136,0.16300887639340636,0.16592535720758822,0.1688417424271337,0.17175803690102276,0.1746742451559252,0.17759037142252754,0.18050641965932304,0.18342239357414436,0.18633829664368443,0.1892541321312229,0.19216990310274606,0.19508561244162784,0.19800126286202024,0.20091685692108274,0.20383239703016665,0.20674788546505748,0.20966332437536564,0.2125787157931481,0.21549406164083285,0.21840936373851025,0.22132462381065157,0.22423984349230444,0.22715502433481305,0.23007016781110504,0.23298527532058286,0.2359003481936536,0.2388153876959278,0.24173039503211613,0.24464537134964714,0.24756031774203177,0.25047523525199183,0.2533901248743748,0.25630498755886894,0.25921982421253625,0.26213463570217754,0.2650494228565405,0.267964186468385,0.27087892729641494,0.2737936460670875,0.2767083434763075,0.27962302019101687,0.28253767685068515,0.2854523140687098,0.28836693243373085
0.15656565656565657,0.0,0.0008848539674236704,0.005112040756920525,0.00967764750715214,0.01403771622599848,0.018252600701278442,0.022379418079250025,0.02645105772311088,0.03048637936043483,0.0344966966209699,0.03848913081896831,0.04246836161327705,0.04643758030433636,0.0503990333164362,0.05435434556875133,0.05830472036735116,0.06225106720345346,0.06619408592301632,0.07013432363662418,0.07407221410542657,0.07800810557172007,0.08194228079424226,0.08587497171574278,0.08980637036523913,0.09373663707417092,0.09766590674672614,0.10159429370068378,0.10552189544449059,0.10944879565328246,0.11337506653503708,0.11730077072767903,0.12122596283202587,0.1251506906595163,0.1290749962547102,0.13299891673856512,0.13692248500806767,0.14084573031995587,0.14476867878031693,0.14869135375729203,0.15261377623060693,0.15653596508892434,0.16045793738387806,0.1643797085479727,0.16830129258220383,0.17222270221819316,0.1761439490587867,0.1800650437003787,0.18398599583967337,0.18790681436714476,0.19182750744908814,0.19574808259985452,0.19966854674561205,0.20358890628076975,0.2075091671180309,0.21142933473289963,0.21534941420334328,0.21926941024521565,0.22318932724396068,0.22710916928304192,0.23102894016948902,0.23494864345689337,0.23886828246614686,0.24278786030417765,0.2467073798809046,0.25062684392460516,0.2545462549958674,0.25846561550027525,0.26238492769996,0.26630419372413466,0.27022341557871227,0.2741425951551025,0.278061734238265,0.28198083451409345,0.2858998975761921,0.2898189249321054,0.2937379180090486,0.29765687815918657,0.3015758066645029,0.30549470474129353,0.3094135735443201,0.3133324141706524,0.31725122766322617,0.3211700150141407,0.32508877716771906,0.32900751502334863,0.33292622943812283,0.3368449212292977,0.3407635911765796,0.34468224002425707,0.34860086848318894,0.35251947723266025,0.3564380669221155,0.3603566381727798,0.36427519157917443,0.36819372771053643,0.3721122471121486,0.37603075030658606,0.3799492377948861,0.38386771005764647,0.38778616755605677
0.16666666666666666,0.0,0.001986540283995866,0.0067976472649757674,0.011644429725151345,0.01633414748266067,0.020921639834256347,0.025447219461276538,0.029933806910126,0.03439460701402268,0.03883758751086611,0.0432677881782478,0.04768853348712526,0.0521020972895569,0.05651008391026493,0.06091365594520384,0.06531367560278407,0.06971079534321241,0.0741055177232385,0.07849823594231416,0.08288926195164677,0.087278846345005,0.09166719269564683,0.096054468063159,0.10044081081010987,0.10482633649742938,0.10921114238665115,0.11359531091782837,0.11797891242461385,0.12236200727451614,0.12674464757126605,0.13112687852022697,0.13550873953207662,0.13989026512140895,0.1442714856433299,0.1486524279010926,0.15303311565034008,0.15741357001989575,0.16179380986476818,0.16617385206376575,0.17055371177159562,0.1749334026333588,0.1793129369678236,0.1836923259246486,0.18807157961977386,0.19245070725243382,0.1968297172066371,0.20120861713946522,0.20558741405814354,0.2099661143875161,0.21434472402928798,0.21872324841418325,0.22310169254798826,0.22748006105229882,0.2318583582006687,0.23623658795075453,0.24061475397296295,0.2449928596760379,0.24937090822996136,0.25374890258649074,0.25812684549761394,0.26250473953216263,0.26688258709079477,0.2712603904195319,0.27563815162200905,0.28001587267057804,0.2843935554163895,0.28877120159855885,0.2931488128525139,0.29752639071760617,0.3019039366440633,0.30628145199934426,0.3106589380739609,0.31503639608681316,0.31941382719008776,0.32379123247375946,0.3281686129697334,0.3325459696556606,0.3369233034584566,0.3413006152575499,0.34567790588788383,0.350055176142694,0.3544324267760794,0.35880965850538704,0.36318687201342287,0.36756406795050633,0.3719412469363785,0.3763184095619791,0.3806955563910997,0.3850726879619248,0.3894498047884689,0.3938269073619189,0.3982039961518862,0.4025810716075789,0.406958134158898,0.41133518421746285,0.41571222217757325,0.4200892484171104,0.4244662632983826,0.42884326716891935,0.4332202603622173
0.17676767676767677,0.0,0.0010943672349826028,0.005685854907667982,0.010484884835263377,0.01506182557150123,0.019495224373749922,0.023843633205344463,0.02813934892661615,0.03240057620357474,0.036638138987564836,0.04085881438998772,0.045067040587974776,0.049265837021340526,0.05345732549357684,0.05764303881253361,0.06182411095315502,0.0660013983393129,0.07017555957222436,0.07434710925823376,0.07851645521775806,0.0826839247522852,0.08684978353899342,0.09101424945403334,0.09517750284143889,0.09933969424825277,0.10350095032529645,0.10766137838106576,0.11182106993379899,0.11598010350943594,0.12013854686565445,0.1242964587746438,0.1284538904633868,0.1326108867857603,0.13676748718290996,0.140923726475178,0.145079635519049,0.14923524175519445,0.15339056966809686,0.15754564117345074,0.16170047594623368,0.16585509169977958,0.17000950442417842,0.17416372859075188,0.1783177773281027,0.18247166257424205,0.18662539520850188,0.19077898516629613,0.19493244153927672,0.19908577266300723,0.20323898619393047,0.20739208917712604,0.2115450881061158,0.21569798897578682,0.2198507973293372,0.2240035183000171,0.22815615664832734,0.23230871679523993,0.23646120285192965,0.24061361864643546,0.2447659677476163,0.24891825348671545,0.2530704789768074,0.25722264713036697,0.2613747606751662,0.26552682216868556,0.26967883401119513,0.2738307984576492,0.2779827176285173,0.2821345935196608,0.28628642801135146,0.29043822287651894,0.2945899797883011,0.29874170032696723,0.3028933859862711,0.3070450381792921,0.31119665824380677,0.315348247447239,0.3194998069912238,0.32365133801582086,0.32780284160340767,0.33195431878228226,0.3361057705299981,0.3402571977764561,0.34440860140677215,0.34855998226394186,0.35271134115131547,0.35686267883490164,0.3610139960455114,0.365165293480757,0.3693165718069156,0.3734678316606688,0.37761907365072794,0.38177029835935256,0.3859215063437728,0.3900726981375186,0.39422387425166733,0.3983750351760118,0.4025261813801573,0.40667731331455054,0.41082843141144715
0.18686868686868685,0.0,0.0005847143596937316,0.003930403446316947,0.00781383719963078,0.011575624797400387,0.01521281816164448,0.018765995661876336,0.02226380182178667,0.02572409784925338,0.029158097241437864,0.03257305937846071,0.035973844915085484,0.039363812631846025,0.04274534983769904,0.046120196045051666,0.04948964675481939,0.05285468555479453,0.05621607205603082,0.05957440185480518,0.0629301483150733,0.06628369225809014,0.06963534343557558,0.07298535631143162,0.07633394183107509,0.07968127631625331,0.08302750826996383,0.08637276364122597,0.08971714994060033,0.09306075948820582,0.0964036719998862,0.0997459566633992,0.10308767381801098,0.10642887632300595,0.10976961068021455,0.1131099179605673,0.116449834573407,0.11978939290879582,0.12312862187659407,0.126467547361139,0.12980619260653123,0.1331445785445654,0.1364827240750153,0.13982064630615154,0.1431583607619165,0.14649588156102275,0.14983322157231285,0.1531703925499688,0.15650740525155363,0.15984426954137418,0.16318099448124926,0.1665175884104375,0.16985405901620457,0.17319041339628352,0.17652665811429358,0.17986279924902662,0.18319884243837734,0.18653479291858444,0.18987065555935598,0.19320643489537379,0.19654213515460486,0.19987776028379037,0.20321331397143608,0.20654879966858397,0.209884220607612,0.2132195798192756,0.2165548801481817,0.21989012426685828,0.2232253146885683,0.22656045377899545,0.22989554376691612,0.2332305867539588,0.23656558472354097,0.23990053954906268,0.24323545300142768,0.24657032675595722,0.24990516239875013,0.25323996143254374,0.25657472528211733,0.259909455299282,0.2632441527674911,0.26657881890610635,0.2699134548743483,0.2732480617749582,0.2765826406575949,0.27991719252199126,0.2832517183208861,0.28658621896275316,0.28992069531434184,0.2932551482030446,0.296589578419106,0.299923986717683,0.3032583738207715,0.30659274041900614,0.3099270871733441,0.3132614147166429,0.3165957236551367,0.31993001456982223,0.323264288017758,0.32659854453328424,0.3299327846291697
0.19696969696969693,0.0,0.000401226059404977,0.0032142505145777035,0.006717622978106692,0.010156408613609854,0.013482897034968315,0.016726601656963082,0.01991364663076223,0.023061517563708323,0.026181580856384085,0.029281346561228935,0.03236591003060769,0.03543882448085652,0.0385026321295324,0.04155919453507226,0.04460990337478991,0.04765581842625416,0.050697760110280495,0.05373637296464387,0.05677217008098768,0.05980556480098928,0.06283689371286126,0.06586643359706146,0.06889441409174467,0.07192102728296665,0.07494643505356868,0.07797077477683766,0.08099416377278638,0.08401670282891731,0.0870384790062445,0.09005956789390118,0.09308003543445571,0.09609993941216562,0.09911933067447397,0.10213825414081053,0.10515674964061401,0.10817485261332423,0.11119259469611902,0.11421000421982193,0.11722710662927151,0.1202439248412266,0.1232604795503615,0.12627678949191742,0.12929287166799994,0.13230874154325414,0.13532441321464056,0.13833989955922144,0.14135521236320606,0.1443703624349688,0.14738535970431296,0.15040021330989242,0.1534149316764067,0.15642952258293663,0.15944399322358443,0.16245835026140934,0.16547259987650803,0.16848674780896708,0.1715007993973144,0.17451475961301013,0.17752863309144465,0.18054242415984886,0.18355613686247033,0.18656977498332183,0.1895833420667714,0.1925968414362087,0.19561027621099428,0.1986236493218733,0.20163696352501273,0.20465022141480457,0.20766342543555857,0.2106765778921956,0.2136896809600406,0.2167027366938007,0.2197157470358083,0.22272871382359685,0.2257416387968727,0.22875452360393725,0.2317673698076105,0.2347801788906996,0.23779295226105315,0.2408056912562373,0.24381839714786624,0.24683107114561598,0.2498437144009499,0.2528563280105773,0.25586891301966835,0.2588814704248471,0.2618940011769756,0.26490650618375056,0.26791898631212496,0.27093144239056777,0.2739438752111754,0.27695628553164625,0.2799686740771266,0.28298104154194054,0.2859933885912093,0.28900571586237106,0.29201802396660553,0.29503031349017217,0.29804258499566705
0.20707070707070704,0.0,0.00030000862775973324,0.0027626787698842893,0.006011807324769376,0.009241935704254424,0.012371167559653118,0.015419516495157564,0.018410663601512153,0.021361576277764676,0.02428363137546578,0.02718447913707596,0.03006936832032105,0.03294198712702017,0.03580498882832347,0.03866032423642688,0.041509456318998196,0.04435350187935106,0.04719332718470359,0.050029613879544806,0.05286290531115755,0.05569363967755305,0.05852217413987745,0.06134880262894399,0.06417376917839919,0.06699727803622593,0.06981950142345103,0.07264058555227833,0.07546065534107863,0.0782798181428498,0.08109816671909398,0.08391578163095154,0.08673273317624501,0.08954908296970376,0.09236488524059168,0.09518018790486503,0.09799503345618771,0.10080945971046372,0.10362350043118242,0.1064371858572209,0.10925054315037613,0.11206359677649602,0.11487636883140932,0.11768887932075016,0.12050114640110055,0.1233131865885415,0.1261250149396325,0.12893664520897574,0.13174808998682067,0.13455936081959557,0.1373704683157839,0.1401814222391821,0.14299223159125699,0.14580290468405993,0.14861344920493594,0.15142387227408452,0.15423418049587603,0.15704438000469895,0.15985447650600695,0.16266447531313963,0.1654743813804175,0.16828419933294306,0.17109393349348279,0.1739035879067599,0.17671316636144263,0.17952267241008,0.18233210938720368,0.18514148042579162,0.18795078847226213,0.19076003630014968,0.19356922652259567,0.19637836160377253,0.19918744386934498,0.20199647551606303,0.20480545862056818,0.20761439514748814,0.21042328695688597,0.21323213581112274,0.21604094338118643,0.21884971125253636,0.2216584409305038,0.22446713384528919,0.22727579135658996,0.23008441475789085,0.23289300528044407,0.23570156409696655,0.2385100923250768,0.2413185910304919,0.24412706123000483,0.24693550389425967,0.2497439199503393,0.25255231028418146,0.25536067574283566,0.25816901713657325,0.2609773352408615,0.2637856307982119,0.26659390451991233,0.26940215708765036,0.27221038915503715,0.27501860134903783,0.2778267942713152
0.21717171717171713,0.0,0.00023553899752429147,0.0024392294618170002,0.005494674305345847,0.008569657203378949,0.011554544051231205,0.014460841963285065,0.01730984530083509,0.020117918378477078,0.022896362315301167,0.02565290058694537,0.02839288613046538,0.031120106183252807,0.03383729858842946,0.03654648363632578,0.0392491805944786,0.04194655175969129,0.04463950024887817,0.04732873770285479,0.050014832037336594,0.05269824170754881,0.05537934069070585,0.058058436970612255,0.06073578640097423,0.06341160323342386,0.06608606820536721,0.06875933481982473,0.07143153426983304,0.0741027793355379,0.07677316749471132,0.07944278342527507,0.08211170103368194,0.08477998511045592,0.08744769269026122,0.09011487417609414,0.09278157427387475,0.09544783277364495,0.09811368520590337,0.10077916339571315,0.10344429593265496,0.10610910857114346,0.10877362457283542,0.11143786500065817,0.11410184897223767,0.1167655938791115,0.11942911557698942,0.12209242855142173,0.12475554606250083,0.12741848027162464,0.13008124235286037,0.1327438425910463,0.1354062904684358,0.13806859474141409,0.14073076350858776,0.14339280427135837,0.14605472398792851,0.14871652912155628,0.1513782256837599,0.15403981927307706,0.15670131510990468,0.15936271806787183,0.16202403270214322,0.16468526327499614,0.1673464137789731,0.17000748795787404,0.17266848932581905,0.17532942118458542,0.17799028663939878,0.18065108861333645,0.18331182986048286,0.18597251297796194,0.18863314041695656,0.19129371449281216,0.19395423739431392,0.19661471119221352,0.19927513784707587,0.20193551921650923,0.20459585706183256,0.20725615305423226,0.20991640878045262,0.2125766257480605,0.21523680539032122,0.21789694907071863,0.22055705808714932,0.2232171336758181,0.22587717701485888,0.2285371892277042,0.23119717138622206,0.23385712451364013,0.23651704958727304,0.239176947541068,0.24183681926798328,0.2444966656222118,0.24715648742126153,0.24981628544790346,0.25247606045199655,0.2551358131521992,0.2577955442375746,0.2604552543690988,0.2631149441810765
0.2272727272727272,0.0,0.0001909858825889475,0.0021913261108124677,0.005089493013145432,0.008040651009075774,0.010911973564104775,0.013707223175632529,0.01644537331538119,0.01914213699869804,0.021808684798359814,0.02445276963861269,0.027079816073783448,0.02969368645838084,0.032297185530967464,0.03489238983368731,0.03748086489543494,0.04006381077741444,0.042642161413092246,0.04521665366952921,0.047787876214464405,0.050356304673451646,0.05292232731781472,0.05548626410487031,0.05804838097916392,0.060608900746748566,0.0631680114380505,0.06572587280730081,0.06828262143326695,0.0708383747587571,0.07339323431682436,0.07594728832780395,0.07850061380534072,0.08105327827606343,0.08360534119290132,0.08615685510370781,0.0887078666231047,0.09125841724505729,0.09380854402575461,0.09635828016026875,0.09890765547174435,0.10145669682818671,0.10400542849902654,0.10655387246135851,0.10910204866393625,0.11164997525555924,0.11419766878332406,0.11674514436527254,0.11929241584120774,0.12183949590482936,0.12438639621982849,0.12693312752216726,0.12947969971042125,0.13202612192577756,0.13457240262304304,0.13711854963381834,0.13966457022282733,0.14221047113825072,0.14475625865679484,0.1473019386241264,0.1498475164912196,0.15239299734708933,0.15493838594832163,0.15748368674576255,0.1600289039086773,0.16257404134665668,0.1651191027295101,0.16766409150535921,0.17020901091711857,0.17275386401752799,0.17529865368288391,0.17784338262559815,0.18038805340569997,0.18293266844138298,0.18547723001868888,0.18802174030040864,0.1905662013342743,0.19311061506050622,0.19565498331877396,0.19819930785462422,0.20074359032542133,0.203287832305844,0.20583203529297622,0.20837620071102683,0.21092032991570797,0.2134644241983035,0.21600848478944912,0.21855251286265054,0.22109650953755988,0.22364047588302793,0.22618441291995295,0.22872832162393852,0.2312722029277774,0.23381605772377353,0.23635988686591428,0.23890369117190527,0.24144747142507558,0.24399122837616558,0.2465349627450034,0.24907867522207927,0.25162236647002484
0.23737373737373746,0.0,0.00015847735039382902,0.001992847527849425,0.004758186159890322,0.00760605692786753,0.010383860949797244,0.01308823522428712,0.015735901355815245,0.0183418932688239,0.020917213963814824,0.02346961523246692,0.02600457019632969,0.028525999281398092,0.03103676147655247,0.033538980092314964,0.036034259710556155,0.03852383260134799,0.04100865917523291,0.043489498092867056,0.04596695602668125,0.04844152354981313,0.050913601411377456,0.05338352004433524,0.055851554238353994,0.058317934309800305,0.060782854700678624,0.06324648066734236,0.06570895353373714,0.06817039485443722,0.07063090974144623,0.0730905895435936,0.07554951402034686,0.07800775311756378,0.08046536842743456,0.08292241439605884,0.08537893932798636,0.08783498622635903,0.09029059349913339,0.0927457955555868,0.09520062331244833,0.09765510462520323,0.10010926465714154,0.10256312619636944,0.10501670992913224,0.10747003467630395,0.10992311759869833,0.11237597437588659,0.11482861936242052,0.11728106572471879,0.11973332556134858,0.12218541000900258,0.12463732933611614,0.1270890930257708,0.12954070984928784,0.1319921879317068,0.13444353481017343,0.13689475748611615,0.1393458624719677,0.14179685583308535,0.144247743225435,0.14669852992953009,0.14914922088105204,0.15159982069852432,0.1540503337083655,0.1565007639676062,0.15895111528452027,0.1614013912373892,0.1638515951915949,0.1663017303152113,0.16875179959324627,0.17120180584066827,0.17365175171433697,0.176101639723944,0.17855147224205767,0.18100125151335697,0.18345097966312948,0.18590065870510106,0.18835029054865737,0.19079987700551215,0.19324941979587085,0.1956989205541333,0.19814838083417538,0.20059780211424597,0.20304718580151007,0.2054965332362695,0.20794584569588578,0.21039512439843014,0.2128443705060831,0.2152935851283024,0.21774276932477798,0.2201919241081911,0.22264105044679058,0.22509014926680324,0.2275392214546881,0.2299882678592471,0.23243728929360316,0.23488628653705498,0.23733526033681693,0.2397842114096526,0.24223314044341063
0.24747474747474754,0.0,0.0001338074914469103,0.0018289456176011777,0.004479041850131486,0.007238087854733308,0.009936391298079791,0.012563981208227472,0.015135394904511492,0.017664971104416675,0.02016351894593169,0.022638766615721746,0.025096218643311147,0.027539840757483336,0.0299725366930417,0.03239646938683243,0.03481327703845259,0.0372242199346632,0.0396302816869052,0.042032240157026925,0.04443071794685643,0.04682621889783762,0.049219154864516244,0.05160986562367544,0.05399863386877254,0.056385696637481615,0.058771254117291255,0.06115547650059655,0.06353850937245942,0.06592047798291181,0.06830149066295009,0.0706816415771056,0.0730610129575895,0.07543967693003481,0.07781769701505868,0.08019512937065366,0.08257202382598097,0.08494842474619978,0.0873243717596116,0.08969990037196891,0.09207504248781355,0.09444982685481934,0.09682427944406026,0.09919842377670889,0.10157228120575096,0.10394587115976782,0.106319211354604,0.10869231797774233,0.11106520584939907,0.11343788856369284,0.11581037861270078,0.11818268749577097,0.12055482581609273,0.12292680336622312,0.12529862920401316,0.12767031172016674,0.13004185869848775,0.13241327736972047,0.13478457445976455,0.13715575623293683,0.13952682853086376,0.14189779680751036,0.14426866616078485,0.14663944136110413,0.1490101268772548,0.15138072689984314,0.15375124536259316,0.15612168596171846,0.15849205217356843,0.16086234727072538,0.16323257433670882,0.16560273627942515,0.16797283584348643,0.17034287562150688,0.17271285806447498,0.1750827854912881,0.17745266009752828,0.17982248396354647,0.1821922590619208,0.18456198726434245,0.18693167034798078,0.18930131000137287,0.19167090782987792,0.19404046536073458,0.19640998404775337,0.19877946527567525,0.20114891036422344,0.20351832057187377,0.20588769709936502,0.20825704109297152,0.2106263536475553,0.21299563580941513,0.2153648885789489,0.2177341129131423,0.22010330972789735,0.22247247990021327,0.22484162427022913,0.22721074364313973,0.2295798387909932,0.2319489104543786,0.23431795934401167
0.2575757575757576,0.0,0.00011451926771717871,0.0016904155714460118,0.004238532416980859,0.006919457241350617,0.009548563878296076,0.012109714177637327,0.014615325101456814,0.017079030937986003,0.019511427498927578,0.02192020216840188,0.02431087759893694,0.02668745488426993,0.02905287508818734,0.031409335192485725,0.033758502763649195,0.036101662825101265,0.03843981962529713,0.040773768198310925,0.043104145451082605,0.04543146717905472,0.04775615526815544,0.05007855795324376,0.05239896509494196,0.054717619834848095,0.05703472758476267,0.05935046303023236,0.061664975638738906,0.0639783940301004,0.06629082947273242,0.06860237870220252,0.07091312620987385,0.07322314611387211,0.07553250369835048,0.07784125668745528,0.08014945630567698,0.0824571481651133,0.08476437301164168,0.08707116735543081,0.08937756400612924,0.09168359252909047,0.09398927963587139,0.09629464951976809,0.09859972414518996,0.10090452349810114,0.10320906580349491,0.10551336771484716,0.10781744447966508,0.11012131008457228,0.11242497738281763,0.1147284582066387,0.11703176346653571,0.11933490323919799,0.12163788684556655,0.12394072292029824,0.12624341947371523,0.1285459839471704,0.13084842326263016,0.1331507438671661,0.13545295177295483,0.13775505259330564,0.14005705157516848,0.14235895362851617,0.14466076335294625,0.14696248506180373,0.14926412280409077,0.15156568038439525,0.15386716138104536,0.15616856916267027,0.15846990690332888,0.16077117759634754,0.16307238406699495,0.16537352898410557,0.16767461487075186,0.1699756441140555,0.17227661897421698,0.17457754159283537,0.17687841400058224,0.17917923812428851,0.18148001579349413,0.18378074874650896,0.18608143863602664,0.18838208703432835,0.19068269543811286,0.19298326527298162,0.19528379789760916,0.19758429460762336,0.19988475663921842,0.20218518517252315,0.20448558133474204,0.20678594620308835,0.20908628080752345,0.2113865861333191,0.213686863123454,0.21598711268085827,0.21828733567051625,0.22058753292143862,0.22288770522851242,0.22518785335423844,0.22748797803036339
0.26767676767676774,0.0,9.908061995306385e-05,0.0015711884447450785,0.004027686208547152,0.006638710262799697,0.009206481062099354,0.011709074235099122,0.014156845861137137,0.016562720746115277,0.01893706643807703,0.021287515909119193,0.02361959931693615,0.025937345144822307,0.02824372582226323,0.030540967884904135,0.03283076484462067,0.03511442382131214,0.037392967636905416,0.03966720686495504,0.04193779141067481,0.04420524796627925,0.046470007585290574,0.04873242624843232,0.050992800391294286,0.053251378763148,0.05550837158125566,0.05776395766843042,0.0600182900703125,0.06227150051487965,0.06452370298179202,0.06677499658114554,0.06902546789192184,0.07127519287434769,0.07352423844371266,0.07577266377330379,0.07802052137914839,0.08026785802789954,0.08251471550051405,0.08476113123768197,0.08700713888777467,0.08925276877402384,0.09149804829445508,0.09374300226557908,0.09598765321883657,0.09823202165719026,0.10047612627796403,0.10271998416699037,0.10496361096827646,0.10720702103271142,0.10945022754876886,0.11169324265769393,0.11393607755527944,0.11617874258201434,0.11842124730312448,0.12066360057980115,0.12290581063272792,0.12514788509885846,0.12738983108226742,0.12963165519978134,0.13187336362200536,0.13411496211027696,0.13635645605001076,0.13859785048083886,0.14083915012389941,0.1430803594065834,0.14532148248501145,0.1475625232644797,0.14980348541808505,0.15204437240371665,0.15428518747957795,0.15652593371838522,0.15876661402037268,0.16100723112521906,0.16324778762299894,0.16548828596425028,0.1677287284692401,0.1699691173365024,0.17220945465071313,0.17444974238996258,0.17668998243247716,0.1789301765628396,0.18117032647774997,0.1834104337913666,0.18565050004026287,0.18789052668803072,0.1901305151295606,0.19237046669502425,0.19461038265358277,0.19685026421684357,0.19909011254208486,0.2013299287352657,0.20356971385383812,0.20580946890937668,0.2080491948700386,0.21028889266286763,0.21252856317595262,0.21476820726045143,0.21700782573249042,0.2192474193749475,0.22148698893912758
0.27777777777777785,0.0,8.648706894399602e-05,0.0014670723409599517,0.003840267938787728,0.006387889260540029,0.008900498365638236,0.011350718008498357,0.013746898312130567,0.016101252113441707,0.018423906866058198,0.020722430050157545,0.02300235061428055,0.025267717866367473,0.02752153068791634,0.029766041467068575,0.03200296684176119,0.0342336338535937,0.03645908219888152,0.038680136646858564,0.04089745902588926,0.04311158605552984,0.045322957246801514,0.04753193574099968,0.04973882406216416,0.05194387615966026,0.05414730671228942,0.05634929838797718,0.058550007560799526,0.06074956885220476,0.06294809876753206,0.06514569863020607,0.06734245696613483,0.06953845145431109,0.0717337505325939,0.07392841472747211,0.07612249776141931,0.0783160474799138,0.08050910663137255,0.0827017135264428,0.0848939025978151,0.08708570487759319,0.08927714840601107,0.09146825858271929,0.09365905846981841,0.09584956905418346,0.09803980947530627,0.10022979722382068,0.10241954831501116,0.10460907744090031,0.10679839810393339,0.10898752273480232,0.11117646279655846,0.11336522887683775,0.11555383076974958,0.11774227754875467,0.11993057763166624,0.1221187388387489,0.12430676844475447,0.12649467322561941,0.1286824595004515,0.13087013316935,0.13305769974753376,0.13524516439619047,0.13743253195040825,0.13961980694450674,0.1418069936350444,0.1439940960217485,0.14618111786658175,0.1483680627111364,0.15055493389252522,0.15274173455791742,0.15492846767785323,0.15711513605845465,0.15930174235263786,0.1614882890704209,0.16367477858841087,0.16586121315854585,0.16804759491615837,0.1702339258874215,0.17242020799623267,0.17460644307058182,0.17679263284845145,0.1789787789832854,0.1811648830490652,0.18335094654502368,0.18553697090002821,0.1877229574766591,0.18990890757500725,0.19209482243621426,0.1942807032457747,0.19646655113661834,0.1986523671919909,0.2008381524481464,0.20302390789686708,0.20520963448782278,0.2073953331307817,0.20958100469768334,0.2117666500245837,0.21395226991348182,0.21613786513403566
0.2878787878787879,0.0,7.605308230910917e-05,0.0013750638353567802,0.003671782338755649,0.006161258198688564,0.008623669860571658,0.011026482097577379,0.013376089695205125,0.015683992632688642,0.017960068634287785,0.02021181044548189,0.022444738490450863,0.024662917380698587,0.026869368316250766,0.029066366425266818,0.03125564910244975,0.03343856148476673,0.03561615871707976,0.037789278637369784,0.03995859409610238,0.04212465111193306,0.044287897058909786,0.04644870174913912,0.048607373388176216,0.0507641707847015,0.05291931279160064,0.05507298567780142,0.05722534893721839,0.059376539905483174,0.0615266774586844,0.06367586499901763,0.0658241928819004,0.06797174040217847,0.07011857742970508,0.07226476576414285,0.07441036026344246,0.07655540978875354,0.07869995799956957,0.08084404402599993,0.08298770303969978,0.08513096674079428,0.0872738637748343,0.08941642009121005,0.09155865925237051,0.09370060270153163,0.09584226999521922,0.09798367900590932,0.10012484609914873,0.10226578628882181,0.10440651337363993,0.10654704005744654,0.10868737805552954,0.11082753818880052,0.11296753046742423,0.1151073641652494,0.11724704788619866,0.11938658962361175,0.12152599681339814,0.12366527638173895,0.12580443478797856,0.1279434780632616,0.13008241184539918,0.13222124141038688,0.13435997170094244,0.13649860735238736,0.1386371527161555,0.1407756118811791,0.14291398869337144,0.14505228677340157,0.14719050953293272,0.14932866018947666,0.1514667417800005,0.1536047571734054,0.15574270908198534,0.15788060007196178,0.16001843257317952,0.16215620888804128,0.1642939311997491,0.16643160157991507,0.1685692219955964,0.17070679431580535,0.17284432031753919,0.17498180169137034,0.1771192400466347,0.17925663691625035,0.1813939937611979,0.1835313119746889,0.18566859288604845,0.18780583776433366,0.18994304782170923,0.19208022421659868,0.19421736805662868,0.19635448040138148,0.1984915622649713,0.2006286146184559,0.20276563839209671,0.2049026344774781,0.207039603729496,0.20917654696822505,0.21131346498067285
0.297979797979798,0.0,6.729515021785644e-05,0.0012929459984933657,0.0035188911750502687,0.005954557472151575,0.008370841200866513,0.010730312608089583,0.013037457839662132,0.015303064125657725,0.01753675142043162,0.019745929860498695,0.02193610508458557,0.024111352278159623,0.02627471142033269,0.028428477716479907,0.030574407293174257,0.032713861823516245,0.034847910684801135,0.03697740382346136,0.03910302434488539,0.04122532694724518,0.043344766362182326,0.04546171865646039,0.04757649737156023,0.04968936588621153,0.05180054698348777,0.05391023032628132,0.056018578351489906,0.05812573095697232,0.060231809258293155,0.062336918622437,0.06444115113489306,0.06654458761922465,0.06864729930060544,0.07074934918413919,0.07285079320319839,0.07495168118117058,0.07705205764092754,0.07915196248932972,0.08125143159863893,0.08335049730245664,0.08544918882045684,0.08754753262353106,0.08964555274885155,0.09174327107266878,0.09384070754729847,0.09593788040765411,0.09803480635178478,0.10013150069915078,0.10222797752976835,0.10432424980686389,0.10642032948526925,0.10851622760745251,0.11061195438879624,0.11270751929350004,0.11480293110228668,0.11689819797292472,0.11899332749444029,0.12108832673577129,0.1231832022895172,0.12527796031135077,0.12737260655558472,0.12946714640732368,0.13156158491157732,0.13365592679966434,0.13575017651319665,0.13784433822589803,0.13993841586348232,0.14203241312178863,0.14412633348335013,0.14622018023255076,0.14831395646950904,0.15040766512281165,0.15250130896120603,0.15459489060435036,0.1566884125327079,0.15878187709666447,0.16087528652493882,0.1629686429323495,0.1650619483269943,0.167155204616894,0.1692484136161463,0.17134157705063105,0.17343469656330535,0.17552777371912157,0.17762081000959992,0.17971380685708316,0.18180676561869932,0.1838996875900545,0.18599257400867863,0.18808542605724185,0.19017824486655924,0.19227103151840128,0.19436378704812238,0.19645651244712292,0.1985492086651568,0.20064187661249364,0.20273451716194935,0.20482713115079174,0.20691971938253126
0.3080808080808081,0.0,5.986269431972703e-05,0.0012190413742439287,0.003379053866512719,0.005764545028785053,0.008138091766294986,0.010457607290149037,0.012725712296289203,0.014952482012043055,0.017147271762047375,0.019317402241975763,0.021468358855278338,0.023604223244465438,0.0257280510898697,0.027842155361611522,0.029948309162084356,0.03204788935011188,0.03414197848348128,0.03623143778735083,0.03831695995983608,0.040399107844312415,0.04247834309449555,0.044555047673476005,0.04662954016128353,0.04870208825793132,0.05077291846704221,0.052842223667599934,0.054910169087607735,0.05697689705670674,0.05904253081728695,0.06110717760334111,0.06317093114515056,0.06523387372028736,0.06729607784352241,0.06935760766735437,0.07141852014912138,0.07347886602867497,0.07553869065141154,0.07759803466436638,0.0796569346075643,0.08171542341850833,0.08377353086429368,0.08583128391314336,0.08788870705502298,0.08994582257927358,0.09200265081582366,0.09405921034542204,0.09611551818342673,0.09817158994094276,0.1002274399664941,0.10228308147091379,0.10433852663772275,0.10639378672092344,0.10844887213184869,0.11050379251646636,0.11255855682433961,0.1146131733702735,0.11666764988953604,0.11872199358742037,0.1207762111838128,0.12283030895334311,0.12488429276161907,0.12693816809798328,0.128991940105175,0.1310456136062326,0.133099193128931,0.13515268292801394,0.13720608700544865,0.13925940912890591,0.14131265284864344,0.14336582151295144,0.14541891828230105,0.1474719461423208,0.14952490791571263,0.15157780627320744,0.1536306437436489,0.15568342272328548,0.1577361454843424,0.15978881418293714,0.16184143086639727,0.16389399748003167,0.1659465158734029,0.1679989878061424,0.17005141495334744,0.17210379891059427,0.17415614119859868,0.17620844326755294,0.1782607065011649,0.18031293222042274,0.18236512168710672,0.184417276107068,0.18646939663329207,0.1885214843687628,0.19057354036914242,0.1926255656452818,0.19467756116557142,0.19672952785814687,0.19878146661295815,0.20083337828371253,0.20288526368970006
0.3181818181818182,0.0,5.3495477864404136e-05,0.001152053720458627,0.003250296381802345,0.005588701505894363,0.00792237654916361,0.010204793529117526,0.012436747803890395,0.014627603738567592,0.016786446068244757,0.018920500025868387,0.02103522596593711,0.023134708353944388,0.025222015858554273,0.027299477179828207,0.02936888085339147,0.03143161773941479,0.033488782654912695,0.03554124737806885,0.03758971362123276,0.03963475190669933,0.04167683043054665,0.04371633674004133,0.045753594194903886,0.047788874600033414,0.04982240799735122,0.05185439032738132,0.05388498947733344,0.05591435009539603,0.05794259745303562,0.05996984056643818,0.06199617473673084,0.06402168363073359,0.06604644099585895,0.06807051208171072,0.07009395482502297,0.07211682084247192,0.07413915626660722,0.0761610024529769,0.07818239658094271,0.08020337216631683,0.08222395950051205,0.08424418602817384,0.0862640766730915,0.08828365412044763,0.09030293906206367,0.09232195041016829,0.09434070548429178,0.09635922017514004,0.09837750908868205,0.1003955856731784,0.10241346233145676,0.10443115052039237,0.10644866083925943,0.10846600310837745,0.11048318643927202,0.11250021929739747,0.1145171095583239,0.11653386455816932,0.11855049113895082,0.12056699568944247,0.12258338418204974,0.1245996622061456,0.12661583499825824,0.12863190746945086,0.13064788423019427,0.13266376961299436,0.13467956769300868,0.13669528230685635,0.13871091706980357,0.1407264753914857,0.1427419604903096,0.14475737540666286,0.14677272301504424,0.1487880060352162,0.15080322704247032,0.15281838847708715,0.1548334926530624,0.15684854176616597,0.15886353790139168,0.1608784830398511,0.16289337906515988,0.16490822776935773,0.1669230308584038,0.16893778995728048,0.17095250661473874,0.17296718230771405,0.1749818184454386,0.17699641637327498,0.17901097737629135,0.18102550268260062,0.18303999346647915,0.1850544508512834,0.18706887591217888,0.18908326967869582,0.1910976331371235,0.193111967232756,0.19512627287199916,0.1971405509243492,0.19915480222425141
0.3282828282828283,0.0,4.799636108541676e-05,0.0010909630461450048,0.003131057338792893,0.005425033960740968,0.00772128798376747,0.009969047876504116,0.012167321080944366,0.01432476249265887,0.016450180994943376,0.018550700977113515,0.02063175343826982,0.02269742241945508,0.024750787157823334,0.026794190271966153,0.028829434360154185,0.03085792323347884,0.03288076315244675,0.034898835806641645,0.03691285141185044,0.03892338775805564,0.0409309192491705,0.04293583874189142,0.04493847414798288,0.04693910118706845,0.04893795327932245,0.05093522929117203,0.05293109965334052,0.05492571123329155,0.05691919124591182,0.058911650415288765,0.06090318554864837,0.06289388164537393,0.06488381363568277,0.06687304782229243,0.06886164308235561,0.07084965187471622,0.07283712108815876,0.07482409275907383,0.07681060468132292,0.07879669092666967,0.08078238229066503,0.08276770667611656,0.08475268942407367,0.08673735360050078,0.08872172024539,0.09070580858991945,0.09268963624632699,0.09467321937440919,0.09665657282792713,0.09863971028368775,0.10062264435564049,0.10260538669597746,0.10458794808492823,0.10657033851069542,0.10855256724076849,0.11053464288568061,0.11251657345612481,0.11449836641422122,0.11648002871962214,0.11846156687104993,0.12044298694378675,0.1224242946235678,0.1244054952372749,0.12638659378077569,0.128367594944214,0.13034850313501864,0.13232932249886767,0.13431005693881556,0.13629071013276975,0.1382712855494789,0.1402517864631791,0.14223221596702787,0.14421257698544038,0.14619287228543196,0.1481731044870584,0.15015327607303688,0.15213338939762142,0.15411344669479934,0.15609345008586858,0.15807340158644947,0.16005330311298024,0.16203315648873892,0.16401296344943259,0.16599272564838907,0.16797244466138375,0.1699521219911313,0.17193175907146888,0.17391135727125537,0.17589091789800895,0.17787044220130296,0.17984993137593888,0.18182938656491332,0.18380880886219386,0.1857881993153189,0.18776755892783367,0.18974688866157452,0.19172618943881237,0.19370546214426573,0.19568470762699133
0.3383838383838384,0.0,4.321333220840319e-05,0.0010349539285615691,0.0030200824483047482,0.005271941288757624,0.007532892750455013,0.009748103981349657,0.01191482959149367,0.014041016562277214,0.01613519321572097,0.01820437823248251,0.020253969360421238,0.022288047282689284,0.02430969962360785,0.026321281291010388,0.028324607715631837,0.030321094718514796,0.0323118592742296,0.03429779241094491,0.036279612392527284,0.038257903910522396,0.04023314727919019,0.04220574042058419,0.044176015596469366,0.04614425227256089,0.048110687105466544,0.050075521767407455,0.05203892913023527,0.054001058192884394,0.05596203803793851,0.05792198103174045,0.05988098543042674,0.06183913751589648,0.06379651335718547,0.06575318027131062,0.06770919804146307,0.06966461993809353,0.07161949357896406,0.07357386165691983,0.07552776255843571,0.07748123089152957,0.0794342979381155,0.08138699204308152,0.0833393389501521,0.08529136209281472,0.0872430828471526,0.0891945207522647,0.09114569370300672,0.09309661811901736,0.09504730909335683,0.096997780523565,0.09894804522751295,0.10089811504606357,0.10284800093425768,0.10479771304249198,0.10674726078894499,0.1086966529243309,0.11064589758991132,0.11259500236956883,0.11454397433663875,0.11649282009610307,0.11844154582267387,0.1203901572952246,0.12233865992797122,0.12428705879875517,0.12623535867473704,0.12818356403577355,0.13013167909571663,0.13207970782184836,0.13402765395263713,0.1359755210139836,0.1379233123341028,0.1398710310571741,0.14181868015587726,0.1437662624429178,0.14571378058163634,0.14766123709578544,0.1496086343785488,0.15155597470087082,0.15350326021915686,0.1554504929823994,0.15739767493877868,0.15934480794178316,0.16129189375588968,0.16323893406183965,0.1651859304615451,0.16713288448265337,0.1690797975827989,0.17102667115356632,0.1729735065241873,0.17492030496499225,0.17686706769063534,0.17881379586310964,0.18076049059456947,0.182707152949972,0.1846537839495537,0.1866003845711521,0.18854695575238464,0.19049349839269422,0.19244001335527192
0.34848484848484845,0.0,3.9027333242548205e-05,0.0009833653124192178,0.0029163502651192927,0.005128119565601161,0.00735561706277514,0.0095401176560948,0.0116771561835748,0.013773973376531348,0.015838812733368884,0.017878582782870016,0.019898644462844253,0.021903072423418806,0.023894960691284387,0.025876674984471142,0.02785004245194245,0.02981649007418687,0.031777144881792556,0.03373290672564381,0.035684501508233726,0.03763252049391339,0.03957744964049626,0.041519691716749095,0.0434595831536262,0.04539740701215919,0.0473334030586919,0.049267775664016446,0.05120070004977339,0.053132327268083764,0.05506278820175269,0.05699219680091172,0.0589206527196977,0.060848243477990595,0.06277504624451867,0.06470112931608475,0.06662655335135804,0.06855137240523854,0.07047563480025099,0.07239938386403481,0.0743226585562445,0.07624549400366602,0.0781679219588003,0.08008997119434508,0.08201166784375956,0.08393303569629297,0.08585409645340579,0.08777486995233723,0.08969537436161466,0.09161562635251953,0.0935356412498824,0.09545543316505066,0.09737501511343571,0.0992943991186818,0.10121359630519665,0.10313261698053071,0.10505147070887842,0.10697016637679606,0.10888871225208002,0.11080711603662012,0.11272538491393413,0.11464352559199718,0.11656154434189918,0.11847944703279682,0.12039723916356677,0.12231492589151814,0.12423251205847659,0.12615000221451744,0.12806740063959,0.12998471136324882,0.13190193818268234,0.13381908467920728,0.13573615423337937,0.13765315003885323,0.13957007511511102,0.1414869323191655,0.14340372435633317,0.14532045379016165,0.14723712305158868,0.14915373444740046,0.15107029016805115,0.15298679229489925,0.15490324280691115,0.15681964358687625,0.15873599642717548,0.16065230303513983,0.16256856503803224,0.16448478398768393,0.1664009613648122,0.1683170985830453,0.17023319699267717,0.1721492578841731,0.1740652824914446,0.17598127199491284,0.17789722752437367,0.1798131501616819,0.18172904094326583,0.18364490086248567,0.1855607308718462,0.18747653188507504,0.18939230477907495
0.35858585858585856,0.0,3.5343815934918016e-05,0.0009356545768098684,0.0028190188054098633,0.0049924939874478715,0.007188164231973982,0.009343569956978158,0.0114525575389424,0.013521663201234711,0.01555884172533893,0.01757088739503356,0.019563121059499564,0.021539608875715224,0.023503449451677497,0.025457017961843426,0.027402152255915507,0.029340289698856385,0.03127256677886073,0.03319989170125735,0.035122997636098725,0.03704248212304267,0.03895883652234974,0.04087246825214226,0.04278371774953085,0.04469287153504512,0.04660017237073513,0.048505827229538216,0.05041001360080095,0.0523128845195264,0.05421457260817928,0.056115193348232416,0.05801484774617657,0.059913624519960525,0.06181160190295506,0.06370884914084299,0.06560542774041488,0.06750139251671784,0.0693967924753766,0.07129167155945304,0.07318606928440526,0.07508002128015664,0.07697355975569549,0.07886671389877843,0.08075951022103946,0.0826519728569844,0.08454412382388347,0.08643598324838363,0.08832756956469708,0.09021889968842924,0.09210998916946149,0.0940008523267689,0.09589150236760931,0.09778195149315377,0.09967221099232028,0.10156229132531723,0.10345220219818674,0.10534195262945789,0.10723155100986459,0.10912100515595528,0.11101032235830954,0.1128995094249831,0.11478857272072292,0.11667751820242384,0.11856635145124032,0.12045507770171537,0.12234370186824388,0.12423222856915099,0.12612066214863235,0.12800900669677323,0.12989726606784144,0.1317854438970231,0.1336735436157552,0.13556156846578934,0.13744952151210754,0.13933740565479782,0.14122522363998616,0.1431129780699107,0.14500067141221598,0.1468883060085364,0.14877588408243173,0.15066340774673098,0.15255087901033484,0.15443829978452372,0.1563256718888119,0.15821299705638564,0.16010027693915943,0.16198751311248125,0.1638747070795151,0.16576186027532563,0.16764897407068904,0.16953604977565107,0.1714230886428515,0.17331009187063204,0.17519706060594575,0.1770839959470807,0.17897089894621232,0.18085777061179711,0.18274461191081917,0.18463142377089872,0.18651820708227418
0.3686868686868687,0.0,3.2086762135874556e-05,0.0008913713162280331,0.0027273864235557743,0.004864168983468948,0.007029454269106124,0.00915719620557418,0.011239582508192016,0.013282446696631998,0.015293451252777297,0.017279272416980542,0.019245187907032946,0.02119525310756849,0.023132569524638245,0.025059520540835403,0.02697795377060465,0.028889316252061994,0.03079475338287149,0.03269518129467783,0.03459134008641068,0.03648383330191665,0.03837315748448138,0.04025972452219969,0.0421438787103211,0.04402590990568984,0.0459060637627364,0.04778454976924217,0.049661547608001066,0.051537212233339125,0.053411677952664334,0.05528506173143303,0.05715746588729501,0.059028980300265786,0.06089968423675615,0.06276964786347462,0.06463893351068697,0.0665075967317006,0.06837568719573713,0.0702432494438455,0.07211032353165259,0.07397694557815852,0.07584314823615894,0.07770896109700466,0.07957441104011255,0.08143952253580375,0.08330431790856051,0.08516881756659199,0.08703304020262075,0.08889700297000264,0.09076072163763586,0.0926242107265739,0.09448748363080928,0.09635055272432302,0.09821342945618415,0.10007612443522385,0.10193864750559191,0.10380100781431788,0.10566321387184575,0.10752527360637865,0.10938719441275817,0.11124898319650843,0.11311064641359296,0.11497219010636228,0.11683361993611169,0.11869494121261485,0.12055615892095643,0.12241727774594634,0.12427830209436687,0.1261392361152728,0.1280000837185402,0.12986084859183797,0.13172153421617633,0.13358214388016845,0.1354426806931286,0.1373031475971159,0.13916354737802075,0.14102388267578153,0.14288415599381107,0.14474436970770183,0.1466045260732741,0.14846462723402434,0.15032467522802476,0.15218467199432106,0.15404461937887,0.15590451914005546,0.15776437295381668,0.15962418241842105,0.1614839490589091,0.16334367433123778,0.1652033596261461,0.16706300627276405,0.1689226155419844,0.17078218864961625,0.1726417267593352,0.17450123098544656,0.17636070239547483,0.1782201420125913,0.18007955081789295,0.18193892975254197,0.18379827971977572
0.37878787878787873,0.0,2.919437021862192e-05,0.0008501378810656732,0.002640862649144106,0.004742391019139024,0.006878578870016544,0.008979933109259312,0.011037011289218364,0.013054946085841427,0.01504110436518774,0.017002040777213383,0.018942987066255527,0.020867985719206464,0.022780139574008058,0.024681839062708086,0.026574940697735163,0.028460900533129028,0.030340872370620536,0.03221577987417278,0.03408636976045335,0.035953251328821725,0.037816926104618065,0.03967781028182446,0.04153625187859444,0.04339254397566142,0.045246935025625636,0.04709963695158301,0.04895083156218094,0.0508006756732562,0.05264930522742442,0.05449683863110474,0.05634337947570486,0.05818901877063712,0.060033836786689034,0.06187790458634132,0.06372128530099963,0.06556403520240424,0.06740620460571176,0.06924783863417376,0.07108897786943615,0.07292965890685367,0.07476991483155986,0.07660977562813168,0.07844926853437346,0.0802884183478872,0.08212724769259727,0.08396577725118566,0.08580402596840381,0.08764201122942038,0.08947974901670062,0.09131725404836556,0.09315453990052709,0.09499161911571809,0.09682850329922356,0.09866520320485589,0.1005017288114969,0.10233808939154375,0.10417429357223844,0.10601034939072855,0.1078462643435922,0.10968204543146552,0.11151769919932741,0.11335323177292568,0.1151886488917691,0.11702395593905583,0.11885915796886554,0.12069425973090155,0.12252926569303668,0.12436418006188711,0.12619900680161142,0.12803374965111158,0.1298684121397917,0.13170299760201296,0.1335375091903699,0.13537194988789739,0.1372063225193082,0.13904062976134896,0.140874874152355,0.1427090581010745,0.14454318389482682,0.14637725370705265,0.14821126960430822,0.1500452335527505,0.15187914742415662,0.15371301300151538,0.15554683198422634,0.15738060599293782,0.15921433657405343,0.16104802520393244,0.16288167329280864,0.16471528218844886,0.16654885317957185,0.16838238749904486,0.1702158863268749,0.17204935079301029,0.1738827819799655,0.17571618092528293,0.17754954862384312,0.17938288603003374,0.18121619405978814
0.388888888888889,0.0,2.661589117535147e-05,0.0008116347133771285,0.002558946117319168,0.00462652043871967,0.006734767350106272,0.00881087875908851,0.010843809430758772,0.01283799311256129,0.01480049797122438,0.01673775373664152,0.018654943510267846,0.020556094887836853,0.02244431057337477,0.02432198696646226,0.026190988670050746,0.028052780143197956,0.029908523122899853,0.031759148440677655,0.03360540914339496,0.035447920056479225,0.03728718750216873,0.039123631829361426,0.04095760465483923,0.04278940218002438,0.04461927556929357,0.04644743910819396,0.04827407666935004,0.050099346877227814,0.05192338726418839,0.05374631763831501,0.05556824283062797,0.05738925495012684,0.05920943524583455,0.06102885565298404,0.06284758008376894,0.06466566551030305,0.06648316287759691,0.0683001178767381,0.07011657160251646,0.07193256111506925,0.07374811992143758,0.07556327838999861,0.07737806410840452,0.07919250219378247,0.08100661556243986,0.08282042516509197,0.0846339501926326,0.08644720825665174,0.08826021554823404,0.09007298697801969,0.0918855363000509,0.09369787622154824,0.09551001850044243,0.09732197403222302,0.09913375292744199,0.10094536458102225,0.10275681773436292,0.10456812053109821,0.10637928056725272,0.1081903049364382,0.11000120027065328,0.11181197277717707,0.11362262827198477,0.1154331722100621,0.11724360971294769,0.1190539455937958,0.12086418438021419,0.1226743303351047,0.12448438747570705,0.1262943595910239,0.1281042502577848,0.12991406285509044,0.13172380057786223,0.13353346644920944,0.1353430633318139,0.13715259393842236,0.1389620608415267,0.14077146648230426,0.14258081317888385,0.14439010313399536,0.14619933844205632,0.14800852109574303,0.14981765299208946,0.15162673593815285,0.1534357716562816,0.15524476178901783,0.1570537079036633,0.15886261149653585,0.16067147399694023,0.16248029677087547,0.16428908112449922,0.16609782830736677,0.16790653951546253,0.16971521589403848,0.1715238585402746,0.17333246850577314,0.17514104679889986,0.17694959438698207,0.17875811219837423
0.39898989898989906,0.0,2.4309272817853185e-05,0.0007755891437061095,0.002481207638856527,0.004516009857206674,0.006597360510417232,0.008649261951429748,0.010659092564896765,0.012630589148209928,0.014570518287092146,0.016485181653408947,0.018379711186307924,0.02025811771121874,0.022123502419168547,0.02397826666161086,0.0258242823757179,0.027663021854615718,0.02949565433333105,0.03132311747139962,0.03314617037869347,0.03496543319385275,0.03678141686450163,0.03859454575479814,0.040405174965334856,0.042213603722984765,0.04402008582425603,0.045824837850038665,0.0476280456799946,0.049429869698595065,0.0512304489861753,0.053029904716398284,0.0548283429285639,0.05662585680391987,0.05842252854576261,0.060218430940986105,0.06201362866393407,0.0638081793705622,0.06560213462101977,0.06739554066108878,0.06918843908692969,0.07098086741288381,0.0727728595583677,0.07456444626694701,0.07635565546832143,0.07814651259206128,0.07993704084041198,0.08172726142624415,0.08351719378122201,0.08530685573843737,0.08709626369308072,0.08888543274416254,0.09067437681983519,0.09246310878848335,0.09425164055742828,0.09603998316082481,0.09782814683810413,0.09961614110412494,0.10140397481203671,0.10319165620972097,0.10497919299056231,0.1067665923392017,0.10855386097283987,0.11034100517858741,0.11212803084729506,0.11391494350424487,0.11570174833703613,0.11748845022096066,0.11927505374212649,0.12106156321855993,0.12284798271948817,0.12463431608298357,0.1264205669321288,0.1282067386898458,0.12999283459251532,0.13177885770250053,0.13356481091967595,0.13535069699205302,0.13713651852558303,0.1389222779932115,0.14070797774324903,0.14249362000711882,0.1442792069065332,0.14606474046014922,0.14785022258974492,0.14963565512595792,0.15142103981362046,0.15320637831672496,0.15499167222304852,0.15677692304846397,0.15856213224096163,0.16034730118440454,0.16213243120203716,0.16391752355976638,0.16570257946923164,0.16748760009068062,0.1692725865356632,0.17105753986955863,0.1728424611139466,0.17462735124883377,0.17641221121474618
0.40909090909090917,0.0,2.223938153838426e-05,0.0007417667250836073,0.0024072770526291035,0.004410387373223399,0.006465790339249465,0.008494418367043318,0.010482099037155057,0.012431874230132174,0.014350206264211622,0.016243265780517418,0.018116131168049776,0.019972794702565726,0.021816354758530474,0.023649216681223485,0.025473259030178275,0.02728996139633272,0.029100500102912485,0.030905819319811553,0.032706683970389526,0.034503719308043836,0.03629744074611593,0.03808827653419183,0.039876585150068505,0.04166266875774527,0.04344678371207691,0.045229148827186046,0.0470099519371201,0.04878935514142994,0.050567499029859624,0.05234450610836033,0.05412048359562172,0.05589552571994747,0.057669715616839035,0.059443126905436815,0.06121582500508615,0.06298786824038051,0.06475930877308018,0.06653019339158467,0.06830056418260964,0.07007045910498537,0.07183991248175285,0.0736089554237621,0.07537761619560304,0.07714592053279251,0.07891389191760292,0.08068155181967075,0.08244891990650582,0.08421601422819287,0.08598285137989202,0.08774944664518258,0.0895158141228276,0.0912819668391484,0.09304791684787568,0.09481367531907174,0.09657925261849148,0.09834465837855867,0.10010990156197001,0.10187499051880484,0.10363993303789841,0.10540473639313987,0.10716940738526888,0.10893395237967253,0.11069837734062167,0.11246268786233089,0.1142268891971809,0.11599098628139994,0.11775498375846753,0.1195188860004723,0.12128269712762894,0.12304642102613698,0.12481006136454316,0.12657362160875132,0.12833710503580845,0.13010051474658157,0.13186385367742828,0.1336271246109524,0.13539033018592778,0.13715347290646365,0.13891655515047918,0.14067957917754603,0.14244254713615398,0.14420546107044832,0.14596832292648296,0.14773113455802972,0.14949389773198005,0.1512566141333714,0.15301928537007,0.15478191297713478,0.15654449842088972,0.15830704310272545,0.16006954836265172,0.16183201548261947,0.16359444568962922,0.16535684015864235,0.1671192000153092,0.1688815263385274,0.17064382016284285,0.172406082480704,0.17416831424458054
0.4191919191919193,0.0,2.037664316185575e-05,0.0007099644532566982,0.002336832900874678,0.004309243380596811,0.006339564068409197,0.008345771865590167,0.01031216840549762,0.01224110275885343,0.014138730456300555,0.016011088287272865,0.01786319881926094,0.019699034086797147,0.02152168841046656,0.023333570221762103,0.025136564029576213,0.02693215621671287,0.028721529808695634,0.03050563518723041,0.0322852428550665,0.03406098299447378,0.03583337533518179,0.03760285189094851,0.039369774417338306,0.04113444793318903,0.042897131283034164,0.04465804545648352,0.04641738019306266,0.04817529926570658,0.049931944737803415,0.05168744041674034,0.05344189467384175,0.055195402761150265,0.05694804872595846,0.05869990700170325,0.0604510437368846,0.06220151791068999,0.0639513822740003,0.06570068414668627,0.06744946609604019,0.06919776651642123,0.07094562012642616,0.07269305839690395,0.07444010992073948,0.07618680073341086,0.07793315459177373,0.07967919321726745,0.08142493650871378,0.08317040272904025,0.08491560866957026,0.08666056979495462,0.08840530037134749,0.09014981358003858,0.09189412161842653,0.093638235789945,0.09538216658432365,0.09712592374937161,0.09886951635530827,0.10061295285252693,0.10235624112355901,0.10409938852990556,0.10584240195431704,0.10758528783902872,0.10932805222039453,0.11107070076030912,0.11281323877475967,0.11455567125980791,0.11629800291526833,0.1180402381663167,0.11978238118323704,0.12152443589949084,0.12326640602827271,0.12500829507769792,0.12675010636475176,0.12849184302811686,0.13023350803998238,0.13197510421692774,0.13371663422996458,0.1354581006138117,0.13719950577547038,0.13894085200216125,0.14068214146867639,0.1424233762441979,0.14416455829862576,0.14590568950845703,0.14764677166225212,0.14938780646572256,0.15112879554646885,0.1528697404583981,0.15461064268584485,0.15635150364741882,0.15809232469960033,0.1598331071401023,0.16157385221101636,0.16331456110175954,0.16505523495183508,0.16679587485342215,0.16853648185380551,0.1702770569576576,0.17201760112918266
0.42929292929292934,0.0,1.86959921417696e-05,0.0006800054072714484,0.0022695942381153558,0.004212220100834706,0.006218251520952288,0.008202819645450648,0.010148724398645866,0.012057624224729674,0.013935365504401208,0.015787848490318643,0.017620037761089793,0.019435883496348085,0.021238474783989655,0.023030222278542175,0.02481301579943486,0.02658834804202855,0.028357408369260626,0.030121153092879563,0.03188035807446373,0.033635658250302916,0.03538757752625927,0.037136551566532956,0.03888294531131052,0.04062706655727841,0.04236917657447217,0.04410949847407431,0.0458482238554683,0.04758551812611333,0.04932152478973533,0.05105636892644703,0.05279016003532643,0.05452299437048521,0.056254956872045576,0.05798612277107753,0.05971655893053148,0.061446324971164014,0.06317547422139744,0.06490405452224478,0.06663210891233153,0.06835967621324857,0.07008679153167946,0.07181348669172993,0.07353979060847822,0.0752657296118282,0.07699132772818477,0.07871660692620241,0.08044158733182465,0.08216628741698684,0.08389072416565922,0.08561491322033354,0.08733886901158204,0.08906260487292184,0.09078613314288847,0.09250946525594633,0.09423261182363156,0.0959555827071275,0.09767838708230782,0.09940103349814218,0.1011235299292396,0.10284588382320366,0.10456810214338659,0.1062901914075543,0.10801215772291121,0.10973400681787719,0.11145574407096281,0.11317737453704645,0.11489890297132212,0.11662033385115401,0.11834167139604924,0.12006291958593396,0.12178408217789856,0.1235051627215598,0.12522616457317046,0.1269470909085947,0.1286679447352532,0.13038872890313266,0.13210944611494413,0.1338300989355051,0.1355506898004145,0.13727122102408135,0.13899169480716303,0.1407121132434624,0.14243247832632974,0.1441527919546106,0.14587305593817568,0.147593272003068,0.14931344179629646,0.1510335668903047,0.15275364878714068,0.1544736889223491,0.1561936886686094,0.15791364933913674,0.1596335721908658,0.1613534584274312,0.1630733092019615,0.1647931256196992,0.16651290874045885,0.16823265958093636,0.16995237911687802
0.43939393939393945,0.0,1.7176050521168642e-05,0.0006517344721907037,0.0022053140716819003,0.0041190031969722705,0.006101474976133339,0.008065120358702946,0.009991261264794448,0.011880867778083323,0.013739474914555018,0.01557284382886856,0.017385879036968012,0.019182507319475097,0.0209658114048045,0.022738203346725022,0.024501577666619492,0.026257432916632423,0.028006964450787056,0.029751134243909974,0.03149072330779024,0.03322637116761557,0.034958605773127496,0.036687866331875735,0.038414520881072126,0.040138879922933864,0.0418612070927826,0.043581727572837764,0.04530063477961945,0.04701809571875204,0.048734255303161576,0.050449239858865104,0.05216315998946638,0.053876112930928755,0.05558818449852445,0.057299450705427725,0.05900997911534381,0.06071982997847252,0.06242905719000235,0.06413770910248083,0.06584582921727193,0.06755345677548627,0.0692606272649541,0.07096737285677543,0.07267372278255584,0.0743797036614861,0.07608533978484852,0.0777906533642558,0.07949566474888618,0.08120039261612631,0.08290485413933259,0.08460906513584282,0.0863130401978915,0.08801679280868309,0.08972033544554493,0.09142367967180369,0.09312683621879338,0.09482981505920891,0.09653262547284837,0.09823527610564864,0.09993777502279792,0.10164012975660519,0.10334234734971998,0.10504443439421995,0.10674639706701915,0.10844824116199393,0.11014997211917638,0.1118515950513209,0.11355311476811697,0.11525453579828593,0.11695586240977553,0.11865709862823885,0.12035824825396679,0.12205931487742105,0.12376030189350185,0.12546121251466838,0.12716204978301807,0.12886281658141963,0.13056351564378568,0.13226414956456028,0.13396472080749205,0.1356652317137532,0.13736568450946188,0.13906608131265744,0.14076642413977486,0.1424667149116599,0.144166955459162,0.14586714752833946,0.147567292785308,0.14926739282076026,0.1509674491541828,0.15266746323779298,0.15436743646021847,0.15606737014993702,0.1577672655784966,0.15946712396352997,0.16116694647158084,0.16286673422075318,0.16456648828319845,0.16626620968745057,0.16796589942062035
0.44949494949494956,0.0,1.579848012303877e-05,0.0006250148951800523,0.0021437740632989787,0.004029314996694633,0.005988900980180182,0.007932284509843622,0.009839332746583444,0.011710329768373573,0.013550497151033692,0.015365454503885788,0.017160044291306634,0.018938168413352493,0.020702902158696187,0.022456658191665993,0.024201335153912883,0.025938437019496458,0.02766916480366309,0.029394485890481294,0.031115186243917875,0.032831909821559056,0.03454518849186234,0.036255464904514166,0.037963110111069814,0.03966843725109808,0.04137171226849911,0.043073162368986534,0.04477298274606395,0.046471341969377605,0.04816838633183695,0.04986424338021602,0.05155902480088112,0.05325282879271722,0.05494574202960235,0.05663784129229201,0.058329194832444066,0.06001986351837235,0.061709901801968954,0.06339935853834718,0.06508827768358968,0.06677669889113348,0.06846465802348423,0.07015218759289875,0.07183931714223027,0.07352607357516917,0.07521248144352412,0.07689856319790263,0.07858433940709933,0.08026982895064227,0.0819550491882401,0.08364001610929069,0.08532474446512772,0.08700924788628102,0.08869353898668936,0.09037762945652555,0.09206153014505518,0.09374525113475363,0.09542880180773565,0.09711219090541064,0.09879542658215405,0.10047851645368254,0.1021614676407316,0.1038442868085585,0.10552698020272773,0.10720955368158018,0.1088920127457389,0.11057436256496138,0.11225660800261211,0.11393875363799816,0.1156208037867814,0.11730276251965782,0.11898463367947332,0.12066642089692546,0.12234812760498659,0.12402975705216701,0.1257113123147263,0.12739279630792796,0.12907421179642423,0.13075556140384814,0.13243684762168242,0.13411807281746801,0.13579923924240905,0.1374803490384249,0.1391614042446962,0.1408424068037461,0.14252335856709517,0.14420426130052413,0.14588511668897586,0.14756592634112536,0.14924669179364305,0.15092741451517588,0.1526080959100671,0.15428873732183493,0.15596934003642782,0.1576499052852733,0.15933043424813495,0.16101092805579184,0.16269138779255315,0.16437181449861912,0.1660522091723004
0.4595959595959596,0.0,1.4547466767182563e-05,0.0005997254897835445,0.0020847802149550174,0.003942908972031958,0.00588023367613903,0.007803966636933207,0.009692543104325857,0.01154556359976639,0.013367934315989623,0.015165130975171567,0.016941932078744473,0.018702213221272575,0.02044904121329994,0.02218482857250736,0.023911477503177903,0.025630496985076384,0.02734309337948872,0.029050239237584388,0.030752725286899624,0.032451199768594265,0.03414619835098708,0.03583816702991965,0.037527479792981315,0.03921445235259478,0.04089935290765223,0.042582410642481056,0.04426382248969974,0.04594375855080394,0.04762236647117901,0.04929977499469757,0.05097609687002838,0.05265143124119312,0.05432586562514189,0.05599947755658304,0.05767233596312002,0.05934450232056035,0.06101603162807107,0.06268697323493137,0.06435737154443445,0.0660272666156116,0.06769669467959027,0.06936568858432471,0.07103427817897978,0.0727024906472711,0.07437035079746838,0.07603788131547146,0.07770510298631239,0.07937203488857018,0.08103869456547384,0.0827050981758811,0.0843712606278334,0.08603719569698226,0.08770291613184428,0.08936843374755848,0.09103375950958137,0.09269890360855502,0.09436387552741247,0.09602868410164235,0.09769333757351024,0.09935784364093131,0.10102220950159845,0.1026864418928939,0.10435054712804596,0.10601453112893601,0.10767839945591201,0.10934215733492113,0.11100580968223923,0.11266936112704075,0.11433281603202561,0.11599617851229573,0.11765945245265125,0.11932264152345888,0.12098574919522749,0.12264877875201242,0.12431173330375643,0.12597461579766442,0.12763742902869885,0.1293001756492742,0.13096285817822087,0.13262547900908164,0.13428804041779777,0.1359505445698373,0.13761299352681103,0.13927538925261937,0.14093773361916803,0.1426000284116875,0.144262275333688,0.14592447601157876,0.14758663199897748,0.1492487447807343,0.1509108157766921,0.15257284634520274,0.15423483778641758,0.15589679134536957,0.15755870821486104,0.1592205895381724,0.16088243641160407,0.16254424988686336,0.1642060309733074
0.4696969696969697,0.0,1.3409306121507095e-05,0.000575758349013406,0.00202815933003067,0.0038595652091913744,0.005775209330500474,0.007679858896675418,0.009550539752225796,0.01138617141056912,0.013191342865327839,0.014971383708201157,0.016731006637586365,0.018474059569203373,0.020203599834975407,0.0219220390770913,0.02363128252643884,0.0253328437690102,0.027027934210093137,0.028717531336280706,0.03040243045849728,0.032083283959510385,0.03376063119428202,0.03543492141350039,0.037106531466384866,0.038775779577002456,0.04044293614843794,0.04210823230112978,0.04377186667098274,0.04543401086092958,0.047094813842850296,0.048754405535387346,0.05041289973021585,0.05207039649973195,0.053726984189326525,0.05538274107483135,0.05703773674849868,0.05869203328364262,0.06034568621784283,0.061998745386652475,0.06365125563352417,0.06530325741676378,0.0669547873304394,0.06860587855308152,0.07025656123553753,0.07190686283735369,0.07355680841945032,0.07520642089955064,0.07685572127575874,0.07850472882281036,0.08015346126480327,0.08180193492762114,0.08345016487377482,0.08509816502197569,0.0867459482534154,0.08839352650644074,0.09004091086107131,0.09168811161460678,0.09333513834939759,0.09498199999370904,0.09662870487648452,0.09827526077670752,0.09992167496797384,0.10156795425880531,0.10321410502917233,0.10486013326363369,0.10650604458145276,0.10815184426400738,0.10979753727977141,0.11144312830711578,0.11308862175514732,0.11473402178277901,0.11637933231620472,0.11802455706493092,0.11966969953650337,0.12131476305005,0.12295975074874983,0.12460466561132605,0.1262495104626504,0.1278942879835388,0.1295390007198088,0.13118365109066238,0.13282824139645294,0.1344727738258877,0.1361172504627136,0.1377616732919281,0.13940604420555539,0.14105036500802143,0.14269463742116154,0.14433886308888771,0.1459830435815442,0.14762718039997344,0.1492712749793164,0.15091532869256566,0.15255934285389144,0.15420331872175533,0.15584725750182965,0.1574911603497343,0.15913502837360577,0.1607788626365095,0.16242266415870657
0.47979797979797983,0.0,1.2372068511889651e-05,0.0005530169612735729,0.0019737560902115627,0.003779086665191647,0.005673591810704246,0.00755968576472426,0.009413007175649048,0.011231797200978754,0.013020325941335302,0.014783774707095597,0.016526788619491785,0.01825318658929385,0.019966015503791765,0.021667685426524027,0.023360104098462856,0.025044789327421338,0.026722957272474188,0.028395590133361293,0.03006348763177906,0.03172730615629104,0.033387588640340235,0.03504478750234323,0.03669928238224673,0.03835139395749992,0.040001394787079196,0.04164951788716237,0.04329596356294063,0.04494090488994895,0.0465844921419487,0.04822685639121554,0.04986811245417775,0.05150836131576055,0.053147692135972986,0.0547861839196575,0.05642390691305476,0.05806092377756595,0.05969729058082879,0.06133305763723392,0.06296827022375195,0.06460296919201323,0.06623719149367961,0.06787097063303953,0.0695043370582692,0.07113731850080142,0.07276994027062571,0.0744022255140287,0.0760341954392128,0.07766586951435228,0.07929726564192373,0.08092840031255179,0.08255928874111584,0.08418994498745218,0.08582038206364241,0.08745061202959144,0.08908064607835531,0.09071049461247598,0.0923401673124078,0.09396967319797184,0.09559902068365272,0.09722821762844336,0.09885727138085394,0.1004861888196227,0.10211497639059867,0.1037436401402093,0.10537218574587577,0.10700061854369519,0.10862894355367136,0.11025716550274377,0.11188528884583497,0.11351331778511232,0.11514125628763838,0.11676910810156421,0.11839687677100456,0.12002456564971775,0.1216521779137009,0.12327971657279946,0.12490718448141935,0.12653458434842246,0.12816191874627586,0.1297891901195205,0.13141640079261757,0.1330435529772244,0.13467064877894858,0.13629769020362278,0.13792467916314008,0.1395516174808845,0.14117850689678926,0.14280534907205322,0.1444321455935404,0.14605889797788846,0.14768560767534786,0.14931227607337202,0.15093890449997713,0.1525654942268889,0.15419204647249138,0.1558185624045927,0.1574450431430205,0.15907148976205918,0.1606979032927404
0.4898989898989899,0.0,1.0346427859815564e-05,0.0004812376660939251,0.0017401993941301133,0.0033531870650115453,0.005053044324135453,0.006749444808120682,0.008418745624087016,0.010058297887385175,0.011671300730324526,0.013262036382554007,0.014834465313949595,0.01639190124592763,0.01793702069240324,0.019471960918675802,0.020998426763986177,0.022517783295837385,0.024031130210326806,0.02553935975876037,0.027043201323488236,0.02854325563348459,0.03004002108562161,0.03153391408896062,0.03302528488483119,0.03451442993170212,0.036001601668722565,0.03748701626697038,0.038970859825852376,0.04045329336000343,0.041934456838944506,0.04341447247992489,0.044893447448112904,0.04637147608349212,0.04784864174746692,0.049325018362105705,0.050800671699559756,0.05227566046732365,0.05375003722578964,0.05522384916735479,0.05669713878069132,0.0581699444193303,0.059642300790167656,0.06111423937467503,0.06258578879333228,0.06405697512196976,0.06552782216723053,0.06699835170715819,0.0684685837019333,0.0699385364789749,0.07140822689595845,0.07287767048475347,0.07434688157882686,0.07581587342627912,0.07728465829036242,0.07875324753906401,0.08022165172511353,0.08168988065758444,0.08315794346609941,0.08462584865851326,0.08609360417283224,0.08756121742402813,0.08902869534632274,0.09049604443144432,0.09196327076329593,0.09343038004942127,0.09489737764960733,0.0963642686019227,0.09783105764645493,0.099297749246981,0.10076434761077667,0.10223085670674881,0.10369728028205348,0.10516362187734529,0.1066298848407871,0.10809607234093636,0.10956218737861147,0.11102823279783096,0.11249421129590848,0.1139601254327794,0.11542597763962542,0.1168917702268583,0.11835750539151779,0.11982318522413282,0.121288811715091,0.12275438676055694,0.12421991216797641,0.1256853896611994,0.1271508208852524,0.1286162074107883,0.13008155073823807,0.13154685230168808,0.13301211347250294,0.1344773355627146,0.13594251982819353,0.13740766747161912,0.13887277964526387,0.14033785745360444,0.14180290195577216,0.14326791416785464,0.14473289506505857
0.5,0.0,2.659530248126426e-07,1.1484632214516728e-05,0.00014271074452645594,0.0005177860192516772,0.0011249475918189448,0.0018920573805415218,0.0027527462019900227,0.0036619049186241565,0.004592378765991869,0.005528855317118678,0.006463135230637545,0.0073911093656406695,0.008310961256753444,0.009222130731198814,0.010124724769472012,0.011019185412358136,0.011906104255611559,0.012786120412747133,0.013659865947821771,0.01452793827946249,0.015390887785052631,0.01624921384860527,0.017103365461025564,0.017953744137262913,0.018800707876046898,0.019644575447877174,0.02048563062340531,0.021324126144029443,0.02216028734569729,0.022994315408586274,0.023826390238994032,0.02465667300700537,0.025485308371200235,0.02631242642394761,0.027138144390141655,0.02796256811002858,0.028785793333891585,0.02960790685328948,0.030428987490548665,0.031249106965422435,0.03206833065531572,0.03288671826324469,0.033704324405747686,0.03452119913127057,0.03533738837808622,0.036152934379549605,0.03696787602341158,0.03778224917098796,0.03859608694118988,0.039409419963742545,0.040222276605338524,0.041034683171974166,0.04184666409029003,0.04265824207036961,0.04346943825213485,0.04428027233720477,0.04509076270784971,0.0459009265344703,0.046710779872855664,0.04752033775232296,0.048329614255708704,0.04913862259206747,0.04994737516283388,0.05075588362211652,0.05156415893171599,0.05237221141139337,0.05318005078485607,0.05398768622187719,0.054795126376919655,0.055602379424595644,0.05640945309225819,0.057216354689989264,0.058023091138222675,0.05882966899321467,0.05963609447055467,0.06044237346688793,0.061248511580006694,0.06205451412744951,0.06286038616373614,0.06366613249635232,0.06447175770058873,0.06527726613332817,0.06608266194586641,0.06688794909584471,0.06769313135836416,0.0684982123363469,0.0693031954702023,0.07010808404685184,0.07091288120816161,0.07171758995882714,0.07252221317375128,0.07332675360495287,0.07413121388804016,0.07493559654828089,0.07573990400629775,0.07654413858341576,0.07734830250668617,0.0781523979136096,0.07895642685657846
