$E_D / [W]$,0.0,0.31175957101883023,0.6235191420376605,0.9352787130564907,1.247038284075321,1.5587978550941513,1.8705574261129814,2.1823169971318115,2.494076568150642,2.805836139169472,3.1175957101883025,3.429355281207133,3.7411148522259627,4.052874423244793,4.364633994263623,4.676393565282454,4.988153136301284,5.2999127073201135,5.611672278338944,5.923431849357775,6.235191420376605,6.546950991395435,6.858710562414266,7.170470133433096,7.4822297044519255,7.793989275470756,8.105748846489586,8.417508417508417,8.729267988527246,9.041027559546077,9.352787130564908,9.664546701583737,9.976306272602567,10.288065843621398,10.599825414640227,10.91158498565906,11.223344556677889,11.53510412769672,11.84686369871555,12.15862326973438,12.47038284075321,12.78214241177204,13.09390198279087,13.4056615538097,13.717421124828531,14.02918069584736,14.340940266866191,14.652699837885022,14.964459408903851,15.276218979922682,15.587978550941513,15.899738121960342,16.211497692979172,16.523257263998,16.835016835016834,17.146776406035663,17.458535977054492,17.770295548073324,18.082055119092153,18.393814690110982,18.705574261129815,19.017333832148644,19.329093403167473,19.640852974186306,19.952612545205135,20.264372116223964,20.576131687242796,20.887891258261625,21.199650829280454,21.511410400299287,21.82316997131812,22.13492954233695,22.446689113355777,22.75844868437461,23.07020825539344,23.381967826412268,23.6937273974311,24.00548696844993,24.31724653946876,24.62900611048759,24.94076568150642,25.25252525252525,25.56428482354408,25.87604439456291,26.18780396558174,26.499563536600572,26.8113231076194,27.12308267863823,27.434842249657063,27.74660182067589,28.05836139169472,28.370120962713553,28.681880533732382,28.99364010475121,29.305399675770044,29.617159246788873,29.928918817807702,30.240678388826534,30.552437959845363,30.864197530864192
0.0,,,,,,,,,,,,,,,,,,,,,,,,,,,,,,,,,,,,,,,,,,,,,,,,,,,,,,,,,,,,,,,,,,,,,,,,,,,,,,,,,,,,,,,,,,,,,,,,,,,,
0.0004208754208754209,0.0,1.179371721264974e-28,1.5114439864530617e-26,2.5856323130207846e-25,1.9394355204706938e-24,9.259419599635233e-24,3.32193781663915e-23,9.784949736265895e-23,2.494837566316669e-22,5.697054534439147e-22,1.1925966412199058e-21,2.3269304768424192e-21,4.283951630131317e-21,7.511396099485183e-21,1.2634408036489087e-20,2.0504017546290872e-20,3.2253849930526425e-20,4.9365743484220936e-20,7.37449597226907e-20,1.0780567674392048e-19,1.545674632621542e-19,2.1776343763577613e-19,3.0196082294187387e-19,4.126946158572997e-19,5.5661509383671065e-19,7.4164989189002e-19,9.771813871754885e-19,1.2742401366675811e-18,1.6457151202934748e-18,2.106581549159731e-18,2.674147005801431e-18,3.36831669070941e-18,4.211878556805249e-18,5.230809120984467e-18,6.4546007493035725e-18,7.916611219975195e-18,9.654436375883186e-18,1.1710306686009928e-17,1.4131508542858004e-17,1.6970831130714564e-17,2.0287039707415886e-17,2.4145376150131195e-17,2.861808762373423e-17,3.378498423806642e-17,3.973402656885534e-17,4.6561943924730484e-17,5.437488425147093e-17,6.328909657236722e-17,7.343164687260889e-17,8.494116834338439e-17,9.796864691037536e-17,1.126782429801675e-16,1.292481503462705e-16,1.4787149320608374e-16,1.6875726224861318e-16,1.9213129078286104e-16,2.182372718848698e-16,2.473378175523938e-16,2.797155608653517e-16,3.1567430215939355e-16,3.5554020023214576e-16,3.9966300960925103e-16,4.48417364910249e-16,5.022041133642216e-16,5.614516965348224e-16,6.266175823261583e-16,6.981897483543207e-16,7.766882177744004e-16,8.62666648670722e-16,9.567139781251466e-16,1.0594561220898268e-15,1.1715577322027926e-15,1.2937240106971993e-15,1.4267025845593756e-15,1.571285440114143e-15,1.728310919211437e-15,1.8986657782139094e-15,2.0832873109848554e-15,2.2831655370944044e-15,2.4993454564684937e-15,2.7329293717202514e-15,2.9850792794124194e-15,3.257019331511444e-15,3.550038368310032e-15,3.865492524101813e-15,4.204807906906336e-15,4.569483353565482e-15,4.961093261525544e-15,5.381290498654363e-15,5.831809392446806e-15,6.314468799982285e-15,6.8311752600310906e-15,7.383926228688606e-15,7.974813399978645e-15,8.606026112828653e-15,9.279854845881783e-15,9.99869480160486e-15,1.0765049581155897e-14,1.158153495152492e-14,1.2450882706444328e-14
0.0008417508417508418,0.0,7.710812178072577e-27,9.89492570374279e-25,1.6949539924931834e-23,1.2730281678743565e-22,6.085814953878328e-22,2.186247084382571e-21,6.448210534038966e-21,1.6462492855849444e-20,3.764230541932671e-20,7.890270451783073e-20,1.5415387894593066e-19,2.841770443187327e-19,4.989298293456849e-19,8.403289549479882e-19,1.3655589440267819e-18,2.150956564070048e-18,3.2965216915528513e-18,4.9311062905917364e-18,7.2183342170059e-18,1.0363305593720859e-17,1.4620140555705096e-17,2.0300418232983697e-17,2.778256793052718e-17,3.752227057522381e-17,5.006392963517261e-17,6.605327187978231e-17,8.62511395434027e-17,1.1154853668841877e-16,1.4298299384049195e-16,1.8175631629631273e-16,2.292537828883538e-16,2.8706486343128307e-16,3.570055245766675e-16,4.4114219534715013e-16,5.418174652182235e-16,6.616775892276037e-16,8.037018762316064e-16,9.71234038073015e-16,1.1680155790800101e-15,1.398221307001631e-15,1.666497048203417e-15,1.977999651747634e-15,2.33843936885603e-15,2.7541246962531255e-15,3.2320097739852755e-15,3.77974443055217e-15,4.405726970497088e-15,5.1191598020555855e-15,5.930108004979204e-15,6.849560941231167e-15,7.889497013972426e-15,9.062951682982372e-15,1.0384088847533334e-14,1.1868275710668797e-14,1.3532161241891595e-14,1.5393758358424083e-14,1.7472529948466607e-14,1.9789478863289092e-14,2.2367242008500157e-14,2.523018866848189e-14,2.840452320173177e-14,3.191839224880111e-14,3.5801996598406466e-14,4.008770786147218e-14,4.481019010703811e-14,5.000652661810235e-14,5.571635192985973e-14,6.19819893168777e-14,6.88485939001359e-14,7.636430154879193e-14,8.458038375563352e-14,9.355140866890073e-14,1.0333540846697551e-13,1.139940532658253e-13,1.2559283175208383e-13,1.3820123873844484e-13,1.518929698404706e-13,1.667461234770552e-13,1.828434104001932e-13,2.0027237096256664e-13,2.1912560033483546e-13,2.395009818892522e-13,2.61501928969883e-13,2.8523763527537156e-13,3.1082333408674325e-13,3.3838056658033746e-13,3.6803745947476343e-13,3.9992901227174003e-13,4.3419739436465484e-13,4.709922523047619e-13,5.104710275325365e-13,5.527992849062435e-13,5.981510523870671e-13,6.467091722687126e-13,6.986656643792414e-13,7.542221017222385e-13,8.135899990703297e-13,8.769912150778007e-13,9.446583685311915e-13
0.0012626262626262627,0.0,8.852780840343833e-26,1.1375305051863703e-23,1.9511058780089066e-22,1.4673517371793946e-21,7.024059107883194e-21,2.5266283960550807e-20,7.461981311309994e-20,1.9075884045221154e-19,4.367589676990558e-19,9.167207393638949e-19,1.793421102917978e-18,3.3105669658136213e-18,5.82024237325056e-18,9.816158651546512e-18,1.5973335161899133e-17,2.5194857142876326e-17,3.8666376557190776e-17,5.791904200523149e-17,8.490156478597063e-17,1.2206215030109981e-16,1.724410474698317e-16,2.397744938915031e-16,3.286108612659167e-16,4.444398339543189e-16,5.938354832229521e-16,7.846141303017017e-16,1.0260079227592146e-15,1.3288550811852311e-15,1.7058078074979829e-15,2.171558883270254e-15,2.743088026989707e-15,3.4399291233357106e-15,4.28445948524567e-15,5.302212360453626e-15,6.5222139480953806e-15,7.977346248003492e-15,9.704737125511569e-15,1.1746179038504937e-14,1.4148577940974927e-14,1.6964433949147563e-14,2.025235543184851e-14,2.4077608266512818e-14,2.851270208560813e-14,3.363801542443976e-14,3.954246176998026e-14,4.6324198599445797e-14,5.409138158595392e-14,6.296296623462307e-14,7.306955929397997e-14,8.455432236409743e-14,9.757393019298744e-14,1.1229958621833776e-13,1.2891809797366913e-13,1.4763301504161865e-13,1.68665832305605e-13,1.9225726133504037e-13,2.1866857284428188e-13,2.481830133062066e-13,2.811072989935125e-13,3.1777319097934485e-13,3.5853915498517064e-13,4.037921104316189e-13,4.5394927366905643e-13,5.094601011503831e-13,5.708083392883076e-13,6.38514188910496e-13,7.131365935828724e-13,7.952756625633865e-13,8.855752407195131e-13,9.84725639279321e-13,1.0934665426668963e-12,1.2125901077567497e-12,1.3429442725370144e-12,1.4854362912905031e-12,1.6410365129530707e-12,1.8107824183327377e-12,1.9957829305092885e-12,2.197223011227884e-12,2.416368554727734e-12,2.654571589553889e-12,2.91327579874114e-12,3.1940223695636837e-12,3.4984561858236186e-12,3.828332378432409e-12,4.185523253512206e-12,4.572025621250332e-12,4.989968552900185e-12,5.441621597389856e-12,5.929403492781776e-12,6.455891411172016e-12,7.023830778561017e-12,7.636145713766717e-12,8.295950132792706e-12,9.006559567237328e-12,9.77150374763483e-12,1.0594540004972276e-11,8.808854816454238e-20,1.099972359013911e-19,1.371070292513746e-19
0.0016835016835016836,0.0,4.996759945789413e-25,6.429004360205527e-23,1.1041673934840194e-21,8.314984792178879e-21,3.985549120259532e-20,1.4355421212428887e-19,4.2452887212241737e-19,1.0867279336360255e-18,2.4915248721510906e-18,5.2366228928889954e-18,1.0258660586049994e-17,1.8963047107432415e-17,3.3384699444907224e-17,5.638350541581673e-17,9.187849621442139e-17,1.451248845910522e-16,2.230383127156093e-16,3.3457086023469645e-16,4.911435879892875e-16,7.071406334210656e-16,1.000470127426624e-15,1.3931974723543783e-15,1.912256816588511e-15,2.590246893603997e-15,3.4663177683932267e-15,4.587155451562935e-15,6.008071798946916e-15,7.794207612365577e-15,1.002185739802767e-14,1.2779924826516966e-14,1.6171518574956733e-14,2.0315698917280838e-14,2.5349386159168525e-14,3.142944278042002e-14,3.873494193491545e-14,4.7469635744467765e-14,5.786463758181056e-14,7.018133324467271e-14,8.471453656370496e-14,1.0179590556501693e-13,1.217976358599247e-13,1.4513644852808135e-13,1.7227789051027182e-13,2.0374096660214847e-13,2.4010312377927e-13,2.8200561111162633e-13,3.301592423549805e-13,3.8535059390801337e-13,4.48448678647624e-13,5.204121465091157e-13,6.02297075530773e-13,6.952654318789669e-13,8.005942928689066e-13,9.196859412911085e-13,1.054078950069397e-12,1.2054603811868707e-12,1.3756792205496336e-12,1.5667611613428114e-12,1.780924834935933e-12,2.020599574925526e-12,2.288444791813858e-12,2.587371037916022e-12,2.920562857034005e-12,3.291503540963982e-12,3.70400195190771e-12,4.1622216115684154e-12,4.670712299273048e-12,5.2344444393012995e-12,5.858846590272975e-12,6.5498463775515084e-12,7.3139152350418e-12,8.15811734812924e-12,4.228723222179562e-20,5.694944273957314e-20,7.646448226305957e-20,1.0236907926221112e-19,1.366669599986817e-19,1.819654980730166e-19,2.4165110410285507e-19,3.2011395924448417e-19,4.2303560266778484e-19,5.5775658245834e-19,7.337457603748366e-19,9.631989371757214e-19,1.261801332488959e-18,1.649698110548975e-18,2.152728220202204e-18,2.8039917979455384e-18,3.645839339521535e-18,4.732394012411307e-18,6.132747378656341e-18,7.935005038332893e-18,1.0251403962162894e-17,1.322478071639454e-17,1.703674076675083e-17,2.1917967987679296e-17,2.81612262284753e-17,3.6137742142095804e-17,4.631783381897359e-17
0.0021043771043771048,0.0,1.9122257467754724e-24,2.463582866359002e-22,4.236739751855654e-21,3.1947083513962045e-20,1.5333226944939851e-19,5.530223728489636e-19,1.6376498205963844e-18,4.197845723583791e-18,9.637559733222695e-18,2.0284010528953802e-17,3.979226406418361e-17,7.3659173493547e-17,1.2986221548799845e-16,2.1963964792711722e-16,3.5842941933312134e-16,5.669853894739553e-16,8.726906619387407e-16,1.3110891850475998e-15,1.927658298116856e-15,2.779846664286602e-15,3.939404086794264e-15,5.4950320578012325e-15,7.55538653666068e-15,1.0252467415390782e-14,1.3745432427560522e-14,1.8224876901986758e-14,2.391762473051948e-14,3.109208013764138e-14,4.0064194174491505e-14,5.120410411664993e-14,6.494350791206122e-14,8.178383936076599e-14,1.0230531286825055e-13,1.2717690977291245e-13,1.5716738223932036e-13,1.931573569763467e-13,2.3615263186057053e-13,2.8729877718663604e-13,3.478971838507455e-13,4.194227474624256e-13,5.035434427140763e-13,6.021421246828612e-13,7.173409847786326e-13,8.51529172851344e-13,1.0073941527342855e-12,1.1879573682230268e-12,1.3966147557394663e-12,1.6371825662929795e-12,1.9139488917277037e-12,2.2317312754652218e-12,2.5959408602166394e-12,3.012653689360821e-12,3.488690009084723e-12,4.031702672573122e-12,4.650275987424142e-12,5.354036554651073e-12,6.153777825896686e-12,1.9574672903071678e-20,2.8532489772126706e-20,4.1400592834723077e-20,5.981263402370348e-20,8.605805600490544e-20,1.2333623981526655e-19,1.7610615337267443e-19,2.505666858740728e-19,3.553151823878135e-19,5.022489892397468e-19,7.077978291001732e-19,9.946058739908473e-19,1.3938248333748324e-18,1.9482356509337633e-18,2.7164936837416055e-18,3.77889419248913e-18,5.245194869733393e-18,7.265217153175806e-18,1.0043198375933238e-17,1.3857201904623664e-17,1.9085340265024878e-17,2.6241165757817992e-17,3.602138326467823e-17,4.9370105935636077e-17,6.756529202071712e-17,9.233488549987994e-17,1.260126739756033e-16,1.7174717424809828e-16,2.3378119372738006e-16,3.178254128246582e-16,4.315567882523957e-16,5.85282281750513e-16,7.928210038235907e-16,1.0726740792088256e-15,1.4495723128578886e-15,1.956518140112043e-15,2.6374716269015215e-15,3.5508718196357077e-15,4.774235985435736e-15,6.410141659921239e-15,8.593971207988292e-15,1.1503886659580652e-14
0.0025252525252525255,0.0,5.724275368291252e-24,7.384512966338907e-22,1.2716263259015472e-20,9.601382013908046e-20,4.614425533834893e-19,1.6665382105095152e-18,4.941831412817864e-18,1.2685083511728571e-17,2.916353130391475e-17,6.146672729660817e-17,1.2075535280650573e-16,2.238545362180108e-16,3.9524387022480656e-16,6.695005683429315e-16,1.0942570283060487e-15,1.7337395837906894e-15,2.672961765305573e-15,4.022653290051203e-15,5.925015379616034e-15,8.560403908140699e-15,1.2155054418693559e-14,1.698997729912822e-14,2.3411167292121314e-14,3.184128863646172e-14,4.279301470449971e-14,5.688421788477065e-14,7.485522061164406e-14,9.758833174389382e-14,1.261299058383484e-13,1.6171518144050525e-13,2.057961884004975e-13,2.6007308011610944e-13,3.2652936792471176e-13,4.074717367231689e-13,5.055754166833891e-13,6.239364564423232e-13,7.661326186332713e-13,9.36294884962802e-13,1.139191606336712e-12,1.3803271445474482e-12,1.6660565590850694e-12,2.003717750639334e-12,2.4017827203465063e-12,2.870030310055371e-12,3.419743813623812e-12,4.0639379501387605e-12,4.817620684615284e-12,5.698096236703725e-12,1.6092593986614066e-20,2.5269785738032768e-20,3.94449633727265e-20,6.122904885463842e-20,9.454775358799766e-20,1.452832582603457e-19,2.222211265042764e-19,3.384446450757466e-19,5.133840361714081e-19,7.758225463141774e-19,1.1682987369492774e-18,1.7535430543297262e-18,2.6238744489245845e-18,3.9148978887612e-18,5.825443277426461e-18,8.646548928917225e-18,1.2803534155350639e-17,1.8916986737522792e-17,2.7891043979159235e-17,4.104099402179075e-17,6.027742897154034e-17,8.837158288638728e-17,1.2933698161528285e-16,1.8897736429900052e-16,2.756717028564633e-16,4.014963818331347e-16,5.838253291755448e-16,8.476052660636931e-16,1.2285807146540084e-15,1.7778489102763523e-15,2.5682669728911732e-15,3.703422983689627e-15,5.330130904185705e-15,7.65572919265572e-15,1.0971866602556635e-14,1.5686955161597863e-14,2.237006306545224e-14,3.180970339291782e-14,4.509173117906589e-14,6.370136491599195e-14,4.752193794845915e-22,9.053767957038293e-22,1.7160401874984625e-21,3.2346385807698312e-21,6.06138154261151e-21,1.1288327845799527e-20,2.088760876970029e-20,3.8394465047507073e-20,7.01010369549597e-20,1.2713034665780678e-19,2.290201507849855e-19
0.0029461279461279466,0.0,1.4465119520765572e-23,1.868516283283292e-21,3.221868554978851e-20,2.4359088801219845e-19,1.1722831436011965e-18,4.239600670976854e-18,1.2589240116028115e-17,3.236048318358824e-17,7.450435279268926e-17,1.5725829987398443e-16,3.094048260969552e-16,5.74451266411229e-16,1.0158820366249545e-15,1.7236513118937096e-15,2.8221044640552805e-15,4.479542046936298e-15,6.919671376501345e-15,1.043522817742908e-14,1.54040947927878e-14,2.230829201188023e-14,3.1756277291767813e-14,4.4509039777484326e-14,6.15105372861724e-14,8.392306857148419e-14,1.131682182939094e-13,1.5097406845867325e-13,1.9942947816183879e-13,2.610464665543213e-13,3.388321989859311e-13,4.363728785329436e-13,5.579329955548905e-13,7.0857468146035e-13,8.943028959207254e-13,1.1222423668148984e-12,1.4008515488818418e-12,1.7401780737633259e-12,2.152160376045551e-12,2.6509821195570042e-12,3.253489422307706e-12,3.979684706628409e-12,4.853314495363441e-12,1.0628539204753424e-20,1.806534151898265e-20,3.0471586604109096e-20,5.103572356357353e-20,8.492182671289818e-20,1.4045880514213615e-19,2.310290930544748e-19,3.780606086430433e-19,6.157557012720521e-19,9.98549385030863e-19,1.6128485357346508e-18,2.595473636414715e-18,4.162576318653933e-18,6.654900798964457e-18,1.0608497143226994e-17,1.6864995709433818e-17,2.6743246557769043e-17,4.230594081058807e-17,6.677289836705722e-17,1.0516024245974387e-16,1.6526646902573052e-16,2.5918951422243234e-16,4.056536423955904e-16,6.335661857521718e-16,9.874329579710588e-16,1.5355668428048038e-15,2.3824662509134592e-15,3.687370560153095e-15,5.691882543598945e-15,8.760757441027033e-15,1.3441571612436156e-14,2.0551064912102394e-14,3.129852869882707e-14,4.7459651128427155e-14,2.600905741932209e-22,5.636083509283415e-22,1.2126380766632626e-21,2.5888508085933846e-21,5.480739152575338e-21,1.1499813097515153e-20,2.3904007998916602e-20,4.9209395366564657e-20,1.003142614115969e-19,2.0250227646054645e-19,4.048899372313083e-19,8.021080279238522e-19,1.5751157035020638e-18,3.067595460088056e-18,5.92817272588029e-18,1.1373765117124176e-17,2.1674606548179573e-17,4.104259476687131e-17,7.72488772870211e-17,1.445509277483333e-16,2.6895307639311786e-16,4.975889217626414e-16,9.153112590721176e-16,1.673735539449981e-15
0.0033670033670033673,0.0,3.229111632085204e-23,4.1766818614944136e-21,7.211358629221214e-20,5.459517176916227e-19,2.630987469974845e-18,9.528241872222002e-18,2.833341113098681e-17,7.293540149201319e-17,1.6816873648825388e-16,3.5549939087397926e-16,7.005549664063144e-16,1.3028489181893495e-15,2.308096759741503e-15,3.923584201040747e-15,6.437127040867729e-15,1.0240262401460085e-14,1.585643208443908e-14,2.3975061171935644e-14,3.54925930574889e-14,5.156170310818376e-14,7.36500607766375e-14,1.0361014022743929e-13,1.4376173108472635e-13,1.969890988013804e-13,2.668554493275391e-13,3.5773885899057765e-13,4.749964719909378e-13,6.251673502623894e-13,8.162277060256741e-13,1.0579135773590952e-12,1.362124667614717e-12,1.743421215796231e-12,2.219627331587225e-12,2.8125612864532003e-12,3.548924001899545e-12,4.6860334419093385e-21,8.697258816666043e-21,1.59793056362196e-20,2.908925176831242e-20,5.2513545856269695e-20,9.408219520354454e-20,1.6739619522871026e-19,2.959811592742454e-19,5.203746292448256e-19,9.101873375229877e-19,1.584578151874452e-18,2.746929047107818e-18,4.7434301340164165e-18,8.161829258859736e-18,1.3997482030878687e-17,2.3931871087423887e-17,4.0798536271792736e-17,6.936030707069109e-17,1.1760180892693657e-16,1.9887149536749595e-16,3.354179878604953e-16,5.642030219979416e-16,9.464092521166407e-16,1.582902295868647e-15,2.639207593252845e-15,4.385539716586255e-15,7.260358827594218e-15,1.1970169826128734e-14,1.964418622184467e-14,3.2070339479664044e-14,5.204898699036484e-14,3.0290302983260956e-22,7.431868670612297e-22,1.8048221615822287e-21,4.333986028011584e-21,1.028182292989005e-20,2.4080555388891608e-20,5.564982860533908e-20,1.2687476047410284e-19,2.85396234229532e-19,6.336590706315567e-19,1.3895382484974648e-18,3.0118297974339938e-18,6.458015468272702e-18,1.3709803786019693e-17,2.883670125668399e-17,6.013207787876886e-17,1.243688447201455e-16,2.552044980843266e-16,5.196213902345818e-16,1.0497315024437437e-15,2.1035203041075994e-15,4.179109417367242e-15,8.225805454448776e-15,1.6025466557233766e-14,3.0863905602445075e-14,5.8677782593289e-14,1.0994978055321921e-13,2.0273740829634015e-13,3.673764903475533e-13,4.830595999235639e-21,1.5459723429861862e-20,4.8365447730834204e-20,1.4815222111016832e-19
0.003787878787878788,0.0,6.394190706995192e-23,8.244637965801582e-21,1.425324410283294e-19,1.0805476295298315e-18,5.214477012223844e-18,1.8911123760541832e-17,5.631585270235937e-17,1.4518370763967554e-16,3.352746642558692e-16,7.099182942491644e-16,1.4014416006844495e-15,2.61126990607089e-15,4.635667129765736e-15,7.89829079212247e-15,1.2991007420276692e-14,2.0724752646272882e-14,3.219262569343074e-14,4.884786101417733e-14,7.259978855855557e-14,1.0593137390293472e-13,1.5204253322648231e-13,2.1502451728807104e-13,3.0007301426209506e-13,4.137522134390545e-13,5.643291477156153e-13,7.622052372487706e-13,1.0204761696842944e-12,1.3556504796043812e-12,1.7885569353574734e-12,2.345480355863423e-12,3.0595875294799505e-12,2.829200737139613e-21,5.701089924542017e-21,1.1358463043219766e-20,2.239145590097174e-20,4.371634452765721e-20,8.460788636922366e-20,1.6246976601036003e-19,3.0980468211611196e-19,5.870567604496013e-19,1.1062003832990952e-18,2.073937090676486e-18,3.870563427266337e-18,7.193528733780017e-18,1.3317919789184818e-17,2.4567534167223394e-17,4.5163743516235813e-17,8.274915280319948e-17,1.5111067723483642e-16,2.75022686969731e-16,4.988135673525133e-16,9.014227307754488e-16,1.6226713675922793e-15,2.908702336199717e-15,5.189768944415752e-15,9.211764231960814e-15,1.625533596014133e-14,2.849447356068221e-14,1.2838206416839059e-22,3.030015079526025e-22,7.839214772346466e-22,2.092171259259186e-21,5.5974820217811524e-21,1.483380650734762e-20,3.874847880771096e-20,9.958461801609565e-20,2.5170326116544315e-19,6.259149193662605e-19,1.5326411304317062e-18,3.6993494918925265e-18,8.811321296689083e-18,2.0730513153097947e-17,4.821382070622734e-17,1.109086591352426e-16,2.524223353627791e-16,5.684454224640117e-16,1.2663911317310102e-15,2.789732220500531e-15,6.072000656190772e-15,1.3043053624773342e-14,2.760862421257035e-14,5.748045191812046e-14,1.17464819098174e-13,2.3514474948658207e-13,2.10417556574077e-21,7.849967269940542e-21,2.898642434740349e-20,1.0465335547062363e-19,3.690128378778139e-19,1.273024340297385e-18,4.3065546069651366e-18,1.4314993765261253e-17,4.6825412851669836e-17,1.5088751995423064e-16,4.792518320164467e-16,1.500620833238205e-15,4.630111332894269e-15,1.4060883230981816e-14,4.193319589640856e-14
0.0042087542087542095,0.0,1.2358069682374398e-22,1.6026764993344518e-20,2.774532453049633e-19,2.1062448986354116e-18,1.0178347976496338e-17,3.6965958236261774e-17,1.1024404873052904e-16,2.846510997536664e-16,6.584301665037073e-16,1.3966593989501322e-15,2.7625290607671054e-15,5.158566631941537e-15,9.180186177725236e-15,1.568456342801677e-14,2.5878617709448965e-14,4.143077570567597e-14,6.461209465670587e-14,9.847313760603537e-14,1.4706391165093565e-13,2.15706217882706e-13,3.1133335632651316e-13,4.4292459476370895e-13,6.220814888232145e-13,8.638118569163151e-13,1.1875920669492696e-12,1.61877120441119e-12,2.190387629614923e-12,2.945510762446081e-12,3.053623170904359e-21,6.6625004605988626e-21,1.433708304796399e-20,3.048021540613402e-20,6.411375492812819e-20,1.336055267958096e-19,2.76140809608351e-19,5.666250441176593e-19,1.1552664890990176e-18,2.3420225936202432e-18,4.723518469951689e-18,9.481868857869473e-18,1.8950144286552598e-17,3.77145889391072e-17,7.475273807075701e-17,1.4755883422794414e-16,2.9005578065902707e-16,5.676649488221732e-16,1.105781137655658e-15,2.143073411286992e-15,4.130140529895258e-15,7.909642072236624e-15,1.503975192614506e-14,2.8363185788853486e-14,9.919435404498343e-23,3.1869661620844565e-22,1.0073442896112942e-21,3.126155349050274e-21,9.507037948002756e-21,2.8287901126732716e-20,8.227154628717718e-20,2.3382670588205673e-19,6.498022341874244e-19,1.767860700324697e-18,4.71643317530302e-18,1.2361009976610184e-17,3.187815239320669e-17,8.100834421547528e-17,2.030464210539424e-16,5.02267043435369e-16,1.2262916332700063e-15,2.953961971649072e-15,7.013977667888786e-15,1.6391021117520278e-14,3.7617097419817556e-14,8.454795207039754e-14,1.8552776537620104e-13,3.962913433939948e-13,6.192160553384526e-21,2.6716833260016698e-20,1.1119464450221456e-19,4.480380708814597e-19,1.755153714649724e-18,6.7116318356718575e-18,2.5135220501776458e-17,9.240909065685946e-17,3.3401939086153236e-16,1.187769178321016e-15,4.154182293113517e-15,1.4270467144752612e-14,4.8008741422766805e-14,1.5736829705458368e-13,6.1693731817902594e-21,5.569405958592656e-20,4.703781583022685e-19,3.704634565772529e-18,2.7349807107726738e-17,1.913602798696853e-16,1.2830896797861473e-15,8.300060562134211e-15,5.179044717525812e-14
0.00462962962962963,0.0,2.1924936549210916e-22,2.8471314064288625e-20,4.935553580855118e-19,3.7519142847646475e-18,1.8156604326542456e-17,6.603809734129065e-17,1.9724944938070997e-16,5.101413280721911e-16,1.1821527335185103e-15,2.512655152116194e-15,4.981338811862692e-15,9.3263658407568e-15,1.664779786242729e-14,2.854344622162596e-14,4.7286183562687673e-14,7.605363377352714e-14,1.1922291822958668e-13,1.8274587059129876e-13,2.7462792381205366e-13,4.055544197832457e-13,5.897460129379523e-13,8.461662881460581e-13,1.2002197734569042e-12,1.6860689748375553e-12,2.349725218784552e-12,1.7396114085896945e-21,4.152959815735503e-21,9.750502963870588e-21,2.2566319016078257e-20,5.158409315245627e-20,1.1666142752583006e-19,2.614090656615609e-19,5.810581497856066e-19,1.2824834956736026e-18,2.812900031952096e-18,6.134506198090921e-18,1.3307666629533767e-17,2.872259345626628e-17,6.168529977807339e-17,1.3181123471278495e-16,2.8019171408951145e-16,5.923158699003201e-16,1.2446599302930658e-15,2.5982746101765686e-15,5.3841300649260184e-15,1.1063828631579871e-14,2.2516525936746857e-14,6.66158585070674e-23,2.452385617743336e-22,8.848080786528498e-22,3.1202127651791967e-21,1.0726934361663805e-20,3.5877624515018863e-20,1.1660531170386967e-19,3.682581668215578e-19,1.131410645525255e-18,3.3883944834928356e-18,9.915763207442565e-18,2.8421951250500515e-17,7.995670809334811e-17,2.210887673178002e-16,6.013810274494398e-16,1.609413566733233e-15,4.235090594956743e-15,1.0942538355613331e-14,2.7696022495499013e-14,6.844436113977984e-14,1.6449104239501188e-13,3.828681929847917e-13,6.169344249464202e-21,3.098455133275644e-20,1.4892184065108648e-19,6.883985323862084e-19,3.077976338962725e-18,1.3380781604069853e-17,5.678264030199796e-17,2.358347780733389e-16,9.599298673434326e-16,3.829414267247363e-15,1.494977671369762e-14,5.690388658174378e-14,2.0973660570067567e-13,1.2268375780681957e-20,1.355047526917667e-19,1.3769461292046712e-18,1.2877343992264393e-17,1.1213511929201087e-16,9.234027970874692e-16,7.269697072987244e-15,5.4799816528321914e-14,4.295768073781272e-21,1.754870651906651e-19,6.0987295516128325e-18,1.7854683799526678e-16,4.576377104794882e-15,1.0648170421356448e-13,2.0854609324018954e-19,5.620366291796215e-17,1.0265283337136565e-14
0.005050505050505051,0.0,3.7005488394708087e-22,4.811828000807097e-20,8.3526927026193875e-19,6.358385836527857e-18,3.081428888471043e-17,1.122449498695701e-16,3.3580852531813394e-16,8.700487873168445e-16,2.0202568059729144e-15,4.304095869705248e-15,8.556282240014176e-15,1.6071452871721307e-14,2.879746921168887e-14,4.9595104277708235e-14,8.258378969961643e-14,1.3359680307106734e-13,2.1077635745503045e-13,3.2536107111403493e-13,4.927727551741967e-13,7.341929979881519e-13,1.0788795488176724e-12,1.5674708154255317e-12,2.2565572107827596e-12,1.6361265446343026e-21,4.237577224423482e-21,1.0777041790956621e-20,2.698874917110213e-20,6.670933013274194e-20,1.6306438139730214e-19,3.9481491960060237e-19,9.480684527407764e-19,2.2600285942579665e-18,5.351925873401313e-18,1.2595369549374351e-17,2.946455903176937e-17,6.851293042971352e-17,1.5832331709982866e-16,3.634623332613123e-16,8.284860302257536e-16,1.873748852104635e-15,4.200803792452565e-15,9.324466275183459e-15,2.046027817242418e-14,5.820219134953863e-23,2.4492973935605843e-22,1.0052725956465855e-21,4.009959816641734e-21,1.5494727595390413e-20,5.785620210147633e-20,2.0853922179057543e-19,7.260883208955275e-19,2.4473995251162593e-18,8.010825930574751e-18,2.5546012166908447e-17,7.959308090260994e-17,2.427925136351546e-16,7.259520358067455e-16,2.1279912603830956e-15,6.109846405268542e-15,1.7146324263248814e-14,4.686961974053958e-14,1.242057202437336e-13,3.17379254485665e-13,4.590078813430539e-21,2.707483968227655e-20,1.5138479871123388e-19,8.074286901586856e-19,4.138711889888332e-18,2.052387020091658e-17,9.895021879308075e-17,4.651940121465841e-16,2.135083739757925e-15,9.559008789669717e-15,4.1604421395358576e-14,1.7474054323683955e-13,1.007013743086565e-20,1.3972501518057456e-19,1.7555940629482714e-18,1.999187286958834e-17,2.0967978550878092e-16,2.0653483771679174e-15,1.931653250019973e-14,1.7081433788809072e-13,4.8026217892086195e-20,2.4637863538014523e-18,1.0277645714807457e-16,3.6182168800265984e-15,1.1312320230017718e-13,3.6867660588346927e-19,1.573426900174013e-16,4.292950913288581e-14,3.7663431112469655e-18,4.210625121361426e-14,2.0140628597292646e-15,2.0480962375010336e-13,9.633601079223973e-07,5.3071383578209384e-05,0.00010488120006686566,0.00015617731902699465
0.005471380471380472,0.0,5.989712471913927e-22,7.798767223210239e-20,1.3556077858263356e-18,1.0333896686076983e-17,5.0154060123606444e-17,1.82979201282741e-16,5.483765702824403e-16,1.4236042746895007e-15,3.3132788276276257e-15,7.07837309776516e-15,1.4118283370424589e-14,2.6625065657569858e-14,4.793565449158149e-14,8.301495126566809e-14,1.391098963601382e-13,2.2662935006873863e-13,3.6035251114715516e-13,5.611837120674351e-13,8.588259362430161e-13,1.2958212441554103e-12,1.9334154071263074e-12,1.139064640795037e-21,3.225093021297239e-21,8.943326798263555e-21,2.437578883984661e-20,6.548935845506481e-20,1.7383652107661764e-19,4.567281476356143e-19,1.1893523388439218e-18,3.072613929430775e-18,7.879475138058734e-18,2.006245390308497e-17,5.071680665610544e-17,1.272562156284726e-16,3.167738211594502e-16,7.817276887002824e-16,1.9106946856077797e-15,4.6198683559073645e-15,1.1032801143439177e-14,2.5969773434683044e-14,9.545768634670594e-23,4.54307289288192e-22,2.093594837140222e-21,9.300982403981131e-21,3.968850212399221e-20,1.6234194345457781e-19,6.3673830530498585e-19,2.400812288355142e-18,8.73652028459256e-18,3.081405841126562e-17,1.0572461836907851e-16,3.5377739902026224e-16,1.155995841302878e-15,3.687983182609603e-15,1.1467868254392123e-14,3.463530533776951e-14,1.0105851270133718e-13,2.8296736881404743e-13,3.9803340991289095e-21,2.7474106542432214e-20,1.7797294998078782e-19,1.0906816372454505e-18,6.383852450689658e-18,3.598081073828643e-17,1.9639176789474343e-16,1.0412570087859244e-15,5.365148762565637e-15,2.6795839736012896e-14,1.2879366174197704e-13,6.6150730178607826e-21,1.1634499697621552e-19,1.8229540506712715e-18,2.544156866769875e-17,3.2281585140489614e-16,3.81427556509233e-15,4.241836824628294e-14,4.595557838407858e-21,3.6769951497154887e-19,2.3335775634974487e-17,1.1816706113588025e-15,5.121025710467572e-14,1.3473459404126653e-19,1.0218866783079032e-16,4.567402084572797e-14,9.077141869245164e-18,1.925822333676397e-13,8.330078952856649e-14,1.394283934131321e-14,2.4591277249817192e-05,8.572655930634057e-05,0.00014620380298076174,0.00020603830104442192,0.0002652502416293027,0.00032385935197788593,0.0003818846248759121,0.00043934428377166436,0.0004962558131824645,0.0005526359885209307,0.0006085009106323436
0.005892255892255893,0.0,9.355268421787741e-22,1.2197022615032616e-19,2.123036076522653e-18,1.6207081796160632e-17,7.877718676566245e-17,2.8788033383603386e-16,8.643824477633519e-16,2.2489608216985595e-15,5.2483322678057465e-15,1.1249563433130568e-14,2.2529588666140207e-14,4.269825751901895e-14,7.732592631740731e-14,1.348196498986563e-13,2.2763674113538964e-13,3.7400816760433596e-13,6.005518721604884e-13,9.464241242516466e-13,1.4697733692649886e-12,2.2573532550201803e-12,1.8100423081064927e-21,5.513008521306253e-21,1.6454672707487385e-20,4.830539571031104e-20,1.3988140562130094e-19,4.0043149996889265e-19,1.1349385809347533e-18,3.1880135334921192e-18,8.87946929436662e-18,2.4524965213230654e-17,6.715374066626554e-17,1.8219349964968121e-16,4.893787356685546e-16,1.2999971548736278e-15,3.410562641189882e-15,8.82100804196219e-15,2.2438532509217703e-14,7.722273262748503e-23,4.210298319535521e-22,2.2093109772408963e-21,1.1096895666749684e-20,5.311457673215305e-20,2.417629301669929e-19,1.0476332126333892e-18,4.338851914097517e-18,1.7266594140243664e-17,6.636828878827506e-17,2.4738146835325263e-16,8.962436765954955e-16,3.1573789005687287e-15,1.0798496734512454e-14,3.571127751115559e-14,1.1345638764235458e-13,7.416388434842392e-22,6.338573487059434e-21,5.011157131193695e-20,3.6867861141542044e-19,2.552271752322278e-18,1.6819320953322365e-17,1.0645260312893322e-16,6.50539040655122e-16,3.8455008894292525e-15,2.194435753358602e-14,1.1997234808441046e-13,6.81029639280429e-21,1.4939634047424744e-19,2.8637669693753354e-18,4.810345341779926e-17,7.280439617034275e-16,1.019917039676224e-14,1.32884627744878e-13,5.1916802680489525e-20,5.0968086677219274e-18,3.7904054854354e-16,2.2934751257128524e-14,4.8692029453146043e-20,6.603772279708977e-17,4.852038540263315e-14,2.1765627339556288e-17,5.74695006432557e-20,9.016922219497368e-19,1.039469521787992e-12,5.200249265601985e-05,0.0001225831170610877,0.00019234823391665984,0.0002613241303000743,0.00032953769817513904,0.00039701483347195373,0.0004637803265614101,0.0005298578856865508,0.0005952701846556746,0.0006600389162048645,0.0007241848413874768,0.0007877278389146819,0.0008506869512964225,0.0009130804268432895,0.0009749257628571115,0.0010362397417243113,0.001097038467833342
0.006313131313131313,0.0,1.4169542307847597e-21,1.8498342273290384e-19,3.224303060372197e-18,2.4649614580486876e-17,1.2000000251109402e-16,4.392930754523346e-16,1.321748068046843e-15,3.4476899676248954e-15,8.071409892598204e-15,1.7370093227176913e-14,3.496078882438783e-14,6.66585440383244e-14,1.2157119810140405e-13,2.1366154131193722e-13,3.6402737481349426e-13,6.044781882215056e-13,9.834430611709886e-13,1.5754704663377037e-12,7.369899683530697e-22,2.4881495264558432e-21,8.19178329559148e-21,2.643414955956578e-20,8.39266641468144e-20,2.6290911741159873e-19,8.141867640670107e-19,2.495530482425148e-18,7.574351829109437e-18,2.2764657111012942e-17,6.771918663824971e-17,1.9922712444301715e-16,5.790167595906102e-16,1.6600588478058366e-15,4.686588962696095e-15,1.2997420080336623e-14,3.003542400965553e-23,1.9078340559178484e-22,1.1617275353004724e-21,6.7358317509053454e-21,3.6962766460130465e-20,1.9129430759681121e-19,9.342104131922533e-19,4.324570552404441e-18,1.9101768480780777e-17,8.103342990514211e-17,3.3176708971375526e-16,1.3143487643439272e-15,5.038818473598944e-15,1.8641849818202853e-14,6.615801738453309e-14,2.2316762227158026e-13,3.0159146199280675e-21,2.8550166563854907e-20,2.4799584702004556e-19,2.0013223536713577e-18,1.522478871727569e-17,1.1044969889058487e-16,7.693553536705505e-16,5.1569853750956204e-15,3.316406316971093e-14,7.185845685260169e-22,2.149506616217306e-20,5.589990515017976e-19,1.24141988578479e-17,2.401343195349807e-16,4.200139092055202e-15,6.768217472236711e-14,1.952884411234374e-20,2.816076920451681e-18,2.951392151136015e-16,2.4197340165993364e-14,8.698113896360354e-20,1.8536889569918938e-16,1.994507350732639e-13,5.573257839184133e-16,5.372198729184726e-17,2.733307499618579e-13,1.7710758912724034e-05,9.916985739415476e-05,0.00017962362460594242,0.0002590947174792129,0.00033761878770039165,0.00041523031789250506,0.0004919622402280731,0.0005678459508032119,0.0006429113802822077,0.0007171870735826915,0.000790700265141405,0.0008634769537096038,0.0009355419668353949,0.001006919033424302,0.00107763083686032,0.0011476990746287473,0.0012171445109677036,0.001285987026421981,0.0013542456643257734,0.0014219386743972325,0.0014890835539361953,0.0015556970848740758,0.0016217953722746008
0.006734006734006735,0.0,2.0894343831738932e-21,2.7314116070427205e-19,4.767538594670151e-18,3.650118262453889e-17,1.7798419096542626e-16,6.527917182140886e-16,1.9686821752684086e-15,5.150307396483637e-15,1.2103164668979618e-14,2.6172919752827284e-14,5.2996107571492695e-14,1.0177499316588275e-13,1.8715615364112969e-13,3.320339648903947e-13,5.720504406889625e-13,9.633081683070654e-13,1.5952876131175624e-12,8.066959388855666e-22,2.958473561741673e-21,1.0573625354534133e-20,3.7030704114764785e-20,1.2758516261084391e-19,4.3362029041569755e-19,1.4561090168352413e-18,4.834631920540145e-18,1.5871249171670195e-17,5.148541384253191e-17,1.6487026770095574e-16,5.2046500604580135e-16,1.6169003344691065e-15,4.932504756520163e-15,1.4733014019385374e-14,4.0710729269722444e-23,2.936585648538651e-22,2.0126332262860998e-21,1.3000439739005126e-20,7.863038853348338e-20,4.442701077195973e-19,2.3523382751839414e-18,1.1757516249338382e-17,5.594091916929101e-17,2.5509816802314684e-16,1.1194261808291114e-15,4.730790114992003e-15,1.9199381562082382e-14,7.430272150257041e-14,4.043849590373537e-22,4.848728122636689e-21,5.243586979761283e-20,5.154274392198672e-19,4.6821061370946715e-18,3.997621825204314e-17,3.2460995715644557e-16,2.5209256570010973e-15,1.871275035812944e-14,1.3156363136754386e-13,1.1362681178020059e-20,3.7886317762513883e-19,1.0561928437742065e-17,2.508803663964773e-16,5.3098846956724425e-15,1.0230111960622988e-13,5.627610756490794e-20,1.050762603088422e-17,1.3770308834804116e-15,1.4152131519273312e-13,3.573643324153909e-18,8.69053811114197e-15,4.7539571326075564e-18,6.598899864160113e-20,8.67344788357535e-17,1.7664419296575499e-06,9.44077905511723e-05,0.00018606250417321096,0.00027652172129708316,0.00036583153938900964,0.0004540365324842077,0.0005411791345200972,0.0006272996706331995,0.0007124364641314345,0.0007966259523462365,0.0008799027975737723,0.0009622999932951937,0.0010438489609590827,0.001124579645458989,0.0012045205977286595,0.0012836990560348165,0.0013621410203651261,0.0014398713219442299,0.0015169136881498875,0.001593290803447945,0.0016690243647571746,0.001744135136895503,0.0018186430002104504,0.001892566997829721,0.001965925379244463,0.0020387356412168113,0.002111014566189705,0.0021827782583709997
0.007154882154882156,0.0,3.0094354547331843e-21,3.9393724171092963e-19,6.885623998788855e-18,5.279694072872527e-17,2.5788252013401174e-16,9.477828693909612e-16,2.8658228265440264e-15,7.523171437250857e-15,1.7759447425050168e-14,3.862809413766228e-14,7.877686371752329e-14,1.5255846196970776e-13,2.832491143267564e-13,5.082721830748133e-13,8.884321532820569e-13,1.5241285409411728e-12,7.587041222821357e-22,3.036212956199004e-21,1.1825788179303984e-20,4.510151331301974e-20,1.6912359145523891e-19,6.251437410774306e-19,2.2806850045196697e-18,8.214002108665887e-18,2.918760320542972e-17,1.0221057295550982e-16,3.5217647900168285e-16,1.191620043471385e-15,3.9496954205652704e-15,1.2783330026704491e-14,3.384896499403375e-23,2.804069732930062e-22,2.19010315549995e-21,1.5973393930584688e-20,1.079781201472612e-19,6.752466213156819e-19,3.9262255084269726e-18,2.1430185097009222e-17,1.1088978145820316e-16,5.478606074726203e-16,2.592785361597474e-15,1.1740512094574792e-14,5.055314523182976e-14,2.0459044852708102e-13,3.1255479963768065e-21,4.010439933965996e-20,4.6087244650782555e-19,4.834981730789542e-18,4.7264313350457466e-17,4.3662656054877285e-16,3.835502306587407e-15,3.197570326932939e-14,9.595409803665441e-22,4.467386696563615e-20,1.7254111789942522e-18,5.458743545969453e-17,1.4775740421255292e-15,3.5767240649847275e-14,1.0652257353123836e-20,3.0760117241205703e-18,5.922419000365376e-16,8.442977791485262e-14,2.2429461664837485e-18,9.185300950856608e-15,1.1508824017616962e-17,1.1146140907704445e-18,4.732651007860036e-14,2.6584903460502427e-05,0.00013105039619166556,0.00023405284205722224,0.0003356420368328023,0.0004358761865726416,0.0005348108330705181,0.0006324986191386979,0.0007289894094892448,0.0008243304572475339,0.0009185665644591603,0.0010117402382713544,0.0011038918324406978,0.0011950596857838185,0.0012852802421999758,0.0013745881678039866,0.0014630164577450315,0.0015505965356070843,0.0016373583458398845,0.0017233304399588993,0.0018085400556776732,0.0018930131932353217,0.001976774683528987,0.002059848253597635,0.0021422565872635095,0.002224021381835648,0.0023051634011601744,0.002385702525285628,0.002465657796991433,0.002545047465407841,0.0026238890269371287,0.0027021992636687545,0.0027799942797813652
0.007575757575757576,0.0,4.0088456265541055e-21,5.253296988198238e-19,9.195365948005672e-18,7.061770128215497e-17,3.455626302132572e-16,1.2730016087351786e-15,3.86123221927257e-15,1.017963776472141e-14,2.4170294575482673e-14,5.297684906925245e-14,1.0909654408971201e-13,2.138292862133129e-13,4.0297027371534464e-13,7.36926715890204e-13,1.3190636402344177e-12,5.14866059770632e-22,2.1948517010354153e-21,9.332950606405945e-21,3.9017640842331927e-20,1.6029805801496087e-19,6.481476995167626e-19,2.5813745946587146e-18,1.01242955533029e-17,3.9062195654680903e-17,1.4801710194297737e-16,5.497021803417988e-16,1.9957564140771315e-15,7.060971969126567e-15,7.576642070793689e-23,1.8353070078885606e-22,1.123015498288157e-21,8.946158708786981e-21,6.898450876197384e-20,4.914861994281792e-19,3.2355553686927057e-18,1.987770959662109e-17,1.1512621442818493e-16,6.327569548866794e-16,3.3074751068284955e-15,1.6398327317637487e-14,7.6463951355988e-14,6.656299159435906e-22,8.70958390077366e-21,1.2408484771198291e-19,1.6039052124290786e-18,1.8975891093391884e-17,2.089547853130076e-16,2.160813795860606e-15,2.099558684724976e-14,7.8340075161527185e-22,3.131745764734739e-20,1.5397293612836197e-18,6.14694303660422e-17,2.0748390684306943e-15,6.156790692853082e-14,3.924844085678274e-20,1.476692509668251e-17,3.6543964517526054e-15,1.2675887408904185e-20,1.4627600742106555e-16,1.9553254023129635e-20,4.371795477415786e-14,6.072914260517582e-19,2.0611204916113663e-06,0.000119539272740994,0.00023526013404262386,0.00034929351779882045,0.0004617139044686565,0.0005725914519756777,0.0006819923081818293,0.0007899788916846043,0.0008966101529002971,0.0010019418099051981,0.0011060265680809232,0.0012089143196602904,0.0013106523312620578,0.0014112854122792246,0.001510856073415041,0.001609404672118598,0.0017069695472087603,0.0018035871438076944,0.0018992921275927275,0.0019941174943184726,0.0020880946673182987,0.002181253590747326,0.002273622815574106,0.002365229579667206,0.002456099882427369,0.002546258554388704,0.0026357293221786395,0.0027245348691932562,0.0028126968923140477,0.002900236155420259,0.002987172537011459,0.003073525080245666,0.0031593120338044285,0.003244550893678065,0.003329258441568427,0.003413450780968939
0.007996632996632997,0.0,5.533851792091534e-21,7.262052325093907e-19,1.2729732495573102e-17,9.791698563947824e-17,4.800798271818275e-16,1.7730572837070776e-15,5.396896658338063e-15,1.429767294202801e-14,3.417215518854225e-14,7.553469315624568e-14,1.5715650168672218e-13,3.118216139526793e-13,5.966292400219688e-13,1.1124836407174327e-12,3.596304213504927e-22,1.6610060267203959e-21,7.737029835288217e-21,3.545000821517821e-20,1.5942298725284462e-19,7.045009696038018e-19,3.0606118746307117e-18,1.3062442705350344e-17,5.468043324736969e-17,2.240139893230711e-16,8.957876380064268e-16,3.485248658098836e-15,1.3138573163890773e-14,1.0683253727729868e-22,5.068725109948823e-22,4.3923601425259974e-21,3.90845189924915e-20,3.20023451687125e-19,2.3929528524065164e-18,1.6513608677217613e-17,1.064913961409266e-16,6.471436618654286e-16,3.7166945424924345e-15,2.0110214260424885e-14,1.0144564523282468e-13,1.1463623653984146e-21,1.880674004431479e-20,3.0291758138738233e-19,4.3687811383750954e-18,5.751490409856844e-17,7.025500756308555e-16,8.01153603816934e-15,8.477360024528042e-14,8.602220015251291e-21,5.523736826465929e-19,2.8658840623464395e-17,1.2152181429446416e-15,4.4450834113582336e-14,2.9119397770809666e-20,1.5433343937066843e-17,5.155565960893767e-15,3.7694048558188983e-20,6.700219219099026e-16,6.1498296724587e-19,1.6916228048687118e-19,2.5010018139466065e-13,5.0832078033592396e-05,0.00018090891462513702,0.0003089499604001392,0.0004350506854078331,0.0005593006830478312,0.0006817841157408076,0.000802580115243783,0.0009217631598909369,0.0010394034059182087,0.0011555669995250123,0.0012703163572922577,0.001383710428422901,0.001495804929475075,0.0016066525641652534,0.001716303224160811,0.0018248041741569692,0.001932200222745471,0.00203853387898144,0.002143845499712326,0.0022481734226767612,0.0023515540917458137,0.002454022172417762,0.0025556106589843313,0.0026563509740454437,0.0027562730609980517,0.0028554054700698672,0.0029537754384172123,0.003051408964759287,0.0031483308792312186,0.0032445649072063106,0.0033401337319282787,0.003435059049676881,0.0035293616233143827,0.003623061331944202,0.0037161772174358013,0.00380872752804251,0.0039007297593213024,0.0039922006925468,0.004083156430796565
0.008417508417508419,0.0,8.004315841102407e-21,1.0520379127029441e-18,1.8467817397275944e-17,1.4228564304986278e-16,6.99031592656943e-16,2.5887862205846464e-15,7.910038622471932e-15,2.106578225309338e-14,5.0690002934306885e-14,1.1293939022980424e-13,2.3700867825957064e-13,4.748386518050454e-13,9.202147877576128e-13,1.7464442419211723e-12,1.3051749823966807e-21,6.729910424428641e-21,3.3777518879931975e-20,1.6594459919291943e-19,8.000781403546341e-19,3.786732979744138e-18,1.7571140933446613e-17,7.975298285666853e-17,3.5306853101942725e-16,1.5194517575587805e-15,6.33090929687832e-15,1.2043802886253004e-23,1.539802005021666e-22,1.8123350834250805e-21,1.9341462686078972e-20,1.8495769047939292e-19,1.5833223177442045e-18,1.2275581473433123e-17,8.767915677045975e-17,5.849978085511726e-16,3.6702384787681706e-15,2.1611527595214064e-14,1.1802169402402996e-13,1.5311600439672986e-21,3.2198765274000807e-20,5.789015017878338e-19,9.167454352417885e-18,1.3209568576927283e-16,1.7659527807310476e-15,2.19952075404359e-14,8.352132082420254e-22,7.695842238193394e-20,5.4496386935412695e-18,2.9635334428375385e-16,1.3399187104842995e-14,4.246323349648353e-21,3.500390142581254e-18,1.6643292197841869e-15,7.429091756361213e-21,2.4078187094440105e-16,2.0775876915518738e-19,8.861383174557156e-20,4.498896108936887e-13,6.101539881628131e-05,0.00020495904430771112,0.00034654685723951097,0.0004858891714787947,0.0006230941742893392,0.0007582635582062702,0.0008914927373432973,0.0010228712784656274,0.0011524833268031069,0.0012804080064497826,0.001406719786768269,0.001531488819865157,0.001654781247618748,0.0017766594843889446,0.0018971824757858934,0.002016405936534267,0.0021343825676202488,0.002251162259464394,0.002366792274995399,0.0024813174210499282,0.0025947802058264085,0.00270722098441362,0.002818678093410912,0.002929187975575609,0.0030387852953471556,0.003147503046017028,0.0032553726496322845,0.003362424047709435,0.003468685790333649,0.0035741851138034603,0.0036789480160505437,0.0037829993262216526,0.0038863627696272707,0.003989061028409677,0.004091115798254463,0.004192547841442648,0.004293377036515564,0.004393622424802047,0.004493302254036728,0.004592434019279347,0.004691034501327994,0.004789119802803452
0.008838383838383838,0.0,1.0736978375890176e-20,1.4131326801760327e-18,2.4843186032410052e-17,1.9173541423840168e-16,9.441049706340732e-16,3.5076108622063348e-15,1.0767337862059298e-14,2.886265807301407e-14,7.00468360686554e-14,1.5768982118699453e-13,3.3503289912990035e-13,6.821249493873682e-13,1.3511459517262397e-12,7.122047416715511e-22,4.066877786417982e-21,2.2518414465711e-20,1.2174494727255217e-19,6.446243603087081e-19,3.3433407669299587e-18,1.6955930036520034e-17,8.384797295654406e-17,4.0289815458537105e-16,1.8738047679316246e-15,8.394507314233666e-15,2.2171815526110922e-23,3.1856635812849376e-22,4.151843027957563e-21,4.8251995872006173e-20,4.951699315410949e-19,4.511570522081048e-18,3.71533664808625e-17,2.8183021973577814e-16,1.992507010973658e-15,1.3153528253808015e-14,8.030135905701667e-14,8.333261819039424e-22,2.1127410822197385e-20,4.49139953927292e-19,8.26309640074118e-18,1.3668864950420559e-16,2.080765707647762e-15,2.9278916022597554e-14,1.7228610351519173e-21,1.9112081075288652e-19,1.5712697943277624e-17,9.835742670154703e-16,5.125910067234786e-14,6.887846931990776e-20,6.246645053590968e-17,3.2491375154573976e-14,2.7315455010054e-18,7.162605808758817e-14,8.080908747163571e-15,1.8064396470490417e-18,2.6151885586862175e-05,0.0001854427610896087,0.00034199426892461324,0.0004959267688845084,0.0006473726884619141,0.0007964562433086863,0.0009432936124220101,0.0010879935102580068,0.0012306577567924451,0.0013713818105851592,0.0015102552550842324,0.0016473622434152223,0.001782781902596099,0.00191658870328636,0.0020488527971737123,0.002179640325674242,0.0023090137017886918,0.0024370318703040785,0.002563750544411032,0.002689222424546942,0.0028134973993060677,0.002936622730505051,0.0030586432238275743,0.0031796013863383634,0.0032995375720292343,0.0034184901168489556,0.003536495461515118,0.003653588270238286,0.003769801535317446,0.003885166677490653,0.003999713638399047,0.004113470966606232,0.00422646589768688,0.004338724428854318,0.0044502713885557895,0.004561130501426537,0.004671324448959658,0.004780874926217752,0.004889802694884396,0.004998127632928104,0.00510586878112842,0.005213044386693147,0.00531967194417658,0.005425768233891706,0.0055313493579935875
0.00925925925925926,0.0,1.420728502845919e-20,1.8724429855739916e-18,3.2967385001000336e-17,2.5489828357637154e-16,1.2582341760051908e-15,4.691739289967092e-15,1.447985125161945e-14,3.910775703683997e-14,9.583352568911801e-14,2.1825683891033364e-13,4.704834670544039e-13,9.77122193495527e-13,3.2699274830906916e-22,2.0795937072301674e-21,1.2754407891116338e-20,7.613335443929935e-20,4.44041307665618e-19,2.531213403594164e-18,1.407294242917639e-17,7.605202991541967e-17,3.9787851774718196e-16,2.0060748081719783e-15,9.694386858341653e-15,3.1733237467581447e-23,5.152220402836069e-22,7.478121813744452e-21,9.524174591213781e-20,1.0567327166094156e-18,1.03341123052012e-17,9.11088458076186e-17,7.383007276443229e-16,5.547791462162495e-15,3.8502003866095316e-14,2.3651681257868915e-22,7.5174141775064e-21,1.9603789228946666e-19,4.306510986712051e-18,8.3371445693515e-17,1.4676764351964456e-15,2.3705843223815258e-14,1.4118555998621007e-21,1.9783127701930327e-19,1.996947772644816e-17,1.5014867235048095e-15,9.272838807632697e-14,2.754918059922844e-19,3.01197678970293e-16,9.102572748440743e-22,9.97219336584687e-17,2.340192460187895e-19,1.6343919661154595e-18,4.822750513191032e-14,0.00011545546880660313,0.00028862693706960735,0.00045871979386247403,0.0006258964986998966,0.0007903102687325959,0.0009521039919784523,0.0011114109268494342,0.0012683554598982968,0.0014230538251380417,0.001575614756574347,0.0017261400829034301,0.0018747252656244257,0.0020214598890854964,0.0021664281057080645,0.0023097090415751353,0.0024513771656414214,0.002591502628304185,0.0027301515691878706,0.002867386400055776,0.0030032660637918595,0.0031378462721073914,0.0032711797239698827,0.003403316306550335,0.003534303280298648,0.0036641854498391893,0.0037930053203511075,0.003920803245096359,0.004047617558437236,0.004173484701013212,0.004298439335248822,0.004422514452514224,0.0045457414726308345,0.004668150336351046,0.004789769591383554,0.004910626472483548,0.005030746976079949,0.0051501559298695355,0.005268877057769571,0.00538693304058611,0.0055043455727241215,0.005621135415237447,0.005737322445491372,0.005852925703687356,0.00596796343647898,0.006082453137889007,0.00619641158772042,0.006309854887638757
0.009680134680134681,0.0,1.8566832417791783e-20,2.4503897898129676e-18,4.320917227605912e-17,3.34726933725963e-16,1.6568117927138204e-15,6.203656276752871e-15,1.926509703518864e-14,5.24819192980874e-14,1.3000595424078872e-13,2.999820784654429e-13,6.579987018395178e-13,1.3999217966978849e-12,8.940586065161827e-22,6.1034396504027244e-21,4.037379872511776e-20,2.602423324750469e-19,1.635880567814536e-18,1.0005209272411642e-17,5.930399294842709e-17,3.390776559545779e-16,1.860656926703522e-15,9.739833862335798e-15,3.5273514557002686e-23,6.522223980012651e-22,1.0633024572501865e-20,1.4976988320921239e-19,1.8136034911969882e-18,1.9205396453885355e-17,1.8259755290200263e-16,1.5890215996079358e-15,1.2727500523135945e-14,9.282552526309448e-14,1.3975091671705697e-21,4.680217375389997e-20,1.27556799049491e-18,2.966158182798589e-17,6.152867153121164e-16,1.1607179422923902e-14,4.562381742741809e-22,8.520892123435445e-20,1.1258499594356938e-17,1.0633629714539216e-15,8.037295489892676e-14,2.868033181447747e-19,4.2552942504350976e-16,2.864320960570192e-21,4.555076338884211e-16,7.23722155920355e-18,1.328962928842789e-15,3.744420674809732e-14,0.0001789824590900942,0.00036709387038122806,0.0005517554400144793,0.0007331576605130154,0.0009114781886616394,0.0010868821397220774,0.0012595230773596114,0.0014295439827035229,0.0015970781424378053,0.00176224995617776,0.0019251756618009653,0.00208596399441718,0.0022447167817248427,0.002401529483940045,0.0025564916832038387,0.0027096875302355023,0.002861196148885385,0.003011092006351055,0.003159445250767135,0.0033063220198713,0.003451784723578089,0.0035958923029934023,0.0037387004681286814,0.0038802619165211726,0.0040206265333073655,0.004159841577828951,0.004297951853026681,0.004434999863368631,0.004571025960379351,0.004706068477254747,0.00484016385350297,0.004973346750461767,0.005105650158461656,0.00523710549633108,0.005367742703874558,0.005497590327895929,0.005626675602286382,0.0057550245226495505,0.005882661915893592,0.006009611505181832,0.006135895970599228,0.006261537005860767,0.006386555371359784,0.00651097094382897,0.006634802762863692,0.006758069074590895,0.006880787372349165,0.007002974435486052,0.007124646365151896
0.010101010101010102,0.0,2.3989517843963227e-20,3.1704594893994007e-18,5.599425057632697e-17,4.3465370432713206e-16,2.1579632762483734e-15,8.11848492136479e-15,2.5391587135169462e-14,6.984754781549081e-14,1.7511135525014518e-13,4.1017847529684344e-13,9.188195205406336e-13,3.2069332877751417e-22,2.4525691109471687e-21,1.8057071454066206e-20,1.2910229335651982e-19,8.981157397886138e-19,6.0657582259610775e-18,3.959700040727164e-17,2.485135444721982e-16,1.4910267764364264e-15,8.496262134459146e-15,3.0375366554316725e-23,6.459271980234395e-22,1.1958322330734628e-20,1.8844375015292754e-19,2.5176480454685155e-18,2.9135395434381285e-17,3.0086999650572893e-16,2.8268865144846087e-15,2.422441832241757e-14,1.2845604676418653e-22,5.8059568667869016e-21,2.0716989226089427e-19,6.019844635617279e-18,1.5091522390245907e-16,3.3881623200278813e-15,6.844946162431274e-14,1.4772294348191136e-20,2.745412991450878e-18,3.4565405686775236e-16,3.318755050178305e-14,7.75870317553864e-20,1.7847786520806639e-16,9.986469256424788e-22,2.94365791531325e-16,7.695012123147577e-18,5.095376937024901e-15,4.778332038986658e-06,0.00021292298897134657,0.00041716948527614084,0.0006175345554556225,0.0008142412210126083,0.0010074964912751788,0.0011974921673821189,0.0013844061294564771,0.0015684035565299316,0.0017496380334906128,0.0019282525490887752,0.002104380392542979,0.002278145962144967,0.002449665494409042,0.0026190477215046015,0.002786394469135622,0.002951801194663694,0.003115357477977108,0.0032771474669569794,0.003437250283081136,0.0035957403912293636,0.0037526879373146905,0.003908159056957675,0.00406221615824216,0.004214918179890448,0.004366320830450403,0.004516476805508026,0.004665435989038886,0.004813245638463011,0.004959950555278563,0.005105593242565396,0.005250214050521038,0.005393851311076183,0.005536541462533774,0.0056783191650836735,0.0058192174079628066,0.0059592676089574,0.0060984997068782255,0.00623694224758117,0.006374622464052679,0.006511566351032485,0.006647798734603408,0.006783343337139906,0.006918222837972586,0.007052458930149711,0.0071860723732445,0.007319083043409333,0.007451509979603306,0.007583371427290003,0.007714684879351595,0.007845467114497197,0.007975734233342737
0.010521885521885523,0.0,3.0673630074706024e-20,4.0595044144382295e-18,7.181131062218764e-17,5.586501504502231e-16,2.7829776501940828e-15,1.052654602553378e-14,3.319119568507165e-14,9.229819893722466e-14,2.3449349983343806e-13,5.590314372673793e-13,1.2840383429156237e-12,8.217372189167517e-22,6.7709113511248815e-21,5.391466907004721e-20,4.1665679760951915e-19,3.1201380861643728e-18,2.2532938554198817e-17,1.5598748937377345e-16,1.0285835939750003e-15,6.415771107325732e-15,2.0176717736115052e-23,4.99056047529618e-22,1.0628982474555388e-20,1.899721951729558e-19,2.835057665188772e-18,3.620549041937359e-17,4.091341827028169e-16,4.175501464375963e-15,3.848027131607641e-14,3.476755936862657e-22,1.7300839925415122e-20,6.683646500636628e-19,2.1082948853086517e-17,5.771224892620804e-16,1.4102137178951351e-14,9.75619502215794e-22,2.7221513848505945e-19,4.979338775656111e-17,6.379916478208772e-15,5.1489910647049735e-21,2.12033350016569e-17,3.8797686362227986e-14,2.578393398369635e-17,2.8084464336499494e-19,1.1718820456682296e-16,1.334809351797118e-13,0.00021321214822772494,0.00043493261258282004,0.0006522656016836654,0.000865473308695589,0.0010747983427915205,0.0012804647892838475,0.0014826798494205192,0.0016816353788541233,0.0018775092754018284,0.0020704667235326717,0.0022606613087284033,0.0024482360177318536,0.002633324137210064,0.0028160500620066716,0.002996530025421084,0.003174872756939637,0.003351180078526858,0.003525547444595309,0.003698064432129174,0.0038688151862275636,0.004037878825723036,0.004205329813203768,0.004371238291640894,0.004535670394830744,0.00469868852849573,0.004860351629792394,0.0050207154049972166,0.005179832547918273,0.005337752940827174,0.005494523839520219,0.005650190043951544,0.005804794055733649,0.005958376223669446,0.0061109748783637055,0.006262626456858157,0.006413365618142382,0.006563225350310408,0.006712237070059585,0.006860430715162746,0.007007834830485845,0.007154476648070694,0.00730038216181957,0.007445576196801411,0.007590082474663981,0.007733923673947301,0.00787712148688947,0.00801969667247091,0.008161669106071771,0.008303057825991935,0.008443881077062515,0.008584156351558826,0.008723900427607617,0.008863129405265773
0.010942760942760943,0.0,3.884403251830425e-20,5.148059026592009e-18,9.121852153135627e-17,7.112938265526844e-16,3.55681784939073e-15,1.3536512094036215e-14,4.3074601736703497e-14,1.212233117610016e-13,3.1259569641364384e-13,7.60921236781961e-13,2.275313088650562e-22,2.1145706090589553e-21,1.8842882430974826e-20,1.624161578711637e-19,1.3541796124649074e-18,1.086992648220596e-17,8.343602886931995e-17,6.08087366762262e-16,4.1768959146977626e-15,1.027261346382995e-23,2.992238651440099e-22,7.438183248164732e-21,1.5316876151542326e-19,2.589803098537283e-18,3.6897856779657904e-17,4.60046383356392e-16,5.135622184710266e-15,5.125509321946756e-14,6.75775682510636e-22,3.758847284167319e-20,1.5997420599799702e-18,5.560543900683699e-17,1.6779384238792546e-15,4.479826445117539e-14,1.0014734021448357e-20,2.9416320718878277e-18,5.487029190682052e-16,7.509867331116488e-14,6.289476189627752e-19,2.1597234430936708e-15,2.508140101068892e-19,9.247769762512434e-14,8.649411237708798e-21,9.240115534207385e-14,0.0001754529116368028,0.0004161609326606127,0.0006518842639859666,0.0008829325481461247,0.0011095919226086343,0.0013321258316146521,0.0015507770930059794,0.0017657698484585555,0.0019773113164276075,0.0021855933569955035,0.002390793867393936,0.0025930780291758136,0.002792599424255089,0.0029895010351647477,0.0031839161445755405,0.0033759691436148725,0.0035657762614420634,0.003753446223915781,0.0039390808495072096,0.004122775589309785,0.004304620017489315,0.004484698275330557,0.004663089479507398,0.0048398680896652516,0.005015104246809097,0.005188864081933135,0.005361209998568009,0.005532200931773212,0.005701892585831315,0.005870337652658667,0.006037586012733105,0.006203684920149783,0.006368679173248879,0.006532611272110839,0.0066955215640834365,0.00685744837838852,0.007018428150752767,0.007178495538914516,0.007337683529776556,0.007496023538901465,0.0076535455030349135,0.0078102779658822475,0.007966248158583732,0.00812148207403464,0.008276004536557037,0.0084298392668433,0.008583008942616068,0.008735535255330627,0.008887438963217682,0.00903873994093918,0.009189457226106779,0.009339609062891904,0.009489212942937263,0.009638285643762729,0.009786843264842787
0.011363636363636366,0.0,4.875443819353975e-20,6.470672172869098e-18,1.148505129566039e-16,8.978436434722002e-16,4.508729044433037e-15,1.7279291127822687e-14,5.5550522933466305e-14,1.5839542145666791e-13,4.154086639545747e-13,1.0363182187035579e-12,5.456411263151079e-22,5.4762691288275834e-21,5.287803360214097e-20,4.929222950663943e-19,4.418575752205192e-18,3.781128351821648e-17,3.0640534321485947e-16,2.3325542011683685e-15,3.975467620897763e-24,1.3815033989911063e-22,4.069952331835319e-21,9.826312347251071e-20,1.9138005260653763e-18,3.080843744061198e-17,4.2781370985001335e-16,5.266145566963454e-15,5.741382291735196e-14,9.510282010597603e-22,6.023625411143504e-20,2.873728282961276e-18,1.1148162105332378e-16,3.739237199542055e-15,1.2583608580952015e-22,6.241894524130662e-20,1.9483589620491494e-17,3.886534020083106e-15,3.921285824484135e-21,3.1494064237936154e-17,1.0023706631554426e-13,3.4132633887039027e-16,1.0819734022388213e-16,3.634284055885157e-18,9.48408632485743e-05,0.00035626254348347473,0.0006119928490744946,0.0008623962798079565,0.001107812585859825,0.0013485535851853981,0.001584905701847394,0.0018171324504101425,0.0020454766686836506,0.002270162502867244,0.00249139717005615,0.0027093725268361704,0.0029242664647433025,0.0031362441612793786,0.0033454591930855075,0.0035520545380125956,0.003756163473889467,0.003957910387457042,0.0041574115036920175,0.004354775544498379,0.004550104324838025,0.004743493291709773,0.004935032016092502,0.005124804636940899,0.005312890267322279,0.005499363364178653,0.00568429406592532,0.00586774850109709,0.006049789070895862,0.006230474708177805,0.0064098611151406455,0.006588000981727129,0.006764944186545702,0.006940737981919728,0.007115427164509047,0.0072890542327994036,0.007461659532624229,0.00763328139176644,0.007803956244584538,0.007973718747566397,0.008142601886253509,0.008310637075106986,0.008477854249690131,0.008644281952762971,0.008809947414358643,0.008974876626397784,0.009139094412270744,0.009302624491779035,0.00946548954179324,0.009627711252953414,0.009789310382709944,0.00995030680497755,0.010110719556652084,0.010270566881218914,0.01042986626966295,0.010588634498873102,0.01074688766771833
0.011784511784511786,0.0,6.068977585449261e-20,8.06625581196611e-18,1.4342590267794327e-16,1.1243254418261062e-15,5.672967026897214e-15,2.1912796803048972e-14,7.124973817876007e-14,2.0609181746847372e-13,5.511177421771356e-13,1.150505181735058e-22,1.313842401354666e-21,1.4287637848416963e-20,1.4952861663060735e-19,1.50364450410108e-18,1.4422500934276725e-17,1.3075685636346446e-16,1.1105648835823721e-15,8.754675372136682e-15,4.862631207374296e-23,1.7241169539532883e-21,4.972628024449033e-20,1.1373090281785294e-18,2.1006235905288438e-17,3.284725116424347e-16,4.499380950843742e-15,5.412298225663089e-14,9.72816491272119e-22,7.166705948925165e-20,3.90039049549135e-18,1.7088693062278566e-16,6.424443580453499e-15,4.2058631424450565e-22,2.417041091016791e-19,8.244946434953125e-17,1.8257482051813096e-14,9.068623751004828e-20,7.083766280858307e-16,9.465639168791824e-20,1.0215961034085162e-13,1.7102793310459687e-19,5.733581853676455e-17,0.0002501883414743134,0.0005277827953964707,0.000799272113661366,0.0010650622680512698,0.0013255250316056265,0.0015810006714029286,0.0018318011128223913,0.0020782128079365595,0.0023204992776180437,0.0025589033580065254,0.002793649190489633,0.0030249439864873193,0.003252979595923768,0.003477933905478766,0.003699972085809366,0.0039192477081548705,0.004135903745088736,0.004350073469434911,0.004561881263219317,0.004771443347159593,0.004978868438532206,0.005184258348522192,0.0053877085209812605,0.005589308522963647,0.005789142490217372,0.005987289532761869,0.006183824104657055,0.006378816341597065,0.0065723323695477745,0.006764434587284925,0.006955181925371991,0.00714463008383863,0.00733283175057598,0.007519836802249682,0.007705692489342091,0.007890443606767257,0.008074132651354376,0.008256799967417674,0.008438483881116588,0.008619220825472633,0.008799045455567157,0.008977990755775033,0.009156088139251816,0.009333367540395236,0.009509857500853014,0.00968558524959655,0.009860576777532685,0.010034856907083263,0.010208449357124212,0.010381376803641127,0.01055366093642745,0.010725322512123365,0.010896381403867797,0.011066856647813443,0.011236766486733461,0.011406128410929915,0.011574959196636718,0.011743274942094288
0.012205387205387205,0.0,7.496864657218663e-20,9.978450705391158e-18,1.7775543423421817e-16,1.397629771185642e-15,7.089672925537265e-15,2.7627786135246506e-14,9.095543413001018e-14,2.672680247169697e-13,7.310138249390777e-13,2.5773785611963264e-22,3.1819035180991256e-21,3.7555504628679435e-20,4.254300270520294e-19,4.5971184705405274e-18,4.6917209972120445e-17,4.476521248799771e-16,3.954376239574168e-15,1.289382592236179e-23,5.584857866526897e-22,1.9608553754035675e-20,5.383463765209981e-19,1.1626464068063695e-17,2.0747275637747646e-16,3.1952868746933596e-15,4.286458629824826e-14,7.227137608817477e-22,6.341536310048955e-20,4.011388798384543e-18,2.0090620081750387e-16,8.543471212419368e-15,8.738899883717485e-22,5.943146839227619e-19,2.2948610448171495e-16,5.790152564065201e-14,9.852698784856575e-19,7.97027247022257e-15,1.1320953269625513e-17,1.9740860852857528e-18,4.9030233557170695e-21,9.232368580331536e-05,0.0003939346237891796,0.0006885099282671153,0.0009765319701367241,0.0012584473966259742,0.0015346635587494566,0.001805552436791282,0.002071454345062602,0.0023326812208179083,0.0025895195150061096,0.0028422327427976707,0.0030910637335432732,0.0033362366209590557,0.0035779586092893924,0.003816421541488623,0.004051803297296883,0.004284269041028342,0.004513972337926531,0.004741056154933212,0.00496565375975143,0.005187889529032762,0.005407879679014217,0.005625732923036902,0.005841551067829083,0.006055429553451023,0.006267457943370286,0.006477720369953848,0.006686295940036461,0.006893259104677734,0.007098679996743541,0.007302624739531816,0.0075051557292996965,0.007706331894231209,0.007906208932106362,0.008104839528687756,0.00830227355862565,0.008498558270555788,0.00869373845742949,0.008887856614457767,0.009080953084265242,0.009273066191587851,0.009464232367888306,0.009654486266849031,0.009843860871512313,0.010032387593763915,0.01022009636679114,0.010407015731087344,0.01059317291452247,0.010778593906951855,0.010963303529793036,0.011147325500962223,0.011330682495527431,0.011513396202404394,0.01169548737739331,0.01187697589282885,0.01205788078409332,0.012238220293221554,0.012418011909807734,0.012597272409406777,0.012776017889607541
0.012626262626262626,0.0,9.194587002024519e-20,1.22560096535495e-17,2.1875080204102109e-16,1.7256242663215527e-15,8.805925130215948e-15,3.4654977685870756e-14,1.1564235437749048e-13,3.4580523580958144e-13,9.70757665171031e-13,5.791949981690407e-22,7.757036672423476e-21,9.938191667882354e-20,1.2152498244944761e-18,1.4042620332229268e-17,1.5155860118129078e-16,1.5112793366514648e-15,2.541029340694394e-24,1.3637396526678913e-22,5.933137508228636e-21,2.0020643535902817e-19,5.175228124173259e-18,1.071773746677155e-16,1.8780213452533883e-15,2.8408383043114442e-14,3.877846008738124e-22,4.160865670080387e-20,3.124793094496952e-18,1.8130522832546009e-16,8.810640765581146e-15,1.1369409333683694e-21,9.431093177901297e-19,4.273930613384174e-16,1.8277825462012988e-22,5.249272437069839e-18,4.777993412084576e-14,3.954155888483861e-16,1.4151906412432281e-15,1.3320352415158036e-19,0.00020448838573693142,0.0005244875199370936,0.0008369015496074101,0.0011422701330439614,0.0014410849690518256,0.0017337932522907891,0.0020208024377581,0.0023024845287715973,0.0025791798422218674,0.0028512003088141946,0.00311883237178275,0.003382339536916156,0.0036419646250516018,0.0038979317614831204,0.004150448142036084,0.004399705602039502,0.004645882014035277,0.004889142535593492,0.005129640725820134,0.005367519545307461,0.005602912256444221,0.0058359432310975895,0.006066728680325958,0.006295377312987328,0.00652199093158302,0.006746664972198984,0.006969488994567635,0.007190547127544193,0.0074099184746594235,0.007627677483861943,0.007843894285085988,0.008058634998864606,0.00827196201884519,0.008483934270746524,0.008694607450018078,0.008904034240265101,0.009112264513935181,0.009319345517699239,0.009525322042781604,0.009730236582512044,0.009934129477829309,0.010137039051866333,0.010339001734561173,0.01054005217814549,0.010740223364280417,0.010939546703536156,0.011138052127846236,0.011335768176508465,0.011532722076252165,0.011728939815843836,0.01192444621566112,0.012119264992626484,0.012313418820857886,0.01250692938836232,0.012699817450070266,0.012892102877483725,0.013083804705187342,0.013274941174451563,0.013465529774137673,0.013655587279097594,0.01384512978624561
0.013047138047138048,0.0,1.0189472632049329e-19,1.3602199050045957e-17,2.433013152915381e-16,1.9269652093568014e-15,9.910064945085671e-15,3.953979611896696e-14,1.347949642288066e-13,4.161665733308561e-13,1.2215271286634433e-12,1.0946461531978507e-21,1.5464303461058223e-20,2.165561295476803e-19,2.8698377863855818e-18,3.547095360458597e-17,4.03997058311194e-16,4.193976375534623e-15,1.4726320827127572e-22,1.0992493321550525e-21,4.122722151056325e-20,1.3356218904090257e-18,3.380356590455683e-17,7.057437240324646e-16,1.2516270467418523e-14,3.770010913820521e-22,1.401018678790611e-20,1.3284915135290088e-18,9.57187987229376e-17,5.597917549256866e-15,1.147042529291791e-21,6.698623670881814e-19,3.9753638979402423e-16,1.1870460241911998e-21,9.663232644323025e-18,1.9210530550006547e-21,3.2135110350997687e-15,9.899878630508255e-14,1.175907943475011e-13,0.0003008549920249916,0.0006402059034618401,0.0009713685872237087,0.0012949428779227546,0.0016114714030095176,0.0019214462461836813,0.002225314697891102,0.0025234842430679875,0.002816326890795992,0.003104182954889857,0.0033873643595460803,0.003666157539555036,0.00394082599277003,0.0042116125309311385,0.004478741271091896,0.004742419401102981,0.005002838748717746,0.0052601771795372084,0.005514599843845689,0.005766260294711441,0.006015301487187049,0.006261856677722995,0.006506050233017737,0.006747998359253337,0.00698780976070214,0.00722558623555621,0.007461423215851246,0.007695410257510864,0.007927631485806191,0.00815816600089295,0.008387088247539276,0.008614468352680002,0.008840372434017441,0.009064862882525481,0.009287998621434673,0.00950983534371064,0.009730425730711393,0.009949819652853775,0.010168064354699975,0.010385204625550867,0.010601282956909616,0.010816339687979652,0.011030413140244506,0.011243539742073608,0.011455754144206015,0.01166708932688177,0.011877576699317313,0.01208724619215581,0.0122961263434645,0.01250424437879846,0.012711626285803163,0.012918296883785393,0.013124279888644242,0.013329597973519125,0.013534272825480921,0.013738325198564154,0.01394177496341289,0.014144641153789888,0.014346942010177867,0.014548695020682815,0.0147499169594321,0.0149506239226447
0.01346801346801347,0.0,1.3561164600316495e-19,1.8130218976244678e-17,3.2494910027306124e-16,2.5828395221289065e-15,1.3367912610849588e-14,5.382250056865968e-14,1.8514653967565757e-13,5.773258744440757e-13,1.780791799663014e-22,2.969519540190815e-21,4.7008640110087663e-20,7.060155508749487e-19,9.935325945485922e-18,1.2908100745136013e-16,1.528066469867777e-15,3.2709432298855664e-24,2.2856595170554804e-22,1.2445295726179684e-20,5.02278173775061e-19,1.5058644966749253e-17,3.5804965688526395e-16,7.131262776666525e-15,4.02577454685091e-23,7.037269808576408e-21,8.082680202821401e-19,6.62407635573258e-17,4.356415104571902e-15,4.74176561404363e-22,6.542492482922451e-19,4.569944362837469e-16,4.0145030320504975e-22,2.0417155630168384e-17,1.4602686737825462e-21,1.9680246804288324e-14,2.463370424560987e-19,1.0532934786171614e-05,0.00037967583360770234,0.000739402871020751,0.0010902788218535642,0.0014329673029516482,0.0017680678884442805,0.002096123103226864,0.002417624974401359,0.0027330207567643565,0.0030427179064695057,0.0033470884107344775,0.0036464725640522107,0.00394118227461533,0.004231503962762313,0.004517701113190247,0.004800016525922839,0.00507867430732306,0.005353881635757898,0.0056258303291954566,0.00589469824540169,0.006160650527476817,0.006423840720933611,0.006684411774315853,0.0069424969379888015,0.007198220572974115,0.007451698880156669,0.007703040558860927,0.007952347402651857,0.008199714839232786,0.008445232420466147,0.00868898426781182,0.00893104947784497,0.009171502491966419,0.009410413434001848,0.00964784841851816,0.00988386983377215,0.010118536600290981,0.010351904408618771,0.010584025937673896,0.010814951055627527,0.01104472700491418,0.01127339857281774,0.011501008248928088,0.011727596370632582,0.011953201257689838,0.012177859336829874,0.012401605257232629,0.012624471997654417,0.012846490965898896,0.013067692091263121,0.013288103910531065,0.013507753648033716,0.013726667290248252,0.013944869655365837,0.014162384458219658,0.014379234370930194,0.01459544107959379,0.014811025337312475,0.015026007013837562,0.015240405142076759,0.015454237961693406,0.015667522960007976,0.015880276910394474,0.016092515908348964
0.01388888888888889,0.0,1.6321508699935102e-19,2.185364456625428e-17,3.925712038824077e-16,3.1339575940395865e-15,1.6355194526560656e-14,6.671194820599735e-14,2.3343887918081716e-13,7.465043348827078e-13,3.739274742834493e-22,6.782980289079954e-21,1.1667412304495444e-19,1.8881131894879133e-18,2.828756253334832e-17,3.8620126622233525e-16,4.739946588458981e-15,2.8049223570143894e-23,1.9893569358057604e-21,1.0479055413023797e-19,3.972884596556559e-18,1.1389570429986842e-16,2.6577931562750816e-15,5.1748171657547935e-14,1.757410266787012e-21,2.628696042821219e-19,2.653916298737746e-17,2.0744265933219803e-15,1.503015354026984e-22,2.8335306371848264e-19,2.6224969949200693e-16,2.0435611993817226e-22,1.5446349126898245e-17,1.5332092617653488e-21,3.288327916773977e-14,4.2648665085316005e-18,4.750743887286925e-05,0.0004390985388970797,0.0008203097198481167,0.0011919312861721956,0.0015547009980638017,0.001909283374232064,0.002256278122714765,0.0025962277900174087,0.00292962439871461,0.003256915190579645,0.0035785076071108007,0.0038947736201672706,0.004206053510466171,0.004512659172096472,0.004814877012779,0.005112970505390013,0.005407182438970581,0.0056977369098393515,0.00598484108622047,0.006268686778428223,0.006549451835377209,0.006827301392672747,0.007102388988797426,0.00737485756572808,0.007644840367699328,0.007912461750006396,0.008177837908180543,0.008441077536536192,0.008702282423945011,0.008961547993709379,0.009218963793560844,0.009474613941078139,0.009728577529244688,0.009980928995883006,0.01023173846161815,0.010481072038107874,0.010728992110625812,0.010975557596982754,0.011220824185153579,0.011464844551625318,0.011707668562266946,0.011949343457331646,0.012189914022035085,0.01242942274400489,0.012667909958765438,0.012905413984305468,0.013141971245672505,0.013377616390446025,0.01361238239585901,0.013846300668264292,0.014079401135576401,0.014311712333261055,0.0145432614843916,0.014774074574244747,0.015004176419865132,0.01523359073499038,0.015462340190693537,0.015690446472069106,0.01591793033126031,0.016144811637100517,0.016371109421618082,0.01659684192363368,0.01682202662965984,0.017046680313254646,0.017270819067102667
0.014309764309764312,0.0,1.9535236473996173e-19,2.619688681717725e-17,4.717216991593635e-16,3.7839409048943916e-15,1.9929112346500484e-14,8.244078607923293e-14,2.938926113792428e-13,9.6694179226868e-13,7.8857092832004455e-22,1.558258351465703e-20,2.906672034305757e-19,5.046415855700974e-18,8.004447618309577e-17,1.1413613930207117e-15,2.4557030765735094e-24,2.295389635426096e-22,1.6122590159534856e-20,8.036577600357741e-19,2.876561747068377e-17,8.023160376775548e-16,1.8407754751593385e-14,3.058599464039171e-22,6.194421087726892e-20,7.981356768363761e-18,7.556546668847828e-16,5.749686715189716e-14,7.778065620343023e-20,1.0059699164415609e-16,6.875364462000352e-14,6.1309111387784106e-18,5.313604202858997e-22,2.1710365303182353e-14,4.695226031839403e-18,6.201731144675554e-05,0.0004772096290120132,0.0008810947497663323,0.0012745674033108375,0.0016584499362071838,0.002033480825712282,0.0024003246963085786,0.0027595812684813627,0.003111793078872821,0.0034574521336477346,0.0037970056569648337,0.004130861072735186,0.004459390336568955,0.004782933713483438,0.005101803083224442,0.005416284840187358,0.005726642445181073,0.006033118675106808,0.006335937616169474,0.0066353064270983945,0.006931416908785244,0.007224446901761526,0.0075145615338142145,0.007801914336143342,0.008086648243939494,0.008368896495107752,0.008648783439033598,0.008926425265724519,0.009201930664326364,0.009475401418869536,0.00974693294811706,0.01001661479559988,0.010284531074746252,0.01055076087481842,0.010815378630232452,0.011078454458175646,0.011340054467162672,0.01160024103949933,0.011859073090192516,0.012116606304566312,0.01237289335659994,0.012627984109788139,0.012881925802134707,0.013134763216722719,0.013386538839156538,0.013637293003039688,0.013887064024536079,0.014135888326958503,0.014383800556236335,0.01463083368803196,0.014877019127202412,0.015122386800236807,0.015366965241241754,0.015610781671993965,0.015853862076532475,0.016096231270719852,0.016337912967164213,0.016578929835858756,0.016819303560865032,0.017059054893337824,0.01729820370116406,0.017536769016431093,0.017774769075003836,0.01801222136371099,0.018249142654347277,0.018485549040894212
0.014730639730639733,0.0,2.326006674278545e-19,3.1240677116651957e-17,5.639810271835759e-16,4.547970554454285e-15,2.419623849909871e-14,1.0161611025164853e-13,3.6971878868481306e-13,7.294064055737992e-23,1.6712985430410702e-21,3.598080032268306e-20,7.256761497958445e-19,1.3450744706320667e-17,2.2459613065257764e-16,3.3239536842013703e-15,1.8739307638818697e-23,1.778021281563425e-21,1.205533316948485e-19,5.6362016757571174e-18,1.9349561662401396e-16,5.303605963864464e-15,3.6223893847313607e-23,1.0290128372840395e-20,1.7725669615510054e-18,2.0868895405493907e-16,1.9201581639483888e-14,1.322752050383439e-20,2.5339052195288073e-17,2.3189959394891048e-14,1.2423187158922909e-18,5.830201052021697e-14,5.5829993968626366e-15,3.294262323747296e-19,5.181689442369926e-05,0.0004919927614737302,0.0009198386952395405,0.0013363524947069187,0.001742453445391952,0.0021389645500341915,0.0025266243753784326,0.002906097553814217,0.0032779837908347553,0.003642825603331744,0.0040011149761751295,0.004353299113962143,0.004699785421670807,0.005040945837233549,0.005377120609435174,0.005708621603014826,0.006035735198674174,0.00635872484374425,0.0066778333043951655,0.006993284655256214,0.007305286045031122,0.007614029265266584,0.007919692147807593,0.008222439812366372,0.00852242578263037,0.008819792986792929,0.009114674656234409,0.009407195134249174,0.009697470605151977,0.009985609752762479,0.010271714356122461,0.010555879829352468,0.01083819571144771,0.011118746111919259,0.011397610116046548,0.01167486215459998,0.011950572341330554,0.012224806781511936,0.012497627854390991,0.01276909447208528,0.013039262317187704,0.013308184061093846,0.013575909564852528,0.013842486064150334,0.014107958339873468,0.01437236887554208,0.014635758002781015,0.014898164035874404,0.015159623396348123,0.015420170728431772,0.015679839006169906,0.015938659632878757,0.01619666253357915,0.016453876240977695,0.016710327975515516,0.016966043719956723,0.01722104828894631,0.0174753653939289,0.017729017703785366,0.017982026902517587,0.018234413738085584,0.018486198078604642,0.018737398954256534,0.01898803460209342,0.019238122506933027,0.01948767943974947,0.019736721493736384
0.015151515151515152,0.0,2.4737900558027404e-19,3.3279936422949644e-17,6.026079816053731e-16,4.8928736599609114e-15,2.6405249527672103e-14,1.136756344621138e-13,4.3027581584131663e-13,1.6129925936876013e-22,2.8996092278579904e-21,6.791572038329566e-20,1.4915866984521133e-18,2.9589711024172314e-17,5.199252266059273e-16,7.967441085411696e-15,2.3222820409860543e-22,9.326647847267565e-21,6.012390059779267e-19,2.7427004875335852e-17,9.520964278656661e-16,2.6404008454215666e-14,1.0614434144766412e-21,1.9983629202859252e-19,3.2443931743716965e-17,3.861978401684271e-15,1.4305539730851858e-21,2.8336164843467557e-18,4.0057978291048055e-15,7.921482550352179e-20,7.802893637856561e-15,3.587288956083565e-16,5.47365679866225e-21,1.4581551704733547e-05,0.00048131478952689313,0.0009345224414364969,0.0013753652533176263,0.001804875187964054,0.0022239724448125746,0.0026334801909923995,0.00303413703129358,0.003426607594253985,0.003811491571743345,0.004189331461671266,0.0045606192304542235,0.00492580206294561,0.005285287346017763,0.005639447000453921,0.005988621259018338,0.0063331219716527476,0.006673235504812306,0.007009225293664499,0.0073413340921113625,0.007669785963818193,0.007994788047283168,0.00831653212456723,0.00863519601869638,0.00895094484117718,0.009263932108054755,0.009574300740397477,0.009882183962936103,0.01018770611275262,0.010490983368351857,0.010792124408155149,0.011091231006006145,0.01138839857127953,0.011683716638562706,0.011977269313086491,0.012269135676164408,0.012559390154831852,0.01284810285931968,0.01313533989158136,0.013421163627729668,0.013705632976921482,0.013988803618950588,0.014270728222564278,0.014551456646303874,0.014831036123480064,0.015109511432726245,0.015386925055425013,0.015663317321171637,0.015938726542321955,0.016213189138568573,0.016486739752397058,0.01675941135619188,0.017031235351688077,0.0173022416623996,0.017572458819596137,0.017841914042347872,0.01811063331211023,0.01837864144227825,0.018645962143994433,0.018912618083061095,0.019178630942456025,0.019444021471264537,0.01970880953539314,0.01997301416406737,0.02023665359342239,0.020499745307396452,0.020762306076119705,0.02102435199197572
0.015572390572390573,0.0,3.2500891231243293e-19,4.379250329286232e-17,7.950400043433105e-16,6.49001692099867e-15,3.533701896839742e-14,1.5344091054897083e-13,5.854683236777543e-13,2.797878619280015e-22,7.623268949918074e-21,1.9401246701442304e-19,4.520575073890966e-18,9.40158056911783e-17,1.7101375722247637e-15,7.264530639742831e-24,9.581269302901898e-22,8.742096564701986e-20,5.250743901892712e-18,2.220917364640779e-16,7.298825395771214e-15,8.723308274820715e-23,3.1428478475589567e-20,6.5489082627460926e-18,9.347857325369784e-16,8.282385320287861e-23,3.9873574817502935e-19,7.933103473284639e-16,5.725150623236518e-21,1.0094010501227249e-15,1.681380608967676e-17,2.2430009167633512e-15,3.212376112253729e-19,0.0004429328731101615,0.0009230253659046672,0.0013895944443025193,0.0018437997745613926,0.002286672992588901,0.002719134158042496,0.0031420063607441226,0.003556028147032123,0.0039618641012726385,0.004360113877698306,0.004751319942901497,0.00513597423475007,0.0055145239132109135,0.005887376342755497,0.006254903424198295,0.006617445371225603,0.00697531401756514,0.007328795714551213,0.007678153883096737,0.008023631264270751,0.008365451909901596,0.00870382294756115,0.009038936149209557,0.009370969328519914,0.009700087588324692,0.010026444436612237,0.010350182786956682,0.010671435857108294,0.010990327977689942,0.01130697532099831,0.011621486559819144,0.011933963462769903,0.012244501434165935,0.012553190003920389,0.012860113272873279,0.013165350318210126,0.013468975563081922,0.013771059114061145,0.014071667069652656,0.014370861802715643,0.014668702219334757,0.014965243996400446,0.015260539799914083,0.015554639485817959,0.01584759028496089,0.016139436973642642,0.016430222031032123,0.016719985784623293,0.01700876654477596,0.017296600729285492,0.017583522978832963,0.01786956626408545,0.018154761985142563,0.018439140063959903,0.018722729030321423,0.019005556102864973,0.019287647259548703,0.01956902731366924,0.019849719974235135,0.020129747907799596,0.02040913279513482,0.02068789538424842,0.020966055540014728,0.021243632290670264,0.021520643871402196,0.021797107765239684,0.0220730407414408,0.022348458891552177
0.015993265993265993,0.0,3.4077858182777017e-19,4.599653028101623e-17,8.380012178469895e-16,6.899268748922569e-15,3.824100108693764e-14,1.7125117223649968e-13,6.862710937671113e-13,4.862957604744448e-22,1.3268739570237232e-20,3.700292785984859e-19,9.294145733491014e-18,2.044459765813838e-16,3.8662586505502045e-15,1.6588999183842641e-22,4.634877233008646e-21,3.9674098372337674e-19,2.3203240050273584e-17,9.931240083017593e-16,3.302810418506946e-14,1.8281814172424268e-21,5.040517518522187e-19,1.0124055678045088e-16,1.4709653154285827e-14,1.5678083221488e-20,5.509010536513813e-17,1.0034276454281186e-21,3.3190723106486965e-17,9.472302594927621e-20,2.099347225573846e-18,3.2718215350446127e-19,0.00037441755144534657,0.0008830786643945007,0.001376903838813119,0.0018572043581280917,0.0023251413385947132,0.0027817466359805064,0.003227940351489659,0.003664545567132056,0.0040923008087564855,0.004511870635024648,0.004923854674779873,0.005328795369119483,0.00572718463226806,0.006119469602083114,0.006506057622739209,0.006887320575303194,0.007263598657167795,0.007635203685246829,0.008002421996083881,0.008365516996872885,0.008724731415986972,0.009080289293503093,0.009432397746106389,0.009781248535660146,0.010127019466462347,0.010469875632630165,0.010809970534040522,0.011147447076709423,0.011482438471371046,0.011815069041925823,0.012145454954703377,0.01247370487663385,0.012799920570941098,0.013124197436880267,0.013446624999613264,0.013767287355515105,0.01408626357757158,0.014403628084979999,0.014719450980587538,0.01503379835938598,0.01534673259091876,0.015658312578138503,0.015968593994974856,0.01627762950462808,0.016585468960388403,0.016892159590591947,0.01719774616915604,0.01750227117298916,0.01780577492743907,0.01810829574082658,0.01840987002900858,0.018710532430822123,0.019010315915179026,0.019309251880507108,0.019607370248086925,0.019904699544180934,0.020201266986109846,0.02049709855258556,0.020792219054384307,0.02108665219925487,0.021380420652545456,0.02167354609387516,0.021966049270147763,0.02225795004518047,0.02254926744619692,0.022840019707413475,0.02313022431092839,0.023419898025106703,0.023709056940638018
0.016414141414141416,0.0,4.4618124627525735e-19,6.03213492259629e-17,1.102218937408991e-15,9.131053961982918e-15,5.1088744167404064e-14,2.3042699771411616e-13,9.32038019951096e-13,1.0901822571850226e-21,3.539724389180722e-20,1.0530159835290573e-18,2.782014310886842e-17,6.354854157719942e-16,1.5955087017094223e-24,3.0498270648261248e-22,3.937413163040354e-20,3.19427117114654e-18,1.722921922983935e-16,6.958831714853823e-15,1.075043274596228e-22,5.1796458758484684e-20,1.3715614087616553e-17,2.4468864149788696e-15,7.36904820274988e-22,4.461157916857168e-18,1.0261784019826889e-14,1.0396793477851069e-18,3.9108048320016333e-22,6.579730953105945e-22,2.197575664835553e-20,0.00027321228912183677,0.000812285916369419,0.0013350431908568901,0.0018429660820717204,0.0023373653058100068,0.0028194017803977677,0.0032901072532929305,0.0037504017512080563,0.004201108298342134,0.004642965372307434,0.005076637491313077,0.00550272424801514,0.005921768051818166,0.006334260788561739,0.006740649570722567,0.007141341718735202,0.007536709093626679,0.00792709187316002,0.008312801856874096,0.00869412536535413,0.009071325791134358,0.009444645849100406,0.009814309566897885,0.01018052404973358,0.010543481048854475,0.010903358358723648,0.011260321064333396,0.011614522657131832,0.011966106035121375,0.01231520440174015,0.012661942074111525,0.01300643521209714,0.013348792476641468,0.013689115625363443,0.014027500052264599,0.01436403527757766,0.014698805393048258,0.015031889467310195,0.015363361915465631,0.01569329283650474,0.01602174832178344,0.016348790737414656,0.016674478983111665,0.01699886872974268,0.01732201263761243,0.01764396055727041,0.017964759714456536,0.0182844548806271,0.018603088530356006,0.01892070098677487,0.019237330556099327,0.019553013652185276,0.019867784911966512,0.020181677303418067,0.020494722221331856,0.020806949585495792,0.021118387922600266,0.02142906444734824,0.021739005137027548,0.022048234801053907,0.02235677714587564,0.022664654835597473,0.022971889548648875,0.023278502030795064,0.023584512144763013,0.02388993891673201,0.02419480057991751,0.02449911461545813,0.024802897790798435,0.02510616619574472
0.016835016835016838,0.0,5.19621094898306e-19,7.037213194110499e-17,1.2905079177253321e-15,1.0781367121977852e-14,6.124276656817618e-14,2.82097886482611e-13,5.65925002358498e-23,2.1661844696045496e-21,7.664302381585141e-20,2.450774338438014e-18,6.843113963014355e-17,1.6253394709198731e-15,9.568231547137127e-24,1.852360508062205e-21,2.2902026098247326e-19,1.740910558026536e-17,9.09615299330858e-16,3.598933722312624e-14,2.4139360459616748e-21,9.889297394925475e-19,2.3817570474831185e-16,4.128837886822488e-14,1.4548393471870887e-19,5.897472988121686e-16,9.101496225908618e-21,3.756180335478993e-15,6.491132541023462e-16,5.5319033684493835e-19,0.00013651324690114463,0.0007080543927843942,0.0012615979211961618,0.0017988218596069752,0.002321211823659745,0.002830078769282766,0.0033265836191517704,0.003811758085477207,0.0042865221524758055,0.004751698801937863,0.005208026472761979,0.005656169646671205,0.00609672788340935,0.006530243562341987,0.006957208542085755,0.0073780699096181145,0.0077932349633848775,0.008203075543152498,0.0086079318076794,0.00900811553903316,0.009403913041737212,0.009795587693541677,0.01018338219570349,0.01056752056328538,0.01094820988985921,0.011325641915897645,0.011699994425872237,0.012071432495533425,0.01244010960755987,0.012806168652111413,0.013169742825043998,0.013530956436496148,0.01388992563980049,0.014246759089792794,0.014601558538370632,0.014954419374171586,0.015305431112394458,0.015654677840056013,0.01600223862134351,0.016348187867174194,0.016692595672595966,0.01703552812524772,0.017377047587734906,0.017717212956458152,0.01805607989915461,0.018393701073167238,0.018730126326241738,0.019065402881461847,0.019399575507765696,0.0197326866773382,0.020064776711042953,0.020395883912941035,0.020726044695691424,0.021055293692415978,0.02138366386940684,0.021711186621593284,0.022037891866005414,0.022363808127731952,0.022688962619947243,0.023013381318479628,0.02333708903135055,0.0236601094636759,0.02398246527828628,0.024304178152392383,0.024625268830592916,0.02494575717449796,0.025265662209216878,0.025585002166939735,0.025903794527822,0.02622205605836522,0.02653980284747075
0.017255892255892257,0.0,6.028681820571652e-19,8.179196013803286e-17,1.5057525765192814e-15,1.2695849882751077e-14,7.329232751399151e-14,3.453391598789412e-13,1.0323792407544357e-22,4.322313538638491e-21,1.6626565869273352e-19,5.6897034317449284e-18,1.670689725992089e-16,4.104399312121107e-15,5.558362566916315e-23,1.0695369220996369e-20,1.2454231285406406e-18,8.9605722385405e-17,4.582348536352008e-15,6.797285635038744e-23,4.670237426936213e-20,1.653814049647683e-17,3.79752803298131e-15,2.5099568192091467e-21,2.026857928739783e-17,5.936467785301363e-14,3.9628601326182604e-17,5.284374415430253e-19,2.7632088891561815e-16,9.009471450841242e-14,0.0005675981226691684,0.0011539861819005453,0.0017223644802494915,0.0022744234775982017,0.0028116492098754116,0.0033353526526980312,0.003846694690623655,0.0043467069874364396,0.004836309478740732,0.005316325102116429,0.005787492254816655,0.006250475381126503,0.006705874006710372,0.0071542304801024284,0.007596036631248377,0.008031739522193266,0.008461746427592896,0.008886429165889763,0.009306127876286147,0.009721154322907523,0.010131794793792922,0.01053831265152286,0.010940950583372057,0.011339932591494885,0.011735465757527971,0.012127741810892129,0.012516938525838288,0.012903220968492847,0.013286742612827897,0.013667646340694504,0.014046065340271493,0.014422123914530521,0.014795938210106581,0.015167616875569613,0.015537261656949089,0.015904967937381224,0.016270825226902028,0.016634917607678427,0.016997324139337418,0.01735811922850431,0.017717372966183934,0.018075151436203207,0.0184315169975704,0.018786528543288866,0.01914024173788471,0.0194927092356634,0.01984398088149525,0.020194103895739952,0.020543123044753166,0.020891080798269752,0.02123801747567412,0.021583971376959787,0.021928978912880315,0.02227307471641522,0.022616291750902854,0.022958661409464357,0.023300213607406212,0.023640976868173316,0.023980978403371368,0.024320244187331225,0.024658799026643963,0.024996666625058495,0.025333869644098537,0.025670429759724566,0.026006367715338864,0.02634170337140593,0.02667645575193774,0.027010643088072713,0.02734428285895801,0.02767739183012802,0.028009986089556013
0.017676767676767676,0.0,6.969420175126677e-19,9.472864112587576e-17,1.751209904753762e-15,1.4914031710893077e-14,8.758727901988415e-14,4.2293607084107115e-13,1.8891238280817507e-22,8.657326467039106e-21,3.609887561774234e-19,1.31594312027649e-17,4.0435795786671683e-16,1.047590223509869e-24,3.1164878329488176e-22,5.839850211041288e-20,6.356920384044399e-18,4.392225775813878e-16,2.2028997497064724e-14,1.332570567474473e-21,7.79683212576309e-19,2.506256812705187e-16,2.2729676974330034e-23,3.726904366817368e-19,2.0126149670901312e-15,1.5507704108886883e-19,7.646928713213608e-14,8.219909502473409e-22,3.2725483310108477e-17,0.0003878863654787551,0.0010094184779100793,0.0016110097865830433,0.002194591226113105,0.002761854121952396,0.0033142845640274786,0.0038531934893573498,0.004379741727711562,0.004894960887109486,0.005399770852768507,0.005894994514588626,0.006381370227180816,0.006859562396103043,0.0073301705120586225,0.007793736891234887,0.00825075333535191,0.008701666879746434,0.00914688477512158,0.009586778818003487,0.010021689127527957,0.01045192744941932,0.01087778005481376,0.011299510290738805,0.011717360830134459,0.012131555661922068,0.012542301855551607,0.012949791128992043,0.013354201246049685,0.013755697263158563,0.014154432645166172,0.014550550265481186,0.014944183304411237,0.015335456057580988,0.015724484664760053,0.016111377768095854,0.016496237107603205,0.016879158060779605,0.017260230132369443,0.017639537399568795,0.018017158917330682,0.018393169087881422,0.01876763799808195,0.01914063172785217,0.01951221263251351,0.01988243960158734,0.02025136829630868,0.02061905136786982,0.020985538658193997,0.02135087738484898,0.021715112312404406,0.02207828590619056,0.02244043848343157,0.022801608343705263,0.023161831894559462,0.023521143766929015,0.02387957692220558,0.024237162751655817,0.02459393116881874,0.024949910695453634,0.025305128541558034,0.02565961067992754,0.026013381915686886,0.026366465951183787,0.026718885446602256,0.027070662076621333,0.027421816583416917,0.027772368826279297,0.028122337828095686,0.028471741818926588,0.0288205982768857,0.02916892396651612,0.029516734974839892
0.0180976430976431,0.0,8.029391891821329e-19,1.0934222937252609e-16,2.0304912640304333e-15,1.7481455818231716e-14,1.0454476886704224e-13,5.184220504723468e-13,3.4689977158427578e-22,1.7396057506559195e-20,7.835575303131344e-19,3.028532511151883e-17,9.69160957565112e-16,5.5732091040269704e-24,1.6795189613807187e-21,3.005432563591144e-19,3.067568352548535e-17,2.061690152215281e-15,2.1732247335044372e-23,2.289589307671959e-20,1.1507600837446118e-17,3.5149091574203052e-15,3.3564418003104276e-21,3.973210663642581e-17,2.0823530574013042e-22,3.7690602231072537e-16,6.323588484953785e-17,4.691257668914699e-20,0.0001656073325923502,0.0008248629969795944,0.0014619679788916793,0.0020791306299206983,0.002678284176569691,0.0032611200774157836,0.0038291243893704883,0.004383607987610874,0.004925731639015976,0.005456526893257269,0.0059769135811165415,0.006487714543858694,0.006989668092005346,0.007483438591410509,0.007969625496171856,0.008448771090537531,0.008921367146157325,0.009387860671427016,0.009848658892454752,0.010304133583294598,0.010754624842515888,0.011200444396986515,0.01164187850052321,0.012079190484218148,0.012512623006324863,0.012942400042247866,0.013368728648751362,0.013791800532395872,0.014211793446130076,0.014628872436399586,0.015043190958762125,0.015454891877976338,0.015864108366285885,0.016270964711789,0.016675577047222428,0.017078054008154552,0.017478497328438935,0.017877002379797054,0.01827365866155279,0.018668550245810354,0.019061756182734983,0.01945335087004695,0.019843404390362442,0.020231982819599238,0.0206191485093022,0.021004960345426028,0.021389473985834507,0.021772742078531058,0.022154814462420114,0.022535738352920637,0.02291555850946568,0.023294317397591694,0.02367205533100312,0.024048810606961426,0.02442461963081176,0.024799517031393273,0.02517353576810255,0.02554670723030597,0.025919061329731475,0.026290626586411403,0.026661430208695647,0.02703149816780696,0.02740085526736795,0.027769525208290857,0.028137530649387343,0.028504893264023706,0.028871633793119616,0.02923777209476254,0.029603327190687517,0.029968317309850893,0.030332759929307753,0.030696671812585757,0.03106006904573258
0.01851851851851852,0.0,9.220370708093199e-19,1.2580581955261024e-16,2.3476033553568987e-15,2.045064240949286e-14,1.246638799232405e-13,6.36287744995753e-13,6.393591097555099e-22,3.504450063225278e-20,1.6985001763348335e-18,6.928027078532003e-17,2.29801419252727e-15,2.8850653994760355e-23,8.660662897764265e-21,1.4578924085159489e-18,1.410526992675532e-16,9.286719278307566e-15,3.8014774626010016e-22,3.435334022280012e-19,1.5474687180694487e-16,4.585332098882822e-14,3.955813666608066e-19,3.1453870016147476e-15,6.467469054705185e-19,2.6870617126010208e-21,1.0322656107848212e-18,9.439215626377593e-19,0.000597000910561651,0.0012722068778432004,0.0019252516032007025,0.0025583546435391518,0.003173449564575926,0.0037722278070728165,0.004356175360204692,0.004926603028107479,0.0054846715099588945,0.006031412293873513,0.006567745154717068,0.007094492883460683,0.007612393745458138,0.008122112065012309,0.008624247260076821,0.009119341580951264,0.009607886768938168,0.010090329804790646,0.010567077889414432,0.011038502773845502,0.011504944535590192,0.011966714882206386,0.012424100049775724,0.012877363353073277,0.01332674743534997,0.013772476257998776,0.014214756865118928,0.014653780951306884,0.015089726258496876,0.015522757822904888,0.015953029090576155,0.01638068291741264,0.0168058524674018,0.017228662020936158,0.017649227703552175,0.018067658144082645,0.018484055070073294,0.018898513847332186,0.019311123969633807,0.01972196950386942,0.02013112949530263,0.020538678337040536,0.02094468610735366,0.021349218878062546,0.021752338996845717,0.022154105346006408,0.022554573579957094,0.02295379634418666,0.023351823472853795,0.023748702178678763,0.02414447721987485,0.024539191058454066,0.02493288400562371,0.02532559435627243,0.025717358513489327,0.026108211103967258,0.02649818508505981,0.026887311844187453,0.027275621291223715,0.0276631419444327,0.028049901010477357,0.028435924458970113,0.028821237091995567,0.029205862608996363,0.02958982366737911,0.02997314193916616,0.030355838163991036,0.030737932198709777,0.03111944306387786,0.03150038898732125,0.0318807874450112,0.03226065519943586,0.03264000833564535
0.01893939393939394,0.0,9.264428209210088e-19,1.2668662853335462e-16,2.3792886260722575e-15,2.1092629712989202e-14,1.3324622270244004e-13,7.228262146049354e-13,9.86296839711883e-22,5.736240314571613e-20,3.024275362286743e-18,1.307900459731141e-16,4.502439958946853e-15,2.3763999556506494e-22,3.0479952724149636e-20,4.927651744499397e-18,4.797815207076737e-16,3.2188963779401185e-14,4.278687000916667e-21,3.3313113627130586e-18,1.5146607791234303e-15,1.6970073745058243e-21,2.4501061221870157e-17,1.137791044351829e-21,7.253590655938149e-16,5.685027957088214e-16,4.7492763001873105e-16,0.00032216150264281334,0.0010384033721079875,0.0017299193903978604,0.0023992734410673536,0.0030486865998422597,0.0036800926012663143,0.0042951828715505685,0.004895443344107984,0.0054821847585290705,0.006056567751075752,0.0066196237503796775,0.007172272476862901,0.007715336672085704,0.008249554555535533,0.008775590411656015,0.00929404362074219,0.00980545639944315,0.010310320458397018,0.010809082750404243,0.011302150450853442,0.011789895287447763,0.012272657316321225,0.012750748225421653,0.013224454232807251,0.013694038636692425,0.014159744064912301,0.01462179446488037,0.015080396867556608,0.01553574295543734,0.015988010459231594,0.01643736440472852,0.016883958228275795,0.017327934776744748,0.017769427205702976,0.01820855978768329,0.018645448640876857,0.019080202387244245,0.01951292274789469,0.019943705082601407,0.020372638879474995,0.020799808200085663,0.021225292084693353,0.021649164921695507,0.022071496784925784,0.02249235374202121,0.022911798136712274,0.023329888848383135,0.02374668152612952,0.024162228812378558,0.024576580539777463,0.02498978391710847,0.025401883699752797,0.025812922347034913,0.026222940167610054,0.026631975453942056,0.027040064606814605,0.02744724225072741,0.027853541340946395,0.0282589932629037,0.028663627924577943,0.02906747384242642,0.02947055822138822,0.029872907029430268,0.030274545067065565,0.03067549603223497,0.03107578258090925,0.0314754263837374,0.031874448179038554,0.03227286782241034,0.03267070433320277,0.033067975938086545,0.03346470011192532,0.03386089361614482,0.034256572534775646
0.019360269360269362,0.0,1.2046711699514114e-18,1.6504572643994754e-16,3.1136094749691494e-15,2.7846134379122185e-14,1.7690945955371465e-13,3.0270244886282827e-23,2.1953338897569936e-21,1.4286139716776495e-19,7.916536623386603e-18,3.547224330123272e-16,1.3969394909190806e-24,7.046553478804338e-22,1.986010286554983e-19,2.9219514398735375e-17,2.6414455655362392e-15,5.394154645118284e-23,8.223112961243375e-20,5.549212750132127e-17,2.2675340238284575e-14,1.7390140024452146e-19,2.272610507950081e-15,6.989884079530711e-19,9.01673997810084e-21,3.4761327134192254e-17,1.75204711710539e-17,0.0007569064911801303,0.0014898210157597129,0.0021980129174613383,0.002884044694884959,0.003550137035056598,0.004198223467846383,0.004829995274734381,0.005446938274761452,0.006050363113687565,0.006641430346259947,0.0072211713305654415,0.007790505724891725,0.008350256215541597,0.008901160973346497,0.009443884238338697,0.009979025351333987,0.01050712649329672,0.011028679342557862,0.011544130822596338,0.012053888082122835,0.012558322824510774,0.013057775083656806,0.013552556527141374,0.014042953354360855,0.014529228846236064,0.015011625614910375,0.015490367593127068,0.01596566179835255,0.016437699900591945,0.016906659618974574,0.017372705968539855,0.017835992375642627,0.018296661677852696,0.01875484702206866,0.01921067267273383,0.01966425474048171,0.020115701840204035,0.02056511568639096,0.021012591632611283,0.02145821916115373,0.021902082328120184,0.022344260168629268,0.02278482706624009,0.023223853090228914,0.023661404303936196,0.024097543047736033,0.02453232819482901,0.02496581539336706,0.02539805728132301,0.02582910368810783,0.02625900181943722,0.026687796427784776,0.02711552996971617,0.0275422427512674,0.027967973062413914,0.028392757301573868,0.02881663009099686,0.029239624383807106,0.029661771563397107,0.030083101535801796,0.030503642815625263,0.03092342260603864,0.03134246687332129,0.03176080041637452,0.0321784469315992,0.032595429073493845,0.03301176851129919,0.03342748598198674,0.03384260133986391,0.034257133603044825,0.03467110099701579,0.035084520995504985,0.035497410358849006,0.03590978517003334
0.019781144781144785,0.0,1.1977108259611273e-18,1.6448958812274335e-16,3.1270271002008803e-15,2.8562757304121766e-14,1.893889526147821e-13,8.849739011845904e-23,3.3057447305192003e-21,2.353824337011532e-19,1.4045942713137137e-17,6.605900146357905e-16,1.3013660442687641e-22,2.479918872440411e-21,6.377202124332861e-19,9.263743173166113e-17,8.580856815079791e-15,7.987847907900437e-22,7.223542798951255e-19,4.846681910391898e-16,7.646623596226103e-22,9.195974341651946e-18,9.985105735762272e-22,5.76182479440903e-16,1.0350364300035943e-15,2.874761055220995e-14,0.00042362411927077104,0.0012012837510786865,0.0019512456333091574,0.002676484909981026,0.0033795651280945885,0.0040627070711479665,0.004727844220431983,0.0053766677799862,0.0060106634880947645,0.006631141912640005,0.007239263537283197,0.007836059655353436,0.008422449866640255,0.00899925680428082,0.009567218591684247,0.010126999425518696,0.010679198607521012,0.011224358283194798,0.011762970098644935,0.012295480948009918,0.012822297953236576,0.013343792793238655,0.013860305479517646,0.01437214765914096,0.014879605512526303,0.0153829423033535,0.015882400627688125,0.01637820440348842,0.01687056063454628,0.01735966097820162,0.017845683141837057,0.018328792129582366,0.01880914135764675,0.019286873654152856,0.019762122157191538,0.02023501112298475,0.020705656654483064,0.021174167359390306,0.02164064494546474,0.02210518475996352,0.022567876279251862,0.023028803553866817,0.023488045613694202,0.023945676837367924,0.024401767290306936,0.024856383029737878,0.02530958639220721,0.025761436248550356,0.026211988242342905,0.02666129500807432,0.027109406371857155,0.027556369536281752,0.02800222925085831,0.02844702796934076,0.028890805995095498,0.029333601615561696,0.029775451226746342,0.0302163894486054,0.030656449232079913,0.031095661958483053,0.03153405753186834,0.03197166446495048,0.03240850995909811,0.03284461997886997,0.03328001932152407,0.033714731681890986,0.03414877971296799,0.03458218508255978,0.03501496852626365,0.03544714989707118,0.03587874821183611,0.036309781694836896,0.03674026781864362,0.03717022334248205,0.037599664348271764
0.020202020202020204,0.0,1.5560247275092217e-18,2.1412765511348604e-16,4.091129770785684e-15,3.7707193569125857e-14,2.507970102756348e-13,8.739830594485678e-23,7.632344632329908e-21,5.826928087383665e-19,3.62798037060745e-17,1.7548338018133014e-15,2.962094774750205e-23,1.4885409501122987e-20,3.708933571007944e-18,4.927643961984541e-16,4.2630152466454016e-14,1.0151150655671123e-20,1.1299273479540937e-17,6.664221078273771e-15,3.064688277115826e-20,7.514922533568625e-16,1.9582343138542443e-19,3.3398972914790014e-21,4.065298602281213e-17,3.412213752090725e-05,0.0008602466894551637,0.0016553171846223804,0.0024226933034123296,0.0031653488780677545,0.0038858470520989866,0.004586408381501637,0.005268966182957823,0.005935211528819255,0.006586630047556889,0.007224532212426729,0.00785007842483575,0.008464299905910404,0.00906811619101894,0.00966234985684754,0.010247738975627311,0.0108249476983699,0.011394575285683163,0.011957163845923538,0.0125132049915537,0.013063145586165517,0.0136073927239026,0.014146318058314797,0.014680261577744153,0.015209534907911403,0.015734424209866368,0.01625519272929776,0.01677208304575775,0.017285319061965256,0.01779510776762696,0.01830164080704442,0.01880509587551324,0.019305637965942188,0.01980342048410913,0.020298586248426686,0.020791268387935647,0.021281591150412647,0.02176967063091793,0.02225561542977512,0.022739527247831733,0.02322150142586693,0.023701627434167222,0.02417998931756002,0.02465666610056288,0.025131732157450255,0.025605257546559557,0.02607730832325567,0.026547946818842982,0.027017231900162895,0.02748521920701527,0.027951961370317427,0.028417508212800164,0.028881906933849854,0.029345202279939114,0.02980743670194011,0.030268650500483354,0.03072888196040897,0.031188167475253336,0.03164654166262234,0.03210403747122028,0.032560686280230185,0.03301651799167564,0.03347156111633599,0.03392584285373348,0.03437938916666444,0.03483222485070379,0.03528437359907379,0.03573585806323413,0.03618669990951889,0.036636919872117944,0.037086537802675436,0.03753557271675443,0.03798404283739649,0.03843196563598584,0.038879357870610844,0.03932623562209961
0.020622895622895623,0.0,1.7613834294735837e-18,2.429569106882634e-16,4.674985855222119e-15,4.3805906894074733e-14,2.986960100098344e-13,1.4910802985329117e-22,1.4281695837580094e-20,1.1746354264180425e-18,7.702251164230685e-17,3.84635996236738e-15,1.3131153975419482e-22,6.425932483912684e-20,1.4936978291903278e-17,1.920355867869173e-15,4.850577925560563e-23,1.1864936890811546e-19,1.169105388455885e-16,2.776113491730975e-23,2.085987714863118e-18,3.5841723181470624e-14,1.885389923329982e-16,3.887983321198795e-16,1.6513153819195498e-14,0.0004621302715862368,0.001306146845551411,0.0021190017610525284,0.0029041634278304494,0.003664606115477319,0.004402892890251406,0.005121244181587697,0.005821593181557301,0.006505630850655957,0.007174842716180641,0.00783053916184284,0.008473880509551973,0.00910589790876623,0.0097275108322573,0.010339541799512852,0.010942728831820793,0.01153773603429291,0.01212516262610077,0.01270555067810523,0.013279391768758928,0.013847132730734587,0.01440918063000488,0.01496590709442902,0.015517652088710044,0.016064727217133184,0.016607418620877435,0.01714598952741222,0.01768068249949826,0.01821172142435468,0.018739313277358463,0.019263649689543427,0.019784908343902837,0.02030325422192231,0.020818840718758617,0.021331810642936194,0.021842297114278337,0.022350424371959058,0.02285630850300037,0.0233600581002065,0.02386177485738324,0.02436155410870834,0.024859485318273377,0.02535565252589465,0.0258501347488134,0.026343006356505935,0.026834337403985716,0.027324193941148805,0.027812638294987122,0.02829972932826842,0.02878552267694164,0.02927007096828108,0.02975342402156854,0.03023562903292283,0.030716730745718665,0.03119677160788911,0.0316757919172744,0.03215382995606387,0.03263092211527404,0.03310710301011382,0.03358240558700611,0.034056861222961164,0.03453049981793211,0.03500334988072409,0.03547543860897596,0.03594679196368631,0.036417434738713096,0.03688739062563796,0.03735668227435213,0.0378253313496894,0.03829335858440391,0.03876078382876519,0.039227626097019554,0.03969390361094672,0.04015963384072108,0.040624833543270636,0.04108951879830995
0.021043771043771045,0.0,1.9888208274834616e-18,2.750005990507013e-16,5.33213365236386e-15,5.084453999226349e-14,3.559379747348006e-13,2.551395322719684e-22,2.676787854362214e-20,2.3625884357915035e-18,1.6247074562504535e-16,6.051875473377806e-25,5.659420883415523e-22,2.652734705757535e-19,5.778582207402115e-17,7.248100871700882e-15,5.998616502606879e-22,1.2516270471197268e-18,1.1390999288033788e-15,2.0488211729712894e-21,1.0987542142580216e-16,1.3424004351852957e-20,1.3146980737589656e-22,1.6636636457800523e-18,2.827113255555698e-06,0.0008991657882713987,0.0017613375763819333,0.0025923468204451035,0.0033956644696026927,0.004174264809284826,0.004930710773776477,0.005667222650928778,0.006385733503047553,0.007087934173389349,0.007775310085916976,0.008449171532547348,0.009110678753517563,0.009760862826092823,0.010400643157890023,0.011030842210465143,0.011652197953037994,0.01226537444383962,0.012870970859727939,0.013469529233277383,0.01406154110821489,0.014647453285644381,0.015227672802809412,0.015802571261193072,0.01637248860161753,0.016937736406280147,0.017498600796140917,0.018055344980066747,0.018608211503674938,0.019157424238360397,0.019703190144870722,0.02024570084069467,0.02078513399626602,0.02132165458140857,0.021855415980436138,0.022386560991778378,0.022915222725848585,0.023441525413038466,0.023965585132163878,0.02448751046835269,0.025007403108221887,0.025525358379209995,0.026041465739818696,0.026555809221473648,0.02706846783858612,0.027579515954318706,0.028089023618736966,0.028597056877070884,0.029103678051908475,0.029608946001857924,0.030112916358936186,0.03061564174669797,0.031117171980903788,0.031617554254336384,0.03211683330720777,0.0326150515844504,0.033112249381055885,0.033608464976507366,0.03410373475924882,0.034598093342042155,0.0350915736689812,0.035584207114858046,0.036076023577512106,0.03656705156373312,0.03705731826923725,0.037546849653187796,0.038035670507689884,0.038523804522650335,0.03901127434635913,0.03949810164211843,0.03998430714121674,0.04046991069252024,0.040954931308931034,0.04143938721094064,0.041923295867488414,0.042406674034317665,0.042889537790006226
0.021464646464646468,0.0,2.240190010295418e-18,3.105506863848043e-16,6.0710857582476754e-15,5.896796472363206e-14,4.2449389113760683e-13,4.378626797993081e-22,5.022304693484818e-20,4.737903099398406e-18,3.403196986439284e-16,2.5072474226268984e-24,2.3655356571969837e-21,1.047131175185806e-18,2.1583812933853058e-16,2.6480738213987846e-14,6.78344009339971e-21,1.2118376752873012e-17,1.0528598561644505e-14,1.2917436539372191e-19,4.703830690024507e-15,1.183190047228269e-17,1.2570848971823699e-17,3.1141050370908286e-17,0.00042919982896968923,0.0013451291710575152,0.0022258243818198595,0.0030753584767997735,0.003897202829000477,0.004694331609535233,0.00546930759456118,0.0062243509210105205,0.006961394516382842,0.007682129103759784,0.00838804000105159,0.009080437406366593,0.009760481476285809,0.01042920321432768,0.01108752196174236,0.0117362601208795,0.012376155607796695,0.01300787243287056,0.013632009729770335,0.01424910949199428,0.014859663227828465,0.015464117706195794,0.01606287993485706,0.016656321488655267,0.017244782283821737,0.01782857388008492,0.01840798237776903,0.01898327096675626,0.019554682175168772,0.020122439858252884,0.020686750961827097,0.02124780708955755,0.02180578589906139,0.022360852348261736,0.0229131598104074,0.023462851073626573,0.024010059238729942,0.02455490852714705,0.025097515009319674,0.025637987262542114,0.026176426966095453,0.026712929441216154,0.027247584137706934,0.027780475083449895,0.028311681286192797,0.02884127710373746,0.02936933258109867,0.029895913758743578,0.030421082954765394,0.030944899023526987,0.03146741759303248,0.03198869128304058,0.03250876990571821,0.033027700650443685,0.03354552825420138,0.034062295158861736,0.03457804165650936,0.03509280602386577,0.035606624646749734,0.03611953213542606,0.03663156143161177,0.037142743907835486,0.03765310945977958,0.03816268659217718,0.03867150249878236,0.03917958313688555,0.03968695329680328,0.040193636666733173,0.04069965589333125,0.04120503263833673,0.0417097876315424,0.04221394072038245,0.04271751091638724,0.0432205164387337,0.04372297475510092,0.04422490262002327,0.044726316110918644
0.021885521885521887,0.0,2.5174572544862296e-18,3.499210760957792e-16,6.901363836379153e-15,6.834414236065831e-14,5.067894050007483e-13,7.535960520989821e-22,9.427208322714589e-20,9.46702354691047e-18,7.075046490578327e-16,1.0183220216268431e-23,9.563839045189895e-21,3.96014948971343e-18,7.814589625628391e-16,1.5662533654624913e-23,6.97054720616709e-20,1.09700047389272e-16,4.8962522740654294e-23,6.577817183118132e-18,2.0676016741417323e-22,5.9665765693086224e-15,1.846259230345568e-21,5.1788789401987494e-17,0.0008651997385323481,0.0018000242126907128,0.002699613188028065,0.003568043013102798,0.004408785053369538,0.005224813312292853,0.006018690393153559,0.006792636276097958,0.007548583748898711,0.008288223411773562,0.00901304047432243,0.00972434503805992,0.010423297175249362,0.011110927813351946,0.011788156226125794,0.012455804755487564,0.0131146112632485,0.013765239710960038,0.014408289188228986,0.015044301648688212,0.015673768564511418,0.01629713667160353,0.016914812947965024,0.017527168941015827,0.018134544541981542,0.018737251287667487,0.019335575257346336,0.019929779621533625,0.02052010689050474,0.021106780903032894,0.021690008589707595,0.02226998154009476,0.022846877398737458,0.023420861111419233,0.02399208604010165,0.02456069496240465,0.02512682096934347,0.02569058827320563,0.026252112935890703,0.026811503526702196,0.02736886171806559,0.02792428282212085,0.02847785628441637,0.029029666125761546,0.0295797913480933,0.030128306303743527,0.030675281032573776,0.031220781570192105,0.03176487023010616,0.03230760586234794,0.0328490440908279,0.0333892375314324,0.033928235992662543,0.03446608666042376,0.03500283426840798,0.03553852125536209,0.03607318791040532,0.03660687250744215,0.037139611429613396,0.03767143928463664,0.03820238901180446,0.03873249198133649,0.039261778086714785,0.0397902758305746,0.04031801240466854,0.040845013764376624,0.041371304698190815,0.0418969088925653,0.04242184899248929,0.04294614665810775,0.04346982261768776,0.04399289671720268,0.04451538796678367,0.04503731458426675,0.045558694036045344,0.046079543075420705,0.04659987777862742
0.022306397306397305,0.0,2.8227064197019454e-18,3.934491799566624e-16,7.833629497296281e-15,7.916809412279045e-14,6.058118648921544e-13,1.3004505368788202e-21,1.7692535508305878e-19,1.8837006332978194e-17,1.4591407628565753e-15,4.04964971351257e-23,3.730823349291103e-20,1.4400399583018602e-17,2.7494525163462374e-15,1.707851897967249e-22,6.526846606834983e-19,9.40984905822033e-16,2.8242280606889468e-21,2.670004979632971e-16,1.6990436136871223e-19,3.995943280579224e-20,7.167380903714933e-14,0.0003156345446758678,0.0013097688617707186,0.0022638564352595214,0.003182710134350052,0.004070406860812135,0.004930417832632197,0.005765716858792698,0.006578866360024128,0.007372086154459139,0.008147308886708579,0.008906225031207476,0.009650319686571108,0.010380902856744924,0.01109913452681345,0.011806045547102335,0.012502555122492426,0.01318948553325594,0.01386757458587761,0.01453748619211434,0.015199819396637379,0.0158551161124253,0.016503867774757423,0.0171465210860845,0.017783482993823752,0.018415125017522693,0.019041787022905113,0.019663780523400065,0.020281391576813215,0.020894883333911544,0.02150449828677183,0.02211046025736957,0.02271297616076515,0.02331223757214652,0.023908422122725082,0.02450169474590561,0.025092208792140195,0.025680107028333506,0.02626552253551241,0.02684857951664236,0.027429394024912488,0.028008074622068058,0.02858472297095288,0.029159434378731572,0.029732298283410355,0.030303398699496414,0.030872814622999904,0.03144062040067425,0.03200688606712553,0.03257167765300659,0.03313505746714889,0.03369708435516806,0.03425781393680012,0.03481729882398273,0.035375588821478884,0.03593273111165269,0.03648877042483879,0.03704374919659896,0.037597707713028665,0.03815068424515982,0.03870271517340262,0.039253835102877215,0.039804076970403994,0.040353472143848115,0.04090205051444813,0.04144984058269995,0.04199686953831539,0.04254316333472644,0.04308874675856452,0.04363364349450612,0.04417787618584084,0.04472146649108793,0.045264435136958735,0.04580680196793712,0.046348585992727426,0.046889805427798324,0.047430477738232356,0.04797061967607335,0.04851024731634925
0.02272727272727273,0.0,3.1581434233907836e-18,4.4149763325402506e-16,8.87983263373308e-15,9.166669427488406e-14,7.252416215116609e-13,2.249493745910192e-21,3.3179154101242885e-19,3.730349008768102e-17,2.9839900746047343e-15,1.5746567591920163e-22,1.4016600454289007e-19,5.056560929429887e-17,9.409291192990028e-15,1.7297781287954894e-21,5.637245351288686e-18,7.70016393087311e-15,1.4112887685340491e-19,9.135058702556685e-15,9.001430824616594e-17,1.362589311506876e-15,3.087295712515112e-16,0.0007491379874020126,0.0017629104341968058,0.00273663176922598,0.003675121520353854,0.004582456592793284,0.0054621079980053345,0.006317049334745595,0.0071498428346130705,0.007962708148651952,0.008757577775190028,0.009536142060276864,0.010299885988971353,0.011050119465776534,0.011788002386990152,0.012514565524220185,0.01323072801211046,0.013937312068082896,0.014635055442217318,0.01532462199550754,0.016006610726816393,0.01668156350770336,0.01734997173577946,0.018012282079429457,0.018668901454898357,0.019320201353318234,0.019966521614416265,0.02060817372779249,0.021245443729370036,0.021878594749785273,0.02250786926256439,0.023133491072560297,0.02375566707900401,0.02437458884242748,0.02499043398045271,0.025603367413866446,0.026213542481388758,0.026821101939001918,0.027426178857551397,0.028028897430500372,0.028629373702719816,0.029227716225799758,0.02982402665686595,0.030418400295008644,0.031010926571394887,0.03160168949410648,0.03219076805311149,0.032778236589476345,0.033364165132449726,0.03394861970763315,0.0345316626190914,0.03511335270793813,0.03569374558965429,0.03627289387215235,0.03685084735638492,0.037427653221106354,0.03800335619322905,0.03857799870506816,0.03915162103963688,0.039724261465039094,0.04029595635890156,0.040866740323696825,0.04143664629372531,0.042005705634452245,0.04257394823482916,0.04314140259317148,0.043708095897110714,0.04427405409809313,0.044839301980853764,0.04540386322825701,0.045967760481859944,0.04653101539852483,0.0470936487033771,0.04765568023938241,0.04821712901379066,0.04877801324167683,0.04933835038678719,0.04989815719988384,0.05045744975476483
0.02314814814814815,0.0,3.5261007966102534e-18,4.944561706008429e-16,1.0053379327242227e-14,1.0610448745534168e-13,2.0343547534553303e-23,3.899131892985535e-21,6.213834833733255e-19,7.348849803383934e-17,3.0165588174810344e-25,5.977105680149425e-22,5.067941149896858e-19,1.7216708789117517e-16,3.129774121588305e-14,1.6154050545271242e-20,4.5627135907884257e-17,2.036195526760212e-23,5.823040266826165e-18,4.780278199035249e-22,2.943480044239565e-14,2.5463707115145897e-18,0.00011132412169029547,0.0011908538482022217,0.0022246298818283665,0.0032183563528104743,0.004176853788351421,0.005104198919775301,0.00600386252148761,0.006878817971377268,0.007731627306200025,0.008564510005978786,0.009379398419515734,0.010177982761621532,0.010961747902204113,0.011732003643651429,0.01248990979203946,0.013236497038722976,0.013972684446757836,0.014699294169512279,0.015417063899583763,0.016126657446234736,0.016828673761677727,0.017523654675134448,0.018212091546042145,0.0188944310079126,0.01957107994527563,0.020242409820306482,0.02090876044624126,0.02157044328839812,0.022227744360402063,0.022880926772376516,0.02353023297894488,0.024175886767512412,0.024818095021180268,0.02545704928554618,0.02609292716438486,0.026725893565625495,0.027356101816033523,0.02798369466046154,0.02860880516010678,0.029231557497109206,0.029852067707699107,0.03047044433624686,0.031086789031205337,0.031701197084238256,0.032313757919542475,0.03292455553865171,0.03353366892537664,0.03414117241498844,0.03474713603127646,0.03535162579469485,0.0359547040044511,0.03655642949707149,0.03715685788370093,0.0377560417681504,0.0383540309474898,0.038950872596795146,0.03954661143949171,0.040141289904586326,0.04073494827195155,0.04132762480670759,0.04191935588364498,0.04251017610253841,0.04310011839512055,0.04368921412441117,0.04427749317703139,0.04486498404907474,0.045451713926052996,0.04603770875738907,0.04662299332588557,0.04720759131256035,0.0477915253572053,0.048374817114994036,0.048957487309436214,0.04953955578195025,0.05012104153830421,0.05070196279215285,0.051282337005880786,0.051862180928944145,0.052441510633887724
0.023569023569023573,0.0,3.929042323087897e-18,5.527436809006336e-16,1.1369321667321112e-14,1.2279076991333784e-13,3.210460335329104e-23,6.76989509255797e-21,1.1615476155563699e-18,1.4395877521662046e-16,1.1053053850003867e-24,2.210772028373611e-21,1.7647476935479713e-18,5.703302401855779e-16,1.7005467843103464e-23,1.3870387041800319e-19,3.506697609359323e-16,9.559435565909417e-22,1.9585020194427915e-16,2.698301486036544e-19,4.1611409347787616e-19,3.934767738056182e-18,0.000540846303416947,0.0016407827428246092,0.0026949330949835176,0.0037090364803548464,0.0046879135174156235,0.005635640689347813,0.006555688515331142,0.007451030144870571,0.008324227414284218,0.009177499629000352,0.01001277898530988,0.010831755563969576,0.011635914117616048,0.012426564344636744,0.013204865959135498,0.013971849570694044,0.014728434169432982,0.015475441843464643,0.016213610226826995,0.016943603076124154,0.01766601929587451,0.01838140067244536,0.019090238526183193,0.019792979455138374,0.02049003031153175,0.021181762528040687,0.021868515890915805,0.02255060184074037,0.023228306368425322,0.023901892563198652,0.024571602860428473,0.025237661029747113,0.025900273937825114,0.026559633115047627,0.02721591615108394,0.02786928794076601,0.028519901798681777,0.02916790045905604,0.029813416970186774,0.030456575506940475,0.03109749209534787,0.03173627527116338,0.03237302667477001,0.03300784159026529,0.03364080943474523,0.03427201420307282,0.03490153487278625,0.0355294457732532,0.03615581692270175,0.03678071433634269,0.037404200308435546,0.03802633367083367,0.038647170030265146,0.03926676198636296,0.039885159332241904,0.040502409239231145,0.041118556427203815,0.04173364332179679,0.042347710199683385,0.04296079532294461,0.04357293506348189,0.044184164018321814,0.04479451511658141,0.04540401971878937,0.046012707709193156,0.04662060758162286,0.04722774651943104,0.047834150469979526,0.04843984421410256,0.0490448514309371,0.049649194758476796,0.050252895850175304,0.05085597542789624,0.05145845333148214,0.052060348565191476,0.052661679341232344,0.0532624631206024,0.05386271665142744,0.05446245600497563
0.02398989898989899,0.0,4.369567763917018e-18,6.168104619697887e-16,1.2844572081559112e-14,1.4208821197654806e-13,5.076853042805507e-23,1.1769329223828531e-20,2.1660884541875044e-18,2.803129441443047e-16,3.984479702491347e-24,7.952520733341135e-21,5.93074595202043e-18,1.8424681410450053e-15,1.5723186796362058e-22,1.1003797690131024e-18,2.5799905838103787e-15,3.9956132594647573e-20,5.620183270525112e-15,1.0148935176746853e-16,6.832061233470291e-15,2.5665060817573853e-16,0.0009782476431048866,0.0020989297768879947,0.0031738261833610276,0.004208678584722708,0.005208307420045628,0.006176788885633194,0.007117593233102736,0.008033693377129987,0.008927650949070677,0.009801685076084766,0.010657727798792602,0.011497469061832877,0.012322393497826649,0.013133810699428707,0.013932880287051365,0.014720632786989376,0.015497987115082393,0.016265765292985134,0.01702470489509909,0.017775469624338843,0.018518658336852806,0.019254812775152567,0.019984424219859062,0.02070793923290846,0.02142576463361946,0.022138271824630573,0.02284580056471228,0.02354866226925964,0.024247142906053395,0.024941505543043255,0.025631992595989347,0.026318827816425458,0.027002218054290653,0.027682354824478828,0.028359415702295485,0.029033565569235573,0.029704957728186838,0.030373734899532472,0.03104003012335543,0.03170396756351265,0.03236566323665534,0.033025225669762466,0.033682756494998155,0.03433835098875448,0.034992098560895996,0.03564408319949257,0.03629438387569475,0.03694307491285844,0.03759022632354856,0.038235904117636395,0.03888017058434293,0.03952308455076289,0.040164701619126705,0.040805074384812824,0.04144425263690852,0.042082283542927486,0.04271921181912564,0.04335507988770828,0.043989928022090834,0.044623794481259464,0.04525671563417363,0.04588872607506148,0.046519858730376513,0.04715014495811082,0.047779614640094566,0.04840829626785309,0.04903621702254021,0.04966340284941892,0.05028987852731906,0.0509156677334622,0.05154079310401092,0.05216527629066736,0.052789138013619036,0.053412398111103675,0.05403507558584256,0.054657188648570644,0.05527875475887323,0.05589979066352136,0.056520312432483295
0.02441077441077441,0.0,4.850417670731545e-18,6.871406973931029e-16,1.4498145077809536e-14,1.6442333564097448e-13,8.045685860298187e-23,2.047834673787727e-20,4.0278455535921904e-18,5.423621381953413e-16,1.4120315789140243e-23,2.7769181370149756e-20,1.929482614336656e-17,5.8115785189241664e-15,1.364434442443544e-21,8.157682386874967e-18,1.8226117873747826e-14,1.428585537854498e-18,1.285363452061699e-22,2.4710324662324405e-14,1.796698560733038e-17,0.00022904344710972715,0.0014235030582754066,0.0025653007356750937,0.003661315413277014,0.0047172892318817,0.005738042341354527,0.006727650628724951,0.00768958406921745,0.0086268153362056,0.009541905852002139,0.010437074562065793,0.01131425334819011,0.01217513201648268,0.01302119507737639,0.0138537520158317,0.014673962356861076,0.015482856541960863,0.016281353411344807,0.01707027491900844,0.017850358578667097,0.01862226803850617,0.0193866021054827,0.02014390247745886,0.020894660394610718,0.021639322382108386,0.022378295225775276,0.023111950297669815,0.023840627328587372,0.02456463770828125,0.025284267380985447,0.02599977939298835,0.02671141614008903,0.027419401355396982,0.028123941871818558,0.02882522918847759,0.02952344086605728,0.030218741773174736,0.03091128519780521,0.03160121385111237,0.03228866076126446,0.03297375008189922,0.03365659782011774,0.03433731249396447,0.035015995727236,0.03569274278847977,0.0363676430801984,0.0370407805835461,0.0377122342631707,0.03838207843630805,0.03905038310975787,0.039717214287955806,0.040382634254993575,0.04104670183312171,0.04170947261999194,0.042370999206651626,0.04303133137808803,0.04369051629793072,0.04434859867875331,0.04500562093926771,0.04566162334957291,0.046316644165504524,0.04697071975302706,0.04762388470351989,0.04827617194072507,0.048927612820052396,0.04957823722087131,0.05022807363236092,0.05087714923343667,0.05152548996722503,0.052173120610515294,0.05282006483857927,0.05346634528571545,0.054111983601842974,0.054757000505443104,0.05540141583311984,0.05604524858602967,0.05668851697340788,0.05733123845340198,0.05797342977140396,0.0586151069960587
0.024831649831649833,0.0,5.374478291592586e-18,7.642551807435108e-16,1.635142965735947e-14,1.902991979458242e-13,1.2779458679654254e-22,3.5647246932277124e-20,7.465173392443056e-18,1.0424264619174429e-15,4.915045028571055e-23,9.398595266643212e-20,6.097558168872992e-17,1.7898323462877184e-14,1.1044821319758685e-20,5.724945051331903e-17,7.632564971629743e-23,4.248069218238247e-17,5.494412073269969e-20,1.6954311755682578e-19,2.3498558576594553e-17,0.0006606586987344274,0.0018766165248134516,0.003039901665280583,0.004157407188134401,0.005234875116920935,0.006277125258862094,0.007288233175988714,0.008271668559702008,0.009230403836798235,0.010167000216320964,0.011083676458454178,0.01198236428367311,0.012864753356580374,0.013732328063398155,0.014586397779454455,0.015428121932657876,0.016258530878196033,0.017078543379312045,0.017888981321180827,0.01869058215559151,0.019484009475282456,0.020269862036965926,0.021048681493117023,0.02182095904274882,0.022587141173613656,0.023347634637446258,0.02410281077518349,0.02485300928915025,0.025598541543004144,0.02633969345701565,0.027076728055428365,0.02780988771372707,0.02853939614627088,0.029265460168631973,0.029988271263885067,0.030708006977832294,0.031424832165085036,0.032138900101201594,0.032850353485127035,0.033559325333885934,0.03426593979071429,0.034970312852992895,0.035672553029672885,0.03637276193603474,0.037071034832642076,0.0377674611145052,0.038462124755740054,0.03915510471437666,0.039846475301422386,0.04053630651780973,0.04122466436244253,0.04191161111419243,0.042597205590380015,0.043281503383997305,0.04396455708168397,0.044646416464254705,0.0453271286913862,0.04600673847190465,0.046685288220966764,0.04736281820529641,0.048039366677522906,0.04871497000056285,0.04938966276289642,0.05006347788550627,0.0507364467211742,0.0514085991467654,0.05207996364907124,0.05275056740472924,0.05342043635469148,0.05408959527367063,0.05475806783495424,0.05542587667094376,0.05609304342974377,0.05675958882809907,0.05742553270095113,0.05809089404786381,0.0587556910765463,0.059419941243682876,0.060083661293262015,0.060746867292581865
0.025252525252525252,0.0,5.944786572094282e-18,8.487143146828948e-16,1.8428496101202473e-14,2.2031067131593544e-13,2.034385193808946e-22,6.205258024392557e-20,1.3785041261946057e-17,1.989706883653056e-15,1.678782483947544e-22,3.080673289192143e-19,1.877763559070455e-16,5.375109541067536e-14,8.313125126709534e-20,3.84298764252938e-16,2.7495849767562495e-21,1.072297382929274e-15,1.7007915048098323e-17,1.9206037991777472e-15,7.444039187475596e-16,0.0010997775292816202,0.0023375935681542366,0.003522738779122908,0.004662108040380271,0.005761443063480109,0.006825563281614734,0.007858543921437965,0.008863854382638753,0.00984446684080336,0.010802942287738442,0.011741499294752948,0.01266206941825219,0.013566342178838607,0.014455801836306648,0.015331757654422419,0.016195368962288556,0.01704766602727403,0.017889567534306455,0.01872189529847724,0.01954538670876111,0.020360705301277933,0.021168449781696838,0.02196916175631279,0.022763332382258066,0.02355140810921527,0.024333795654236757,0.02511086632659586,0.025882959799651346,0.0266503874105108,0.027413435055064033,0.028172365735126142,0.028927421805514008,0.029678826961510005,0.030426788001050507,0.031171496390881764,0.03191312966218402,0.03265185265382257,0.033387818630144436,0.03412117027722556,0.034852040600751144,0.03558055373337321,0.03630682566258242,0.03703096488807777,0.03775307301647516,0.038473245300215245,0.039191571126685386,0.03990813446284081,0.04062301425997842,0.041336284822768715,0.04204801614617484,0.0427582742234725,0.04346712132822244,0.04417461627272953,0.04488081464524501,0.045585769027924106,0.04628952919733634,0.04699214230913681,0.04769365306833901,0.0483941038864826,0.04909353502685765,0.04979198473883137,0.050489489382219366,0.051186083542552246,0.05188180013800523,0.05257667051868641,0.05327072455891313,0.053963990743047474,0.05465649624540939,0.055348267004738765,0.05603932779363555,0.05672970228336849,0.0574194131044089,0.05810848190301538,0.05879692939416593,0.05948477541111057,0.060172038951792954,0.06085873822236948,0.061544890678035785,0.062230513061352445,0.06291562143824743
0.025673400673400678,0.0,6.564535258184993e-18,9.411214154240103e-16,2.0756441380540176e-14,2.5516276219301757e-13,3.245574485829259e-22,1.0797285850195306e-19,2.5352755096727192e-17,3.770526015846236e-15,5.620227307469579e-22,9.780508849087335e-19,5.649785891431749e-16,3.740268974158093e-23,5.8318510353492485e-19,2.4834794956798943e-15,8.869320745699814e-20,2.4072701006270363e-14,3.4800690949522253e-15,7.964664359923494e-19,0.00022534742212002284,0.0015463945942252473,0.002806440112547197,0.004013818428925294,0.005175424628529257,0.006297000023284358,0.007383363652146344,0.00843859039658218,0.009466149358681522,0.010469012457881845,0.011449740464649714,0.012410551758496128,0.013353377728423226,0.014279907748702551,0.01519162595050407,0.016089841484106155,0.016975713578104033,0.017850272410538055,0.018714436586705727,0.019569027850331,0.02041478352655951,0.021252367093914103,0.022082377206142447,0.022905355422566845,0.023721792857720875,0.02453213592256504,0.025336791298875172,0.026136130263718717,0.026930492460992207,0.027720189200798537,0.028505506354229344,0.029286706900287156,0.030064033172767107,0.03083770884754818,0.03160794070462899,0.032374920194679115,0.0331388248317513,0.03389981944231287,0.034658057276701106,0.03541368100861888,0.03616682363221672,0.03691760926938069,0.03766615389754149,0.0384125660069873,0.03915694719552085,0.03989939270732062,0.04063999192202046,0.041378828799292174,0.04211598228358429,0.0428515266731219,0.043585531956796604,0.044318064122159634,0.045049185437369875,0.04577895470963062,0.046507427522371164,0.04723465645318556,0.04796069127432546,0.048685579137355516,0.04940936474341129,0.050132090500353506,0.050853796667979546,0.05157452149233876,0.0522943013300927,0.05301317076377186,0.05373116270869599,0.05444830851225369,0.05516463804617091,0.055880179792338835,0.05659496092272012,0.057309007373804684,0.058022343916043544,0.058734994218652,0.0594469809101384,0.06015832563488358,0.060869049106068586,0.06157917115522307,0.06228871077864264,0.06299768618090444,0.06370611481568988,0.06441401342410728,0.06512139807069091
0.026094276094276097,0.0,6.12199443535486e-18,8.827389683754373e-16,1.998349040925202e-14,2.6291526771368264e-13,5.128962210805772e-22,1.5241755432012556e-19,3.8426895385115516e-17,2.3373177896988824e-22,1.586881517921382e-21,2.1973672882934748e-18,1.2924851023769465e-15,7.499087774783443e-22,2.7807893881451073e-18,1.2316740063962469e-14,1.7060077328062333e-18,2.719076592935218e-21,4.824897512754065e-21,2.6825624138674306e-20,0.0006568423572521089,0.0020005108029751834,0.0032831599220027718,0.004513145279535455,0.0056973622209306055,0.006841551747140615,0.007950532540718676,0.009028379154333084,0.01007856039946833,0.011104047942249527,0.012107402332242077,0.013090841757025047,0.014056297437366257,0.015005458600120205,0.015939809246683787,0.01686065841269527,0.017769165225126535,0.01866635977163086,0.019553160576838615,0.020430389312327987,0.02129878323841258,0.02215900577528944,0.02301165552406022,0.02385727399640897,0.024696352263658558,0.025529336697484514,0.026356633943868057,0.027178615247193515,0.027995620221455114,0.028807960149344936,0.029615920876781176,0.03041976535960678,0.031219735910273685,0.032016056184959577,0.03280893294599987,0.033598557625409656,0.03438510772356854,0.035168748051683664,0.03594963184659454,0.036727901769436196,0.03750369080264263,0.03827712305716428,0.03904831450021313,0.03981737361251777,0.04058440198292831,0.04134949484723024,0.04211274157718089,0.042874226125052976,0.043634027428337746,0.04439221977871233,0.0451488731589,0.04590405355063621,0.04665782321659185,0.04741024095878698,0.048161362355751886,0.048911239980446414,0.04965992360073524,0.050407460364026914,0.05115389496751694,0.051899269815327935,0.052643625163708636,0.05338699925533705,0.054129428443670045,0.054870947308189706,0.05561158876131428,0.05635138414766922,0.05709036333634714,0.05782855480672855,0.0585659857283809,0.05930268203550767,0.060038668496376284,0.060773968778115584,0.06150860550723906,0.06224260032621947,0.06297597394641195,0.06370874619759781,0.06444093607439806,0.06517256177978498,0.06590364076590133,0.06663418977237953,0.06736422486233766
0.02651515151515152,0.0,7.965935191168281e-18,1.1524295857239774e-15,2.629087310222206e-14,3.428948263882495e-13,8.3093366114757055e-22,3.2597943094207354e-19,8.462108312346012e-17,1.1641293159222267e-24,5.900556075819367e-21,9.005878465616154e-18,4.802057847144083e-15,2.097785132476549e-21,2.4048311231418282e-17,4.1736796785793033e-23,5.867761554339144e-17,3.6152651277057374e-19,2.5517200145225304e-17,2.2039917151600857e-15,0.001095508021759905,0.0024621428350749676,0.003767766362124072,0.0050207313739897,0.006227932268310872,0.007395109430255659,0.008527081069205023,0.009627921352224386,0.010701098768891486,0.011749584712338,0.012775939498636766,0.01378238111359391,0.014770840602992235,0.015743007040894,0.016700364294656465,0.017644221281809386,0.01857573702482897,0.019495941518591728,0.020405753204937586,0.021305993681585315,0.022197400142473015,0.023080635948127145,0.023956299645820685,0.024824932698552547,0.025687026133503207,0.026543026282230046,0.027393339754171506,0.028238337760354396,0.0290783598842608,0.029913717380618612,0.03074469606966912,0.031571558883636254,0.03239454811320867,0.03321388739505581,0.034029783471070274,0.03484242775813226,0.03565199773990994,0.036458658212816165,0.037262562399934376,0.03806385294959252,0.038862662832286364,0.03965911614782442,0.04045332885300797,0.041245409418827116,0.04203545942501232,0.0428235740987998,0.04360984280392422,0.04439434948512221,0.0451771730727992,0.04595838785196366,0.046738063799057046,0.047516266889892224,0.04829305938155143,0.04906850007077674,0.04984264453110987,0.05061554533079187,0.05138725223322052,0.05215781238157265,0.05292727046903206,0.0536956688959155,0.05446304791485865,0.05522944576510716,0.05599489879685519,0.05675944158648133,0.057523107043450004,0.058285926509573475,0.05904792985126375,0.05980914554534539,0.06056960075894748,0.06132932142394598,0.06208833230638553,0.06284665707127093,0.06360431834308512,0.06436133776235854,0.06511773603858766,0.06587353299977418,0.0666287476388345,0.06738339815710731,0.06813750200516921,0.06889107592115042,0.06964413596672739
0.02693602693602694,0.0,8.754798369555749e-18,1.2727865646264339e-15,2.957044184836705e-14,3.9795370541796647e-13,1.3329434736107702e-21,5.651755427399258e-19,1.5349279526730652e-16,3.67406130116656e-24,1.8453703811367505e-20,2.6237237180216833e-17,1.3582687307588423e-14,1.4386650107152694e-20,1.4422417813923632e-16,1.2125025033937115e-21,1.2075282105427117e-15,7.206748231850316e-17,1.566714522430039e-22,8.017873995689932e-05,0.0015413056916662943,0.0029312856353821814,0.004260258744551235,0.00553657799403687,0.006767137257880369,0.007957676422370977,0.009113013265926978,0.010237221587567501,0.011333769562441677,0.01240562831323124,0.01345535792356207,0.01448517617714539,0.015497013943932304,0.016492560144134336,0.017473298509924545,0.01844053783957211,0.019395437049940668,0.020339026042032856,0.02127222317402123,0.022195849968720437,0.02311064355288518,0.024017267226583237,0.02491631948253416,0.02580834173438515,0.026693824964561245,0.027573215463937758,0.028446919804891158,0.02931530916461263,0.030178723095631067,0.031037472824303303,0.03189184414481771,0.03274209996543142,0.033588482555361725,0.034431215528905684,0.03527050561128737,0.03610654420112113,0.036939508765901824,0.037769564087023665,0.038596863373605204,0.03942154926097272,0.04024375470750196,0.041063603801689795,0.04188121248976789,0.0426966892328389,0.04351013560137404,0.044321646813929166,0.04513131222609307,0.045939215774950436,0.04674543638371176,0.04755004833061414,0.04835312158572024,0.04915472211882891,0.049954912181347226,0.050753750564657696,0.05155129283723612,0.05234759156253166,0.053142696499405895,0.05393665478673824,0.054729511113638406,0.05552130787655812,0.056312085324463766,0.057101881693115225,0.05789073332939316,0.05867867480652428,0.059465739030973054,0.06025195734169478,0.06103735960237891,0.06182197428725419,0.06260582856097317,0.06338894835304805,0.0641713584272658,0.06495308244647402,0.06573414303309326,0.06651456182568129,0.06729435953184675,0.06807355597778392,0.0688521701546778,0.06963022026220798,0.07040772374936029,0.07118469735273907,0.07196115713255678
0.027356902356902357,0.0,8.080374922737403e-18,1.182951454253e-15,2.838252847331907e-14,4.1444080681554744e-13,1.7969746857370797e-21,7.993202857576379e-19,2.30166988238579e-16,2.621332234622462e-22,4.039821298000219e-20,5.60841967797365e-17,3.010889774985044e-14,6.446855666094778e-20,6.452847458591503e-16,2.244453064099521e-20,1.7215687044402032e-14,7.39333515786505e-15,2.5282083599586455e-16,0.0005093218653168637,0.001994246380903907,0.0034079465438132963,0.004760644065180965,0.006060692225470275,0.007314984484714875,0.008529260273768756,0.009708336957975757,0.010856287975572554,0.011976581189657644,0.013072187453540983,0.014145666617050225,0.015199236260916243,0.01623482707789863,0.017254127832952864,0.018258622121687326,0.019249618621793793,0.02022827614331078,0.021195624492160805,0.02215258194184243,0.02309996993928591,0.024038525543169858,0.024968911992286746,0.025891727724055024,0.026807514102085317,0.027716762063419383,0.028619917857674388,0.029517388019635844,0.03040954369217276,0.031296724396413185,0.03217924132993003,0.033057380260477914,0.03393140407199533,0.034801555011135334,0.03566805667186214,0.03653111576005857,0.037390923656636633,0.0382476578126749,0.03910148299432318,0.0399525523965251,0.04080100864140944,0.04164698467504918,0.042490604574458725,0.043331984275140234,0.044171232228159336,0.045008449994587495,0.045843732784168485,0.04667716994422145,0.047508845404062666,0.048338838079598205,0.04916722224219039,0.049994067855425865,0.050819440882997585,0.05164340357055075,0.05246601470402623,0.05328732984675641,0.05410740155732511,0.0549262795899881,0.0557440110792615,0.05656064071011846,0.05737621087508621,0.05819076181940549,0.05900433177529683,0.05981695708627633,0.06062867232237034,0.061439510386997236,0.06224950261621127,0.06305867887093744,0.06386706762276854,0.06467469603384253,0.06548159003127119,0.06628777437654912,0.06709327273033336,0.06789810771295023,0.0687023009609543,0.06950587318003724,0.07030884419455795,0.0711112329939433,0.07191305777618802,0.07271433598866256,0.07351508436642193,0.07431531896819171
0.02777777777777778,0.0,1.0528202747778785e-17,1.5469885524080874e-15,3.7373040138716045e-14,5.375473616516341e-13,3.443456729785317e-21,1.6886312026022339e-18,4.972773103386073e-16,3.507058616075978e-23,1.6718147147605957e-19,2.0789368055553583e-16,1.4817448793567476e-23,5.624555403629824e-19,4.6817107293671876e-15,7.6077409820410715e-19,7.61416914828351e-22,9.927056785656539e-21,2.5395459814189353e-16,0.0009453424745264854,0.002454347815733955,0.003892139358182776,0.005268934641999259,0.006593085742850102,0.007871485352326027,0.009109872314157413,0.010313063517895764,0.01148513200653554,0.012629545309828148,0.013749273997257968,0.014846877674824824,0.0159245737126518,0.016984292620437828,0.01802772300321784,0.01905634831624206,0.020071477113483106,0.021074268095480814,0.022065750970931653,0.02304684392662176,0.02401836833196054,0.024981061176085187,0.025935585635224526,0.02688254009035625,0.02782246585404105,0.028755853817032245,0.029683150186876932,0.030604761460038658,0.0315210587444039,0.03243238152910135,0.03333904098237612,0.034241322845053386,0.03513948997679638,0.03603378459983156,0.0369244302888029,0.03781163372946467,0.03869558628470237,0.03957646538887944,0.04045443579262538,0.041329650676453396,0.04220225264905786,0.04307237464398902,0.04394014072657402,0.04480566682139489,0.04566906136930226,0.046530425921801656,0.047389855679669385,0.048247439981809324,0.04910326274963291,0.04995740289161374,0.05080993467211908,0.051660928048146405,0.05251044897717624,0.05335855969899164,0.054205318993997144,0.055050782420292425,0.05589500253151156,0.05673802907722474,0.057579909187509305,0.05842068754313024,0.059260406532622635,0.06009910639743731,0.0609368253661944,0.06177359977898755,0.06260946420258769,0.06344445153731475,0.06427859311627208,0.06511191879757278,0.06594445705012857,0.06677623503351966,0.06760727867241635,0.06843761272598158,0.06926726085264438,0.07009624567060103,0.07092458881436875,0.07175231098768947,0.07257943201305533,0.07340597087810515,0.07423194577912005,0.07505737416182762,0.07588227275970703,0.07670665762997182
0.0281986531986532,0.0,1.1521037236557318e-17,1.7026662018274493e-15,4.200066963607535e-14,6.25758808147338e-13,5.542431555306174e-21,2.9082187204990563e-18,8.878503215219577e-16,1.059474678134309e-22,4.837435243666672e-19,5.678970657634728e-16,9.909696851391377e-23,3.2334386076870264e-18,2.5465501298365348e-14,1.561950964978777e-17,1.5428270755520614e-19,5.4928418026553735e-17,3.084192847223711e-16,0.0013881359416460777,0.0029216038466290868,0.004383863004127834,0.005785131558233846,0.007133760917106705,0.008436643141329764,0.009699516535059396,0.010927197530975492,0.012123758784500706,0.013292667494546119,0.014436893947411761,0.01555899750461208,0.016661195324511848,0.017745417732401274,0.0188133531719902,0.0198664849567889,0.020906121515753117,0.02193342143862914,0.022949414335788686,0.023955018306236666,0.02495105464088672,0.02593826025844155,0.02691729827174839,0.027888767004595073,0.028853207717806136,0.02981111125521722,0.030762923781728096,0.03170905175495016,0.03264986624729991,0.03358570671545786,0.0345168842979278,0.035443684708765036,0.0363663707807648,0.03728518471490249,0.03820035006374171,0.039112073493285916,0.04002054634813251,0.04092594604568729,0.0418284373208336,0.04272817333944406,0.0436252966965826,0.04451994031309369,0.04541222824244614,0.04630227639814178,0.04719019321066617,0.04807608022181836,0.048960032623275064,0.04984213974540088,0.050722485501585785,0.051601148792761016,0.052478203876195416,0.05335372070219974,0.05422776522195,0.05510039966928015,0.05597168281897629,0.056841670223827606,0.057710414432444894,0.058577965189643096,0.059444369620994614,0.06030967240299368,0.06117391592012375,0.062037140409989096,0.06289938409755587,0.06376068331944419,0.06462107263912087,0.06548058495376105,0.06633925159347322,0.06719710241351644,0.06805416588008129,0.06891046915015189,0.06976603814592056,0.07062089762418362,0.07147507124110876,0.07232858161273024,0.07318145037149738,0.07403369821917319,0.07488534497635503,0.07573640962886677,0.07658691037125027,0.07743686464756559,0.07828628918969245,0.07913520005330947
0.028619528619528625,0.0,1.2590476230024375e-17,1.8720754392428677e-15,4.7193520279809363e-14,1.0979322041432016e-23,8.925942461404522e-21,4.994646172301322e-18,1.5763124128681004e-15,3.150198097039726e-22,1.363794188429261e-18,1.523791369452521e-15,6.339267156164446e-22,1.7759020709360556e-17,7.854005647271048e-23,2.7981085461762305e-16,2.3850309293526312e-17,2.372571989026609e-22,0.00019560640038649118,0.001837720185625444,0.0033960246644321335,0.004883126520508838,0.006309243580481332,0.007682726521959015,0.009010466756301074,0.010298202037567145,0.011550748333693945,0.012772177906094292,0.013965957617996473,0.015135057467660626,0.016282036568462933,0.017409111863720832,0.018518213491462467,0.019611029731580798,0.020689043753658966,0.021753563859676858,0.02280574852697612,0.02384662726598784,0.024877118086620877,0.02589804220008339,0.02691013645355889,0.02791406389553722,0.028910422791736053,0.029899754350447366,0.030882549367867104,0.03185925396559135,0.03283027456178148,0.03379598219283813,0.034756716282494424,0.03571278793965312,0.03666448284871412,0.03761206381905714,0.038555773027365924,0.039495834004511045,0.04043245339643982,0.04136582252917947,0.04229611880291659,0.04322350693654581,0.04414814008107373,0.04507016081772399,0.04598970205443967,0.04690688783264882,0.04782183405460242,0.04873464914026163,0.0496454346215695,0.05055428568096327,0.051461291640136825,0.052366536404335286,0.053270098866831476,0.0541720532776866,0.055072469580421786,0.0559714137198116,0.056868947923649354,0.05776513096101624,0.058660018379309266,0.059553662722038686,0.060446113729191,0.06133741852176444,0.062227621771916736,0.06311676586001731,0.06400489101976482,0.06489203547241516,0.06577823555106144,0.06666352581581561,0.06754793916065971,0.06843150691266112,0.06931425892418104,0.070196223658647,0.07107742827040714,0.07195789867913768,0.07283765963923193,0.07371673480456135,0.07459514678896507,0.07547291722279262,0.07635006680579758,0.07722661535665343,0.07810258185934124,0.0789779845066368,0.07985284074090694,0.08072716729240732,0.08160098021525815
0.029040404040404044,0.0,1.1472046955468417e-17,1.7211838254598674e-15,4.524334019359896e-14,1.087262486177395e-22,1.158126553366743e-20,7.041176440642476e-18,2.3214886178761873e-15,9.314830703870655e-22,2.7391927702903874e-18,3.147208966133761e-15,3.1561273817920574e-21,7.072826647630767e-17,2.2462472437141823e-21,3.3907282975271787e-15,1.9150042074737666e-15,1.6497922011029517e-16,0.0006267426380014571,0.002294096553596943,0.003877614061145866,0.005389934653969101,0.006841276105588927,0.008239988478592171,0.009592962577319777,0.010905935621817756,0.012183723121618672,0.01343039694533592,0.01464942362050963,0.015843772855997678,0.017016003515338773,0.018168332325008228,0.01930268923399513,0.020420762356679768,0.021524034717154545,0.0226138144888992,0.023691260035559342,0.0247574007663867,0.02581315460107303,0.026859342670100757,0.027896701748205067,0.028925894818671753,0.029947520088376086,0.030962118712372436,0.031970181438572574,0.03297215434467899,0.03396844380886228,0.0349594208310109,0.03594542480145439,0.03692676679833371,0.037903732478262495,0.03887658462454655,0.03984556539003732,0.04081089828360505,0.0417727899308567,0.04273143163898577,0.043687000790714886,0.04463966208872249,0.045589568668937125,0.046536863098544656,0.04748167827240229,0.0484241382197249,0.049364358831351506,0.05030244851656764,0.05123850879731887,0.05217263484667001,0.05310491597751942,0.054035436086849964,0.05496427406016562,0.05589150414021588,0.056817196263634184,0.05774141636870106,0.05866422667708173,0.05958568595206997,0.06050584973559245,0.061424770565984936,0.062342498178335454,0.06325907968900164,0.06417455976574178,0.06508898078475153,0.06600238297576717,0.06691480455628032,0.0678262818558058,0.06873684943105188,0.06964654017276094,0.07055538540491509,0.07146341497693538,0.07237065734944599,0.07327713967412068,0.07418288786808287,0.07508792668328775,0.07599227977127716,0.07689596974366293,0.0777990182286642,0.07870144592399576,0.07960327264637916,0.08050451737792567,0.0814051983096192,0.08230533288210866,0.08320493782400185,0.08410402918783773
0.029461279461279466,0.0,1.497792296372098e-17,2.2566417552030686e-15,5.956625490023789e-14,2.3549178889456483e-23,2.316422561524213e-20,1.459501079263366e-17,1.6065129878676242e-25,2.6465451767865935e-21,1.0073266455319835e-17,1.0428484946624367e-14,2.2362784531711344e-20,4.812534577169615e-16,3.752119357855848e-20,2.4504763592388216e-23,4.592890236333534e-22,3.257696953272836e-17,0.0010643555711539996,0.0027572828507485786,0.004366385948445344,0.005904299894517777,0.007381241022179345,0.00880555843929539,0.010184142213889595,0.011522728969799424,0.012826133722856523,0.014098427927684674,0.015343077760479393,0.016563052630274737,0.017760911142714993,0.01893886980116886,0.02009885836057875,0.021242564765723154,0.02237147189177549,0.023486887780950857,0.024589970680659507,0.025681749896912413,0.026763143257362575,0.02783497181017522,0.02889797225623761,0.029952807512393775,0.03100007572557663,0.032040317996620965,0.033074025024274194,0.03410164284155343,0.03512357778592387,0.03614020082011478,0.03715185130097478,0.03815884027385405,0.03916145336853649,0.04015995334135091,0.041154582320905096,0.04214556379369172,0.043133104364630435,0.04411739532176103,0.04509861403004694,0.04607692517567702,0.04705248187924852,0.04802542669367438,0.048995892500507406,0.04996400331654589,0.05092987502102709,0.05189361601238399,0.052855327802399245,0.053815105554610325,0.05477303857297513,0.055729210746078235,0.056683700951527104,0.05763658342463956,0.05858792809504843,0.059537800894434,0.06048626403823332,0.061433376283858136,0.06237919316767567,0.06332376722276288,0.06426714817922966,0.06520938314871756,0.06615051679451409,0.06709059148857331,0.06802964745660486,0.06896772291227525,0.069904854181463,0.07084107581741766,0.07177642070758967,0.07271092017282584,0.07364460405955978,0.07457750082556712,0.07550963761980405,0.07644104035680002,0.07737173378603295,0.07830174155667746,0.07923108627808231,0.080159789576302,0.08108787214697978,0.08201535380485384,0.08294225353013567,0.08386858951198857,0.08479437918931587,0.08571963928905119,0.08664438586212693
0.029882154882154885,0.0,1.6305833242128257e-17,2.4743171703702614e-15,6.691590378209389e-14,3.4565764420017604e-23,3.730672281805489e-20,2.482254634661062e-17,4.527957529546442e-25,7.463950569412036e-21,2.6482103879985204e-17,2.659915965995416e-14,1.2280698642790698e-19,2.398104577436227e-15,7.119167007739135e-19,3.9592069061638795e-21,1.848281543956921e-18,2.257122759503094e-20,0.0015083898046919532,0.0032272732260685186,0.0048623393536316945,0.006426223397192114,0.00792914077194214,0.009379439763287464,0.010784009748090488,0.012148586770986805,0.01347798536047465,0.01477627655874609,0.016046926190460584,0.017292903363501453,0.018516766423941917,0.019720731650249835,0.02090672860154151,0.022076445051318453,0.02323136372417993,0.024372792529667713,0.025501889597596767,0.026619684129505296,0.027727093859885147,0.028824939753562,0.02991395843664411,0.03099481275868514,0.03206810080590162,0.033134363624202114,0.03419409186252372,0.03524773150860691,0.03629568885866953,0.037338334838364094,0.03837600876823255,0.03940902166406604,0.04043765912590245,0.0414621838834029,0.04248283804059937,0.043499845061299725,0.04451341152945179,0.04552372871367793,0.04653097396093714,0.0475353119407008,0.048536895758022565,0.04953586795134444,0.05053236138873004,0.05152650007438827,0.05251839987579307,0.05350816918037352,0.05449590948960736,0.055481715957371634,0.05646567787855861,0.057447879133236956,0.05842839859100694,0.05940731047965037,0.06038468472170125,0.061360587242146776,0.062335080250108206,0.06330822249703257,0.06428006951364926,0.0652506738277024,0.06622008516425344,0.06718835063016156,0.06815551488418002,0.06912162029396167,0.07008670708113256,0.07105081345547988,0.07201397573919464,0.07297622848201861,0.0739376045680636,0.07489813531499699,0.07585785056622242,0.07681677877662667,0.07777494709240983,0.07873238142547069,0.07968910652277465,0.08064514603109564,0.08160052255748712,0.08255525772580828,0.0835093722296014,0.08446288588159319,0.08541581766006832,0.08636818575234362,0.08732000759555207,0.08827129991492927,0.08922207875977818
0.030303030303030304,0.0,1.4724343392522432e-17,2.258723691431866e-15,6.423600119513754e-14,1.401759035693899e-22,4.8436334840956695e-20,3.478567309264491e-17,2.412450955204745e-22,1.494698588932144e-20,5.119398066138306e-17,5.2040463751470935e-22,4.526985895066471e-19,9.222357118278892e-15,8.370450890938432e-18,3.462313693517634e-19,2.7811446436523065e-15,0.00011400955173778153,0.0019588579585503936,0.0037040750924622373,0.005365481346731961,0.0069557123661267714,0.008484982812900064,0.009961640206958283,0.011392573254464975,0.01278351742855602,0.014139286771871729,0.015463951913963494,0.01676097832625503,0.018033334813422838,0.01928357945982249,0.02051392831691962,0.021726310746017635,0.02292241434746373,0.024103721693697806,0.0252715405599357,0.02642702895703508,0.02757121598078784,0.028705019271370175,0.029829259709220724,0.03094467384471757,0.03205192445925948,0.03315160957755973,0.03424427018988351,0.03533039689470294,0.0364104356338834,0.037484792661847406,0.03855383886595423,0.039617913532149565,0.0406773276440291,0.041732366772251374,0.0427832936194475,0.04383035026473936,0.04487376014894107,0.04591372983474256,0.04695045057108333,0.047984099686671645,0.04901484183403217,0.0500428301024616,0.05106820701573206,0.0520911054282323,0.05311164933140838,0.05412995458080858,0.055146129552706036,0.0561602757381312,0.05717248828116695,0.05818285646751432,0.05919146416860808,0.06019839024593011,0.0612037089196217,0.06220749010501921,0.06320979972032383,0.06421069996825314,0.06521024959420633,0.06620850412319661,0.06720551607756076,0.06820133517724157,0.06919600852424883,0.0701895807727387,0.07118209428600238,0.07217358928152552,0.07316410396516174,0.07415367465536284,0.07514233589831389,0.07613012057474144,0.07711705999908876,0.07810318401168727,0.07908852106449428,0.08007309830091532,0.08105694163018158,0.08204007579671078,0.0830225244448424,0.08400431017930256,0.08498545462172423,0.08596597846351933,0.08694590151537478,0.08792524275362147,0.08890402036370378,0.0898822517809596,0.09085995372890247,0.09183714225518314
0.030723905723905726,0.0,1.9256428683088195e-17,2.9675732870950205e-15,8.445310652250454e-14,7.482046389582854e-23,9.658839166523639e-20,7.101253653081157e-17,3.483293972603011e-24,5.595035114575707e-20,1.7289978606741513e-16,3.417559951043202e-23,3.2000398647365817e-18,1.319912395568226e-23,1.7840154425132948e-16,5.637439581154049e-17,2.0305588046453894e-19,0.000544248685176946,0.002415780527118559,0.004187703258666862,0.005875824871940495,0.007492778987780341,0.009048779030516712,0.01055217158595313,0.012009844612519938,0.013427532969563371,0.014810050188739085,0.016161466469012904,0.017485246916528207,0.018784360023569254,0.020061363605667813,0.021318473481631156,0.022557618810375987,0.02378048701520447,0.02498856051326805,0.026183146942719074,0.02736540419312093,0.028536361252497335,0.029696935664946023,0.03084794822497175,0.031990135405857274,0.03312415991963565,0.03425061972843807,0.03537005576592122,0.03648295857922558,0.03758977406356057,0.03869090843136188,0.03978673252954601,0.04087758561034508,0.04196377862416465,0.04304559711179785,0.04412330374840146,0.04519714058777984,0.04626733104737906,0.04733408166828637,0.04839758367944056,0.04945801439100519,0.05051553843828613,0.05157030889457085,0.05262246826872741,0.053672149401251756,0.0547194762706242,0.05576456472027822,0.05680752311515443,0.05784845293567073,0.05888744931596138,0.05992460153239138,0.06095999344762578,0.06199370391490055,0.06302580714659654,0.06405637305073987,0.06508546753863935,0.06611315280650888,0.06713948759360537,0.06816452741913658,0.06918832479994778,0.07021092945078335,0.07123238846872838,0.07225274650327028,0.07327204591327106,0.0742903269120115,0.07530762770135081,0.0763239845959436,0.0773394321383631,0.0783540032058982,0.07936772910971827,0.0803806396870349,0.08139276338683085,0.08240412734967378,0.08341475748208614,0.08442467852589867,0.08543391412297889,0.08644248687568969,0.08745041840340352,0.08845772939536913,0.0894644396602023,0.09047056817225002,0.09147613311505544,0.09248115192213363,0.09348564131524995,0.09448961734037724
0.031144781144781145,0.0,2.08903613545617e-17,3.2463776495288695e-15,9.488715665130147e-14,1.1033184255037221e-22,1.551947756527781e-19,1.1941406349843786e-16,9.502237919088565e-24,1.4850361067527893e-19,4.3083844035223404e-16,1.9058540189125655e-22,1.5359890207007273e-17,2.46705623200821e-22,2.413051862890579e-15,4.460597266527234e-15,4.921736051095319e-14,0.0009805360204033211,0.0028791484433050396,0.0046781557653363766,0.006393370584812472,0.008037425394467222,0.009620532572416109,0.011151037830818727,0.012635828401891959,0.014080638538907557,0.015490281264345812,0.016868826346187745,0.01821973852364339,0.019545985974563484,0.02085012624350756,0.022134374914519136,0.023400660942096304,0.024650671570774055,0.025885889060590448,0.027107620911135107,0.028317024889270462,0.029515129873976264,0.030702853312114517,0.03188101591120609,0.03305035406648505,0.03421153041975204,0.035365142869767476,0.03651173229286057,0.037651789184184,0.03878575939169132,0.03991404908465193,0.041037029070951185,0.04215503856669658,0.04326838848934452,0.04437736434942947,0.04548222879427146,0.04658322385202271,0.04768057291645177,0.04877448250675664,0.049865143831609525,0.05095273418238224,0.05203741817693234,0.05311934887232417,0.05419866876232229,0.05527551067334377,0.05634999857072934,0.05742224828563497,0.05849236817151632,0.05956045969803606,0.06062661798924574,0.06169093231204855,0.06275348652022132,0.06381435945864297,0.0648736253318289,0.06593135404039614,0.0669876114886679,0.06804245986626624,0.06909595790622265,0.07014816112186066,0.07119912202445965,0.07224889032349492,0.07329751311106002,0.07434503503191016,0.07539149844041801,0.07643694354560233,0.07748140854527345,0.07852492975023725,0.07956754169940598,0.08060927726658397,0.08165016775962208,0.08269024301256965,0.08372953147139418,0.08476806027378692,0.08580585532352458,0.08684294135981567,0.08787934202202195,0.08891507991011083,0.08995017664116345,0.09098465290223577,0.09201852849984415,0.09305182240632459,0.09408455280329302,0.09511673712241688,0.09614839208368914,0.09717953373138215
0.03156565656565657,0.0,2.2637947680833192e-17,3.5490192160685783e-15,1.0662403745588943e-13,1.6293273067753412e-22,2.490480382371508e-19,1.999959618485586e-16,2.5625714576702134e-23,3.8591207196096353e-19,1.0575906576130254e-15,1.0233156765228794e-21,7.135872694789065e-17,4.350144428566368e-21,3.036067850876721e-14,6.541757708953094e-22,5.0303198044170395e-14,0.001422907033700276,0.003348972845512187,0.0051754420153871114,0.006918127513728175,0.008589660608914324,0.010200252608308556,0.011758248334966978,0.013270534284346172,0.014742844094398253,0.016179990271577262,0.017586042146679935,0.0189644640867961,0.02031822395092174,0.021649879008840536,0.02296164460654,0.024255449491240477,0.025532980726189664,0.026795720412125166,0.028044975908131348,0.029281904856651487,0.030507536026094767,0.031722786764726535,0.032928477691866444,0.03412534512360761,0.03531405163053552,0.03649519504715295,0.037669316191659606,0.038836905506492894,0.03999840879215611,0.04115423217277781,0.0423047464179962,0.04345029070686645,0.04459117592343326,0.04572768754754805,0.046860088198304124,0.04798861987784233,0.04911350595592225,0.05023495292954624,0.05135315198683622,0.05246828040010948,0.053580502769531,0.054689972135715026,0.05579683097711131,0.05690121210586113,0.05800323947398168,0.05910302890017974,0.06020068872626529,0.061296320410995364,0.06239001906819772,0.06348187395518128,0.06457196891671049,0.0656603827891901,0.06674718976916016,0.06783245974972485,0.06891625862812416,0.06999864858729606,0.07107968835395949,0.07215943343547149,0.07323793633746759,0.07431524676408036,0.07539141180234198,0.07646647609220927,0.0775404819835027,0.07861346968091941,0.07968547737816427,0.08075654138214053,0.08182669622804817,0.08289597478615834,0.08396440836095691,0.0850320267832867,0.08609885849605788,0.08716493063404494,0.08823026909824049,0.089294898625194,0.09035884285172659,0.09142212437537661,0.09248476481090184,0.09354678484313472,0.09460820427646292,0.0956690420811832,0.09672931643695742,0.09778904477357943,0.09884824380924523,0.09990692958650259
0.03198653198653199,0.0,2.0214600510188142e-17,3.2133599826417585e-15,1.0285450492568619e-13,2.926208970276686e-22,3.2445275903266964e-19,2.771332440580439e-16,3.1303597805237743e-22,7.100993683416684e-19,1.9929464440976792e-15,4.10203561548308e-21,2.461863150156821e-16,4.859736991699335e-20,2.2469797243602426e-21,9.459578627231651e-19,4.9467481062490494e-20,0.0018713586921554907,0.003825256990786126,0.005679566528210094,0.007450100960009312,0.00914949053770492,0.010787945563496023,0.012373809994352149,0.013913969596083089,0.015414157393379356,0.016879185374647207,0.018313122431475263,0.01971943255618072,0.021101083286227115,0.02246063161406085,0.02380029264525134,0.02512199491749933,0.026427425310834623,0.027718065764886127,0.028995223496611395,0.030260056022572587,0.031513591999289436,0.03275674867523967,0.03399034658046499,0.03521512195094268,0.036431737285159006,0.037640790352556165,0.0388428219124736,0.04003832235452288,0.0412277374289133,0.04241147321747166,0.0435899004487666,0.04476335826493379,0.04593215751617499,0.047096583651262285,0.04825689926069676,0.049413346320270606,0.05056614817542252,0.05171551130067043,0.0528616268633182,0.0540046721163798,0.055144811642096454,0.056282198464417066,0.05741697504627586,0.058549274185351115,0.05967921982016155,0.060806927756801056,0.06193250632528089,0.06305605697330867,0.06417767480435373,0.06529744906600425,0.06641546359389325,0.06753179721583948,0.06864652412030223,0.06975971419277349,0.0708714333233163,0.07198174368809607,0.0730907040074356,0.07419836978264636,0.07530479351364523,0.07641002489915123,0.07751411102106798,0.0786170965144902,0.07971902372462578,0.08081993285179273,0.08191986208553603,0.0830188477288043,0.08411692431303602,0.08521412470492208,0.08631048020553865,0.08740602064247927,0.08850077445555615,0.08959476877658822,0.09068802950374671,0.091780581370887,0.09287244801225543,0.09396365202292896,0.09505421501531103,0.09614415767198103,0.09723349979516939,0.0983222603531066,0.09941045752347429,0.10049810873416774,0.10158523070156185,0.1026718394664571
0.032407407407407406,0.0,2.6499272051405958e-17,4.233946423653082e-15,1.3470753464394276e-13,3.567205774254842e-22,6.38393021906512e-19,5.539976394206866e-16,1.7979060543627168e-22,2.4485506155817367e-18,6.110509734804893e-15,2.6040290021713844e-20,1.4224652562187975e-15,1.068838683952399e-18,6.11698149849972e-20,2.135453853956002e-15,0.00022420603248469022,0.002325913659540555,0.00430801635823673,0.006190542630874887,0.007989303411134449,0.009716927344504878,0.011383623532679112,0.01299773497913685,0.014566146672930129,0.016094590996533004,0.017587879401223704,0.01905008032564964,0.020484657377128717,0.021894577763676985,0.02328239819410453,0.024650333528410538,0.026000312090627597,0.02733402057391797,0.028652940753815928,0.029958379702563303,0.03125149480860355,0.0325333146146189,0.033804756267592544,0.03506664020678421,0.03631970258672353,0.037564605832612806,0.03880194764777547,0.040032268731741885,0.04125605941976675,0.042473765413052006,0.04368579274833508,0.04489251211319643,0.0460942626122747,0.04729135506140259,0.04848407487779182,0.0496726846229108,0.05085742624579865,0.052038523067201276,0.05321618153880939,0.054390592806792315,0.055561934104568146,0.05673036999618325,0.05789605348866967,0.059059127029212656,0.060219723400810034,0.0613779665282797,0.06253397220491377,0.06368784874874839,0.06483969759627689,0.06598961384045578,0.06713768671900781,0.06828400005829886,0.0694286326774342,0.07057165875667253,0.0717131481737809,0.07285316681153912,0.07399177683924,0.07512903697071567,0.07626500270114288,0.07739972652463546,0.0785332581344191,0.07966564460719336,0.08079693057311942,0.08192715837272461,0.08305636820188368,0.08418459824592041,0.08531188480377094,0.08643826240305702,0.08756376390683672,0.08868842061272662,0.08981226234502349,0.09093531754039608,0.09205761332766453,0.09317917560213772,0.09430002909493708,0.09542019743769688,0.09653970322299672,0.09765856806085123,0.0987768126315539,0.09989445673514652,0.1010115193377631,0.10212801861507616,0.10324397199305478,0.1043593961862263,0.10547430723361827
0.03282828282828283,0.0,2.8626258584057437e-17,4.6207604711716995e-15,1.5146757084892006e-13,5.287262640389477e-22,1.01933915731188e-18,9.161142877075038e-16,4.673190435538401e-22,5.9876478160760146e-18,1.439026205387888e-14,1.2306614501354738e-19,6.135993815717868e-15,1.4417964440544112e-17,5.288408067275608e-18,2.58369323442761e-20,0.0006562516184340114,0.0027865604242775337,0.004797248378349713,0.006708370701212188,0.008535736847693575,0.010291974092401289,0.011987290405956969,0.013630027861747438,0.015227070679717005,0.016784150601425827,0.01830607853984886,0.0197969224783815,0.0212601456366914,0.022698714890663812,0.024115186662933732,0.025511775565458212,0.02689040970648902,0.028252775590311797,0.029600354826564965,0.030934454341149695,0.03225623139292525,0.03356671440941402,0.03486682043491063,0.036157369816813355,0.037439098627226754,0.03871266921718291,0.03997867922308136,0.04123766928443484,0.04249012967993082,0.043736506062656916,0.04497720442322393,0.04621259540771139,0.04744301808279102,0.04866878322949487,0.04989017623307709,0.05110745962560728,0.052320875329033546,0.05353064663909632,0.05473697998436964,0.05594006648961982,0.05714008336841977,0.058337195166389195,0.05953155487342759,0.060723304920769945,0.061912578076546036,0.06309949825169744,0.06428418122655061,0.06546673530701287,0.06664726191821943,0.06782585614247887,0.06900260720752166,0.07017759893032734,0.07135091012117553,0.07252261495201863,0.07369278329279927,0.07486148101892005,0.07602877029271239,0.07719470982143409,0.07835935509404776,0.07952275859878934,0.08068497002332013,0.08184603643906826,0.08300600247119751,0.08416491045549418,0.08532280058333204,0.08647971103575919,0.08763567810764711,0.08879073632275135,0.08994491854045018,0.09109825605485568,0.09225077868692495,0.09340251487014267,0.09455349173029114,0.09570373515977965,0.0968532698869604,0.09800211954082143,0.09915030671141262,0.10029785300632876,0.10144477910354777,0.10259110480089419,0.10373684906237841,0.10488203006163764,0.10602666522268973,0.10717077125819047,0.10831436420537134
0.03324915824915825,0.0,2.536183739389779e-17,4.1622078110845905e-15,1.4699715998980563e-13,7.196448585492402e-22,1.328246368450794e-18,1.2566010052888031e-15,1.1279064685508915e-21,1.061088576655648e-17,2.666598225475548e-14,3.9257380307010914e-19,9.611182077213368e-22,1.265849696378338e-16,2.49083337191218e-16,2.4454263689568954e-15,0.001094035860111583,0.003253307138821177,0.005292960221283625,0.007233057990772694,0.00908940879223996,0.010874638634938828,0.012598954391965829,0.014270697217900875,0.015896750565527504,0.017482845534482448,0.019033792496711964,0.02055365897724244,0.02204590780494295,0.02351350552056661,0.024959008257753188,0.02638463037800974,0.027792299771386395,0.029183702751275433,0.030560320759564427,0.031923460574148126,0.03327427932280467,0.03461380531654993,0.03594295549577673,0.037262550114927025,0.03857332516269064,0.039875942915033026,0.04117100094061653,0.042459039817560246,0.043740549769242465,0.045015976398060854,0.04628572564860736,0.04755016812494475,0.04880964285530528,0.050064460585486255,0.05131490666838503,0.052561243606304354,0.05380371329376149,0.05504253900117737,0.05627792713371856,0.05751006879447875,0.05873914117693527,0.059965308808048505,0.061188724660368725,0.0624095311489788,0.06362786102695196,0.06484383819117766,0.06605757840885189,0.06726918997359925,0.06847877429905233,0.06968642645673633,0.07089223566426223,0.07209628572910366,0.07329865545260199,0.0744994189982975,0.07569864622820845,0.07689640301026608,0.07809275149975156,0.07928775039726418,0.08048145518547316,0.08167391834666117,0.08286518956285396,0.08405531590014088,0.08524434197862417,0.08643231012928838,0.08761926053894875,0.08880523138432271,0.08999025895616508,0.09117437777431563,0.0923576206944256,0.0935400190070575,0.09472160252978605,0.09590239969287084,0.09708243761901746,0.09826174219769822,0.09944033815446053,0.10061824911561242,0.10179549766864125,0.10297210541869102,0.10414809304139412,0.10532348033232965,0.10649828625335674,0.10767252897605135,0.1088462259224549,0.11001939380332743,0.11119204865408143
0.033670033670033676,0.0,3.3308050822501834e-17,5.495992823415809e-15,1.9168844163987738e-13,1.1646744010830449e-21,2.5826320951498114e-18,2.4720262487958124e-15,3.0319824955287364e-21,3.395202044734245e-17,7.010565234086283e-24,2.4319613727302434e-18,4.3508577050484426e-23,1.9654850759750565e-15,1.9290993018232488e-14,1.8546563925432115e-16,0.0015375754491126082,0.0037261713323202103,0.005795166011779911,0.007764617413829281,0.009650331687102779,0.011464933278063394,0.013218627841674721,0.014919755552163185,0.01657519905957233,0.018190688797717333,0.019771034581303075,0.021320303464919355,0.022841957877392797,0.02433896401704769,0.025813877722639295,0.02726891310036055,0.02870599781802283,0.03012681799470002,0.03153285490160581,0.03292541516611117,0.0343056557827286,0.03567460494405944,0.03703317948491822,0.03838219956531013,0.03972240108919665,0.04105444625630616,0.042378932567022375,0.043696400535640785,0.045007340330838023,0.046312197503091984,0.047611377950281274,0.048905252233821805,0.05019415934293272,0.051478409987653316,0.05275828948804537,0.054034060316206084,0.055305964338818896,0.05657422480061439,0.057839048083009735,0.05910062526711019,0.060359133526005505,0.06161473736772604,0.06286758974722174,0.06411783306319001,0.06536560005343045,0.06661101460057789,0.06785419245850936,0.06909524190839027,0.07033426435218569,0.07157135485048309,0.07280660261062925,0.0740400914304561,0.07527190010223934,0.07650210278098708,0.07773076932068043,0.07895796558167299,0.08018375371209545,0.08140819240579406,0.08263133713905521,0.08385324038812407,0.08507395182931092,0.08629351852329058,0.08751198508503233,0.08872939384065098,0.08994578497233872,0.09116119665242121,0.09237566516747851,0.0935892250333793,0.09480190910199525,0.09601374866028926,0.097224773522406,0.09843501211533452,0.09964449155866034,0.10085323773887767,0.10206127537868953,0.10326862810168601,0.10447531849275633,0.10568136815455907,0.1068867977603482,0.10809162710342568,0.10929587514346938,0.11049956004996497,0.11170269924294973,0.11290530943126136,0.11410740664846784
0.034090909090909095,0.0,3.5877782459458234e-17,5.990294295617131e-15,2.1576776217961483e-13,1.730357167655981e-21,4.096802948332591e-18,9.777157209371226e-26,7.558960793305651e-21,7.894615225141923e-17,3.4164590903553833e-23,1.0255872461342736e-17,6.308432769570989e-22,2.065022388792367e-14,5.473642657011258e-21,1.2187882407762001e-21,0.001986842753365418,0.004205148130163475,0.006303865157892979,0.008303050389686062,0.010218508217319745,0.012062861635247177,0.013846315115578644,0.015577207863428819,0.017262421728314038,0.01890768647705799,0.020517811364443906,0.02209686297150809,0.023648303323878753,0.025175098274467674,0.026679803364284216,0.028164632441735806,0.029631512950078664,0.03108213081199815,0.03251796712617452,0.03394032836778487,0.03535037139657513,0.03674912428538165,0.03813750376222428,0.039516329891573596,0.040886338491670414,0.042248191685107295,0.04360248690256178,0.044949764595620334,0.04629051487569965,0.04762518324138399,0.048954175543274164,0.050277862299622715,0.051596582460162195,0.052910646698738906,0.05422034030217884,0.055525925712004716,0.05682764476672566,0.058125720685066905,0.05942035982440471,0.06071175324358568,0.062000078095060925,0.0632854988676975,0.0645681684986278,0.06584822936996135,0.06712581420403527,0.06840104686905339,0.06967404310540866,0.07094491118165287,0.0722137524879388,0.07348066207378037,0.07474572913613262,0.07600903746306588,0.07727066583767735,0.07853068840633685,0.07978917501488818,0.08104619151601285,0.0823018000506019,0.08355605930566434,0.0848090247510242,0.08606074885681349,0.0873112812935558,0.08856066911644382,0.0898089569352496,0.09105618707115735,0.0923023997016784,0.09354763299469177,0.09479192323255041,0.09603530492710222,0.09727781092639194,0.09851947251373784,0.09976031949981153,0.10100038030829056,0.10223968205560124,0.10347825062522222,0.10471611073697668,0.10595328601170267,0.10718979903165844,0.10842567139698615,0.10966092377853152,0.11089557596729067,0.11212964692073295,0.11336315480622731,0.11459611704178191,0.11582855033428795,0.11706047071544558
0.034511784511784514,0.0,3.861052064531001e-17,6.526765026961383e-15,2.4298176218013717e-13,2.5719850622546666e-21,6.482722550778286e-18,2.4125519285857665e-25,1.8562013928663006e-20,1.8099377905423495e-16,1.6183417578812458e-22,4.202964541867662e-17,8.684142951203209e-21,1.8543511406594604e-22,6.91576688450751e-18,4.8281712042543146e-05,0.002441853659358995,0.004690247782311755,0.006819067047452723,0.008848366176761989,0.010793947757598543,0.01266843330946132,0.014482026105463662,0.016243064368237945,0.01795842913682,0.01963384950225947,0.021274134152175325,0.02288334918794582,0.024464956226809415,0.026021920771784307,0.027556798062417242,0.029071801685900314,0.030568858858089243,0.03204965530275608,0.03351567194383041,0.03496821510233969,0.036408441501531746,0.037837379092939286,0.0392559444964153,0.040664957679668545,0.04206515437411785,0.043457196624728016,0.04484168179010382,0.046219150259752595,0.04759009208663632,0.04895495271677729,0.050314137952890144,0.05166801826950912,0.05301693257637263,0.05436119151066882,0.05570108032556092,0.05703686143160434,0.0583687766387718,0.059697049139449364,0.06102188526666339,0.06234347605671594,0.06366199864115434,0.06497761748943616,0.06629048552064744,0.06760074510009671,0.06890852893445999,0.07021396087732472,0.07151715665542653,0.07281822452454163,0.07411726586285879,0.07541437570867608,0.07670964324842337,0.078003152260284,0.07929498151805874,0.08058520515936811,0.08187389302181412,0.08316111095030769,0.08444692107840722,0.08573138208619659,0.08701454943695432,0.088296475594621,0.08957721022385917,0.09085680037430882,0.09213529065047808,0.09341272336855723,0.09468913870131668,0.09596457481213151,0.09723906797907345,0.09851265270991788,0.09978536184883346,0.10105722667544705,0.10232827699691253,0.10359854123355343,0.10486804649859632,0.10613681867246562,0.1074048824720674,0.10867226151545258,0.10993897838221463,0.11120505466994683,0.11247051104705574,0.11373536730220214,0.11499964239061837,0.1162633544775296,0.11752652097888862,0.11878915859961525,0.12005128336951786
0.03493265993265993,0.0,3.387367948596002e-17,5.84641781479372e-15,2.384268799410723e-13,3.120802267430925e-21,8.420591766940557e-18,2.3594702812566266e-22,3.2209379488051666e-20,3.1253100567409746e-16,1.055362276771657e-21,1.2719125744546503e-16,7.594202833810668e-20,1.071378463007545e-20,3.65219976746046e-15,0.0004783394620639626,0.00290260954590273,0.005181474136277461,0.007340776615557951,0.009400570460585799,0.011376656603987555,0.01328165513561381,0.015125768142883167,0.016917332869210915,0.01866322954048161,0.020369186568851973,0.022040012070902646,0.02367977166450939,0.025291926554905034,0.026879441891906622,0.028444872610592992,0.029990432034265962,0.031518047148976665,0.0330294034774377,0.03452598176691075,0.03600908818255921,0.03747987930959728,0.03893938297687639,0.04038851569484443,0.04182809733333284,0.0432588635359317,0.04468147626846509,0.04609653281846481,0.047504573510758645,0.04890608833980231,0.05030152269843263,0.05169128234090905,0.053075737697526854,0.05445522763755309,0.05583006276107954,0.057200528287203435,0.05856688659514139,0.059929379465986955,0.06128823006546988,0.06264364470197344,0.06399581438898302,0.06534491623688983,0.0666911146955073,0.06803456266565662,0.06937540249564186,0.07071376687628805,0.07204977964638898,0.07338355651885708,0.0747152057365377,0.07604482866551016,0.07737252033272024,0.07869836991394444,0.08002246117735869,0.08134487288735405,0.08266567917269514,0.08398494986264159,0.08530275079423878,0.08661914409362302,0.08793418843386852,0.08924793927162837,0.09056044906457598,0.09187176747144095,0.09318194153624294,0.09449101585816172,0.09579903274833242,0.09710603237472652,0.09841205289616008,0.09971713058637098,0.10102129994901238,0.1023245938243293,0.10362704348821188,0.10492867874425317,0.10622952800938155,0.10752961839358464,0.10882897577419504,0.1101276248651661,0.11142558928172726,0.11272289160077446,0.11401955341732094,0.11531559539730411,0.11661103732702068,0.11790589815943849,0.11920019605761269,0.1204939484354154,0.12178717199577081,0.12307988276657228
0.03535353535353535,0.0,4.4598247691969265e-17,7.741227962704179e-15,3.0861623911035975e-13,5.686463889369001e-21,1.6105465855850848e-17,1.4333736901712444e-24,1.0673780651196212e-19,9.15746426537366e-16,3.3069029168303436e-21,6.580480685397547e-16,1.3382482350721205e-18,9.49426330543239e-19,5.3418031242020096e-20,0.0009140390037059412,0.003369130299673491,0.005678842140956046,0.00786900723506735,0.009959676016065832,0.011966647348474071,0.013902539736990993,0.015777554008029267,0.017600026382427112,0.019376836245432152,0.021113711311153693,0.022815459111160067,0.024486144769180443,0.02612922907010506,0.027747676803746155,0.029344042595269126,0.030920539499475316,0.032479094268742285,0.03402139222143013,0.03554891392530444,0.03706296538721708,0.038564703052216265,0.04005515462460354,0.04153523650377532,0.04300576846022841,0.04446748604893236,0.045921051153925856,0.04736706099208766,0.04880605582216737,0.05023852557927311,0.05166491560229619,0.053085631596351913,0.05450104394687052,0.055911491482077226,0.05731728476444648,0.05871870897853267,0.06011602647177628,0.061509478995989686,0.06289928968987642,0.06428566483683526,0.06566879542721978,0.06704885854997315,0.0684260186349943,0.06980042856458854,0.07117223066982228,0.0725415576254524,0.07390853325527659,0.07527327325819537,0.07663588586394672,0.07799647242633555,0.07935512796080074,0.08071194163232066,0.08206699719892786,0.08342037341547594,0.08477214440175362,0.08612237997856503,0.08747114597498362,0.08881850450962313,0.09016451424845344,0.09150923064141259,0.09285270613982227,0.09419499039639923,0.09553613044946696,0.09687617089280483,0.09821515403242509,0.09955312003143547,0.10089010704403173,0.10222615133955974,0.10356128741749482,0.10489554811410577,0.10622896470149577,0.10756156697964936,0.10889338336205406,0.11022444095541511,0.11155476563393191,0.11288438210856548,0.11421331399168584,0.11554158385745555,0.11686921329827309,0.11819622297757358,0.11952263267925811,0.1208484613539998,0.12217372716265466,0.12349844751698628,0.12482263911789658,0.12614631799133827
0.03577441077441078,0.0,4.78706747140841e-17,8.427617960831557e-15,3.481085048056528e-13,8.455501340691431e-21,2.5280778555209035e-17,3.45035869057559e-24,2.497734167482225e-19,2.0241223434914157e-15,1.4206483792963435e-20,2.5271617567630078e-15,1.461421108014956e-17,5.2035856268296277e-17,3.3908859305293585e-15,0.0013551014699745255,0.003841408524470689,0.006182350340281592,0.00840375987591817,0.010525685251255384,0.012563923420825815,0.014531091350624163,0.01643738861995157,0.018291150429501076,0.020099255322133882,0.021867430310475333,0.0236004823372007,0.025302476028036786,0.026976871743868158,0.028626633911290302,0.030254316842440367,0.03186213332096543,0.03345200986315972,0.035025631580878715,0.03658447886046926,0.03812985754875222,0.03966292394907001,0.041184705639792714,0.04269611890802353,0.044197983423806035,0.04569103465187315,0.047175934395402,0.04865327979792902,0.05012361105200774,0.05158741803271329,0.053045146024366774,0.05449720068236918,0.05594395234676372,0.05738573980425545,0.05882287357926196,0.06025563882139065,0.061684297845933274,0.0631090923750774,0.06453024552018242,0.06594796353936856,0.06736243739958471,0.06877384416807301,0.0701823482545825,0.07158810252268376,0.07299124928600136,0.07439192120303362,0.07579024208240441,0.07718632760883594,0.07858028599880329,0.07997221859369098,0.08136222039729436,0.08275038056366495,0.08413678284057129,0.08552150597321595,0.08690462407230455,0.0882862069500852,0.08966632042756428,0.09104502661574308,0.09242238417340225,0.09379844854368485,0.0951732721714848,0.09654690470343417,0.09791939317209204,0.09929078216577318,0.10066111398530529,0.10203042878887432,0.1033987647260004,0.1047661580615847,0.10613264329087489,0.10749825324611571,0.10886301919557821,0.11022697093559487,0.11159013687617149,0.11295254412069132,0.11431421854018305,0.11567518484257938,0.11703546663735694,0.11839508649591167,0.11975406600799611,0.1211124258345132,0.12247018575693958,0.12382736472362592,0.12518398089320273,0.12654005167529994,0.12789559376877271,0.12925062319760997
0.0361952861952862,0.0,5.1341007971798796e-17,9.173043175117465e-15,3.9289987301727246e-13,1.2570412497286067e-20,3.9569816764539046e-17,8.235016132313214e-24,5.74969537044625e-19,4.425064888451183e-15,5.889806291156324e-20,9.530114632583385e-15,1.4631769008789247e-16,2.3050027639897213e-15,3.902661609744118e-17,0.001801553184646706,0.004319455226591745,0.006692008378363031,0.008945043946603472,0.011098607664794721,0.01316849454801418,0.015167320003274434,0.017105282346999318,0.018990715746998822,0.020830497893355854,0.022630355088549117,0.02439509367910829,0.026128777786630895,0.02783486734278672,0.029516326406478114,0.031175708972977972,0.03281522755144565,0.034436808419191445,0.03604213647902961,0.03763269193365995,0.03920978046790689,0.04077455824166672,0.0423280527058315,0.04387118003383215,0.045404759794546216,0.04692952735982348,0.04844614445249127,0.04995520814136012,0.051457258551972605,0.05295278549863275,0.05444223421042086,0.0559260102924127,0.05740448403870708,0.05887799419397876,0.060346851244121265,0.06181134030336576,0.06327172365446053,0.06472824298960443,0.06618112139247703,0.06763056509560948,0.06907676504225871,0.07051989827769929,0.07196012919128296,0.07339761062761549,0.07483248488266542,0.07626488459847292,0.07769493356830164,0.07912274746252151,0.08054843448418171,0.08197209596209393,0.08339382688826687,0.08481371640569123,0.08623184825174533,0.08764830116186234,0.08906314923755326,0.09047646228240493,0.09188830610925762,0.09329874282140695,0.09470783107035595,0.09611562629236904,0.09752218092583366,0.09892754461122248,0.10033176437525931,0.10173488480072719,0.10313694818320568,0.10453799467589847,0.1059380624235927,0.10733718768669032,0.10873540495615923,0.11013274706017094,0.11152924526311697,0.11292492935763336,0.114319827750201,0.11571396754084061,0.11710737459737114,0.11850007362465992,0.1198920882292544,0.12128344097975023,0.12267415346322134,0.12406424633800733,0.12545373938313067,0.12684265154459126,0.1282310009787666,0.12961880509312673,0.1310060805844551,0.13239284347475258
0.03661616161616162,0.0,4.463425089227795e-17,8.18349940724366e-15,3.908841242186619e-13,1.498516520067665e-20,5.107962343294879e-17,2.7004768785073467e-22,9.42512445281319e-19,7.540201329368912e-15,1.6427992372836157e-19,9.69776454157873e-22,1.0063714244583945e-15,3.172522954900411e-21,1.332179010744118e-15,0.0022533927472539266,0.00480327374704764,0.00720782095049721,0.009492864997878636,0.01167844947773399,0.013780367532247829,0.015811233028359066,0.017781243022725383,0.019698730648286825,0.021570572738051616,0.023402494879606602,0.02519930281867444,0.026965060168409855,0.02870322642724008,0.030416765282917837,0.032108230410677716,0.03377983404238936,0.035433502213891264,0.03707091961674538,0.03869356626803676,0.040302747688838896,0.041899619894034484,0.04348521020563398,0.045060434682136274,0.04662611278949433,0.048182979807546454,0.04973169737592927,0.05127286248854367,0.05280701520316117,0.05433464527262344,0.05585619787014056,0.05737207854988832,0.05888265755949531,0.060388273601124254,0.061889237121702106,0.06338583319967683,0.06487832408487844,0.06636695143917112,0.06785193831823495,0.06933349092871617,0.07081180018990553,0.07228704312485537,0.0737593841022837,0.07522897594761126,0.07669596093894558,0.07816047170167732,0.07962263201353122,0.08108255753035774,0.08254035644162393,0.08399613006342205,0.08544997337583671,0.0869019755106688,0.08835222019478504,0.08980078615373514,0.09124774747972804,0.09269317396758815,0.09413713142189421,0.09557968193814576,0.09702088416048321,0.09846079351821196,0.09989946244313662,0.1013369405694982,0.10277327491811722,0.10420851006617991,0.10564268830395623,0.10707584977960925,0.10850803263313748,0.10993927312039088,0.11136960572800758,0.11279906328003775,0.11422767703694818,0.11565547678763467,0.11708249093501218,0.11850874657569917,0.11993426957426727,0.12135908463248236,0.12278321535392826,0.12420668430436749,0.12562951306816386,0.12705172230106357,0.12847333177960593,0.1298943604474124,0.1313148264585811,0.13273474721839681,0.13415413942154672,0.1355730190880203
0.03703703703703704,0.0,5.891414836147911e-17,1.0862513176508354e-14,5.015164185351097e-13,2.7748455625064175e-20,9.608520544794151e-17,4.5691679478620367e-23,2.903733065572305e-18,2.0472014670913212e-14,9.125945217101838e-19,5.661570567205793e-23,1.1983993510381801e-14,5.008258615871636e-20,5.465957496033032e-14,0.0027106449240628535,0.005292880315981401,0.007729802032506447,0.010047236188808475,0.012265223581373753,0.014399555263671523,0.01646284346482262,0.01846528392828526,0.02041520871811615,0.022319493787552307,0.024183863992782408,0.026013124466259557,0.02781133830293223,0.02958196456032985,0.031327966548587084,0.033051897617688675,0.0347559697178039,0.036442108639559316,0.038111998860063674,0.03976712020802634,0.04140877803837207,0.04303812821887473,0.04465619794082263,0.04626390314615761,0.04786206319648986,0.049451413278308154,0.05103261494694813,0.05260626512037083,0.05417290378765019,0.0557330206393302,0.05728706079199464,0.05883542974823352,0.06037849770858134,0.061916603332120006,0.06345005702629017,0.06497914383328073,0.06650412596956658,0.06802524506627587,0.06954272415071938,0.07105676940331727,0.07256757171907878,0.07407530809854239,0.07558014288952172,0.0770822288980014,0.07858170838399438,0.08007871395602453,0.08157336937607504,0.08306579028528786,0.0845560848593712,0.08604435440153252,0.08753069387977769,0.08901519241457244,0.09049793372213592,0.09197899651800616,0.09345845488496989,0.09493637860897562,0.09641283348623385,0.09788788160434748,0.09936158159999936,0.10083398889544587,0.10230515591582423,0.10377513228906347,0.10524396503000465,0.10671169871016524,0.10817837561443745,0.10964403588587877,0.11110871765963772,0.11257245718695368,0.1140352889500793,0.11549724576889081,0.11695835889987967,0.11841865812815373,0.11987817185301596,0.12133692716763927,0.1227949499333062,0.12425226484864149,0.12570889551422745,0.12716486449295708,0.12862019336644948,0.13007490278782421,0.13152901253110583,0.13298254153750672,0.13443550795881667,0.13588792919810708,0.1373398219479422,0.13879120222627442
0.03745791245791246,0.0,6.303728140443094e-17,1.1818607297412568e-14,4.650072857409364e-24,4.118979787455034e-20,1.4904673942151787e-16,1.061757839869001e-22,6.3779404467934336e-18,2.0767612638499582e-24,3.427594666845019e-18,6.484283856089155e-22,4.2964344722651965e-23,3.3843861178150604e-17,0.00037918949143301304,0.003173296861969891,0.0057882720745517265,0.008257951924446649,0.010608159524392528,0.012858933134894892,0.01502606178874482,0.01712215609648516,0.019157410491748874,0.021140155967544493,0.023077267593084243,0.024974469488401322,0.026836566168002382,0.02866762020427739,0.030471090209888873,0.032249939113816954,0.03400671993763295,0.035743644346995965,0.03746263788482513,0.03916538481155828,0.040853364765555435,0.04252788293383284,0.04419009503548346,0.045841028129665534,0.04748159804094249,0.04911262402413675,0.05073484117264668,0.052348910956166755,0.05395543021587796,0.05555493887139492,0.05714792655027098,0.05873483831183259,0.060316079606507554,0.0618920205872092,0.06346299986945535,0.06502932782075665,0.06659128944663482,0.06814914692983379,0.06970314187039871,0.07125349726695045,0.07280041927338646,0.07434409876015942,0.07588471270503865,0.07742242543469614,0.07895738973545974,0.08048974784904218,0.08201963236690855,0.08354716703512129,0.0850724674799465,0.08659564186317638,0.08811679147498697,0.0896360112711674,0.09115339036071883,0.09266901244909127,0.09418295624169663,0.09569529581179163,0.0972061009363475,0.09871543740311067,0.10022336729169706,0.10172994923124641,0.1032352386368856,0.10473928792700775,0.10624214672315772,0.10774386203412861,0.10924447842570412,0.11074403817733687,0.11224258142692027,0.11374014630469714,0.11523676905724352,0.1167324841623761,0.11822732443574914,0.11972132112983329,0.12121450402590468,0.12270690151961311,0.12419854070064605,0.12568944742695928,0.12717964639400028,0.12866916119931524,0.1301580144028948,0.1316462275835816,0.1331338213918384,0.13462081559914604,0.13610722914428028,0.13759308017669578,0.13907838609722514,0.1405631635962854,0.1420474286897682
0.03787878787878788,0.0,5.445325693724269e-17,1.0521958176198831e-14,9.883819471810372e-23,4.913963666000356e-20,1.9123208952032935e-16,4.443337489306293e-22,1.01776182342439e-17,5.239829911961532e-22,9.166061403229113e-18,5.748468532890136e-21,3.3941332644145724e-21,1.0050780187979825e-14,0.0008141179415463235,0.00364135683307029,0.006289456332007298,0.008792278109032488,0.011175642838441422,0.013459586375961556,0.015659895770020006,0.01778918002087081,0.019857632251096508,0.021873582378216683,0.02384390458198785,0.02577432224085011,0.027669639246273182,0.02953391764347089,0.03137061559609995,0.03318269564832502,0.034972710490056604,0.03674287149957244,0.03849510396954339,0.04023109194148427,0.041952314861405514,0.043660077746634655,0.045355536165995115,0.047039717045094326,0.048713536089315425,0.05037781244714468,0.052033281116242336,0.05368060348027883,0.055320376302810274,0.05695313943322591,0.05857938243539238,0.060199550310744275,0.06181404845696836,0.0634232469788271,0.06502748444778904,0.06662707119098936,0.06822229217687294,0.06981340955407539,0.07140066489121068,0.07298428115788809,0.07456446448118458,0.07614140570672041,0.0777152817892397,0.07928625703403497,0.08085448420755571,0.08242010553300812,0.08398325358460618,0.08554405209231203,0.08710261666734753,0.08865905545743212,0.09021346973956273,0.09176595445717362,0.09331659870767174,0.0948654861856159,0.09641269558617731,0.09795830097297469,0.09950237211390016,0.10104497478814013,0.1025861710672329,0.10412601957268965,0.10566457571242667,0.10720189189801649,0.1087380177445474,0.11027300025469561,0.11180688398844606,0.11333971121974985,0.11487152208127772,0.116402354698311,0.11793224531270918,0.11946122839780275,0.12098933676497581,0.12251660166263252,0.12404305286817374,0.12556871877355427,0.12709362646493674,0.1286178017969121,0.1301412694617144,0.13166405305381934,0.13318617513028172,0.13470765726713646,0.13622852011215916,0.1377487834342578,0.13926846616974384,0.14078758646571024,0.14230616172072527,0.14382420862303408,0.14534174318644436
0.0382996632996633,0.0,7.201048535032407e-17,1.3988052449498008e-14,8.519631154114061e-24,9.053256027788053e-20,3.5529113787818223e-16,5.572237839981251e-22,2.951833328793304e-17,3.5845375768560104e-23,4.480347743557807e-17,7.414945535196608e-20,1.2328186779881761e-19,1.320995517031906e-19,0.0012541313241664226,0.004114844287302894,0.00679644816292365,0.009332794266583436,0.01174969931665234,0.014067196385145997,0.016301070386938375,0.018463928636202557,0.020565962900382533,0.022615501992259174,0.024619419181625923,0.026583437090142614,0.028512358974586982,0.03041024634369718,0.03228055690472558,0.03412625281087,0.03594988641526794,0.03775366880450621,0.039539525017338685,0.04130913887320779,0.043063989623051135,0.04480538211213742,0.046534471756946146,0.04825228534818957,0.049959738469032955,0.05165765016159298,0.05334675532606379,0.05502771525894862,0.05670112664515347,0.05836752926291933,0.06002741261159301,0.06168122163396323,0.06332936167429108,0.06497220278856529,0.06661008350363683,0.06824331410574612,0.06987217952578552,0.07149694187784562,0.07311784269870779,0.07473510492859982,0.07634893466743689,0.07795952273569134,0.07956704606479005,0.08117166893837519,0.08277354410276662,0.08437281376243021,0.08596961047411121,0.08756405795146836,0.0891562717904902,0.09074636012464615,0.09233442421758864,0.09392055900024181,0.09550485355827314,0.09708739157521362,0.09866825173586563,0.10024750809408915,0.10182523040858375,0.10340148444986878,0.1049763322813041,0.10654983251667692,0.10812204055660324,0.10969300880574982,0.11126278687266782,0.11283142175384059,0.11439895800338191,0.11596543788967305,0.11753090154009709,0.11909538707491191,0.12065893073120214,0.12222156697775612,0.12378332862163498,0.12534424690712562,0.12690435160770566,0.12846367111158916,0.13002223250136996,0.13158006162823263,0.1331371831811579,0.13469362075151278,0.1362493968933801,0.1378045331799521,0.13935905025628398,0.14091296788867907,0.14246630501095398,0.1440190797678106,0.14557130955552497,0.1471230110601436,0.14867420029336428
0.038720538720538725,0.0,7.68833456606309e-17,1.5217227639261482e-14,1.1546958280557584e-23,1.3401672004345921e-19,5.459386657448322e-16,1.257674342642598e-21,6.23170199481156e-17,1.4406572502299184e-22,1.5697263440943729e-16,7.25542095305297e-19,5.4497219588276026e-18,3.5845475559124595e-15,0.0016991714089986537,0.004593752721153283,0.007309246433907333,0.00987950158570955,0.012330331565300112,0.01468176679638479,0.01694959009696058,0.01914640710415601,0.02128240822847627,0.02336592117368845,0.025403818294180768,0.02740182144937592,0.029364733256220438,0.03129661468243429,0.03320092297462471,0.0350806198913765,0.03693825744579699,0.038776046429901935,0.040595911625979315,0.04239953662913993,0.04418840049324222,0.04596380788971019,0.04772691408108604,0.04947874572118848,0.0512202182714205,0.052952150664627044,0.05467527770309683,0.05639026059522983,0.05809769594643499,0.05979812346303708,0.06149203257916478,0.06317986817832481,0.06486203555077191,0.06653890470318993,0.06821081411732574,0.0698780740380781,0.07154096935837588,0.0731997621573863,0.0748546939397089,0.07650598761586734,0.07815384925831642,0.07979846966210391,0.08144002573508252,0.08307868173900552,0.08471459039984097,0.08634789390310764,0.08797872478788894,0.08960720675136015,0.09123345537410786,0.09285757877519384,0.09447967820477808,0.09609984858113636,0.09771817897806619,0.0993347530679487,0.10094964952510223,0.10256294239351989,0.1041747014226065,0.10578499237411822,0.10739387730314554,0.10900141481566589,0.1106076603049137,0.11221266616857334,0.11381648200858606,0.11541915481517338,0.11702072913651261,0.11862124723535324,0.12022074923373165,0.12181927324682662,0.12341685550689445,0.12501353047813088,0.12660933096322577,0.12820428820230298,0.12979843196487315,0.13139179063536777,0.13298439129277223,0.1345762597848266,0.13616742079722205,0.13775789791818224,0.13934771369878493,0.14093688970934787,0.14252544659217545,0.14411340411093732,0.14570078119692728,0.14728759599242974,0.1488738658914027,0.15045960757766946,0.15204483706079433
0.039141414141414144,0.0,8.202964623774464e-17,1.6554521667032524e-14,1.566351450433498e-23,1.9815706581355332e-19,8.361824478953977e-16,2.8092448204645785e-21,1.300763234735656e-16,5.65325673033428e-22,5.4040420952205925e-16,6.6043782489380325e-18,2.0111521300401827e-16,1.0719967746820485e-17,0.0021492604745812346,0.005078093104009306,0.007827860974595464,0.010432409749447353,0.012917549420207931,0.015303307728194252,0.01760546536956782,0.019836626284842437,0.022006979512076915,0.024124851633278484,0.026197114076953732,0.0282294879315742,0.030226775166947967,0.03219303620358784,0.03413172782220409,0.03604581138226102,0.037937838552953386,0.039810019828363116,0.04166427973138461,0.04350230163023638,0.04532556437944809,0.04713537247461472,0.048932881022584064,0.05071911653873914,0.052494994361281404,0.05426133331257004,0.0560188680958689,0.05776825983046809,0.05951010504137174,0.061244943362167174,0.06297326416102045,0.0646955122614796,0.06641209289917659,0.06812337603092755,0.06982970009286034,0.07153137528806029,0.07322868647105955,0.07492189568570326,0.07661124440404177,0.07829695550655567,0.07997923503792588,0.08165827376748538,0.08333424857924371,0.08500732371281539,0.08667765187358446,0.08834537522790618,0.09001062629700063,0.09167352876137148,0.09333419818602749,0.09499274267545842,0.0966492634661779,0.09830385546366872,0.09995660772972327,0.10160760392544531,0.1032569227145496,0.10490463813104967,0.10655081991494963,0.10819553381914228,0.10983884189035438,0.11148080272666457,0.11312147171384136,0.114760901242507,0.11639914090791746,0.11803623769396088,0.11967223614281047,0.12130717851151951,0.12294110491671673,0.12457405346844386,0.12620606039407375,0.12783716015315705,0.12946738554396245,0.13109676780240345,0.13272533669397815,0.13435312059929252,0.13598014659368227,0.13760644052140358,0.1392320270648205,0.1408569298089776,0.1424811713019131,0.1441047731110375,0.14572775587587303,0.14735013935742558,0.14897194248443743,0.15059318339674768,0.15221387948597018,0.1538340474336793,0.15545370324728175
0.03956228956228957,0.0,7.02954946861397e-17,1.4717286885664317e-14,1.1519571063275531e-22,2.3707942510883415e-19,1.0627698016918626e-15,4.67702241334945e-21,2.0382787066198305e-16,2.0028619145911213e-21,1.4216620751440948e-15,3.96086122077913e-17,4.549531969454091e-15,1.7475397642170333e-17,0.0026043977653709485,0.005567868902978897,0.00835229664216557,0.010991524509121933,0.01351135934231242,0.01593182626147226,0.018268703855479643,0.020534594367901456,0.02273968545926949,0.024892302583313403,0.026999316236100093,0.0290664467290299,0.031098495379250666,0.03309952205515394,0.0350729830672276,0.037021839372004546,0.038948642291416494,0.04085560201866176,0.04274464281463978,0.04461744781837715,0.046475495683036695,0.04832009072657342,0.050152387898961315,0.05197341357441798,0.05378408296791845,0.05558521478976609,0.057377543643153874,0.0591617305573185,0.06093837197600572,0.06270800745929161,0.06447112630867637,0.06622817328710874,0.06797955357501333,0.06972563707880415,0.07146676218850032,0.0732032390649242,0.07493535252379797,0.07666336457326413,0.07838751665247276,0.08010803161153693,0.08182511546706363,0.08353895896239283,0.08524973895743286,0.08695761966941966,0.08866275378293,0.09036528344494793,0.09206534115863631,0.0937630505876461,0.09545852728123903,0.09715187932917435,0.09884320795417097,0.1005326080487796,0.10222016866265664,0.10390597344550578,0.1055901010503227,0.1072726255010326,0.10895361652813638,0.11063313987556683,0.11231125758159584,0.11398802823631693,0.11566350721795131,0.11733774690998201,0.11901079690090666,0.12068270416821097,0.12235351324799826,0.12402326639156354,0.12569200371006878,0.12735976330836235,0.12902658140888038,0.13069249246647766,0.13235752927495342,0.13402172306596447,0.13568510360095268,0.13734769925665657,0.13900953710472216,0.14067064298588375,0.14233104157914192,0.14399075646632706,0.14564981019240475,0.1473082243218464,0.1489660194913616,0.1506232154592633,0.15227983115171426,0.15393588470608158,0.15559139351160897,0.15724637424759766,0.15890084291927278
0.03998316498316499,0.0,9.319319656088251e-17,1.9594105413929274e-14,2.8902068063881464e-23,4.315344055349375e-19,1.9424564977049893e-15,1.3564667228524787e-20,5.49540094640464e-16,8.051828581752499e-21,6.112538989976543e-15,4.4117592561509294e-16,1.9236773804697373e-22,1.0570473789706554e-13,0.00306460861494747,0.006063096691962697,0.008882567790733462,0.01155685945223245,0.01411177470378988,0.016567335821477534,0.018939319183821274,0.02124032527966137,0.02348054035543312,0.025668288711396276,0.027810439892819182,0.029912713420104802,0.031979909946758735,0.03401608878035204,0.03602470575398435,0.03800872141533354,0.0399706867341009,0.04191281159839277,0.043837020003516775,0.045744994856209864,0.04763821460558243,0.04951798338960705,0.051385455998814396,0.05324165866600463,0.05508750647974986,0.056923818037408085,0.05875132784083036,0.06057069682806237,0.06238252136057002,0.06418734092399808,0.06598564475234953,0.06777787754722091,0.06956444443314568,0.07134571526551309,0.07312202838766546,0.07489369391764279,0.07666099663188139,0.07842419850238407,0.08018354093499884,0.08193924674910083,0.08369152193288126,0.08544055720337125,0.08718652939608525,0.08892960270560919,0.09066992979546083,0.09240765279301848,0.09414290418316962,0.09587580761250912,0.09760647861436178,0.09933502526357886,0.10106154876891853,0.10278614400984364,0.10450890002372891,0.10622990044874105,0.10794922392702788,0.10966694447230534,0.11138313180545707,0.11309785166134863,0.11481116606969567,0.11652313361251111,0.11823380966037846,0.1199432465895563,0.12165149398170305,0.12335859880782547,0.1250646055978847,0.12676955659734854,0.12847349191184695,0.13017644964097316,0.13187846600216763,0.13357957544553323,0.13527981076034656,0.13697920317395695,0.13867778244370196,0.1403755769424064,0.14207261373798277,0.14376891866760153,0.14546451640685973,0.14715943053433547,0.1488536835918851,0.150547297141006,0.15224029181556162,0.1539326873711401,0.155624502731294,0.15731575603088901,0.15900646465677057,0.16069664528593972,0.16238631392141425
0.04040404040404041,0.0,9.923700651469645e-17,2.1319169500974473e-14,3.9312150256740976e-23,6.3545746123208915e-19,4.617313488618169e-26,2.930076775775019e-20,1.1137006418982238e-15,2.915128205330296e-20,1.4717522662013414e-24,3.304036608975639e-15,9.840034162406339e-20,0.00027177528999910175,0.0035298800802327705,0.0065637736158942655,0.009418674768106634,0.012128416666382242,0.01471879877949983,0.017209840602282155,0.01961731631705554,0.021953824658074786,0.024229550452400887,0.026452816840291563,0.02863049240963324,0.030768295883660937,0.03287102724677755,0.03494274524072285,0.036986905216892345,0.03900646731028573,0.04100398213501201,0.04298165927112619,0.04494142244573406,0.04688495433097586,0.04881373316986478,0.05072906291907247,0.05263209820658905,0.05452386512380553,0.056405278631124316,0.05827715721179272,0.06014023526527105,0.06199517363746784,0.0638425686067131,0.06568295958344393,0.0675168357334608,0.06934464169636555,0.07116678254021398,0.07298362806883453,0.0747955165784015,0.07660275814372168,0.07840563750153082,0.08020441658731044,0.08199933677325415,0.0837906208476739,0.085578474770044,0.0873630892308077,0.08914464104082659,0.09092329437179625,0.09269920186595139,0.09447250563085623,0.09624333813292835,0.09801182300152493,0.09977807575386405,0.10154220444973011,0.10330431028377156,0.10506448812222398,0.10682282699004919,0.10857941051375376,0.1103343173245218,0.11208762142575084,0.11383939252860463,0.1155896963587844,0.11733859493735811,0.1190861468381716,0.12083240742408911,0.12257742906406716,0.12432126133285198,0.12606395119490188,0.12780554317397,0.12954607950963457,0.13128560030193434,0.13302414364515083,0.13476174575167546,0.13649844106680822,0.13823426237525446,0.1399692409000101,0.141703406394264,0.14343678722688544,0.1451694104620133,0.14690130193321607,0.14863248631265066,0.15036298717560792,0.15209282706080163,0.15382202752672314,0.15555060920435934,0.1572785918465441,0.1590059943741918,0.16073283491963988,0.16245913086730993,0.16418489889187785,0.16591015499413042
0.040824915824915826,0.0,8.456559769223122e-17,1.895179809087441e-14,1.432140285585487e-22,7.610121575526378e-19,2.2525374650448563e-22,4.480535841823996e-20,1.7353332958402561e-15,7.101010895890512e-20,9.93717859450398e-22,1.8125838320105448e-14,2.48820539409086e-17,0.0007063007967717047,0.0040002204145255,0.007069907095395959,0.009960625238952284,0.012706204221560706,0.015332440091977012,0.017859349597380822,0.02030270472929657,0.022675102462377524,0.02498672619739262,0.027245897907015284,0.02945948521456444,0.031633206039600625,0.033771859691638366,0.035879504341511735,0.037959594854458004,0.04001509094889973,0.042048542879936646,0.0440621599165719,0.04605786551506816,0.04803734211063776,0.050002067738133295,0.05195334617050271,0.05389233187334971,0.05582005079339641,0.05773741776218352,0.059645251147675875,0.06154428524588901,0.06343518080964311,0.06531853403327238,0.06719488425122656,0.06906472056039507,0.07092848753773993,0.07278659019425078,0.07463939828165689,0.07648725004847161,0.07833045552581609,0.08016929941030963,0.08200404360052933,0.08383492943466125,0.08566217966962765,0.08748600023588404,0.08930658179700585,0.09112410113894244,0.09293872241025754,0.09475059823167853,0.09655987069074647,0.0983666722352141,0.10017112647701858,0.1019733489171014,0.10377344760002065,0.10557152370616585,0.10736767208840531,0.1091619817591566,0.11095453633314266,0.1127454144304678,0.11453469004410176,0.11632243287538535,0.11810870864075841,0.11989357935254946,0.1216771035763506,0.12345933666722479,0.1252403309867492,0.1270201361026843,0.12879879897287064,0.13057636411478718,0.13235287376206015,0.1341283680090776,0.13590288494475308,0.13767646077637508,0.13944912994438993,0.14122092522888283,0.14299187784845008,0.1447620175520878,0.14653137270466773,0.14829997036651488,0.1500678363675574,0.1518349953764754,0.15360147096523777,0.155367285669382,0.1571324610443616,0.15889701771825618,0.16066097544111607,0.16242435313118928,0.16418716891825821,0.16594944018429456,0.16771118360162443,0.16947241516878
0.041245791245791245,0.0,1.123190614912339e-16,2.5245149720633375e-14,7.291392213241968e-23,1.371442775838149e-18,2.138816280792638e-25,1.319034708489942e-19,4.456474784620724e-15,3.5121590410445785e-19,1.2997947251779903e-22,1.0103223085830815e-22,1.031939595791298e-14,0.0011455957272427408,0.004475649971699119,0.007581512707927357,0.010508433338997883,0.0132902357762563,0.015952712232268327,0.01851587654294458,0.020995498425721862,0.023404173046227054,0.025752082346209137,0.028047547107602044,0.030297433971935028,0.03250746004182193,0.03468242394137693,0.0368263832620429,0.03894279237592465,0.04103461057906318,0.043104387762663364,0.04515433288052517,0.0471863691145119,0.04920217865983926,0.051203239340534494,0.053190854743513157,0.055166179169903934,0.05713023841998922,0.0590839471948497,0.061028123745747266,0.06296350226398484,0.06489074340815928,0.06681044328758876,0.06872314115981651,0.07062932605199015,0.07252944247767908,0.0744238953901228,0.0763130544883287,0.07819725797258077,0.0800768158297946,0.08195201271599674,0.08382311049242235,0.08569035046284736,0.08755395535243349,0.0894141310622752,0.09127106822876348,0.09312494361264219,0.09497592133907144,0.09682415400701883,0.09866978368376718,0.10051294279818586,0.1023537549445883,0.10419233560744863,0.10602879281592088,0.10786322773596922,0.10969573520693854,0.11152640422855598,0.1133553184036235,0.1151825563410366,0.11700819202321588,0.11883229514156489,0.12065493140315435,0.1224761628114719,0.12429604792375998,0.1261146420871897,0.12793199765587324,0.1297481641905043,0.13156318864222885,0.1333771155221791,0.1351899870579602,0.1370018433382441,0.13881272244651424,0.14062266058489706,0.14243169218892884,0.14423985003402168,0.1460471653343211,0.1478536678345821,0.14965938589563244,0.1514643465739394,0.15326857569574873,0.15507209792622365,0.1568749368339724,0.15867711495131995,0.1604786538306466,0.1622795740970911,0.16407989549788835,0.1658796369485892,0.1676788165763913,0.16947745176078846,0.17127555917173,0.17307315480546703
0.041666666666666664,0.0,1.1938713694897314e-16,2.7475992931210823e-14,9.941607226060893e-23,2.009703079025371e-18,4.562466674660141e-25,2.7478826331294753e-19,8.80311404693307e-15,1.1714115609910225e-18,1.1673969648670284e-21,3.961024999105445e-21,2.863297882718712e-20,0.0015895714139553747,0.004956161599812983,0.00809858914534484,0.011062100215100644,0.013880513964675207,0.016579618912090255,0.019179426016125715,0.021695702724904925,0.0241410423906748,0.026525625488984784,0.02885777160341647,0.03114434638651618,0.033391066117354824,0.035602728728906935,0.037783391228106124,0.039936507489455784,0.04206503638270293,0.044171527431728745,0.04625818927211933,0.048326944808688495,0.05037947599431621,0.052417260440613234,0.054441601545201446,0.05645365344450032,0.05845444179043644,0.06044488115232094,0.0624257896635376,0.06439790140961946,0.066361876953986,0.06831831232007667,0.07026774668774595,0.0722106690136889,0.07414752374743515,0.07607871578388349,0.07800461476877958,0.07992555885368342,0.08184185798085115,0.08375379676529925,0.08566163703053671,0.08756562004557501,0.08946596850348798,0.0913628882757057,0.09325656997115432,0.09514719032511164,0.09703491343909226,0.09891989189007865,0.10080226772488597,0.10268217335330432,0.10455973235184089,0.10643506018833164,0.10830826487636684,0.11017944756733533,0.11204870308691865,0.11391612042202136,0.11578178316340056,0.11764576990862657,0.11950815462946109,0.12136900700726709,0.12322839273964885,0.12508637382116078,0.12694300880060902,0.12879835301719067,0.13065245881747498,0.13250537575501548,0.13435715077419355,0.1362078283797288,0.13805745079314227,0.1399060580973305,0.1417536883702899,0.14360037780893123,0.1454461608438296,0.14729107024567503,0.14913513722411584,0.15097839151962159,0.15282086148893412,0.1546625741846226,0.15650355542921174,0.15834382988431128,0.16018342111513392,0.16202235165075812,0.16386064304045922,0.16569831590640446,0.16753538999298348,0.16937188421302204,0.1712078166911062,0.17304320480422575,0.1748780652199283,0.17671241393216028
