$E_D / [W]$,0.0,0.31175957101883023,0.6235191420376605,0.9352787130564907,1.247038284075321,1.5587978550941513,1.8705574261129814,2.1823169971318115,2.494076568150642,2.805836139169472,3.1175957101883025,3.429355281207133,3.7411148522259627,4.052874423244793,4.364633994263623,4.676393565282454,4.988153136301284,5.2999127073201135,5.611672278338944,5.923431849357775,6.235191420376605,6.546950991395435,6.858710562414266,7.170470133433096,7.4822297044519255,7.793989275470756,8.105748846489586,8.417508417508417,8.729267988527246,9.041027559546077,9.352787130564908,9.664546701583737,9.976306272602567,10.288065843621398,10.599825414640227,10.91158498565906,11.223344556677889,11.53510412769672,11.84686369871555,12.15862326973438,12.47038284075321,12.78214241177204,13.09390198279087,13.4056615538097,13.717421124828531,14.02918069584736,14.340940266866191,14.652699837885022,14.964459408903851,15.276218979922682,15.587978550941513,15.899738121960342,16.211497692979172,16.523257263998,16.835016835016834,17.146776406035663,17.458535977054492,17.770295548073324,18.082055119092153,18.393814690110982,18.705574261129815,19.017333832148644,19.329093403167473,19.640852974186306,19.952612545205135,20.264372116223964,20.576131687242796,20.887891258261625,21.199650829280454,21.511410400299287,21.82316997131812,22.13492954233695,22.446689113355777,22.75844868437461,23.07020825539344,23.381967826412268,23.6937273974311,24.00548696844993,24.31724653946876,24.62900611048759,24.94076568150642,25.25252525252525,25.56428482354408,25.87604439456291,26.18780396558174,26.499563536600572,26.8113231076194,27.12308267863823,27.434842249657063,27.74660182067589,28.05836139169472,28.370120962713553,28.681880533732382,28.99364010475121,29.305399675770044,29.617159246788873,29.928918817807702,30.240678388826534,30.552437959845363,30.864197530864192
0.0,,,,,,,,,,,,,,,,,,,,,,,,,,,,,,,,,,,,,,,,,,,,,,,,,,,,,,,,,,,,,,,,,,,,,,,,,,,,,,,,,,,,,,,,,,,,,,,,,,,,
0.0016835016835016836,0.0,4.996759945789413e-25,6.429004360205527e-23,1.1041673934840194e-21,8.314984792178879e-21,3.985549120259532e-20,1.4355421212428887e-19,4.2452887212241737e-19,1.0867279336360255e-18,2.4915248721510906e-18,5.2366228928889954e-18,1.0258660586049994e-17,1.8963047107432415e-17,3.3384699444907224e-17,5.638350541581673e-17,9.187849621442139e-17,1.451248845910522e-16,2.230383127156093e-16,3.3457086023469645e-16,4.911435879892875e-16,7.071406334210656e-16,1.000470127426624e-15,1.3931974723543783e-15,1.912256816588511e-15,2.590246893603997e-15,3.4663177683932267e-15,4.587155451562935e-15,6.008071798946916e-15,7.794207612365577e-15,1.002185739802767e-14,1.2779924826516966e-14,1.6171518574956733e-14,2.0315698917280838e-14,2.5349386159168525e-14,3.142944278042002e-14,3.873494193491545e-14,4.7469635744467765e-14,5.786463758181056e-14,7.018133324467271e-14,8.471453656370496e-14,1.0179590556501693e-13,1.217976358599247e-13,1.4513644852808135e-13,1.7227789051027182e-13,2.0374096660214847e-13,2.4010312377927e-13,2.8200561111162633e-13,3.301592423549805e-13,3.8535059390801337e-13,4.48448678647624e-13,5.204121465091157e-13,6.02297075530773e-13,6.952654318789669e-13,8.005942928689066e-13,9.196859412911085e-13,1.054078950069397e-12,1.2054603811868707e-12,1.3756792205496336e-12,1.5667611613428114e-12,1.780924834935933e-12,2.020599574925526e-12,2.288444791813858e-12,2.587371037916022e-12,2.920562857034005e-12,3.291503540963982e-12,3.70400195190771e-12,4.1622216115684154e-12,4.670712299273048e-12,5.2344444393012995e-12,5.858846590272975e-12,6.5498463775515084e-12,7.3139152350418e-12,8.15811734812924e-12,4.228723222179562e-20,5.694944273957314e-20,7.646448226305957e-20,1.0236907926221112e-19,1.366669599986817e-19,1.819654980730166e-19,2.4165110410285507e-19,3.2011395924448417e-19,4.2303560266778484e-19,5.5775658245834e-19,7.337457603748366e-19,9.631989371757214e-19,1.261801332488959e-18,1.649698110548975e-18,2.152728220202204e-18,2.8039917979455384e-18,3.645839339521535e-18,4.732394012411307e-18,6.132747378656341e-18,7.935005038332893e-18,1.0251403962162894e-17,1.322478071639454e-17,1.703674076675083e-17,2.1917967987679296e-17,2.81612262284753e-17,3.6137742142095804e-17,4.631783381897359e-17
0.0033670033670033673,0.0,3.229111632085204e-23,4.1766818614944136e-21,7.211358629221214e-20,5.459517176916227e-19,2.630987469974845e-18,9.528241872222002e-18,2.833341113098681e-17,7.293540149201319e-17,1.6816873648825388e-16,3.5549939087397926e-16,7.005549664063144e-16,1.3028489181893495e-15,2.308096759741503e-15,3.923584201040747e-15,6.437127040867729e-15,1.0240262401460085e-14,1.585643208443908e-14,2.3975061171935644e-14,3.54925930574889e-14,5.156170310818376e-14,7.36500607766375e-14,1.0361014022743929e-13,1.4376173108472635e-13,1.969890988013804e-13,2.668554493275391e-13,3.5773885899057765e-13,4.749964719909378e-13,6.251673502623894e-13,8.162277060256741e-13,1.0579135773590952e-12,1.362124667614717e-12,1.743421215796231e-12,2.219627331587225e-12,2.8125612864532003e-12,3.548924001899545e-12,4.6860334419093385e-21,8.697258816666043e-21,1.59793056362196e-20,2.908925176831242e-20,5.2513545856269695e-20,9.408219520354454e-20,1.6739619522871026e-19,2.959811592742454e-19,5.203746292448256e-19,9.101873375229877e-19,1.584578151874452e-18,2.746929047107818e-18,4.7434301340164165e-18,8.161829258859736e-18,1.3997482030878687e-17,2.3931871087423887e-17,4.0798536271792736e-17,6.936030707069109e-17,1.1760180892693657e-16,1.9887149536749595e-16,3.354179878604953e-16,5.642030219979416e-16,9.464092521166407e-16,1.582902295868647e-15,2.639207593252845e-15,4.385539716586255e-15,7.260358827594218e-15,1.1970169826128734e-14,1.964418622184467e-14,3.2070339479664044e-14,5.204898699036484e-14,3.0290302983260956e-22,7.431868670612297e-22,1.8048221615822287e-21,4.333986028011584e-21,1.028182292989005e-20,2.4080555388891608e-20,5.564982860533908e-20,1.2687476047410284e-19,2.85396234229532e-19,6.336590706315567e-19,1.3895382484974648e-18,3.0118297974339938e-18,6.458015468272702e-18,1.3709803786019693e-17,2.883670125668399e-17,6.013207787876886e-17,1.243688447201455e-16,2.552044980843266e-16,5.196213902345818e-16,1.0497315024437437e-15,2.1035203041075994e-15,4.179109417367242e-15,8.225805454448776e-15,1.6025466557233766e-14,3.0863905602445075e-14,5.8677782593289e-14,1.0994978055321921e-13,2.0273740829634015e-13,3.673764903475533e-13,4.830595999235639e-21,1.5459723429861862e-20,4.8365447730834204e-20,1.4815222111016832e-19
0.005050505050505051,0.0,3.7005488394708087e-22,4.811828000807097e-20,8.3526927026193875e-19,6.358385836527857e-18,3.081428888471043e-17,1.122449498695701e-16,3.3580852531813394e-16,8.700487873168445e-16,2.0202568059729144e-15,4.304095869705248e-15,8.556282240014176e-15,1.6071452871721307e-14,2.879746921168887e-14,4.9595104277708235e-14,8.258378969961643e-14,1.3359680307106734e-13,2.1077635745503045e-13,3.2536107111403493e-13,4.927727551741967e-13,7.341929979881519e-13,1.0788795488176724e-12,1.5674708154255317e-12,2.2565572107827596e-12,1.6361265446343026e-21,4.237577224423482e-21,1.0777041790956621e-20,2.698874917110213e-20,6.670933013274194e-20,1.6306438139730214e-19,3.9481491960060237e-19,9.480684527407764e-19,2.2600285942579665e-18,5.351925873401313e-18,1.2595369549374351e-17,2.946455903176937e-17,6.851293042971352e-17,1.5832331709982866e-16,3.634623332613123e-16,8.284860302257536e-16,1.873748852104635e-15,4.200803792452565e-15,9.324466275183459e-15,2.046027817242418e-14,5.820219134953863e-23,2.4492973935605843e-22,1.0052725956465855e-21,4.009959816641734e-21,1.5494727595390413e-20,5.785620210147633e-20,2.0853922179057543e-19,7.260883208955275e-19,2.4473995251162593e-18,8.010825930574751e-18,2.5546012166908447e-17,7.959308090260994e-17,2.427925136351546e-16,7.259520358067455e-16,2.1279912603830956e-15,6.109846405268542e-15,1.7146324263248814e-14,4.686961974053958e-14,1.242057202437336e-13,3.17379254485665e-13,4.590078813430539e-21,2.707483968227655e-20,1.5138479871123388e-19,8.074286901586856e-19,4.138711889888332e-18,2.052387020091658e-17,9.895021879308075e-17,4.651940121465841e-16,2.135083739757925e-15,9.559008789669717e-15,4.1604421395358576e-14,1.7474054323683955e-13,1.007013743086565e-20,1.3972501518057456e-19,1.7555940629482714e-18,1.999187286958834e-17,2.0967978550878092e-16,2.0653483771679174e-15,1.931653250019973e-14,1.7081433788809072e-13,4.8026217892086195e-20,2.4637863538014523e-18,1.0277645714807457e-16,3.6182168800265984e-15,1.1312320230017718e-13,3.6867660588346927e-19,1.573426900174013e-16,4.292950913288581e-14,3.7663431112469655e-18,4.210625121361426e-14,2.0140628597292646e-15,2.0480962375010336e-13,9.633601079223973e-07,5.3071383578209384e-05,0.00010488120006686566,0.00015617731902699465
0.006734006734006735,0.0,2.0894343831738932e-21,2.7314116070427205e-19,4.767538594670151e-18,3.650118262453889e-17,1.7798419096542626e-16,6.527917182140886e-16,1.9686821752684086e-15,5.150307396483637e-15,1.2103164668979618e-14,2.6172919752827284e-14,5.2996107571492695e-14,1.0177499316588275e-13,1.8715615364112969e-13,3.320339648903947e-13,5.720504406889625e-13,9.633081683070654e-13,1.5952876131175624e-12,8.066959388855666e-22,2.958473561741673e-21,1.0573625354534133e-20,3.7030704114764785e-20,1.2758516261084391e-19,4.3362029041569755e-19,1.4561090168352413e-18,4.834631920540145e-18,1.5871249171670195e-17,5.148541384253191e-17,1.6487026770095574e-16,5.2046500604580135e-16,1.6169003344691065e-15,4.932504756520163e-15,1.4733014019385374e-14,4.0710729269722444e-23,2.936585648538651e-22,2.0126332262860998e-21,1.3000439739005126e-20,7.863038853348338e-20,4.442701077195973e-19,2.3523382751839414e-18,1.1757516249338382e-17,5.594091916929101e-17,2.5509816802314684e-16,1.1194261808291114e-15,4.730790114992003e-15,1.9199381562082382e-14,7.430272150257041e-14,4.043849590373537e-22,4.848728122636689e-21,5.243586979761283e-20,5.154274392198672e-19,4.6821061370946715e-18,3.997621825204314e-17,3.2460995715644557e-16,2.5209256570010973e-15,1.871275035812944e-14,1.3156363136754386e-13,1.1362681178020059e-20,3.7886317762513883e-19,1.0561928437742065e-17,2.508803663964773e-16,5.3098846956724425e-15,1.0230111960622988e-13,5.627610756490794e-20,1.050762603088422e-17,1.3770308834804116e-15,1.4152131519273312e-13,3.573643324153909e-18,8.69053811114197e-15,4.7539571326075564e-18,6.598899864160113e-20,8.67344788357535e-17,1.7664419296575499e-06,9.44077905511723e-05,0.00018606250417321096,0.00027652172129708316,0.00036583153938900964,0.0004540365324842077,0.0005411791345200972,0.0006272996706331995,0.0007124364641314345,0.0007966259523462365,0.0008799027975737723,0.0009622999932951937,0.0010438489609590827,0.001124579645458989,0.0012045205977286595,0.0012836990560348165,0.0013621410203651261,0.0014398713219442299,0.0015169136881498875,0.001593290803447945,0.0016690243647571746,0.001744135136895503,0.0018186430002104504,0.001892566997829721,0.001965925379244463,0.0020387356412168113,0.002111014566189705,0.0021827782583709997
0.008417508417508419,0.0,8.004315841102407e-21,1.0520379127029441e-18,1.8467817397275944e-17,1.4228564304986278e-16,6.99031592656943e-16,2.5887862205846464e-15,7.910038622471932e-15,2.106578225309338e-14,5.0690002934306885e-14,1.1293939022980424e-13,2.3700867825957064e-13,4.748386518050454e-13,9.202147877576128e-13,1.7464442419211723e-12,1.3051749823966807e-21,6.729910424428641e-21,3.3777518879931975e-20,1.6594459919291943e-19,8.000781403546341e-19,3.786732979744138e-18,1.7571140933446613e-17,7.975298285666853e-17,3.5306853101942725e-16,1.5194517575587805e-15,6.33090929687832e-15,1.2043802886253004e-23,1.539802005021666e-22,1.8123350834250805e-21,1.9341462686078972e-20,1.8495769047939292e-19,1.5833223177442045e-18,1.2275581473433123e-17,8.767915677045975e-17,5.849978085511726e-16,3.6702384787681706e-15,2.1611527595214064e-14,1.1802169402402996e-13,1.5311600439672986e-21,3.2198765274000807e-20,5.789015017878338e-19,9.167454352417885e-18,1.3209568576927283e-16,1.7659527807310476e-15,2.19952075404359e-14,8.352132082420254e-22,7.695842238193394e-20,5.4496386935412695e-18,2.9635334428375385e-16,1.3399187104842995e-14,4.246323349648353e-21,3.500390142581254e-18,1.6643292197841869e-15,7.429091756361213e-21,2.4078187094440105e-16,2.0775876915518738e-19,8.861383174557156e-20,4.498896108936887e-13,6.101539881628131e-05,0.00020495904430771112,0.00034654685723951097,0.0004858891714787947,0.0006230941742893392,0.0007582635582062702,0.0008914927373432973,0.0010228712784656274,0.0011524833268031069,0.0012804080064497826,0.001406719786768269,0.001531488819865157,0.001654781247618748,0.0017766594843889446,0.0018971824757858934,0.002016405936534267,0.0021343825676202488,0.002251162259464394,0.002366792274995399,0.0024813174210499282,0.0025947802058264085,0.00270722098441362,0.002818678093410912,0.002929187975575609,0.0030387852953471556,0.003147503046017028,0.0032553726496322845,0.003362424047709435,0.003468685790333649,0.0035741851138034603,0.0036789480160505437,0.0037829993262216526,0.0038863627696272707,0.003989061028409677,0.004091115798254463,0.004192547841442648,0.004293377036515564,0.004393622424802047,0.004493302254036728,0.004592434019279347,0.004691034501327994,0.004789119802803452
0.010101010101010102,0.0,2.3989517843963227e-20,3.1704594893994007e-18,5.599425057632697e-17,4.3465370432713206e-16,2.1579632762483734e-15,8.11848492136479e-15,2.5391587135169462e-14,6.984754781549081e-14,1.7511135525014518e-13,4.1017847529684344e-13,9.188195205406336e-13,3.2069332877751417e-22,2.4525691109471687e-21,1.8057071454066206e-20,1.2910229335651982e-19,8.981157397886138e-19,6.0657582259610775e-18,3.959700040727164e-17,2.485135444721982e-16,1.4910267764364264e-15,8.496262134459146e-15,3.0375366554316725e-23,6.459271980234395e-22,1.1958322330734628e-20,1.8844375015292754e-19,2.5176480454685155e-18,2.9135395434381285e-17,3.0086999650572893e-16,2.8268865144846087e-15,2.422441832241757e-14,1.2845604676418653e-22,5.8059568667869016e-21,2.0716989226089427e-19,6.019844635617279e-18,1.5091522390245907e-16,3.3881623200278813e-15,6.844946162431274e-14,1.4772294348191136e-20,2.745412991450878e-18,3.4565405686775236e-16,3.318755050178305e-14,7.75870317553864e-20,1.7847786520806639e-16,9.986469256424788e-22,2.94365791531325e-16,7.695012123147577e-18,5.095376937024901e-15,4.778332038986658e-06,0.00021292298897134657,0.00041716948527614084,0.0006175345554556225,0.0008142412210126083,0.0010074964912751788,0.0011974921673821189,0.0013844061294564771,0.0015684035565299316,0.0017496380334906128,0.0019282525490887752,0.002104380392542979,0.002278145962144967,0.002449665494409042,0.0026190477215046015,0.002786394469135622,0.002951801194663694,0.003115357477977108,0.0032771474669569794,0.003437250283081136,0.0035957403912293636,0.0037526879373146905,0.003908159056957675,0.00406221615824216,0.004214918179890448,0.004366320830450403,0.004516476805508026,0.004665435989038886,0.004813245638463011,0.004959950555278563,0.005105593242565396,0.005250214050521038,0.005393851311076183,0.005536541462533774,0.0056783191650836735,0.0058192174079628066,0.0059592676089574,0.0060984997068782255,0.00623694224758117,0.006374622464052679,0.006511566351032485,0.006647798734603408,0.006783343337139906,0.006918222837972586,0.007052458930149711,0.0071860723732445,0.007319083043409333,0.007451509979603306,0.007583371427290003,0.007714684879351595,0.007845467114497197,0.007975734233342737
0.011784511784511786,0.0,6.068977585449261e-20,8.06625581196611e-18,1.4342590267794327e-16,1.1243254418261062e-15,5.672967026897214e-15,2.1912796803048972e-14,7.124973817876007e-14,2.0609181746847372e-13,5.511177421771356e-13,1.150505181735058e-22,1.313842401354666e-21,1.4287637848416963e-20,1.4952861663060735e-19,1.50364450410108e-18,1.4422500934276725e-17,1.3075685636346446e-16,1.1105648835823721e-15,8.754675372136682e-15,4.862631207374296e-23,1.7241169539532883e-21,4.972628024449033e-20,1.1373090281785294e-18,2.1006235905288438e-17,3.284725116424347e-16,4.499380950843742e-15,5.412298225663089e-14,9.72816491272119e-22,7.166705948925165e-20,3.90039049549135e-18,1.7088693062278566e-16,6.424443580453499e-15,4.2058631424450565e-22,2.417041091016791e-19,8.244946434953125e-17,1.8257482051813096e-14,9.068623751004828e-20,7.083766280858307e-16,9.465639168791824e-20,1.0215961034085162e-13,1.7102793310459687e-19,5.733581853676455e-17,0.0002501883414743134,0.0005277827953964707,0.000799272113661366,0.0010650622680512698,0.0013255250316056265,0.0015810006714029286,0.0018318011128223913,0.0020782128079365595,0.0023204992776180437,0.0025589033580065254,0.002793649190489633,0.0030249439864873193,0.003252979595923768,0.003477933905478766,0.003699972085809366,0.0039192477081548705,0.004135903745088736,0.004350073469434911,0.004561881263219317,0.004771443347159593,0.004978868438532206,0.005184258348522192,0.0053877085209812605,0.005589308522963647,0.005789142490217372,0.005987289532761869,0.006183824104657055,0.006378816341597065,0.0065723323695477745,0.006764434587284925,0.006955181925371991,0.00714463008383863,0.00733283175057598,0.007519836802249682,0.007705692489342091,0.007890443606767257,0.008074132651354376,0.008256799967417674,0.008438483881116588,0.008619220825472633,0.008799045455567157,0.008977990755775033,0.009156088139251816,0.009333367540395236,0.009509857500853014,0.00968558524959655,0.009860576777532685,0.010034856907083263,0.010208449357124212,0.010381376803641127,0.01055366093642745,0.010725322512123365,0.010896381403867797,0.011066856647813443,0.011236766486733461,0.011406128410929915,0.011574959196636718,0.011743274942094288
0.01346801346801347,0.0,1.3561164600316495e-19,1.8130218976244678e-17,3.2494910027306124e-16,2.5828395221289065e-15,1.3367912610849588e-14,5.382250056865968e-14,1.8514653967565757e-13,5.773258744440757e-13,1.780791799663014e-22,2.969519540190815e-21,4.7008640110087663e-20,7.060155508749487e-19,9.935325945485922e-18,1.2908100745136013e-16,1.528066469867777e-15,3.2709432298855664e-24,2.2856595170554804e-22,1.2445295726179684e-20,5.02278173775061e-19,1.5058644966749253e-17,3.5804965688526395e-16,7.131262776666525e-15,4.02577454685091e-23,7.037269808576408e-21,8.082680202821401e-19,6.62407635573258e-17,4.356415104571902e-15,4.74176561404363e-22,6.542492482922451e-19,4.569944362837469e-16,4.0145030320504975e-22,2.0417155630168384e-17,1.4602686737825462e-21,1.9680246804288324e-14,2.463370424560987e-19,1.0532934786171614e-05,0.00037967583360770234,0.000739402871020751,0.0010902788218535642,0.0014329673029516482,0.0017680678884442805,0.002096123103226864,0.002417624974401359,0.0027330207567643565,0.0030427179064695057,0.0033470884107344775,0.0036464725640522107,0.00394118227461533,0.004231503962762313,0.004517701113190247,0.004800016525922839,0.00507867430732306,0.005353881635757898,0.0056258303291954566,0.00589469824540169,0.006160650527476817,0.006423840720933611,0.006684411774315853,0.0069424969379888015,0.007198220572974115,0.007451698880156669,0.007703040558860927,0.007952347402651857,0.008199714839232786,0.008445232420466147,0.00868898426781182,0.00893104947784497,0.009171502491966419,0.009410413434001848,0.00964784841851816,0.00988386983377215,0.010118536600290981,0.010351904408618771,0.010584025937673896,0.010814951055627527,0.01104472700491418,0.01127339857281774,0.011501008248928088,0.011727596370632582,0.011953201257689838,0.012177859336829874,0.012401605257232629,0.012624471997654417,0.012846490965898896,0.013067692091263121,0.013288103910531065,0.013507753648033716,0.013726667290248252,0.013944869655365837,0.014162384458219658,0.014379234370930194,0.01459544107959379,0.014811025337312475,0.015026007013837562,0.015240405142076759,0.015454237961693406,0.015667522960007976,0.015880276910394474,0.016092515908348964
0.015151515151515152,0.0,2.4737900558027404e-19,3.3279936422949644e-17,6.026079816053731e-16,4.8928736599609114e-15,2.6405249527672103e-14,1.136756344621138e-13,4.3027581584131663e-13,1.6129925936876013e-22,2.8996092278579904e-21,6.791572038329566e-20,1.4915866984521133e-18,2.9589711024172314e-17,5.199252266059273e-16,7.967441085411696e-15,2.3222820409860543e-22,9.326647847267565e-21,6.012390059779267e-19,2.7427004875335852e-17,9.520964278656661e-16,2.6404008454215666e-14,1.0614434144766412e-21,1.9983629202859252e-19,3.2443931743716965e-17,3.861978401684271e-15,1.4305539730851858e-21,2.8336164843467557e-18,4.0057978291048055e-15,7.921482550352179e-20,7.802893637856561e-15,3.587288956083565e-16,5.47365679866225e-21,1.4581551704733547e-05,0.00048131478952689313,0.0009345224414364969,0.0013753652533176263,0.001804875187964054,0.0022239724448125746,0.0026334801909923995,0.00303413703129358,0.003426607594253985,0.003811491571743345,0.004189331461671266,0.0045606192304542235,0.00492580206294561,0.005285287346017763,0.005639447000453921,0.005988621259018338,0.0063331219716527476,0.006673235504812306,0.007009225293664499,0.0073413340921113625,0.007669785963818193,0.007994788047283168,0.00831653212456723,0.00863519601869638,0.00895094484117718,0.009263932108054755,0.009574300740397477,0.009882183962936103,0.01018770611275262,0.010490983368351857,0.010792124408155149,0.011091231006006145,0.01138839857127953,0.011683716638562706,0.011977269313086491,0.012269135676164408,0.012559390154831852,0.01284810285931968,0.01313533989158136,0.013421163627729668,0.013705632976921482,0.013988803618950588,0.014270728222564278,0.014551456646303874,0.014831036123480064,0.015109511432726245,0.015386925055425013,0.015663317321171637,0.015938726542321955,0.016213189138568573,0.016486739752397058,0.01675941135619188,0.017031235351688077,0.0173022416623996,0.017572458819596137,0.017841914042347872,0.01811063331211023,0.01837864144227825,0.018645962143994433,0.018912618083061095,0.019178630942456025,0.019444021471264537,0.01970880953539314,0.01997301416406737,0.02023665359342239,0.020499745307396452,0.020762306076119705,0.02102435199197572
0.016835016835016838,0.0,5.19621094898306e-19,7.037213194110499e-17,1.2905079177253321e-15,1.0781367121977852e-14,6.124276656817618e-14,2.82097886482611e-13,5.65925002358498e-23,2.1661844696045496e-21,7.664302381585141e-20,2.450774338438014e-18,6.843113963014355e-17,1.6253394709198731e-15,9.568231547137127e-24,1.852360508062205e-21,2.2902026098247326e-19,1.740910558026536e-17,9.09615299330858e-16,3.598933722312624e-14,2.4139360459616748e-21,9.889297394925475e-19,2.3817570474831185e-16,4.128837886822488e-14,1.4548393471870887e-19,5.897472988121686e-16,9.101496225908618e-21,3.756180335478993e-15,6.491132541023462e-16,5.5319033684493835e-19,0.00013651324690114463,0.0007080543927843942,0.0012615979211961618,0.0017988218596069752,0.002321211823659745,0.002830078769282766,0.0033265836191517704,0.003811758085477207,0.0042865221524758055,0.004751698801937863,0.005208026472761979,0.005656169646671205,0.00609672788340935,0.006530243562341987,0.006957208542085755,0.0073780699096181145,0.0077932349633848775,0.008203075543152498,0.0086079318076794,0.00900811553903316,0.009403913041737212,0.009795587693541677,0.01018338219570349,0.01056752056328538,0.01094820988985921,0.011325641915897645,0.011699994425872237,0.012071432495533425,0.01244010960755987,0.012806168652111413,0.013169742825043998,0.013530956436496148,0.01388992563980049,0.014246759089792794,0.014601558538370632,0.014954419374171586,0.015305431112394458,0.015654677840056013,0.01600223862134351,0.016348187867174194,0.016692595672595966,0.01703552812524772,0.017377047587734906,0.017717212956458152,0.01805607989915461,0.018393701073167238,0.018730126326241738,0.019065402881461847,0.019399575507765696,0.0197326866773382,0.020064776711042953,0.020395883912941035,0.020726044695691424,0.021055293692415978,0.02138366386940684,0.021711186621593284,0.022037891866005414,0.022363808127731952,0.022688962619947243,0.023013381318479628,0.02333708903135055,0.0236601094636759,0.02398246527828628,0.024304178152392383,0.024625268830592916,0.02494575717449796,0.025265662209216878,0.025585002166939735,0.025903794527822,0.02622205605836522,0.02653980284747075
0.01851851851851852,0.0,9.220370708093199e-19,1.2580581955261024e-16,2.3476033553568987e-15,2.045064240949286e-14,1.246638799232405e-13,6.36287744995753e-13,6.393591097555099e-22,3.504450063225278e-20,1.6985001763348335e-18,6.928027078532003e-17,2.29801419252727e-15,2.8850653994760355e-23,8.660662897764265e-21,1.4578924085159489e-18,1.410526992675532e-16,9.286719278307566e-15,3.8014774626010016e-22,3.435334022280012e-19,1.5474687180694487e-16,4.585332098882822e-14,3.955813666608066e-19,3.1453870016147476e-15,6.467469054705185e-19,2.6870617126010208e-21,1.0322656107848212e-18,9.439215626377593e-19,0.000597000910561651,0.0012722068778432004,0.0019252516032007025,0.0025583546435391518,0.003173449564575926,0.0037722278070728165,0.004356175360204692,0.004926603028107479,0.0054846715099588945,0.006031412293873513,0.006567745154717068,0.007094492883460683,0.007612393745458138,0.008122112065012309,0.008624247260076821,0.009119341580951264,0.009607886768938168,0.010090329804790646,0.010567077889414432,0.011038502773845502,0.011504944535590192,0.011966714882206386,0.012424100049775724,0.012877363353073277,0.01332674743534997,0.013772476257998776,0.014214756865118928,0.014653780951306884,0.015089726258496876,0.015522757822904888,0.015953029090576155,0.01638068291741264,0.0168058524674018,0.017228662020936158,0.017649227703552175,0.018067658144082645,0.018484055070073294,0.018898513847332186,0.019311123969633807,0.01972196950386942,0.02013112949530263,0.020538678337040536,0.02094468610735366,0.021349218878062546,0.021752338996845717,0.022154105346006408,0.022554573579957094,0.02295379634418666,0.023351823472853795,0.023748702178678763,0.02414447721987485,0.024539191058454066,0.02493288400562371,0.02532559435627243,0.025717358513489327,0.026108211103967258,0.02649818508505981,0.026887311844187453,0.027275621291223715,0.0276631419444327,0.028049901010477357,0.028435924458970113,0.028821237091995567,0.029205862608996363,0.02958982366737911,0.02997314193916616,0.030355838163991036,0.030737932198709777,0.03111944306387786,0.03150038898732125,0.0318807874450112,0.03226065519943586,0.03264000833564535
0.020202020202020204,0.0,1.5560247275092217e-18,2.1412765511348604e-16,4.091129770785684e-15,3.7707193569125857e-14,2.507970102756348e-13,8.739830594485678e-23,7.632344632329908e-21,5.826928087383665e-19,3.62798037060745e-17,1.7548338018133014e-15,2.962094774750205e-23,1.4885409501122987e-20,3.708933571007944e-18,4.927643961984541e-16,4.2630152466454016e-14,1.0151150655671123e-20,1.1299273479540937e-17,6.664221078273771e-15,3.064688277115826e-20,7.514922533568625e-16,1.9582343138542443e-19,3.3398972914790014e-21,4.065298602281213e-17,3.412213752090725e-05,0.0008602466894551637,0.0016553171846223804,0.0024226933034123296,0.0031653488780677545,0.0038858470520989866,0.004586408381501637,0.005268966182957823,0.005935211528819255,0.006586630047556889,0.007224532212426729,0.00785007842483575,0.008464299905910404,0.00906811619101894,0.00966234985684754,0.010247738975627311,0.0108249476983699,0.011394575285683163,0.011957163845923538,0.0125132049915537,0.013063145586165517,0.0136073927239026,0.014146318058314797,0.014680261577744153,0.015209534907911403,0.015734424209866368,0.01625519272929776,0.01677208304575775,0.017285319061965256,0.01779510776762696,0.01830164080704442,0.01880509587551324,0.019305637965942188,0.01980342048410913,0.020298586248426686,0.020791268387935647,0.021281591150412647,0.02176967063091793,0.02225561542977512,0.022739527247831733,0.02322150142586693,0.023701627434167222,0.02417998931756002,0.02465666610056288,0.025131732157450255,0.025605257546559557,0.02607730832325567,0.026547946818842982,0.027017231900162895,0.02748521920701527,0.027951961370317427,0.028417508212800164,0.028881906933849854,0.029345202279939114,0.02980743670194011,0.030268650500483354,0.03072888196040897,0.031188167475253336,0.03164654166262234,0.03210403747122028,0.032560686280230185,0.03301651799167564,0.03347156111633599,0.03392584285373348,0.03437938916666444,0.03483222485070379,0.03528437359907379,0.03573585806323413,0.03618669990951889,0.036636919872117944,0.037086537802675436,0.03753557271675443,0.03798404283739649,0.03843196563598584,0.038879357870610844,0.03932623562209961
0.021885521885521887,0.0,2.5174572544862296e-18,3.499210760957792e-16,6.901363836379153e-15,6.834414236065831e-14,5.067894050007483e-13,7.535960520989821e-22,9.427208322714589e-20,9.46702354691047e-18,7.075046490578327e-16,1.0183220216268431e-23,9.563839045189895e-21,3.96014948971343e-18,7.814589625628391e-16,1.5662533654624913e-23,6.97054720616709e-20,1.09700047389272e-16,4.8962522740654294e-23,6.577817183118132e-18,2.0676016741417323e-22,5.9665765693086224e-15,1.846259230345568e-21,5.1788789401987494e-17,0.0008651997385323481,0.0018000242126907128,0.002699613188028065,0.003568043013102798,0.004408785053369538,0.005224813312292853,0.006018690393153559,0.006792636276097958,0.007548583748898711,0.008288223411773562,0.00901304047432243,0.00972434503805992,0.010423297175249362,0.011110927813351946,0.011788156226125794,0.012455804755487564,0.0131146112632485,0.013765239710960038,0.014408289188228986,0.015044301648688212,0.015673768564511418,0.01629713667160353,0.016914812947965024,0.017527168941015827,0.018134544541981542,0.018737251287667487,0.019335575257346336,0.019929779621533625,0.02052010689050474,0.021106780903032894,0.021690008589707595,0.02226998154009476,0.022846877398737458,0.023420861111419233,0.02399208604010165,0.02456069496240465,0.02512682096934347,0.02569058827320563,0.026252112935890703,0.026811503526702196,0.02736886171806559,0.02792428282212085,0.02847785628441637,0.029029666125761546,0.0295797913480933,0.030128306303743527,0.030675281032573776,0.031220781570192105,0.03176487023010616,0.03230760586234794,0.0328490440908279,0.0333892375314324,0.033928235992662543,0.03446608666042376,0.03500283426840798,0.03553852125536209,0.03607318791040532,0.03660687250744215,0.037139611429613396,0.03767143928463664,0.03820238901180446,0.03873249198133649,0.039261778086714785,0.0397902758305746,0.04031801240466854,0.040845013764376624,0.041371304698190815,0.0418969088925653,0.04242184899248929,0.04294614665810775,0.04346982261768776,0.04399289671720268,0.04451538796678367,0.04503731458426675,0.045558694036045344,0.046079543075420705,0.04659987777862742
0.023569023569023573,0.0,3.929042323087897e-18,5.527436809006336e-16,1.1369321667321112e-14,1.2279076991333784e-13,3.210460335329104e-23,6.76989509255797e-21,1.1615476155563699e-18,1.4395877521662046e-16,1.1053053850003867e-24,2.210772028373611e-21,1.7647476935479713e-18,5.703302401855779e-16,1.7005467843103464e-23,1.3870387041800319e-19,3.506697609359323e-16,9.559435565909417e-22,1.9585020194427915e-16,2.698301486036544e-19,4.1611409347787616e-19,3.934767738056182e-18,0.000540846303416947,0.0016407827428246092,0.0026949330949835176,0.0037090364803548464,0.0046879135174156235,0.005635640689347813,0.006555688515331142,0.007451030144870571,0.008324227414284218,0.009177499629000352,0.01001277898530988,0.010831755563969576,0.011635914117616048,0.012426564344636744,0.013204865959135498,0.013971849570694044,0.014728434169432982,0.015475441843464643,0.016213610226826995,0.016943603076124154,0.01766601929587451,0.01838140067244536,0.019090238526183193,0.019792979455138374,0.02049003031153175,0.021181762528040687,0.021868515890915805,0.02255060184074037,0.023228306368425322,0.023901892563198652,0.024571602860428473,0.025237661029747113,0.025900273937825114,0.026559633115047627,0.02721591615108394,0.02786928794076601,0.028519901798681777,0.02916790045905604,0.029813416970186774,0.030456575506940475,0.03109749209534787,0.03173627527116338,0.03237302667477001,0.03300784159026529,0.03364080943474523,0.03427201420307282,0.03490153487278625,0.0355294457732532,0.03615581692270175,0.03678071433634269,0.037404200308435546,0.03802633367083367,0.038647170030265146,0.03926676198636296,0.039885159332241904,0.040502409239231145,0.041118556427203815,0.04173364332179679,0.042347710199683385,0.04296079532294461,0.04357293506348189,0.044184164018321814,0.04479451511658141,0.04540401971878937,0.046012707709193156,0.04662060758162286,0.04722774651943104,0.047834150469979526,0.04843984421410256,0.0490448514309371,0.049649194758476796,0.050252895850175304,0.05085597542789624,0.05145845333148214,0.052060348565191476,0.052661679341232344,0.0532624631206024,0.05386271665142744,0.05446245600497563
0.025252525252525252,0.0,5.944786572094282e-18,8.487143146828948e-16,1.8428496101202473e-14,2.2031067131593544e-13,2.034385193808946e-22,6.205258024392557e-20,1.3785041261946057e-17,1.989706883653056e-15,1.678782483947544e-22,3.080673289192143e-19,1.877763559070455e-16,5.375109541067536e-14,8.313125126709534e-20,3.84298764252938e-16,2.7495849767562495e-21,1.072297382929274e-15,1.7007915048098323e-17,1.9206037991777472e-15,7.444039187475596e-16,0.0010997775292816202,0.0023375935681542366,0.003522738779122908,0.004662108040380271,0.005761443063480109,0.006825563281614734,0.007858543921437965,0.008863854382638753,0.00984446684080336,0.010802942287738442,0.011741499294752948,0.01266206941825219,0.013566342178838607,0.014455801836306648,0.015331757654422419,0.016195368962288556,0.01704766602727403,0.017889567534306455,0.01872189529847724,0.01954538670876111,0.020360705301277933,0.021168449781696838,0.02196916175631279,0.022763332382258066,0.02355140810921527,0.024333795654236757,0.02511086632659586,0.025882959799651346,0.0266503874105108,0.027413435055064033,0.028172365735126142,0.028927421805514008,0.029678826961510005,0.030426788001050507,0.031171496390881764,0.03191312966218402,0.03265185265382257,0.033387818630144436,0.03412117027722556,0.034852040600751144,0.03558055373337321,0.03630682566258242,0.03703096488807777,0.03775307301647516,0.038473245300215245,0.039191571126685386,0.03990813446284081,0.04062301425997842,0.041336284822768715,0.04204801614617484,0.0427582742234725,0.04346712132822244,0.04417461627272953,0.04488081464524501,0.045585769027924106,0.04628952919733634,0.04699214230913681,0.04769365306833901,0.0483941038864826,0.04909353502685765,0.04979198473883137,0.050489489382219366,0.051186083542552246,0.05188180013800523,0.05257667051868641,0.05327072455891313,0.053963990743047474,0.05465649624540939,0.055348267004738765,0.05603932779363555,0.05672970228336849,0.0574194131044089,0.05810848190301538,0.05879692939416593,0.05948477541111057,0.060172038951792954,0.06085873822236948,0.061544890678035785,0.062230513061352445,0.06291562143824743
0.02693602693602694,0.0,8.754798369555749e-18,1.2727865646264339e-15,2.957044184836705e-14,3.9795370541796647e-13,1.3329434736107702e-21,5.651755427399258e-19,1.5349279526730652e-16,3.67406130116656e-24,1.8453703811367505e-20,2.6237237180216833e-17,1.3582687307588423e-14,1.4386650107152694e-20,1.4422417813923632e-16,1.2125025033937115e-21,1.2075282105427117e-15,7.206748231850316e-17,1.566714522430039e-22,8.017873995689932e-05,0.0015413056916662943,0.0029312856353821814,0.004260258744551235,0.00553657799403687,0.006767137257880369,0.007957676422370977,0.009113013265926978,0.010237221587567501,0.011333769562441677,0.01240562831323124,0.01345535792356207,0.01448517617714539,0.015497013943932304,0.016492560144134336,0.017473298509924545,0.01844053783957211,0.019395437049940668,0.020339026042032856,0.02127222317402123,0.022195849968720437,0.02311064355288518,0.024017267226583237,0.02491631948253416,0.02580834173438515,0.026693824964561245,0.027573215463937758,0.028446919804891158,0.02931530916461263,0.030178723095631067,0.031037472824303303,0.03189184414481771,0.03274209996543142,0.033588482555361725,0.034431215528905684,0.03527050561128737,0.03610654420112113,0.036939508765901824,0.037769564087023665,0.038596863373605204,0.03942154926097272,0.04024375470750196,0.041063603801689795,0.04188121248976789,0.0426966892328389,0.04351013560137404,0.044321646813929166,0.04513131222609307,0.045939215774950436,0.04674543638371176,0.04755004833061414,0.04835312158572024,0.04915472211882891,0.049954912181347226,0.050753750564657696,0.05155129283723612,0.05234759156253166,0.053142696499405895,0.05393665478673824,0.054729511113638406,0.05552130787655812,0.056312085324463766,0.057101881693115225,0.05789073332939316,0.05867867480652428,0.059465739030973054,0.06025195734169478,0.06103735960237891,0.06182197428725419,0.06260582856097317,0.06338894835304805,0.0641713584272658,0.06495308244647402,0.06573414303309326,0.06651456182568129,0.06729435953184675,0.06807355597778392,0.0688521701546778,0.06963022026220798,0.07040772374936029,0.07118469735273907,0.07196115713255678
0.028619528619528625,0.0,1.2590476230024375e-17,1.8720754392428677e-15,4.7193520279809363e-14,1.0979322041432016e-23,8.925942461404522e-21,4.994646172301322e-18,1.5763124128681004e-15,3.150198097039726e-22,1.363794188429261e-18,1.523791369452521e-15,6.339267156164446e-22,1.7759020709360556e-17,7.854005647271048e-23,2.7981085461762305e-16,2.3850309293526312e-17,2.372571989026609e-22,0.00019560640038649118,0.001837720185625444,0.0033960246644321335,0.004883126520508838,0.006309243580481332,0.007682726521959015,0.009010466756301074,0.010298202037567145,0.011550748333693945,0.012772177906094292,0.013965957617996473,0.015135057467660626,0.016282036568462933,0.017409111863720832,0.018518213491462467,0.019611029731580798,0.020689043753658966,0.021753563859676858,0.02280574852697612,0.02384662726598784,0.024877118086620877,0.02589804220008339,0.02691013645355889,0.02791406389553722,0.028910422791736053,0.029899754350447366,0.030882549367867104,0.03185925396559135,0.03283027456178148,0.03379598219283813,0.034756716282494424,0.03571278793965312,0.03666448284871412,0.03761206381905714,0.038555773027365924,0.039495834004511045,0.04043245339643982,0.04136582252917947,0.04229611880291659,0.04322350693654581,0.04414814008107373,0.04507016081772399,0.04598970205443967,0.04690688783264882,0.04782183405460242,0.04873464914026163,0.0496454346215695,0.05055428568096327,0.051461291640136825,0.052366536404335286,0.053270098866831476,0.0541720532776866,0.055072469580421786,0.0559714137198116,0.056868947923649354,0.05776513096101624,0.058660018379309266,0.059553662722038686,0.060446113729191,0.06133741852176444,0.062227621771916736,0.06311676586001731,0.06400489101976482,0.06489203547241516,0.06577823555106144,0.06666352581581561,0.06754793916065971,0.06843150691266112,0.06931425892418104,0.070196223658647,0.07107742827040714,0.07195789867913768,0.07283765963923193,0.07371673480456135,0.07459514678896507,0.07547291722279262,0.07635006680579758,0.07722661535665343,0.07810258185934124,0.0789779845066368,0.07985284074090694,0.08072716729240732,0.08160098021525815
0.030303030303030304,0.0,1.4724343392522432e-17,2.258723691431866e-15,6.423600119513754e-14,1.401759035693899e-22,4.8436334840956695e-20,3.478567309264491e-17,2.412450955204745e-22,1.494698588932144e-20,5.119398066138306e-17,5.2040463751470935e-22,4.526985895066471e-19,9.222357118278892e-15,8.370450890938432e-18,3.462313693517634e-19,2.7811446436523065e-15,0.00011400955173778153,0.0019588579585503936,0.0037040750924622373,0.005365481346731961,0.0069557123661267714,0.008484982812900064,0.009961640206958283,0.011392573254464975,0.01278351742855602,0.014139286771871729,0.015463951913963494,0.01676097832625503,0.018033334813422838,0.01928357945982249,0.02051392831691962,0.021726310746017635,0.02292241434746373,0.024103721693697806,0.0252715405599357,0.02642702895703508,0.02757121598078784,0.028705019271370175,0.029829259709220724,0.03094467384471757,0.03205192445925948,0.03315160957755973,0.03424427018988351,0.03533039689470294,0.0364104356338834,0.037484792661847406,0.03855383886595423,0.039617913532149565,0.0406773276440291,0.041732366772251374,0.0427832936194475,0.04383035026473936,0.04487376014894107,0.04591372983474256,0.04695045057108333,0.047984099686671645,0.04901484183403217,0.0500428301024616,0.05106820701573206,0.0520911054282323,0.05311164933140838,0.05412995458080858,0.055146129552706036,0.0561602757381312,0.05717248828116695,0.05818285646751432,0.05919146416860808,0.06019839024593011,0.0612037089196217,0.06220749010501921,0.06320979972032383,0.06421069996825314,0.06521024959420633,0.06620850412319661,0.06720551607756076,0.06820133517724157,0.06919600852424883,0.0701895807727387,0.07118209428600238,0.07217358928152552,0.07316410396516174,0.07415367465536284,0.07514233589831389,0.07613012057474144,0.07711705999908876,0.07810318401168727,0.07908852106449428,0.08007309830091532,0.08105694163018158,0.08204007579671078,0.0830225244448424,0.08400431017930256,0.08498545462172423,0.08596597846351933,0.08694590151537478,0.08792524275362147,0.08890402036370378,0.0898822517809596,0.09085995372890247,0.09183714225518314
0.03198653198653199,0.0,2.0214600510188142e-17,3.2133599826417585e-15,1.0285450492568619e-13,2.926208970276686e-22,3.2445275903266964e-19,2.771332440580439e-16,3.1303597805237743e-22,7.100993683416684e-19,1.9929464440976792e-15,4.10203561548308e-21,2.461863150156821e-16,4.859736991699335e-20,2.2469797243602426e-21,9.459578627231651e-19,4.9467481062490494e-20,0.0018713586921554907,0.003825256990786126,0.005679566528210094,0.007450100960009312,0.00914949053770492,0.010787945563496023,0.012373809994352149,0.013913969596083089,0.015414157393379356,0.016879185374647207,0.018313122431475263,0.01971943255618072,0.021101083286227115,0.02246063161406085,0.02380029264525134,0.02512199491749933,0.026427425310834623,0.027718065764886127,0.028995223496611395,0.030260056022572587,0.031513591999289436,0.03275674867523967,0.03399034658046499,0.03521512195094268,0.036431737285159006,0.037640790352556165,0.0388428219124736,0.04003832235452288,0.0412277374289133,0.04241147321747166,0.0435899004487666,0.04476335826493379,0.04593215751617499,0.047096583651262285,0.04825689926069676,0.049413346320270606,0.05056614817542252,0.05171551130067043,0.0528616268633182,0.0540046721163798,0.055144811642096454,0.056282198464417066,0.05741697504627586,0.058549274185351115,0.05967921982016155,0.060806927756801056,0.06193250632528089,0.06305605697330867,0.06417767480435373,0.06529744906600425,0.06641546359389325,0.06753179721583948,0.06864652412030223,0.06975971419277349,0.0708714333233163,0.07198174368809607,0.0730907040074356,0.07419836978264636,0.07530479351364523,0.07641002489915123,0.07751411102106798,0.0786170965144902,0.07971902372462578,0.08081993285179273,0.08191986208553603,0.0830188477288043,0.08411692431303602,0.08521412470492208,0.08631048020553865,0.08740602064247927,0.08850077445555615,0.08959476877658822,0.09068802950374671,0.091780581370887,0.09287244801225543,0.09396365202292896,0.09505421501531103,0.09614415767198103,0.09723349979516939,0.0983222603531066,0.09941045752347429,0.10049810873416774,0.10158523070156185,0.1026718394664571
0.033670033670033676,0.0,3.3308050822501834e-17,5.495992823415809e-15,1.9168844163987738e-13,1.1646744010830449e-21,2.5826320951498114e-18,2.4720262487958124e-15,3.0319824955287364e-21,3.395202044734245e-17,7.010565234086283e-24,2.4319613727302434e-18,4.3508577050484426e-23,1.9654850759750565e-15,1.9290993018232488e-14,1.8546563925432115e-16,0.0015375754491126082,0.0037261713323202103,0.005795166011779911,0.007764617413829281,0.009650331687102779,0.011464933278063394,0.013218627841674721,0.014919755552163185,0.01657519905957233,0.018190688797717333,0.019771034581303075,0.021320303464919355,0.022841957877392797,0.02433896401704769,0.025813877722639295,0.02726891310036055,0.02870599781802283,0.03012681799470002,0.03153285490160581,0.03292541516611117,0.0343056557827286,0.03567460494405944,0.03703317948491822,0.03838219956531013,0.03972240108919665,0.04105444625630616,0.042378932567022375,0.043696400535640785,0.045007340330838023,0.046312197503091984,0.047611377950281274,0.048905252233821805,0.05019415934293272,0.051478409987653316,0.05275828948804537,0.054034060316206084,0.055305964338818896,0.05657422480061439,0.057839048083009735,0.05910062526711019,0.060359133526005505,0.06161473736772604,0.06286758974722174,0.06411783306319001,0.06536560005343045,0.06661101460057789,0.06785419245850936,0.06909524190839027,0.07033426435218569,0.07157135485048309,0.07280660261062925,0.0740400914304561,0.07527190010223934,0.07650210278098708,0.07773076932068043,0.07895796558167299,0.08018375371209545,0.08140819240579406,0.08263133713905521,0.08385324038812407,0.08507395182931092,0.08629351852329058,0.08751198508503233,0.08872939384065098,0.08994578497233872,0.09116119665242121,0.09237566516747851,0.0935892250333793,0.09480190910199525,0.09601374866028926,0.097224773522406,0.09843501211533452,0.09964449155866034,0.10085323773887767,0.10206127537868953,0.10326862810168601,0.10447531849275633,0.10568136815455907,0.1068867977603482,0.10809162710342568,0.10929587514346938,0.11049956004996497,0.11170269924294973,0.11290530943126136,0.11410740664846784
0.03535353535353535,0.0,4.4598247691969265e-17,7.741227962704179e-15,3.0861623911035975e-13,5.686463889369001e-21,1.6105465855850848e-17,1.4333736901712444e-24,1.0673780651196212e-19,9.15746426537366e-16,3.3069029168303436e-21,6.580480685397547e-16,1.3382482350721205e-18,9.49426330543239e-19,5.3418031242020096e-20,0.0009140390037059412,0.003369130299673491,0.005678842140956046,0.00786900723506735,0.009959676016065832,0.011966647348474071,0.013902539736990993,0.015777554008029267,0.017600026382427112,0.019376836245432152,0.021113711311153693,0.022815459111160067,0.024486144769180443,0.02612922907010506,0.027747676803746155,0.029344042595269126,0.030920539499475316,0.032479094268742285,0.03402139222143013,0.03554891392530444,0.03706296538721708,0.038564703052216265,0.04005515462460354,0.04153523650377532,0.04300576846022841,0.04446748604893236,0.045921051153925856,0.04736706099208766,0.04880605582216737,0.05023852557927311,0.05166491560229619,0.053085631596351913,0.05450104394687052,0.055911491482077226,0.05731728476444648,0.05871870897853267,0.06011602647177628,0.061509478995989686,0.06289928968987642,0.06428566483683526,0.06566879542721978,0.06704885854997315,0.0684260186349943,0.06980042856458854,0.07117223066982228,0.0725415576254524,0.07390853325527659,0.07527327325819537,0.07663588586394672,0.07799647242633555,0.07935512796080074,0.08071194163232066,0.08206699719892786,0.08342037341547594,0.08477214440175362,0.08612237997856503,0.08747114597498362,0.08881850450962313,0.09016451424845344,0.09150923064141259,0.09285270613982227,0.09419499039639923,0.09553613044946696,0.09687617089280483,0.09821515403242509,0.09955312003143547,0.10089010704403173,0.10222615133955974,0.10356128741749482,0.10489554811410577,0.10622896470149577,0.10756156697964936,0.10889338336205406,0.11022444095541511,0.11155476563393191,0.11288438210856548,0.11421331399168584,0.11554158385745555,0.11686921329827309,0.11819622297757358,0.11952263267925811,0.1208484613539998,0.12217372716265466,0.12349844751698628,0.12482263911789658,0.12614631799133827
0.03703703703703704,0.0,5.891414836147911e-17,1.0862513176508354e-14,5.015164185351097e-13,2.7748455625064175e-20,9.608520544794151e-17,4.5691679478620367e-23,2.903733065572305e-18,2.0472014670913212e-14,9.125945217101838e-19,5.661570567205793e-23,1.1983993510381801e-14,5.008258615871636e-20,5.465957496033032e-14,0.0027106449240628535,0.005292880315981401,0.007729802032506447,0.010047236188808475,0.012265223581373753,0.014399555263671523,0.01646284346482262,0.01846528392828526,0.02041520871811615,0.022319493787552307,0.024183863992782408,0.026013124466259557,0.02781133830293223,0.02958196456032985,0.031327966548587084,0.033051897617688675,0.0347559697178039,0.036442108639559316,0.038111998860063674,0.03976712020802634,0.04140877803837207,0.04303812821887473,0.04465619794082263,0.04626390314615761,0.04786206319648986,0.049451413278308154,0.05103261494694813,0.05260626512037083,0.05417290378765019,0.0557330206393302,0.05728706079199464,0.05883542974823352,0.06037849770858134,0.061916603332120006,0.06345005702629017,0.06497914383328073,0.06650412596956658,0.06802524506627587,0.06954272415071938,0.07105676940331727,0.07256757171907878,0.07407530809854239,0.07558014288952172,0.0770822288980014,0.07858170838399438,0.08007871395602453,0.08157336937607504,0.08306579028528786,0.0845560848593712,0.08604435440153252,0.08753069387977769,0.08901519241457244,0.09049793372213592,0.09197899651800616,0.09345845488496989,0.09493637860897562,0.09641283348623385,0.09788788160434748,0.09936158159999936,0.10083398889544587,0.10230515591582423,0.10377513228906347,0.10524396503000465,0.10671169871016524,0.10817837561443745,0.10964403588587877,0.11110871765963772,0.11257245718695368,0.1140352889500793,0.11549724576889081,0.11695835889987967,0.11841865812815373,0.11987817185301596,0.12133692716763927,0.1227949499333062,0.12425226484864149,0.12570889551422745,0.12716486449295708,0.12862019336644948,0.13007490278782421,0.13152901253110583,0.13298254153750672,0.13443550795881667,0.13588792919810708,0.1373398219479422,0.13879120222627442
0.038720538720538725,0.0,7.68833456606309e-17,1.5217227639261482e-14,1.1546958280557584e-23,1.3401672004345921e-19,5.459386657448322e-16,1.257674342642598e-21,6.23170199481156e-17,1.4406572502299184e-22,1.5697263440943729e-16,7.25542095305297e-19,5.4497219588276026e-18,3.5845475559124595e-15,0.0016991714089986537,0.004593752721153283,0.007309246433907333,0.00987950158570955,0.012330331565300112,0.01468176679638479,0.01694959009696058,0.01914640710415601,0.02128240822847627,0.02336592117368845,0.025403818294180768,0.02740182144937592,0.029364733256220438,0.03129661468243429,0.03320092297462471,0.0350806198913765,0.03693825744579699,0.038776046429901935,0.040595911625979315,0.04239953662913993,0.04418840049324222,0.04596380788971019,0.04772691408108604,0.04947874572118848,0.0512202182714205,0.052952150664627044,0.05467527770309683,0.05639026059522983,0.05809769594643499,0.05979812346303708,0.06149203257916478,0.06317986817832481,0.06486203555077191,0.06653890470318993,0.06821081411732574,0.0698780740380781,0.07154096935837588,0.0731997621573863,0.0748546939397089,0.07650598761586734,0.07815384925831642,0.07979846966210391,0.08144002573508252,0.08307868173900552,0.08471459039984097,0.08634789390310764,0.08797872478788894,0.08960720675136015,0.09123345537410786,0.09285757877519384,0.09447967820477808,0.09609984858113636,0.09771817897806619,0.0993347530679487,0.10094964952510223,0.10256294239351989,0.1041747014226065,0.10578499237411822,0.10739387730314554,0.10900141481566589,0.1106076603049137,0.11221266616857334,0.11381648200858606,0.11541915481517338,0.11702072913651261,0.11862124723535324,0.12022074923373165,0.12181927324682662,0.12341685550689445,0.12501353047813088,0.12660933096322577,0.12820428820230298,0.12979843196487315,0.13139179063536777,0.13298439129277223,0.1345762597848266,0.13616742079722205,0.13775789791818224,0.13934771369878493,0.14093688970934787,0.14252544659217545,0.14411340411093732,0.14570078119692728,0.14728759599242974,0.1488738658914027,0.15045960757766946,0.15204483706079433
0.04040404040404041,0.0,9.923700651469645e-17,2.1319169500974473e-14,3.9312150256740976e-23,6.3545746123208915e-19,4.617313488618169e-26,2.930076775775019e-20,1.1137006418982238e-15,2.915128205330296e-20,1.4717522662013414e-24,3.304036608975639e-15,9.840034162406339e-20,0.00027177528999910175,0.0035298800802327705,0.0065637736158942655,0.009418674768106634,0.012128416666382242,0.01471879877949983,0.017209840602282155,0.01961731631705554,0.021953824658074786,0.024229550452400887,0.026452816840291563,0.02863049240963324,0.030768295883660937,0.03287102724677755,0.03494274524072285,0.036986905216892345,0.03900646731028573,0.04100398213501201,0.04298165927112619,0.04494142244573406,0.04688495433097586,0.04881373316986478,0.05072906291907247,0.05263209820658905,0.05452386512380553,0.056405278631124316,0.05827715721179272,0.06014023526527105,0.06199517363746784,0.0638425686067131,0.06568295958344393,0.0675168357334608,0.06934464169636555,0.07116678254021398,0.07298362806883453,0.0747955165784015,0.07660275814372168,0.07840563750153082,0.08020441658731044,0.08199933677325415,0.0837906208476739,0.085578474770044,0.0873630892308077,0.08914464104082659,0.09092329437179625,0.09269920186595139,0.09447250563085623,0.09624333813292835,0.09801182300152493,0.09977807575386405,0.10154220444973011,0.10330431028377156,0.10506448812222398,0.10682282699004919,0.10857941051375376,0.1103343173245218,0.11208762142575084,0.11383939252860463,0.1155896963587844,0.11733859493735811,0.1190861468381716,0.12083240742408911,0.12257742906406716,0.12432126133285198,0.12606395119490188,0.12780554317397,0.12954607950963457,0.13128560030193434,0.13302414364515083,0.13476174575167546,0.13649844106680822,0.13823426237525446,0.1399692409000101,0.141703406394264,0.14343678722688544,0.1451694104620133,0.14690130193321607,0.14863248631265066,0.15036298717560792,0.15209282706080163,0.15382202752672314,0.15555060920435934,0.1572785918465441,0.1590059943741918,0.16073283491963988,0.16245913086730993,0.16418489889187785,0.16591015499413042
0.04208754208754209,0.0,1.2682745949368437e-16,2.9907755833115234e-14,1.356453913801893e-22,2.939809929101627e-18,9.674324226460315e-25,5.654814185541043e-19,1.724468593110238e-14,3.815257985696168e-18,1.0114715001179332e-20,1.4243105445809986e-19,4.1110779524349596e-16,0.002038254955978621,0.005441766644294912,0.008621146509967259,0.011621635836437718,0.014477048944496832,0.01721317061405856,0.019850008895365565,0.022403328942705386,0.024885722275508046,0.027307367887416934,0.02967658415084566,0.03200023571875883,0.03428403803797291,0.03653278834285203,0.038750543049608406,0.04094075552982959,0.043106384222416284,0.04524997828000376,0.047373746016566236,0.049479610056909755,0.05156925210899102,0.053644149569164884,0.05570560564546442,0.0577547743060976,0.05979268105364261,0.06182024032423274,0.06383827013211436,0.0658475044559211,0.06784860376287849,0.06984216398963027,0.07182872423751259,0.07380877339201573,0.07578275583794564,0.07775107641123753,0.07971410470380652,0.0816721788179684,0.08362560865084306,0.08557467877599902,0.08751965097881627,0.08946076649317057,0.09139824797970504,0.09333230127986909,0.09526311697483048,0.0971908717741291,0.09911572975538147,0.10103784347335028,0.10295735495416443,0.10487439658833109,0.10678909193436088,0.10870155644327423,0.11061189811293119,0.11252021807998998,0.11442661115632242,0.11633116631587381,0.11823396713722802,0.1201350922065089,0.12203461548470557,0.1239326066430333,0.1258291313695285,0.12772425164971746,0.1296180260238796,0.1315105098231529,0.13340175538648327,0.13529181226020764,0.13718072738187082,0.13906854524971105,0.14095530807910067,0.1428410559470987,0.14472582692615618,0.14660965720791258,0.14849258121792863,0.15037463172212193,0.1522558399255957,0.15413623556448824,0.15601584699141177,0.1578947012549957,0.1597728241740042,0.16165024040645534,0.16352697351413006,0.16540304602282577,0.16727847947867955,0.1691532945008554,0.17102751083086756,0.17290114737878728,0.17477422226656134,0.17664675286864862,0.1785187558501695,0.1803902472027412
0.04377104377104377,0.0,1.6065036320773326e-16,4.204739156690759e-14,4.727014420829131e-22,1.3210363335437811e-17,1.839626725815926e-23,9.013894887485016e-18,4.8348481310841344e-23,3.560089787434959e-16,3.4439945389643893e-17,2.5183426483686107e-23,3.967268647720617e-05,0.003880183652887056,0.007435259040022906,0.010766333953357264,0.013918625017387132,0.016925926539567714,0.019814007927755242,0.02260286528351861,0.025308254340738,0.027942759092620593,0.03051655244777385,0.0330379478054379,0.03551380571420578,0.03794983820362602,0.04035083963959377,0.042720864012806455,0.04506336262988042,0.04738129216066555,0.04967720023346577,0.05195329384172228,0.0542114944605336,0.05645348279253005,0.05868073534940458,0.060894554561350796,0.06309609370582858,0.06528637767217717,0.0674663203496959,0.06963673926345144,0.07179836795314772,0.07395186649103914,0.07609783045738681,0.07823679863113173,0.08036925960539816,0.0824956574992377,0.084616396906482,0.08673184719801885,0.08884234627396799,0.0909482038461205,0.09304970431786003,0.09514710931800957,0.0972406599361781,0.09933057869984939,0.10141707132737147,0.10350032828593718,0.10558052617940683,0.10765782898727183,0.10973238917306068,0.11180434867796456,0.11387383981331539,0.11594098606373038,0.11800590281118511,0.12006869798895198,0.1221294726732048,0.12418832161911363,0.12624533374741315,0.12830059258670326,0.13035417667610957,0.132406159932389,0.13445661198508996,0.1365055984829643,0.1385531813744679,0.14059941916487004,0.14264436715221812,0.14468807764415667,0.14673060015739134,0.14877198160139588,0.15081226644779636,0.1528514968867181,0.15488971297125206,0.15692695275107993,0.1589632523961966,0.1609986463115746,0.16303316724353575,0.1650668463785209,0.16709971343488472,0.16913179674828294,0.17116312335116843,0.17319371904686434,0.17522360847864202,0.17725281519419103,0.17928136170583733,0.18130926954683202,0.18333655932400783,0.1853632507670725,0.18738936277478802,0.18941491345826303,0.19143992018156586,0.19346439959984998,0.19548836769516895
0.04545454545454546,0.0,2.0187287956884604e-16,5.927207821097873e-14,1.655497000697831e-21,5.74868586711314e-17,3.158252953399572e-22,1.2183563015183388e-16,5.7470974404583226e-21,2.2789352494589493e-24,9.579352368772026e-24,3.288813878399596e-23,0.0017993091132932643,0.00579793401859006,0.009510809036600391,0.01299982240121666,0.016310163185086855,0.019475604731929254,0.022521900417612647,0.02546903389380419,0.02833275108065982,0.031125628132096763,0.033857831618816,0.03653766976022523,0.03917199883030505,0.04176652729933178,0.044326046545722926,0.046854608033983836,0.04935566092005551,0.05183216003131719,0.054286651408479374,0.0567213406696464,0.059138148092775705,0.06153875333210251,0.06392463198042646,0.06629708565571703,0.06865726691673339,0.07100620001411205,0.07334479826761768,0.07567387869283215,0.07799417437231199,0.08030634496694745,0.08261098568582607,0.08490863497211332,0.08719978111443345,0.08948486795505439,0.09176429983565611,0.09403844589692584,0.09630764382839563,0.09857220314883612,0.10083240808438286,0.10308852010080433,0.10534078013745522,0.10758941058313322,0.1098346170279762,0.11207658982047142,0.11431550545441384,0.11655152780709699,0.11878480924702876,0.12101549162693738,0.12324370717569343,0.1254695793009539,0.12769322331278374,0.12991474707718728,0.1321342516073436,0.13435183159936734,0.1365675759185744,0.13878156804150607,0.14099388645833905,0.14320460503976232,0.1454137933719281,0.14762151706267318,0.1498278380218443,0.1520328147182479,0.15423650241546696,0.15643895338854566,0.15864021712332857,0.16084034050005339,0.16303936796262938,0.165237341674887,0.1674343016649542,0.16963028595879862,0.171825330703872,0.1740194702837042,0.17621273742420798,0.1784051632923873,0.1805967775880749,0.18278760862926635,0.18497768343156662,0.18716702778221694,0.18935566630912984,0.19154362254531873,0.1937309189890788,0.1959175771602406,0.19810361765279363,0.20028906018414902,0.20247392364129033,0.20465822612403825,0.20684198498563897,0.20902521687086562,0.211207937751811
0.047138047138047146,0.0,2.518696692215036e-16,8.380033164572498e-14,5.796027978428463e-21,2.418070909448488e-16,4.850265401128918e-21,1.448000505194858e-15,4.88808109128723e-19,6.2122459974445336e-21,4.426184224513481e-18,3.702642470387367e-22,0.0036294262635598734,0.0077919432348510015,0.011668891422544502,0.015322122813291346,0.01879679741793244,0.022126666728232505,0.025337467435412386,0.028449170237818535,0.03147751084740087,0.03443505726382109,0.0373319694653756,0.040176550283897036,0.04297565154706248,0.045734978023145134,0.048459317983221,0.05115272026425613,0.0538186317852366,0.0564600054571567,0.0590793856694443,0.06167897660994617,0.06426069731025984,0.06682622633632453,0.06937703832338957,0.07191443404521393,0.07443956531301237,0.07695345571309006,0.0794570179728258,0.08195106857787582,0.08443634013530839,0.08691349187814605,0.0893831186294114,0.09184575848302333,0.0943018994108898,0.09675198496739051,0.09919641923193755,0.10163557110578214,0.10406977805941987,0.10649934941085687,0.10892456920186956,0.11134569872862998,0.11376297877421032,0.11617663158315816,0.11858686261225725,0.12099386208652681,0.12339780638528042,0.1257988592795137,0.12819717303890146,0.1305928894241598,0.13298614057838962,0.13537704982919976,0.13776573241185974,0.14015229612240657,0.1425368419084973,0.14491946440482206,0.14730025241905403,0.14967928937358752,0.15205665370768642,0.15443241924412332,0.1568066555239132,0.15917942811233612,0.16155079887908083,0.16392082625502774,0.1662895654679128,0.1686570687588718,0.1710233855816501,0.17338856278607617,0.1757526447872305,0.17811567372159384,0.18047768959132948,0.1828387303977392,0.1851988322648276,0.1875580295538214,0.1899163549694054,0.19227383965836675,0.19463051330127323,0.19698640419775174,0.19934153934588325,0.20169594451618192,0.20404964432058514,0.20640266227684143,0.20875502086865214,0.211106741601889,0.21345784505718268,0.21580835093915465,0.2181582781225371,0.2205076446954103,0.22285646799976375,0.2252047646695741,0.22755255066657334
0.04882154882154882,0.0,3.1226902413163594e-16,1.1886123314352693e-13,2.0185364091987433e-20,9.82078288729706e-16,6.576910466487612e-20,1.5495977430805178e-14,3.0489422099158755e-17,9.921479403297206e-18,8.257586633351755e-22,0.0008248697541930755,0.0055299609993087265,0.009862671446997517,0.013910004474871398,0.01773377135198168,0.02137910176483411,0.024879724483059088,0.028261358859688047,0.03154396213516309,0.0347432594159871,0.03787181023059791,0.04093976770871519,0.04395542908526936,0.04692564156894965,0.04985610608221706,0.05275160766810888,0.05561619243399379,0.058453304975016114,0.061265896211349924,0.06405650881724102,0.06682734549361871,0.06958032397927234,0.07231712170796992,0.07503921232074193,0.07774789571433527,0.08044432292337853,0.08312951684403831,0.0858043895882958,0.08846975709129651,0.09112635146615006,0.0937748315013905,0.09641579161897891,0.09904976955002089,0.10167725293740515,0.10429868503643991,0.10691446965408147,0.1095249754428438,0.11213053964567737,0.11473147137202487,0.11732805447214177,0.11992055006601564,0.122509198774365,0.12509422269188367,0.12767582713682088,0.13025420220593156,0.13282952415960056,0.13540195665839616,0.13797165186932075,0.14053875145750394,0.14310338747694484,0.14566568317209472,0.14822575370052174,0.15078370678557784,0.15333964330685243,0.155893657835225,0.15844583911848678,0.16099627052278156,0.16354503043448249,0.16609219262658428,0.16863782659321133,0.17118199785543364,0.17372476824122193,0.17626619614205716,0.17880633674843574,0.1813452422662677,0.18388296211595215,0.18641954311572717,0.1889550296507245,0.1914894638290123,0.194022885625781,0.19655533301670822,0.19908684210144034,0.2016174472180345,0.20414718104912288,0.20667607472049057,0.2092041578926919,0.21173145884627143,0.21425800456110536,0.2167838207903311,0.21930893212929004,0.2218333620798729,0.22435713311062033,0.22688026671290276,0.2294027834534734,0.23192470302366683,0.23444604428548818,0.2369668253148208,0.23948706344196072,0.24200677528966816,0.2445259768089123
0.050505050505050504,0.0,3.8501208598168586e-16,1.6919436232759144e-13,6.962781037699749e-20,6.217493647040397e-26,7.786697576291549e-19,1.778129064887325e-23,1.5371177817079356e-15,7.852759705699157e-15,2.5805220912048174e-22,0.002619968727553084,0.007501353921475748,0.012010601346092546,0.016234670624535402,0.020235330142894876,0.024057678065651022,0.027735419574297152,0.03129425602723501,0.0347541306993512,0.038130757691921,0.041436687742900345,0.04468206687554097,0.04787518651698055,0.051022889082970015,0.05413087150530733,0.057203915477410494,0.06024606427424351,0.0632607600795836,0.0662509517480372,0.06921918017299426,0.07216764651433057,0.07509826716783224,0.07801271839293546,0.08091247279899393,0.08379882937270407,0.08667293834285446,0.08953582188947624,0.09238839148597174,0.09523146249623854,0.09806576652082082,0.1008919618870207,0.1037106426006299,0.10652234601627401,0.10932755943542817,0.11212672580306328,0.11492024864341638,0.1177084963508943,0.12049180593233046,0.12327048628074756,0.1260448210476655,0.12881507117025007,0.13158147710075027,0.1343442607783611,0.13710362737757825,0.13985976686206064,0.14261285536878418,0.14536305644372977,0.14811052214735954,0.15085539404561576,0.15359780410003912,0.15633787546879044,0.15907572322880958,0.16181145502802505,0.16454517167539465,0.16727696767558287,0.17000693171424353,0.17273514709915036,0.1754616921617936,0.17818664062351489,0.1809100619297814,0.1836320215557875,0.1863525812862142,0.18907179947165895,0.19178973126397567,0.19450642883252142,0.19722194156309306,0.19993631624114783,0.2026495972207405,0.2053618265804568,0.20807304426749762,0.21078328823095113,0.21349259454518796,0.21620099752422273,0.21890852982780426,0.2216152225599244,0.22432110536037,0.22702620648988434,0.22973055290945307,0.23243417035418212,0.23513708340219194,0.23783931553891782,0.24054088921716862,0.24324182591326693,0.24594214617956592,0.24864186969361277,0.2513410153042058,0.25403960107457235,0.2567376443228741,0.25943516166023245,0.26213216902644815
0.052188552188552194,0.0,3.6847412018018737e-16,2.0447660511039714e-13,1.9149065026804675e-19,4.705081821700856e-22,5.89250288198628e-18,1.924910898800196e-21,1.9577983186992052e-21,2.7625931510665464e-20,1.3140858761480042e-14,0.00448002200820512,0.009544065395302986,0.01423623612441575,0.01864343502342814,0.022827386123152372,0.026833154981606478,0.030694422362901517,0.034436870990292634,0.038080429672215796,0.0416408011082214,0.045130526928253374,0.04855974579166453,0.05193674310723081,0.05526835632375084,0.05856027823734822,0.06181728707002043,0.06504342316127526,0.06824212619599292,0.07141634288691148,0.07456861228355981,0.07770113394714118,0.08081582288196165,0.08391435413031134,0.08699819923225117,0.0900686562312421,0.09312687452084449,0.09617387553883448,0.0992105700967421,0.10223777296637794,0.10525621521702061,0.10826655469791174,0.11126938498348828,0.11426524303815729,0.1172546158095213,0.12023794592088795,0.12321563660345658,0.12618805598410607,0.12915554082493474,0.13211839979464535,0.1350769163387676,0.13803135120497187,0.1409819446708876,0.14392891851453385,0.14687247776140508,0.14981281223720466,0.152750097950994,0.15568449832998313,0.15861616532420397,0.1615452403967896,0.16447185541344667,0.16739613344289483,0.1703181894785014,0.17323813109001737,0.17615605901318976,0.1790720676840504,0.1819862457238464,0.18489867637985025,0.1878094379266649,0.19071860403209262,0.19362624409116644,0.19653242353153,0.1994372040929938,0.20234064408377828,0.20524279861568387,0.20814371982018,0.21104345704719707,0.21394205704821498,0.2168395641450762,0.21973602038580708,0.222631465688597,0.22552593797497367,0.22841947329310866,0.23131210593209617,0.23420386852796585,0.23709479216212023,0.23998490645282025,0.24287423964028468,0.24576281866591912,0.2486506692461388,0.25153781594121444,0.254424282219525,0.257310090517573,0.26019526229608353,0.2630798180924836,0.2659637775700296,0.2688471595638308,0.27172998212399585,0.27461226255610915,0.27749401745922825,0.2803752627615774
0.05387205387205388,0.0,5.773361783145161e-16,3.4716549097116014e-13,7.944040612813873e-19,8.306652709368031e-24,7.395764358307175e-17,6.378972583715745e-20,1.1978766602663807e-20,2.0821853904712975e-15,0.0006544571074037593,0.006405478906876662,0.011658591776546228,0.01654011305352731,0.021136877249564996,0.02551056175945582,0.029706198169694806,0.03375744187530257,0.03768995626199894,0.04152365513570479,0.0452742293759972,0.048954211172869626,0.05257373155459305,0.05614106969386994,0.059663057893283,0.0631453846642775,0.06659282463252594,0.0700094150968343,0.07339859315229282,0.07676330329485202,0.08010608266253749,0.08342912916104363,0.08673435635332655,0.09002343802092809,0.0932978445963244,0.09655887314597296,0.09980767219831203,0.10304526242230212,0.10627255394392142,0.10949036092171403,0.11269941387469191,0.1159003701569405,0.1190938228961184,0.12228030865246291,0.1254603140070534,0.1286342812500362,0.13180261330909906,0.1349656780340317,0.13812381193345097,0.1412773234437237,0.14442649579702882,0.14757158954477054,0.15071284478371966,0.15385048312496108,0.1569847094396648,0.16011571341065042,0.16324367091449538,0.16636874525539608,0.16949108826900972,0.17261084131198823,0.17572813615078087,0.17884309576147162,0.18195583505087062,0.18506646150775918,0.18817507579205883,0.19128177226871776,0.194386639492276,0.1974897606473447,0.20059121394960752,0.20369107301141567,0.20678940717556704,0.20988628182045677,0.21298175863942206,0.21607589589679374,0.21916874866288835,0.22226036902993462,0.22535080631071633,0.2284401072215221,0.2315283160508327,0.23461547481502365,0.2377016234022369,0.24078679970545572,0.24387103974571744,0.24695437778630588,0.2500368464386847,0.2531184767608607,0.2561992983488002,0.25927933942146497,0.2623586268999809,0.2654371864814061,0.2685150427075239,0.271592219029048,0.2746687378655921,0.2777446206617276,0.2808198879394222,0.2838945593471313,0.2869686537057862,0.2900421890519089,0.29311518267805753,0.2961876511707947,0.29925961044635513
0.05555555555555556,0.0,7.03162707766664e-16,2.403727760816143e-24,2.6150626682070022e-18,8.699481383624137e-23,6.166464015223633e-16,2.6382227946414703e-18,8.059916070607141e-18,3.82917760940368e-18,0.002450580341786838,0.008396781517990516,0.013845431329089178,0.018922778528293067,0.023715590377148335,0.028285496293442614,0.03267749280637471,0.03692520910243151,0.04105428857948977,0.045084629532181834,0.049031910617309354,0.05290865426205817,0.056724983602115316,0.060489171360044336,0.06420804451534666,0.06788728714739724,0.07153167016203801,0.07514522771135164,0.07873139421352189,0.08229311186965937,0.08583291584086718,0.08935300232021205,0.09285528337956285,0.09634143149620057,0.09981291595678382,0.10327103281703635,0.10671692971040257,0.1101516265104777,0.11357603263401106,0.11699096160509766,0.12039714337347475,0.12379523478096566,0.1271858284930145,0.13056946065172445,0.13394661745898684,0.13731774086027432,0.14068323346927422,0.14404346284911113,0.14739876524616,0.1507494488564217,0.1540957966913504,0.15743806909930005,0.16077650598993135,0.16411132880162463,0.16744274224589065,0.170770935857726,0.17409608537664426,0.17741835397957542,0.18073789338384794,0.18405484483595105,0.18736933999964556,0.19068150175517676,0.1939914449198046,0.19729927689854176,0.20060509827286233,0.20390900333417303,0.20721108056800075,0.21051141309412771,0.21381007906728214,0.2171071520424461,0.2204027013083765,0.2236967921925166,0.22698948634012397,0.2302808419701217,0.23357091410990793,0.23685975481111407,0.24014741334809223,0.24343393640072344,0.24671936822297258,0.25000375079847,0.2532871239842712,0.25656952564382796,0.25985099177010484,0.26313155659968274,0.2664112527186098,0.2696901111606879,0.27296816149881814,0.2762454319299699,0.2795219493542881,0.28279773944880376,0.2860728267361741,0.2893472346488364,0.2926209855889317,0.2958941009843186,0.2991666013409712,0.3024385062920316,0.3057098346437635,0.30898060441863195,0.3122508328957179,0.31552053664865765,0.3187897315812814
0.05723905723905725,0.0,8.541106457160765e-16,5.835654879958778e-24,8.443849323654521e-18,8.497216326857075e-22,4.75344530414335e-15,8.885068135989312e-17,3.1070129069026657e-15,6.7158529657437495e-18,0.004306567340517782,0.010454420702072982,0.016105119512981114,0.021384814660241242,0.026380203697945744,0.031152866426840245,0.03574776313164297,0.040198495904779,0.044530687481424414,0.04876422012131918,0.05291475984594476,0.056994818990168616,0.06101451253068777,0.0649821065222043,0.06890442244145278,0.07278713978647754,0.07663502561620587,0.08045211083222382,0.08424182708358598,0.08800711419964598,0.09175050529782641,0.09547419480073742,0.09918009323881287,0.10286987174103333,0.10654499840955016,0.11020676825522431,0.11385632798628505,0.11749469665410468,0.12112278294225443,0.12474139971895602,0.12835127634544805,0.13195306913399307,0.13554737027221223,0.13913471546995404,0.14271559053711677,0.1462904370628593,0.14985965733626486,0.15342361862411186,0.15698265690167715,0.16053708011647824,0.1640871710517902,0.16763318984605946,0.17117537621551746,0.17471395142000753,0.1782491200059891,0.18178107135564336,0.185309981066791,0.1888360121847976,0.19235931630466654,0.19588003455900413,0.19939829850541393,0.20291423092506625,0.20642794654264673,0.20993955267656972,0.21344914982721272,0.21695683220995718,0.22046268823898593,0.22396680096706315,0.22746924848590222,0.23097010429117926,0.23446943761578473,0.23796731373448912,0.24146379424284628,0.24495893731283827,0.2484527979274953,0.25194542809648013,0.2554368770544156,0.25892719144354504,0.26241641548215183,0.2659045911200154,0.2693917581820549,0.27287795450119284,0.2763632160413732,0.27984757701157187,0.28333106997156327,0.2868137259301267,0.29029557443631887,0.2937766436643741,0.29725696049274797,0.3007365505777681,0.304215438422319,0.3076936474399446,0.31117120001472337,0.3146481175572362,0.3181244205569236,0.3216001286310974,0.3250752605708579,0.3285498343841385,0.3320238673360881,0.33549737598697965,0.3389703762278202
0.05892255892255893,0.0,1.0353624822917349e-15,1.4248557800707116e-23,2.671768168059078e-17,7.697928744429041e-21,8.46513902733737e-25,2.597853539599183e-15,1.6379641523801014e-21,4.596987782680751e-16,0.006222851501658477,0.012578902953170325,0.01843821252025059,0.023926827317931585,0.029131372812274018,0.03411337754173076,0.03891776435037787,0.043578107343701385,0.0481200079134598,0.05256333175635724,0.05692373184230249,0.06121371008141269,0.06544337302261555,0.0696209798330839,0.07375334630549119,0.07784614720507874,0.08190414561876386,0.08593136908876403,0.0899312464044192,0.09390671494515608,0.09786030571736488,0.10179421131485202,0.10571034067581682,0.10961036353650423,0.11349574677552048,0.11736778432442725,0.12122762193574525,0.12507627781152458,0.12891465987799344,0.13274358032588277,0.1365637679085357,0.14037587839119944,0.1441805034679227,0.14797817840205166,0.151769388598571,0.155554575278581,0.15933414039586122,0.16310845091107581,0.16687784251946725,0.17064262291187904,0.17440307463588567,0.17815945761310695,0.18191201135996896,0.18566095695189286,0.18940649876484597,0.19314882602315672,0.1968881141782823,0.20062452613968684,0.20435821337601634,0.2080893169022399,0.21181796816630474,0.2155442898470402,0.21926839657350572,0.22299039557466274,0.2267103872671188,0.230428465787724,0.23414471947696505,0.23785923131837916,0.24157207933858751,0.24528333697200486,0.24899307339381363,0.2527013538243755,0.25640823980790206,0.2601137894678867,0.2638180577415293,0.2675210965951402,0.2712229552223032,0.2749236802263835,0.2786233157888068,0.2823219038243852,0.2860194841248422,0.28971609449156493,0.2934117708585197,0.29710654740616765,0.3008004566671432,0.30449352962437853,0.30818579580229954,0.31187728335165615,0.31556801912849924,0.3192580287677708,0.32294733675193105,0.3266359664750072,0.3303239403024199,0.334011279626903,0.33769800492081803,0.3413841357851249,0.34506969099526025,0.3487546885441472,0.3524391456825435,0.35612307895691764,0.35980650424503097
0.06060606060606061,0.0,9.657026805757805e-16,2.3116015902350205e-22,6.841132412144389e-17,4.6242464612129927e-20,1.0753766292276009e-21,1.9447024506942533e-21,2.608156822019128e-17,0.0009419537309787204,0.008199903451147057,0.014770754454540576,0.020845289041875766,0.02654944739973836,0.031969780745858885,0.03716776477083391,0.042188283702774464,0.04706488277500249,0.05182314135776452,0.056482908057060056,0.06105982237462767,0.0655663754626238,0.0700126651725577,0.07440694356353415,0.07875602056229443,0.08306556604892126,0.08734033901146233,0.09158436352492116,0.09580106542714441,0.09999337956899533,0.10416383477806217,0.10831462176062935,0.11244764781153149,0.11656458122954837,0.12066688763044042,0.12475585983179967,0.12883264259973448,0.1328982532596847,0.1369535989562009,0.14099949118075275,0.14503665805925275,0.14906575479235293,0.15308737256466634,0.15710204617868603,0.16111026062146797,0.1651124567342234,0.1691090361246497,0.1731003654374563,0.1770867800788493,0.1810685874747464,0.1850460699294444,0.18901948714076514,0.19298907841890575,0.19695506464893542,0.20091765003084835,0.2048770236260445,0.20883336073491132,0.212786824126642,0.2167375651394621,0.22068572466692113,0.2246314340437839,0.2285748158432475,0.2325159845956707,0.2364550474376853,0.24039210469943514,0.24432725043671358,0.24826057291394152,0.25219215504320264,0.2561220747839326,0.26005040550731534,0.2639772163289689,0.26790257241309656,0.27182653525091643,0.2757491629158741,0.2796705102978646,0.2835906293184523,0.28750956912886205,0.29142737629233034,0.29534409495223946,0.29925976698731044,0.303174432155003,0.3070881282241547,0.31100089109779017,0.3149127549269389,0.318823752216222,0.3227339139218934,0.3266432695429559,0.33055184720591985,0.3344596737437111,0.3383667747691978,0.342273174743759,0.34617889704127797,0.35008396400791647,0.3539883970179882,0.3578922165262263,0.3617954421167122,0.3656980925487159,0.36960018579966697,0.37350173910546863,0.3774027689983421,0.38130329134237645
0.06228956228956229,0.0,1.5160803372890358e-15,8.625168890318536e-23,2.5120569180511336e-16,4.904750620420195e-19,1.1933347308257577e-21,4.509644864354414e-21,3.980126989380985e-22,0.0027594567721398924,0.010238237270790568,0.017030538030290112,0.023326964113417045,0.029253343261438563,0.03489614967552624,0.040316804389114995,0.04556015173617403,0.0506597071372932,0.055641027230240274,0.0605239429814447,0.06532407999354231,0.07005391831734363,0.07472354682981797,0.07934121025614632,0.08391371246933481,0.08844671831123191,0.09294498253940146,0.09741252565206694,0.10185277044197245,0.10626864915125522,0.11066268835964932,0.1150370768261124,0.11939372015005724,0.12373428514727258,0.12806023613068415,0.13237286476864477,0.13667331480962386,0.1409626026747035,0.14524163470201637,0.14951122166164166,0.15377209103220643,0.15802489743190265,0.16227023151978934,0.1665086276229261,0.17074057029721848,0.1749664999919711,0.17918681795785174,0.18340189051362107,0.18761205276730653,0.19181761187152083,0.19601884987958829,0.20021602625845525,0.2044093801055675,0.20859913210962291,0.21278548628907665,0.21696863153724852,0.221148742998679,0.2253259832978547,0.22950050363845664,0.23367244478877516,0.23784193796681408,0.24200910563679842,0.24617406222726493,0.25033691477959696,0.2544977635347406,0.25865670246486977,0.26281381975593426,0.26696919824630555,0.2711229158261095,0.2752750458012998,0.2794256572260474,0.2835748152066213,0.28772258117957117,0.29186901316671193,0.2960141660091392,0.3001580915822559,0.304300838993589,0.30844245476497806,0.31258298300055903,0.31672246554182054,0.32086094211087585,0.324998450442984,0.3291350264092493,0.3332707041303395,0.3374055160819771,0.34153949319289384,0.3456726649358664,0.3498050594123989,0.353936703431561,0.3580676225834496,0.3621978413076959,0.3663273829574025,0.37045626985886426,0.37458452336739123,0.37871216391953116,0.3828392110819543,0.386965683597252,0.39109159942687094,0.3952169757913908,0.39934182920833416,0.4034661755276858
0.06397306397306397,0.0,1.4082160160213098e-15,3.793370930343363e-22,6.197774933099372e-16,2.4854758239025437e-18,2.5068909052563422e-20,9.817295336385295e-19,1.9297205349165508e-15,0.004632031111391428,0.012338354732337341,0.019358818875689885,0.025883861863469193,0.032039196788367474,0.03791121878074464,0.043561292651359225,0.049034221664806366,0.054363490538458244,0.059574632493247355,0.06468746032232324,0.06971758530725924,0.07467747605969267,0.07957721220846316,0.08442503092047081,0.08922772983148386,0.0939909685894502,0.0987194975925545,0.10341733365269568,0.10808789642421578,0.11273411546056568,0.11735851502470318,0.12196328186853378,0.1265503198440355,0.13112129423849958,0.13567766802203093,0.14022073167846455,0.14475162790738735,0.14927137219775363,0.1537808700565128,0.1582809315101964,0.16277228337026314,0.1672555796545512,0.17173141048041932,0.176200309684885,0.1806627613794554,0.18511920560948503,0.18957004325763985,0.1940156403067139,0.1984563315573912,0.20289242388057904,0.20732419907091468,0.2117519163573718,0.21617581461810464,0.22059611433940252,0.22501301935260098,0.22942671837777173,0.2338373863988167,0.23824518589106672,0.2426502679195214,0.24705277312336058,0.25145283260023643,0.25585056870205136,0.26024609575238894,0.2646395206944549,0.26903094367725494,0.2734204585867717,0.2778081535280711,0.2821941112635448,0.2865784096118782,0.29096112181178796,0.29534231685410844,0.2997220597853927,0.30410041198584,0.30847743142404743,0.31285317289080944,0.31722768821394864,0.32160102645594946,0.325973234095981,0.3303443551977266,0.3347144315642971,0.3390835028813716,0.34345160684959786,0.3478187793071788,0.3521850543434855,0.3565504644044533,0.36091504039044536,0.3652788117472057,0.36964180655046247,0.3740040515846956,0.37836557241653024,0.3827263934631808,0.38708653805633003,0.39144602850179405,0.3958048861352959,0.4001631313746378,0.40452078376854317,0.40887786204241205,0.41323438414121655,0.4175903672697407,0.42194582793035695,0.42630078195851207
0.06565656565656566,0.0,2.21855466468256e-15,5.280899987757744e-22,1.6546895815192283e-26,2.1984271644739042e-17,8.766650805273352e-19,3.0370621567787725e-16,1.1779856550410752e-14,0.006560213838259569,0.014500817612797675,0.021756212484625014,0.028516654846599276,0.03490773872439535,0.041015777533764265,0.04690207806700475,0.05261140123323349,0.05817720009501314,0.06362498373486901,0.06897454621485705,0.07424148405700393,0.07943825408415128,0.08457492639498206,0.08965973036692303,0.09469945720905004,0.09969976121712497,0.10466538829724643,0.10960035146282465,0.1145080671343414,0.11939146209480543,0.12425305821996781,0.12909504019367957,0.13391931006738161,0.13872753155342563,0.14352116623830066,0.14830150338534234,0.15306968461339662,0.15782672445098084,0.16257352754861948,0.16731090316671782,0.1720395774293084,0.17676020373564785,0.18147337164494773,0.1861796144893069,0.1908794159223428,0.19557321557319765,0.20026141394536456,0.20494437667547324,0.2096224382475356,0.21429590524220268,0.2189650591875735,0.2236301590674266,0.2282914435339688,0.23294913286493843,0.23760343069887224,0.2422545255773363,0.24690259231871903,0.251547793244669,0.25619027927729615,0.26083019092275167,0.26546765915468423,0.2701028062092647,0.2747357463019393,0.27936658627475675,0.2839954261819925,0.2886223598208227,0.29324747521297495,0.29787085504255595,0.3024925770546425,0.3071127144186745,0.3117313360602279,0.31634850696432765,0.32096428845311326,0.32557873844034907,0.3301919116650023,0.33480385990587114,0.33941463217903173,0.3440242749196875,0.3486328321498419,0.35324034563306306,0.3578468550174918,0.3624523979681134,0.3670570102892312,0.371660726037971,0.37626357762957646,0.38086559593518193,0.38546681037267777,0.3900672489912351,0.39466693854999785,0.39926590459140715,0.40386417150958076,0.40846176261413136,0.4130587001897756,0.4176550055520545,0.4222506990994568,0.4268458003622142,0.43144032804801397,0.43603430008485367,0.44062773366124275,0.44522064526394384,0.4498130507134246
0.06734006734006735,0.0,2.6868734612782812e-15,1.3065415047330944e-21,1.1635924485718814e-25,1.3129946176555976e-16,1.8489251223406527e-17,5.152887920311839e-24,7.656829056822054e-18,0.008544481942947121,0.016726182385318453,0.02422334021444957,0.031226027411966478,0.03785971582975514,0.04421063487214427,0.05034003164367735,0.056292623466751644,0.06210183082384374,0.06779313795119284,0.07338631962924165,0.07889695718602367,0.0843374953081988,0.08971799428284842,0.09504667546922389,0.10033032345871461,0.10557458703724927,0.1107842074860924,0.11596319390788605,0.12111495939363988,0.12624242787399312,0.13134811876688282,0.13643421462692834,0.14150261565176273,0.14655498393219576,0.15159277963015536,0.15661729075235573,0.1616296578049137,0.1666308943274797,0.1716219040888006,0.17660349556047428,0.1815763941587546,0.1865412526460016,0.19149866000675297,0.19644914905323765,0.20139320296762428,0.20633126095051713,0.2112637231150077,0.21619095474130925,0.22111328998738275,0.22603103513502695,0.23094447143790772,0.23585385762734593,0.24075943212290918,0.24566141498760685,0.2505600096614663,0.2554554045022605,0.26034777415796134,0.2652372807919829,0.2701240751793121,0.2750082976891312,0.2798900791674119,0.28476954173116503,0.2896467994844957,0.2945219591652993,0.29939512073031394,0.30426637788527894,0.30913581856611433,0.31400352537632276,0.31886957598519144,0.3237340434908313,0.32859699675162596,0.33345850068924987,0.3383186165660625,0.3431774022393706,0.348034912394779,0.3528911987606089,0.35774631030515264,0.36260029341834626,0.3674531920792772,0.3723050480108008,0.3771559008224057,0.38200578814235936,0.3868547457400608,0.3917028076394344,0.39655000622412356,0.4013963723351673,0.4062419353617776,0.41108672332578106,0.4159307629602353,0.42077407978268067,0.4256166981634537,0.4304586413894432,0.4352999317236415,0.4401405904608093,0.4449806379795494,0.449820093791054,0.4546589765847732,0.4594973042712263,0.4643350940221665,0.4691723623082839,0.4740091249346228
0.06902356902356903,0.0,3.2587486442541527e-15,3.2245816485425536e-21,7.881391612027104e-25,7.385102913790639e-16,3.4600617149600467e-16,5.1821518637157945e-20,0.001169378836025336,0.010585374168394087,0.019015046890898637,0.02676086302786382,0.03401270444769293,0.04089591725828466,0.04749664440804804,0.053876071578158845,0.060078871236743187,0.06613843033857982,0.07208020755078999,0.07792395781115345,0.08368524681152789,0.08937650674937524,0.09500778781392329,0.1005873031133551,0.10612183042856944,0.11161701287520641,0.11707758697501121,0.12250755780596267,0.12791033503262741,0.13328883965019564,0.13864558854720008,0.14398276208700608,0.149302258559437,0.1546057383865238,0.15989466026413274,0.165170310905748,0.17043382967233922,0.17568622908588036,0.1809284120076499,0.18616118609745633,0.19138527604315278,0.19660133395164572,0.201809948216055,0.2070116511135918,0.2122069253412391,0.21739620965857642,0.2225799037769177,0.2277583726096746,0.23293194997925593,0.2381009418598999,0.24326562922284237,0.2484262705395903,0.2535831039902921,0.2587363494169718,0.2638862100553623,0.26903287407408744,0.27417651594573694,0.27931729767087854,0.28445536987308967,0.2895908727805917,0.2947239371079584,0.29985468484956873,0.30498322999494143,0.3101096791747833,0.31523413224545344,0.32035668281858876,0.32547741874180164,0.3305964225356413,0.3357137717913968,0.3408295395337713,0.3459437945519985,0.35105660170255537,0.3561680221862796,0.361278113802375,0.36638693118152865,0.3714945260001139,0.3766009471772466,0.381706241056276,0.3868104515721236,0.39191362040574435,0.397015787126849,0.40211698932591683,0.4072172627364252,0.4123166413481298,0.4174151575121527,0.42251284203856043,0.4276097242870505,0.43270583225130865,0.43780119263754536,0.442895830937675,0.44798977149755953,0.45308303758070195,0.45817565142773636,0.4632676343120384,0.46835900659174506,0.4734497877584541,0.4785399964828465,0.4836296506574546,0.4887187674367867,0.4938073632749917,0.49889545396124174
0.0707070707070707,0.0,3.9597981318396155e-15,7.92631189050101e-21,5.141754130479126e-24,3.9494596017517376e-15,5.938501346411763e-15,2.728831646250041e-16,0.003013528334442237,0.012683443534539984,0.021368031172870266,0.029369468029868784,0.036877440269978,0.04401716465511447,0.05087469520700471,0.0575111544283407,0.06397116865112797,0.07028809034398244,0.07648735187382855,0.08258868776830504,0.08860764763583501,0.09455665082705329,0.10044573714542705,0.10628311121089483,0.11207554379934265,0.11782867219382238,0.12354722802032225,0.12923521221694764,0.13489603092373115,0.1405326021163744,0.14614744008158734,0.15174272292874139,0.1573203469852242,0.16288197095650378,0.16842905203040406,0.17396287559014648,0.17948457981876034,0.18499517619139938,0.19049556663588582,0.19598655797698997,0.20146887415330372,0.20694316659750792,0.21241002309436594,0.21786997537074834,0.22332350562455605,0.22877105216171215,0.2342130142802458,0.2396497565162606,0.24508161234700276,0.2505088874303399,0.255931862446989,0.26135079560120017,0.2667659248268462,0.2721774697386346,0.27758563336215275,0.2829906036714573,0.2883925549587317,0.2937916490570334,0.29918803643419273,0.30458185717343256,0.30997324185416486,0.3153623123446235,0.3207491825164593,0.3261339588901195,0.3315167412187085,0.3368976230170659,0.34227669204196576,0.3476540307286288,0.35302971658811094,0.3584038225696053,0.36377641739121347,0.36914756584234865,0.37451732906056373,0.37988576478529534,0.3852529275907394,0.3906188690998334,0.3959836381811083,0.4013472811299914,0.4067098418359733,0.41207136193690835,0.4174318809615898,0.4227914364616263,0.4281500641335445,0.4335077979319524,0.4388646701745192,0.4442207116394518,0.4495759516560878,0.45493041818916563,0.46028413791727957,0.46563713630598375,0.47098943767596496,0.47634106526667014,0.4816920412957347,0.4870423870145361,0.49239212276015976,0.4977412680040476,0.503089841397574,0.5084378608147687,0.5137853433924011,0.5191323055676054,0.5244787631132264
0.0723905723905724,0.0,4.8225936202562586e-15,1.9378403430072097e-20,3.229727229665567e-23,2.481501357402358e-25,1.687661093846053e-23,1.3873663450705993e-21,0.004908466586868893,0.014839267653408325,0.023785782711847944,0.03204987271897372,0.039821022556214745,0.047224316000614754,0.054345715648207026,0.06124627904767122,0.06797058509793195,0.07455195081171405,0.0810157815159926,0.08738179075405396,0.09366551159853038,0.099879350191057,0.10603333565754051,0.11213566389058988,0.11819309846384118,0.12421127066352362,0.1301949070820035,0.13614800440092598,0.14207396513652507,0.14797570415996902,0.15385573308285957,0.15971622769708363,0.16555908231231212,0.17138595386909397,0.17719829800472708,0.18299739873469334,0.1887843930308957,0.19456029129217467,0.20032599448659638,0.2060823085803656,0.21182995674170216,0.2175695897100637,0.2233017946447162,0.22902710270668195,0.23474599558071704,0.2404589111063052,0.24616624815654464,0.25186837087959923,0.2575656123978259,0.2632582780438068,0.2689466481995529,0.2746309807945269,0.28031151350938505,0.28598846572511316,0.2916620402512308,0.2973324248617441,0.30299979366334645,0.30866430831686437,0.3143261191299918,0.3199853660368667,0.3256421794779306,0.331296681191717,0.3369489849286868,0.3425991970959205,0.34824741734035825,0.35389373907731353,0.3595382499701634,0.3651810323663938,0.3708221636945672,0.37646171682623764,0.3820997604063714,0.3877363591554268,0.39337157414588847,0.39900546305574136,0.40463808040109867,0.41026947774995554,0.41589970391883213,0.42152880515388397,0.42715682529788973,0.43278380594438876,0.4384097865801036,0.4440348047166764,0.44965889601264175,0.45528209438646994,0.4609044321214337,0.4665259399629828,0.4721466472092391,0.47776658179517795,0.48338577037099933,0.4890042383751538,0.49462201010244367,0.5002391087675815,0.505855556564556,0.5114713747221267,0.5170865835557338,0.5227012025160958,0.5283152502347351,0.5339287445666586,0.5395417026303967,0.5451541408455888,0.5507660749682924
0.07407407407407408,0.0,5.8886051635868055e-15,4.70666342213669e-20,1.9514000548764446e-22,5.405461119362868e-24,2.9624753134692398e-21,1.4171718594780083e-15,0.006854709419994757,0.017053449800709098,0.02626897769644658,0.03480282639709731,0.04284427389307909,0.05051826729622556,0.057910675248344125,0.06508248854708097,0.07207823734555689,0.07893120221900828,0.08566676070564265,0.09230460478312995,0.09886025052986064,0.10534609051340632,0.1117721428851774,0.11814659456890642,0.1244762017363123,0.13076658951053896,0.1370224793107617,0.14324786344413598,0.149446140702605,0.15562022276670492,0.16177261849873656,0.16790550130882445,0.17402076343295758,0.18012005999780936,0.18620484504714163,0.19227640119075515,0.19833586415582857,0.2043842432350301,0.21042243841004402,0.2164512547646903,0.22247141467544326,0.2284835681693045,0.23448830176268834,0.24048614603506915,0.24647758214382073,0.2524630474490453,0.25844294038712,0.2644176247075046,0.2703874331678196,0.276352670766336,0.2823136175780702,0.2882705312500726,0.29422364920275673,0.30017319057690095,0.3061193579599615,0.3120623389203429,0.31800230737410146,0.32393942480505294,0.3298738413563114,0.3358056968087931,0.3417351214601123,0.3476622369155032,0.3535871568008735,0.3595099874067913,0.36543082827108586,0.37134977270678343,0.37726690828127135,0.3831823172518664,0.38909607696234844,0.395008260204478,0.40091893554805597,0.40682816764267254,0.4127360174939383,0.4186425427166813,0.4245477977673197,0.4304518341573819,0.4363547006499342,0.4422564434404921,0.4481571063238266,0.454056730847932,0.45995535645629254,0.46585302061947487,0.47174975895696764,0.47764560535009926,0.4835405920467928,0.4894347497588308,0.4953281077522535,0.5012206939314472,0.5071125349174292,0.513003656120795,0.5188940818097432,0.5247838351735661,0.5306729383819496,0.5365614126404071,0.5424492782421335,0.5483365546165475,0.5542232603747701,0.5601094133522568,0.5659950306487922,0.5718801286660361,0.5777647231427927
0.07575757575757576,0.0,5.519155116993654e-15,9.100461586744973e-20,1.3496226542052208e-21,1.1392618675787136e-21,2.9025653080254002e-19,1.0874475215173838e-16,0.008852801902318049,0.019326616230776954,0.028818319363450234,0.03762910900342178,0.04594805091295746,0.053899951913017614,0.0615705841711884,0.06902086993408117,0.07629528929032403,0.08342708538998055,0.09044160722816942,0.09735852463117838,0.1041933362203683,0.1109584206204739,0.117663784709501,0.1243176061980316,0.13092663365421117,0.13749648587014854,0.14403187895082178,0.15053680070963643,0.15701464611269317,0.16346832356288335,0.16990033909821944,0.1763128636820935,0.18270778742023974,0.18908676357596776,0.19545124455602148,0.20180251152616305,0.20814169893487824,0.21446981493847414,0.2207877585053313,0.22709633381280123,0.23339626242400133,0.23968819363402968,0.2459727132988999,0.25225035140066315,0.2585215885549133,0.26478686162928367,0.27104656861150705,0.27730107284145383,0.2835507067020499,0.28979577484812663,0.29603655703932413,0.30227331063256907,0.3085062727809262,0.3147356623784075,0.3209616817843422,0.32718451835591905,0.3334043458133511,0.33962132545861023,0.345835607265736,0.3520473308582386,0.35825662638700456,0.3644636153203287,0.3706684111561645,0.37687112006538515,0.3830718414737296,0.38927066858914317,0.3954676888804019,0.40166298451219157,0.40785663274119327,0.4140487062771949,0.4202392736127795,0.42642839932473303,0.43261614434996604,0.43880256623842445,0.4449877193852014,0.45117165524381614,0.4573544225224208,0.46353606736450864,0.46971663351553117,0.4758961624766936,0.482074693647061,0.48825226445500336,0.4944289104798954,0.500604665564911,0.5067795619216567,0.5129536302273289,0.5191268997150099,0.5252993982576609,0.5314711524463206,0.537642187662967,0.54381252814847,0.5499821970660062,0.5561512165602955,0.5623196078129701,0.5684873910943712,0.5746545858120372,0.5808212105561299,0.5869872831420188,0.5931528206502316,0.5993178394639568,0.6054823553042742
0.07744107744107745,0.0,8.85617990970228e-15,2.7126825302722257e-19,6.290702022852845e-21,1.9689447320303516e-21,4.684144574149283e-17,1.2048194065557707e-19,0.010903344431149964,0.021659436891426204,0.03143455460402746,0.04052954615459208,0.04913325871640109,0.05737035485287479,0.06532650758417931,0.07306256872371862,0.08062296692770264,0.08804090690135069,0.09534170832042942,0.10254501825781394,0.10966631740506483,0.11671797006485772,0.12370997153654402,0.13065049006786364,0.1375462664173813,0.14440291287468007,0.15122514008661933,0.15801693125117164,0.16478167740501057,0.17152228358464947,0.17824125292735957,0.18494075388357256,0.19162267437111088,0.19828866573948886,0.2049401787141301,0.21157849297767894,0.21820474166532608,0.22481993176626722,0.23142496120816058,0.2380206332373608,0.24460766858162106,0.25118671578433277,0.25775836002324043,0.2643231306668082,0.2708815077741915,0.27743392770723124,0.28398078799287746,0.2905224515503301,0.29705925037768316,0.30359148877703745,0.31011944618412424,0.31664337965789774,0.32316352607684123,0.32968010408152526,0.33619331579697964,0.34270334836346367,0.3492103753000495,0.3557145577219453,0.36221604542954267,0.3687149778846876,0.37521148508757,0.3817056883658405,0.3881977010860363,0.3946876292960991,0.4011755723066446,0.4076616232176946,0.4141458693967468,0.4206283929133496,0.4271092709347295,0.43358857608648455,0.4400663767818906,0.4465427375229607,0.45301771917604666,0.4594913792244571,0.4659637720003012,0.4724349488975202,0.4789049585678666,0.4853738471014036,0.49184165819292985,0.49830843329559543,0.5047742117628454,0.5112390309797102,0.5177029264843673,0.5241659320808024,0.5306280799433241,0.5370894007136069,0.5435499235908835,0.5500096764158405,0.5564686857487262,0.5629269769421283,0.569384574208847,0.5758415006852384,0.5822977784903799,0.5887534287813773,0.5952084718050996,0.6016629269466134,0.6081168127745539,0.6145701470836614,0.6210229469346856,0.6274752286918449,0.6339270080580147
0.07912457912457914,0.0,8.365670919607193e-15,5.202318207792707e-19,2.422728117811596e-20,2.2789367201710503e-20,2.823930826402658e-15,0.0004705880296842367,0.013006914514595012,0.02405258441085695,0.03411844231149968,0.043504981375973105,0.05240082494156665,0.060930487666411765,0.06917954086787732,0.07720876409395709,0.08506253322334116,0.09277401350755628,0.10036849453211842,0.10786560001626068,0.11528079224945804,0.12262642083397778,0.1299124691845324,0.1371470958358024,0.14433703353016564,0.1514878878825792,0.15860436393727348,0.16569044015455103,0.17274950353756202,0.17978445566724097,0.18679779670323973,0.19379169251641715,0.20076802877867775,0.20772845487499544,0.21467441980488658,0.22160720172854265,0.22852793243302438,0.23543761770945626,0.2423371544171643,0.24922734484680567,0.25610890886860466,0.262982494254299,0.26984868548536556,0.2767080113003979,0.28356095118734587,0.2904079409888334,0.2972493777587986,0.30408562398460454,0.31091701126929866,0.3177438435528881,0.3245663999385969,0.33138493717949685,0.33819969187220056,0.34501088239710803,0.35181871063873027,0.3586233635146378,0.36542501433742086,0.3722238240305659,0.37901994221620616,0.3858135081902306,0.39260465179813137,0.39939349422318027,0.40618014869700975,0.41296472114136457,0.4197473107486808,0.4265280105081913,0.43330690768342545,0.4400840842462681,0.44685961727211604,0.45363357930014137,0.46040603866220703,0.46717705978356733,0.47394670345814144,0.48071502710083175,0.4874820849790902,0.49424792842569754,0.5010126060345095,0.5077761638407402,0.5145386454871896,0.5213000923776777,0.5280605438188165,0.5348200371511467,0.5415786078705543,0.5483362897407961,0.5550931148978921,0.5618491139470513,0.5686043160527584,0.5753587490225677,0.582112439385119,0.5888654124628295,0.5956176924396851,0.6023693024245075,0.6091202645100519,0.615870599828245,0.6226203286018616,0.6293694701928981,0.6361180431478926,0.642866065240408,0.6496135535108906,0.6563605243040843,0.6631069933041773
0.08080808080808081,0.0,1.3484494300218546e-14,1.5094751614666832e-18,1.6840171229336325e-19,4.658566504852077e-19,1.2503540367699905e-22,0.002332727895834549,0.015164168916902789,0.026506792440493355,0.03687080018551761,0.0465563183228998,0.055751740051380096,0.06458142810283664,0.07313084936356375,0.08146070918964225,0.08961532928013742,0.09762783438687296,0.10552348320801064,0.1133218754925097,0.12103845464003136,0.12868555516439348,0.13627314828170128,0.14380938255704578,0.15130098250494758,0.15875354688951934,0.1661717750044652,0.17355964044736658,0.18092052608139383,0.1882573299407069,0.19557254912876057,0.20286834686877095,0.21014660652746217,0.2174089754734315,0.2246569009347498,0.2318916595089873,0.23911438159950618,0.24632607176775098,0.25352762577653004,0.26071984493559025,0.2679034482350037,0.2750790826544977,0.2822473319609132,0.2894087242463567,0.2965637384125039,0.30371280976906506,0.3108563348844882,0.317994675802908,0.32512816372190423,0.33225710220983856,0.3393817700286567,0.34650242361747924,0.35361929928361246,0.36073261514042304,0.3678425728255588,0.3749493590280269,0.3820531468484898,0.3891540970136545,0.39625235896269334,0.40334807182116145,0.4104413652757721,0.4175323603616103,0.424621170171845,0.43170790049869506,0.43879265041330023,0.4458755127911811,0.4529565747891573,0.46003591827887386,0.4671136202414751,0.4741897531274281,0.4812643851850351,0.48833758076076683,0.4954094005741996,0.5024799019700247,0.5095491391493322,0.5166171633821287,0.5236840232028457,0.5307497645904019,0.5378144311342273,0.5448780641875095,0.5519407030087933,0.5590023848929561,0.5660631452924757,0.5731230179298206,0.5801820349017109,0.587240226775929,0.5942976226812945,0.6013542503913558,0.608410136402311,0.6154653060056104,0.6225197833556652,0.6295735915330374,0.6366267526034647,0.6436792876730315,0.650731216939782,0.6577825597420349,0.6648333346036471,0.6718835592764467,0.6789332507800409,0.6859824254391848,0.6930310989188864
0.08249158249158249,0.0,1.6715993134404022e-14,3.510701629573111e-18,8.068815933243267e-19,6.040680400249639e-18,3.0944448025374983e-19,0.0042417374341115,0.017375751965297552,0.029022801891621822,0.03969246178719874,0.04968448239500035,0.05918702105162471,0.06832428470989187,0.07718163315503658,0.0858196956462187,0.09428273830804934,0.10260384434817181,0.11080824077986577,0.11891550276214342,0.126941054316378,0.13489721447743297,0.14279394194695916,0.15063937506222844,0.15844022989672094,0.16620209818615264,0.17392967332463127,0.18162692392093638,0.18929722859089895,0.19694348172991347,0.20456817730596033,0.2121734758259253,0.21976125829154283,0.2273331700027121,0.23489065637008946,0.24243499238806973,0.24996730704040404,0.25748860362693976,0.2649997767855053,0.2725016268194738,0.27999487181591703,0.28748015794199006,0.2949580682313446,0.30242913011281547,0.3098938218865824,0.3173525783156048,0.32480579547023447,0.33225383493986904,0.3396970275060916,0.34713567635596787,0.3545700599013026,0.36200043425911216,0.36942703543988387,0.37685008128301645,0.38426977317288263,0.3916862975639908,0.39909982733957167,0.40651052302444196,0.4139185338700619,0.42132399882722793,0.42872704741975115,0.43612780053068084,0.4435263711111259,0.45092286482041577,0.4583173806052423,0.46571001122446143,0.4731008437254105,0.48048995987689125,0.48787743656334764,0.4952633461442371,0.5026477567821314,0.5100307327426709,0.517412334669158,0.5247926198342493,0.5321716423709485,0.5395494534848583,0.5469261016494422,0.5543016327858609,0.5616760904287879,0.5690495158794637,0.5764219483471166,0.5837934250797752,0.5911639814853816,0.5985336512440421,0.6059024664121575,0.6132704575191109,0.6206376536571302,0.6280040825648747,0.6353697707052578,0.6427347433379588,0.6500990245870453,0.6574626375040862,0.6648256041270993,0.672187945535656,0.6795496819024268,0.6869108325414378,0.6942714159532759,0.7016314498674688,0.7089909512822437,0.7163499365018485,0.7237084211716122
0.08417508417508418,0.0,2.078259714063449e-14,8.086184439587793e-18,3.670618477680088e-18,7.158747460597112e-17,4.5494053957182785e-16,0.006198262610793413,0.019642361085083545,0.03160140259010176,0.04258431120939293,0.05289045263936575,0.06270774232595341,0.0721602274579619,0.08133315797733823,0.09028708509643084,0.09906621794046871,0.10770359710738693,0.11622441711183364,0.12464822789213172,0.1329904335935819,0.141263337374484,0.14947688510051255,0.15763920461830186,0.1657570033433535,0.17383586580232976,0.18188047933808224,0.1898948074423287,0.19788222437435368,0.20584562079721913,0.21378748746279977,0.22170998209179368,0.22961498326012023,0.2375041341457731,0.24537887829524663,0.25324048905852287,0.26109009396322364,0.268928695015145,0.2767571856981946,0.28457636528348174,0.2923869509318457,0.30018958797696405,0.30798485870043557,0.3157732898507581,0.32355535911113886,0.33133150068371875,0.33910211012793695,0.34686754856675334,0.3546281463550501,0.3623842062887854,0.3701360064206137,0.37788380253715853,0.38562783034445003,0.39336830740086864,0.4011054348309955,0.4088393988488048,0.41657037211450026,0.42429851494581333,0.4320239764016607,0.43974689525358396,0.44746740085829867,0.4551856139429065,0.4629016473128002,0.47061560649099915,0.4783275902965462,0.4860376913686287,0.4937459966422844,0.5014525877808257,0.5091575415695068,0.5168609302744338,0.5245628219702408,0.5322632808396586,0.539962367447752,0.5476601389932889,0.5553566495394351,0.5630519502257307,0.5707460894631028,0.5784391131134673,0.5861310646553324,0.593821985336654,0.6015119143160752,0.609200888793569,0.6168889441313965,0.6245761139662118,0.6322624303130578,0.6399479236619307,0.6476326230675241,0.6553165562327109,0.6629997495862626,0.67068222835527,0.6783640166326771,0.6860451374403119,0.6937256127877599,0.7014054637273966,0.7090847104058663,0.7167633721122765,0.7244414673233455,0.7321190137457271,0.7397960283557174,0.7474725274365293,0.7551485266133069
0.08585858585858587,0.0,2.5909288392107695e-14,1.8443138307966774e-17,1.5899281066003805e-17,7.936014256783237e-16,4.0729122521011677e-22,0.008202924038147144,0.021964720116568973,0.03424341720160704,0.04554727040474702,0.05617525062887008,0.0663150253104468,0.07609047782859675,0.08558674549769672,0.09486429950331454,0.10396729052432684,0.11292871546640654,0.12177373552066535,0.1305218747627056,0.1391885169566881,0.14778594898053923,0.15632410353741572,0.16481109771638724,0.17325363005464567,0.18165727768631557,0.190026721748957,0.1983659204869571,0.20667824369213525,0.2149665782001866,0.22323341146498418,0.2314808983500852,0.23971091494381425,0.24792510224821643,0.2561249018981436,0.2643115855572788,0.2724862792600238,0.280649983685159,0.28880359113327586,0.29694789981692277,0.3050836259471099,0.313211414002803,0.3213318454943876,0.329445446472691,0.33755269398822835,0.3456540216680329,0.3537498245476138,0.36184046327160807,0.3699262677573248,0.3780075403996486,0.38608455888293197,0.39415757865498713,0.4022268351096286,0.4102925455170581,0.41835491073544434,0.42641411673209867,0.43447033593851403,0.4425237284600591,0.4505744431582011,0.4586226186206579,0.4666683840327923,0.4747118599617834,0.4827531590635943,0.4907923867214617,0.4988296416235245,0.506865016286253,0.5148985975295242,0.5229304669084704,0.5309607011066303,0.5389893722943788,0.5470165484561714,0.5550422936897156,0.5630666684798458,0.5710897299495573,0.5791115320903981,0.587132125974163,0.5951515599476477,0.6031698798120143,0.6111871289881735,0.6192033486694389,0.6272185779625794,0.6352328540182878,0.6432462121519793,0.6512586859557485,0.6592703074022264,0.6672811069410182,0.6752911135883274,0.6833003550103277,0.6913088576007792,0.6993166465533532,0.7073237459290761,0.7153301787192782,0.7233359669043877,0.7313411315088904,0.7393456926527415,0.7473496695994951,0.7553530808013923,0.7633559439416296,0.7713582759740142,0.7793600931601871,0.7873614111045925
0.08754208754208755,0.0,3.238154735133328e-14,4.165418344179217e-17,6.59096116331833e-17,1.3163394095401881e-25,7.986145966308393e-17,0.010256375591741121,0.02434358681758865,0.036949706914956575,0.048582304485222695,0.059539945749105566,0.07001004391958564,0.08011631445668732,0.08994377921864237,0.09955282735271342,0.10898754962160816,0.11828089813822708,0.12745799993191065,0.13653835256387012,0.14553731890357452,0.15446716913825373,0.16333782247673054,0.1721573849792691,0.18093254608085593,0.18966887533662338,0.19837104752231105,0.2070430155025956,0.21568814448911441,0.22430931739362106,0.23290901828876254,0.24148939910885084,0.2500523333918332,0.25859945990888605,0.2671322183349672,0.2756518786048947,0.2841595652221566,0.2926562775050182,0.3011429065408817,0.3096202494570101,0.3180890214906043,0.32654986624433907,0.3350033644379146,0.34345004140687246,0.3518903735530608,0.36032479391388406,0.3687536969876912,0.37717744292871863,0.38559636120565327,0.3940107538021784,0.40242089802504427,0.41082704897469524,0.4192294417248466,0.4276282932502438,0.4360238041359153,0.4444161600962802,0.4528055333283451,0.4611920837197529,0.46957595992953505,0.4779573003569428,0.486336234011659,0.4947128812969012,0.5030873547154293,0.5114597595071663,0.5198301942260423,0.5281987512627105,0.5365655173189778,0.5449305738390663,0.5532939974022282,0.5616558600806904,0.570016229766452,0.5783751704700502,0.5867327425940615,0.5950890031837965,0.6034440061573753,0.6117978025171366,0.6201504405441253,0.6285019659772145,0.6368524221782635,0.6452018502845634,0.6535502893496978,0.6618977764738349,0.6702443469243615,0.6785900342476867,0.6869348703729585,0.695278885708371,0.7036221092306653,0.7119645685683885,0.7203062900794058,0.728647298923124,0.7369876191278467,0.7453272736536353,0.7536662844510241,0.7620046725159059,0.7703424579408723,0.7786796599632781,0.7870162970102691,0.7953523867409925,0.8036879460861971,0.8120229912854082,0.820357537921848
0.08922558922558922,0.0,4.056133665645778e-14,9.316037083278547e-17,2.630758946939871e-16,1.1010683221252765e-23,5.932951513494446e-20,0.012359302993449712,0.02677975485180087,0.03972117370355187,0.051690424255035235,0.06298565800383706,0.07379402762504003,0.08423907648299873,0.09440570810481107,0.10435422755470015,0.1141286641843192,0.1237619241972382,0.13327909960667278,0.1426996607976288,0.15203894922277733,0.1613092179614816,0.17052037239087203,0.1796805072666309,0.18879630269389835,0.19787332045923964,0.2069162288174221,0.21592897511881404,0.22491491988026527,0.233876941991393,0.2428175220589979,0.2517388090148325,0.26064267378263045,0.2695307528468577,0.27840448387351563,0.28726513502527734,0.2961138292363897,0.3049515644305408,0.3137792304515688,0.3225976233142773,0.3314074572576754,0.3402093749862041,0.3490039564090799,0.3577917261286469,0.3665731598818425,0.3753486901016765,0.3841187107358865,0.3928835814360266,0.4016436312109261,0.41039916162276957,0.4191504495912473,0.4278977498607373,0.4366412971768377,0.4453813082114382,0.45411798326958563,0.4628515078064738,0.4715820537787491,0.48030978085087583,0.4890348374743787,0.49775736185532266,0.5064774828233094,0.5151953206134889,0.5239109875715801,0.5326245887906028,0.5413362226869158,0.5500459815222051,0.5587539518772491,0.5674602150825816,0.5761648476105565,0.5848679214327938,0.5935695043465207,0.60226966027292,0.6109684495302505,0.619665929084191,0.6283621527775952,0.6370571715416061,0.6457510335898703,0.654443784597412,0.6631354678655593,0.6718261244741778,0.6805157934223335,0.6892045117584044,0.6978923147005452,0.7065792357483357,0.7152653067863519,0.7239505581803387,0.7326350188665861,0.7413187164350735,0.7500016772068697,0.7586839263062606,0.7673654877280064,0.7760463844001166,0.7847266382424833,0.7934062702216891,0.802085300402276,0.8107637479947445,0.8194416314005156,0.8281189682540847,0.8367957754625657,0.8454720692428134,0.8541478651562953
0.09090909090909093,0.0,5.090743188351837e-14,2.0634202546034675e-16,1.0167577339550926e-15,8.4490043844028e-22,1.5275351137106173e-19,0.01451242514142416,0.02927405595217294,0.042558762782850756,0.054872688963582196,0.06651356106406763,0.07766826480162443,0.08846016719777718,0.09897405052461845,0.10927013368369827,0.11939238309562449,0.12937365791744182,0.13923901427868532,0.14900789471443607,0.15869561872946122,0.1683144218708863,0.17787419534096183,0.1873830223102434,0.19684757332244449,0.2062734022027055,0.21566517052291334,0.2250268199821975,0.234361706286027,0.24367270420198503,0.25296229078493754,0.2622326118894906,0.2714855357602208,0.2807226965380712,0.2899455298301735,0.2991553019830228,0.3083531343226324,0.31754002334345904,0.32671685761487346,0.335884432011575,0.34504345974957307,0.35419458261275194,0.3633383796797008,0.37247537480134335,0.3816060430331804,0.3907308161888045,0.3998500876516558,0.4089642165581118,0.4180735314457136,0.42717833344466943,0.4362788990779887,0.4453754827251312,0.45446831879542254,0.46355762365036707,0.472643597308071,0.48172642495805723,0.490806278310638,0.49988331680155057,0.508957688669654,0.5180295319230244,0.5270989752067056,0.5361661385836013,0.5452311342384853,0.5542940671138227,0.5633550354849804,0.5724141314814698,0.5814714415600338,0.5905270469346903,0.5995810239682373,0.6086334445291868,0.6176843763176373,0.626733883163196,0.6357820252977079,0.6448288596052401,0.6538744398515087,0.6629188168946901,0.6719620388793573,0.6810041514150984,0.6900451977412051,0.699085218878689,0.7081242537707442,0.7171623394126702,0.7261995109721662,0.7352358019008173,0.7442712440375195,0.7533058677045134,0.7623397017966324,0.771372773864328,0.7804051101909599,0.7894367358648177,0.7984676748462854,0.8074979500305233,0.8165275833060192,0.8255565956093163,0.834585006976211,0.8436128365896801,0.8526401028247818,0.8616668232907457,0.8706930148704636,0.8797186937575553,0.8887438754911939
0.0925925925925926,0.0,6.400144539545793e-14,4.526645029350287e-16,3.821568373065477e-15,5.816591307360479e-20,1.5058057240010471e-16,0.016716496001454365,0.031827362276092126,0.045463465286894024,0.05813020930241955,0.07012488558738274,0.08163410636990547,0.09278105800727354,0.10365039854125113,0.11430225859466898,0.12478054010921528,0.13511805403902485,0.14533981974659685,0.15546525123137692,0.16550964550964992,0.1754852201643549,0.18540185187354083,0.19526761193707334,0.20508916110151357,0.21487204503426507,0.22462091845952503,0.2343397172857984,0.24403179228848912,0.2537000140114566,0.2633468558699985,0.2729744605656491,0.28258469359771704,0.2921791867057909,0.3017593733873217,0.3113265181278031,0.3208817406053213,0.33042603584982466,0.3399602911247585,0.34948530013657414,0.35900177505302916,0.3685103567147259,0.3780116233491204,0.3875060980371657,0.39699425513610204,0.4064765258248126,0.4159533029085079,0.4254249449956691,0.43489178014091284,0.44435410903180483,0.45381220778488,0.4632663304056692,0.4727167109589216,0.48216356548809297,0.49160709371726335,0.501047480563725,0.5104848974853723,0.5199195036835677,0.5293514471792535,0.5387808657776273,0.5482078879346182,0.5576326335366298,0.5670552146035166,0.5764757359234698,0.5858942956273842,0.5953109857093323,0.6047258924989573,0.6141390970908843,0.6235506757356504,0.6329607001961123,0.6423692380728422,0.6517763531016096,0.6611821054257115,0.6705865518455879,0.6799897460479122,0.689391738816092,0.6987925782239218,0.7081923098139359,0.7175909767618585,0.726988620028394,0.7363852784994841,0.7457809891160393,0.7551757869940564,0.7645697055359412,0.7739627765337818,0.7833550302652387,0.7927464955826666,0.8021371999960117,0.8115271697499932,0.8209164298960164,0.8303050043592387,0.8396929160011607,0.8490801866780898,0.8584668372957888,0.8678528878605976,0.877238357527291,0.8866232646439111,0.8960076267937991,0.9053914608350252,0.9147747829374024,0.924157608617257
0.09427609427609429,0.0,8.05813467499569e-14,2.6553068338975646e-27,9.383286946141616e-26,3.4104318910743706e-18,0.001095202915157261,0.018972306779468404,0.034440588975049945,0.04843632118585775,0.061464150673615214,0.07382092283773278,0.0856929697685566,0.0972032927593451,0.1084364225920922,0.11945239945543845,0.13029505923816728,0.1409971635116401,0.15158369397243335,0.16207403538601292,0.17248346172962728,0.18282417218209945,0.19310602854149517,0.20333708994614197,0.21352400710535738,0.2236723173288583,0.23378666832528713,0.24387099007055324,0.25392862828910917,0.2639624491975134,0.27397492248223415,0.2839681876143983,0.2939441072807079,0.30390431076049057,0.3138502293897614,0.32378312574735585,0.3337041178230016,0.34361419914620545,0.35351425564244415,0.3634050798212549,0.3732873827764198,0.38316180438211206,0.39302892199376765,0.40288925790347213,0.4127432857530698,0.4225914360711566,0.4324341010705222,0.44227163881879483,0.45210437687581395,0.4619326154756389,0.47175663031835263,0.48157667502637885,0.49139298331143283,0.5012057708911151,0.5110152371882613,0.5208215668412515,0.5306249310493665,0.5404254887738403,0.5502233878123487,0.5600187657622315,0.5698117508856599,0.5796024628882047,0.5893910136207529,0.5991775077134349,0.6089620431491259,0.6187447117831354,0.6285255998148863,0.6383047882166802,0.648082353124037,0.6578583661915648,0.6676328949178655,0.6774060029425678,0.687177750318246,0.6969481937596608,0.7067173868725017,0.716485380363573,0.7262522222341512,0.7360179579580723,0.7457826306459318,0.7555462811966464,0.7653089484374993,0.7750706692536768,0.7848314787082044,0.7945914101531013,0.8043504953324975,0.8141087644783803,0.8238662463995818,0.8336229685645486,0.8433789571784107,0.8531342372547833,0.862888832682733,0.8726427662892738,0.8823960598977433,0.8921487343823674,0.9019008097193062,0.9116523050344401,0.9214032386481318,0.9311536281171996,0.9409034902742821,0.9506528412647994,0.9604016965816725
0.09595959595959597,0.0,1.0158486444960399e-13,1.1089287313205259e-26,1.112503205343488e-24,1.6223616458281877e-16,0.003041511843218564,0.02128068833088881,0.03711469700224281,0.05147842247462461,0.06487573676060092,0.07760302864042247,0.08984634329430287,0.10172849246931308,0.11333387660112348,0.12472244324844782,0.13593796064182131,0.14701313976905478,0.1579729237442785,0.1688366673873168,0.17961962107531274,0.19033396513463263,0.20098954612076889,0.21159441071409227,0.22215519934198447,0.2326774407526918,0.24316577546821613,0.25362412738717555,0.2640558370598641,0.2744637662699714,0.2848503808841611,0.29521781706433037,0.30556793461594195,0.3159023602980225,0.3262225232324015,0.3365296840447207,0.34682495899514004,0.35710934007610057,0.36738371184244967,0.37764886557759286,0.38790551127511885,0.39815428781917833,0.4083957716718973,0.4186304843172353,0.4288588986641732,0.4390814445751426,0.44929851365604795,0.45951046342045815,0.4697176209213549,0.4799202859282168,0.4901187337145059,0.5003132175101843,0.5105039706653128,0.5206912085636782,0.5308751303195168,0.5410559202854847,0.5512337493959337,0.5614087763661048,0.5715811487649559,0.5817510039768921,0.591918470065595,0.6020836665513862,0.6122467051120589,0.6224076902158228,0.6325667196939179,0.6427238852595014,0.652879272978597,0.6630329636981943,0.6731850334359865,0.6833355537356902,0.6934845919914457,0.7036322117443933,0.7137784729541696,0.7239234322477617,0.7340671431478989,0.7442096562829094,0.754351019579782,0.7644912784419765,0.7746304759133681,0.7847686528295766,0.7949058479577945,0.8050420981261235,0.8151774383433225,0.8253119019097941,0.8354455205205392,0.8455783243607563,0.8557103421946902,0.8658416014482769,0.8759721282860884,0.8861019476830275,0.8962310834911883,0.9063595585022556,0.9164873945057916,0.9266146123437156,0.9367412319612712,0.946867272454737,0.9569927521161228,0.9671176884750733,0.9772420983381757,0.9873659978258623,0.9974894024070747
0.09764309764309764,0.0,1.2820587431191446e-13,4.555938850565161e-26,1.2604191424121192e-23,6.403564984873729e-15,0.00503294547389273,0.023642513811495427,0.03985069618624531,0.05459091666297517,0.06836625343706992,0.08147262771121135,0.09409579085264813,0.10635836049310465,0.11834460357517684,0.13011437278890556,0.14171136706978002,0.15316824559759715,0.16450991196946152,0.17575569033384453,0.1869208068956236,0.19801742267149483,0.2090553686046055,0.22004267861507498,0.23098598259880299,0.24189080053473708,0.2527617655837558,0.2636027954196155,0.2744172252927953,0.28520791244645033,0.2959773188346553,0.3067275772296871,0.31746054448577044,0.328177844780397,0.3388809049674102,0.3495709836717967,0.3602491953821186,0.37091653051639706,0.38157387222554034,0.3922220105370213,0.4028616543174955,0.4134934414370268,0.42411794744271897,0.4347356929907608,0.4453471502394554,0.45595274836887695,0.4665528783632906,0.47714789716873757,0.4877381313190193,0.4983238801077394,0.5089054183713673,0.5194829989378617,0.5300568547868355,0.5406272009601476,0.5511942362559307,0.5617581447341702,0.5723190970578472,0.5828772516902297,0.5934327559659957,0.6039857470514379,0.6145363528069225,0.6250846925630186,0.6356308778202145,0.6461750128808629,0.656717195420882,0.6672575170078209,0.6777960635710575,0.6883329158292245,0.6988681496793235,0.7094018365514815,0.7199340437328385,0.7304648346636506,0.7409942692083565,0.7515224039040366,0.7620492921884403,0.7725749846095141,0.783099529018151,0.7936229707457233,0.804145352767763,0.8146667158550548,0.8251870987132391,0.8357065381119438,0.8462250690043426,0.8567427246379661,0.8672595366574899,0.8777755352001878,0.8882907489846321,0.8988052053932138,0.9093189305489622,0.9198319493871248,0.9303442857219247,0.9408559623088587,0.9513670009028913,0.96187742231285,0.9723872464523096,0.982896492387228,0.9934051783805716,1.0039133219341514,1.0144209398278685,1.0249280481565606,1.0354346623646073
0.09932659932659933,0.0,1.6196776060772094e-13,1.8419191587761617e-25,1.3616393197905746e-22,7.966042178858543e-23,0.007070247060860115,0.026058701591491304,0.04264964860271888,0.0577750106040402,0.07193705305463836,0.08543121840501759,0.09844295716886058,0.1110946882015512,0.12347054174253043,0.13563027332835972,0.14761751093011435,0.1594648606699117,0.17119718567418193,0.1828337786794985,0.19438984113460214,0.20587751427993828,0.2173066130689533,0.22868515835301736,0.2400197692418772,0.2513159567330829,0.26257834644831973,0.27381084968587693,0.28501679626817705,0.29619903878795983,0.30736003519201455,0.31850191478095313,0.32962653138632164,0.3407355065415807,0.3518302647776786,0.36291206267050696,0.37398201289413385,0.3850411042540367,0.39609021846318676,0.4071301442627097,0.41816158936503606,0.42918519060158317,0.44020152258227047,0.4512111051154679,0.46221440959061827,0.47321186448891034,0.4842038601579124,0.4951907529623911,0.5061728689043906,0.5171505067901129,0.5281239410084478,0.5390934239756129,0.5500591882917993,0.5610214486486534,0.5719804035205475,0.5829362366677048,0.5938891184751626,0.6048392071481097,0.615786649781269,0.626731583317537,0.637674135409038,0.6486144251919902,0.6595525639852837,0.6704886559213938,0.6814227985171546,0.6923550831909773,0.703285595732286,0.7142144167282445,0.7251416219522389,0.7360672827180545,0.7469914662032385,0.757914235744718,0.7688356511094273,0.7797557687423612,0.7906746419942318,0.8015923213306534,0.8125088545245817,0.8234242868335526,0.834338661163102,0.8452520182176063,0.8561643966396616,0.8670758331390059,0.8779863626118821,0.8888960182516654,0.8998048316514895,0.9107128328995387,0.921620050667609,0.9325265122934904,0.9434322438576609,0.9543372702547545,0.9652416152602039,0.9761453015924411,0.9870483509709961,0.9979507841708006,1.008852621072995,1.0197538807124806,1.0306545813224768,1.0415547403762855,1.0524543746264778,1.063353500141674,1.0742521323410972
0.10101010101010101,0.0,2.048188151660574e-13,7.3294799761231465e-25,1.3947599704255264e-21,6.312400935510257e-20,0.009154229859063178,0.02853021846175371,0.04551267228100064,0.06103197470279198,0.07558955915606379,0.08948037793584891,0.10288957351607277,0.11593936121774832,0.12871373129939073,0.14127233981291912,0.1536587420588806,0.16590548982620038,0.17803740479682964,0.190073747539222,0.20202969414973418,0.21391736561607963,0.22574656051663497,0.237525286318966,0.2492601510865798,0.26095665661901685,0.2726194208169076,0.2842523484492617,0.2958587637794711,0.3074415146376361,0.3190030548665465,0.33054551021135414,0.34207073140796135,0.35358033728196864,0.3650757499853485,0.37655822399542355,0.3880288701279558,0.3994886755369409,0.41093852046268925,0.4223791923289158,0.4338113976659501,0.4452357722414794,0.4566528897056037,0.46806326899839656,0.47946738072186984,0.49086565264144566,0.5022584744526167,0.5136462019248332,0.5250291605155376,0.5364076485317554,0.5477819399039857,0.5591522866267578,0.5705189209116746,0.5818820570917098,0.5932418933096527,0.6045986130187242,0.6159523863193009,0.6273033711522588,0.6386517143665672,0.6499975526763296,0.6613410135203969,0.6726822158359411,0.6840212707558654,0.6953582822386646,0.7066933476382437,0.7180265582202737,0.7293579996308427,0.7406877523224691,0.7520158919419356,0.7633424896838771,0.7746676126135973,0.7859913239621995,0.7973136833967566,0.808634747267953,0.8199545688373601,0.8312731984862712,0.8425906839078209,0.8539070702839258,0.8652224004484311,0.8765367150377026,0.8878500526297693,0.8991624498730316,0.9104739416054244,0.9217845609648605,0.9330943394916846,0.9444033072238073,0.9557114927851171,0.9670189234677239,0.978325625308529,0.989631623160569,1.0009369407595494,1.0122416007859425,1.023545624922986,1.034849033910899,1.0461518475976013,1.0574540849861884,1.0687557642794134,1.0800569029213818,1.0913575176366719,1.1026576244670532,1.113957238805986
0.10269360269360271,0.0,2.6851658003971593e-25,2.8711599560960863e-24,1.3440716933158831e-20,3.6845433197704465e-17,0.011285754077387926,0.031058083167689154,0.04844094528758482,0.06436314755275431,0.07932527166798331,0.09362176812775024,0.10743746402605348,0.1208943662888582,0.13407632184529752,0.14704288487970352,0.15983753627984926,0.17249277219770268,0.18503337187560845,0.19747856294109198,0.2098434955287863,0.22214026988671742,0.23437866782434424,0.24656668310343685,0.2587109124754454,0.27081684832051345,0.2828891006323455,0.2949315674934639,0.30694756747436513,0.31893994352780847,0.33091114529373417,0.34286329487618694,0.3547982398408487,0.36671759624022027,0.37862278378997627,0.3905150548183037,0.40239551823787706,0.4142651595114106,0.4261248573710632,0.4379753978913865,0.4498174863921185,0.4616517575515758,0.47347878403690324,0.48529908389894755,0.4971131269333084,0.5089213401723854,0.520724112643877,0.5325217995075644,0.5443147256631587,0.5561031889064747,0.5678874626985686,0.5796677986021143,0.5914444284307581,0.6032175661501527,0.61498740956351,0.6267541418096451,0.638517932697411,0.650278939896997,0.6620373100056943,0.6737931795032948,0.6855466756102343,0.6972979170598386,0.7090470147945397,0.720794072594655,0.7325391876472332,0.7442824510615211,0.7560239483368131,0.7677637597877371,0.7795019609314192,0.7912386228404692,0.802973812465242,0.8147075929284634,0.826440023794938,0.8381711613187649,0.849901058670225,0.8616297661442576,0.87335733135225,0.8850837993986761,0.8968092130439637,0.9085336128548254,0.9202570373431666,0.9319795230945703,0.9437011048872579,0.9554218158023421,0.9671416873261062,0.9788607494449729,0.990579030733768,1.0022965584378218,1.0140133585494053,1.0257294558789554,1.0374448741214934,1.0491596359186146,1.0608737629163905,1.0725872758194896,1.0843001944418098,1.0960125377538745,1.1077243239272345,1.1194355703760954,1.1311462937963672,1.1428565102023227,1.1545662349610362
0.10437710437710439,0.0,3.432053143109786e-22,9.768326349653169e-22,8.48155114038376e-20,1.1146343086892894e-20,0.013465718804588687,0.03364336580611412,0.05143570661303029,0.06776993771053212,0.0831457693558531,0.09785713845373517,0.11208854925920504,0.12596179535491572,0.1395605769282831,0.15294434386611985,0.16615650086596068,0.17922948711231315,0.19218803839212908,0.20505134860301025,0.21783454129567148,0.23054969548116555,0.24320657579779245,0.2558131619726461,0.2683760391735976,0.28090069013524255,0.2933917167544778,0.30585301026673434,0.3182878834128501,0.33069917415105393,0.3430893278174407,0.355460462787439,0.36781442338031106,0.38015282280879575,0.3924770782937009,0.404788439962406,0.4170880147787395,0.42937678647346617,0.4416556322343248,0.4539253367542588,0.46618660411329876,0.4784400678741902,0.4906862996974802,0.5029258167233995,0.5151590879217377,0.5273865395742401,0.5396085600247438,0.5518255038086961,0.5640376952546593,0.5762454316349378,0.5884489859298513,0.6006486092598274,0.6128445330309814,0.6250369708328074,0.6372261201207686,0.6494121637117101,0.6615952711159461,0.6737755997264662,0.6859532958828268,0.698128495824871,0.7103013265493631,0.7224719065808777,0.7346403466667916,0.7468067504049581,0.7589712148115528,0.7711338308356345,0.7832946838261735,0.7954538539565852,0.8076114166112216,0.8197674427377285,0.8319219991687475,0.8440751489160188,0.8562269514396155,0.8683774628947288,0.8805267363581514,0.89267482203639,0.9048217674571183,0.9169676176455028,0.9291124152867863,0.941256200876353,0.9533990128583922,0.9655408877541592,0.9776818602807236,0.9898219634610306,1.0019612287260011,1.0140996860093316,1.0262373638356042,1.0383742894022423,1.0505104886558139,1.0626459863631301,1.074780806177549,1.0869149707008534,1.0990485015410532,1.1111814193664116,1.1233137439559857,1.135445494246942,1.1475766883788796,1.1597073437353822,1.1718374769830031,1.1839671041078568,1.1960962404499942
0.10606060606060608,0.0,8.13068767431939e-25,4.203552199721315e-23,1.016118391335866e-18,2.88670747518268e-20,0.01569511076664773,0.03628721468493878,0.05449827928383822,0.07125384609595373,0.08705273257155839,0.1021883496280901,0.11684487091693656,0.13114387155090326,0.14516890144895625,0.15897930369402305,0.17261840496133438,0.1861185860977487,0.19950453838930884,0.2127954211919372,0.22600633083249297,0.23914932457371818,0.2522341494692314,0.26526877087340334,0.2782597620914752,0.2912125959800998,0.3041318661442633,0.31702145680729704,0.32988467473987865,0.34272435278532215,0.3555429318721317,0.3683425265572348,0.3811249778352077,0.3938918960105618,0.4066446957490843,0.41938462492428075,0.43211278850414053,0.4448301684457143,0.4575376403550773,0.47023598751024537,0.4829259127216447,0.49560804840954464,0.5082829652036175,0.5209511793115157,0.5336131588573002,0.546269329353956,0.5589200784449657,0.5715657600263825,0.5842066978418422,0.596843188627512,0.6094755048713781,0.6221038972409553,0.6347285967249959,0.6473498165277617,0.6599677537485785,0.6725825908745536,0.685194497110262,0.6978036295648057,0.7104101343137885,0.7230141473513164,0.7356157954450859,0.7482151969058842,0.7608124622813274,0.7734076949824032,0.7860009918502913,0.7985924436699982,0.8111821356365417,0.8237701477787205,0.8363565553449069,0.8489414291547702,0.8615248359203962,0.8741068385398627,0.886687496365986,0.8992668654526611,0.9118449987809379,0.9244219464667568,0.9369977559520569,0.9495724721807859,0.9621461377611866,0.9747187931155938,0.9872904766188478,0.999861224726322,1.01243107209246,1.0250000516806377,1.0375681948650755,1.0501355315254723,1.0627020901349538,1.0752678978418813,1.0878329805460167,1.1003973629694939,1.1129610687230003,1.1255241203675477,1.1380865394721653,1.1506483466678314,1.1632095616979232,1.1757702034654451,1.1883302900772725,1.2008898388856306,1.213448866527006,1.2260073889586742,1.2385654214930149
0.10774410774410775,0.0,1.4164366322680613e-24,1.570411767531552e-22,8.009162665883167e-18,8.011439609919798e-16,0.017974917120111508,0.03899081604824773,0.05763003966836817,0.0748164388241639,0.09104791750452838,0.10661734829031762,0.12170856641390959,0.1364429233321944,0.15090381511973353,0.16515047550745623,0.1792261512849572,0.19316316356638086,0.20698615807170026,0.22071425878776132,0.23436253416505656,0.2479430191964789,0.2614654429290903,0.2749377559995951,0.2883665195658131,0.3017571963692451,0.3151143715237965,0.32844192207223505,0.34174314867162,0.35502087892742273,0.36827754925461265,0.38151527029982074,0.3947358796530034,0.40794098464051537,0.4211319973116811,0.4343101632319281,0.4474765853254043,0.46063224373278217,0.47377801244042733,0.48691467327738985,0.5000429277539481,0.5131634071204086,0.5262766809507666,0.5393832644976568,0.5524836250190617,0.5655781872407079,0.5786673380888697,0.5917514308048192,0.6048307885331904,0.61790570746111,0.6309764595723822,0.6440432950707078,0.6571064445174323,0.6701661207223119,0.6832225204199641,0.6962758257598226,0.7093262056333619,0.7223738168589647,0.7354188052419287,0.7484613065247068,0.7615014472404146,0.7745393454809056,0.7875751115892261,0.8006088487849997,0.8136406537301982,0.826670617041826,0.839698823757243,0.8527253537571494,0.8657502821506639,0.8787736796263989,0.8917956127729822,0.9048161443720927,0.917835333666707,0.930853236606986,0.943869906075931,0.9568853920967371,0.9698997420235443,0.9829130007171254,0.9959252107068691,1.008936412340303,1.0219466439212481,1.0349559418376109,1.0479643406797006,1.0609718733498879,1.0739785711643297,1.0869844639474269,1.0999895801196096,1.112993946778995,1.1259975897774133,1.139000533791244,1.1520028023874778,1.165004418085373,1.1780054024140396,1.1910057759662742,1.2040055584489138,1.2170047687299788,1.2300034248828327,1.2430015442275877,1.255999143369939,1.2689962382376294,1.2819928441146997
0.10942760942760943,0.0,3.6688675262536804e-22,1.467554090500748e-21,4.4218237315796834e-17,1.1962528179358971e-19,0.020306214032151975,0.04175544023001145,0.06083245626183881,0.07845938423590958,0.09513319340109215,0.11114620532152229,0.12668190879241095,0.1418614262958662,0.15676799639375782,0.1714607408527938,0.185982824665744,0.20036650778337714,0.21463638926724962,0.228811556886607,0.24290705054639686,0.2569348824347975,0.2709047631596555,0.28482462828624544,0.29870102653288927,0.31253941028265775,0.3263443559541087,0.34011973323667016,0.35386883652665113,0.36759448806560596,0.38129911964631197,0.3949848379109558,0.40865347696289245,0.42230664107859933,0.43594573962792277,0.44957201581261796,0.4631865704637577,0.47679038186188016,0.4903843223346189,0.5039691722271483,0.5175456317182723,0.531114330860143,0.5446758381456394,0.5582306678493645,0.5717792863423512,0.5853221175440942,0.598859547646374,0.6123919292199007,0.6259195847958686,0.6394428099991302,0.6529618762971553,0.6664770334186506,0.6799885114872515,0.6934965229086999,0.7070012640441129,0.7205029166971094,0.7340016494385173,0.7474976187889902,0.7609909702770032,0.7744818393872901,0.7879703524127294,0.8014566272209621,0.8149407739455335,0.8284228956100899,0.8419030886930727,0.8553814436394358,0.8688580453250786,0.8823329734790318,0.8958063030678042,0.9092781046457893,0.9227484446751825,0.9362173858184554,0.9496849872060982,0.963151304682035,0.9766163910288551,0.9900802961747709,1.003543067384008,1.0170047494321564,1.030465384767852,1.043925013662009,1.0573836743457183,1.070841403137791,1.0842982345628567,1.0977542014608095,1.1112093350883423,1.124663665213225,1.1381172202019207,1.1515700271010925,1.165022111713481,1.1784734986686094,1.1919242114887176,1.2053742726503027,1.218823703641594,1.2322725250162854,1.2457207564437929,1.2591684167563075,1.2726155239928751,1.2860620954407183,1.2995081476739994,1.3129536965902173,1.326398757444389
0.11111111111111112,0.0,4.3184050055241144e-24,2.083689927855954e-21,4.3211069777490704e-16,1.0006532909532312e-20,0.02269016127373516,0.04458244640132625,0.06410709657673618,0.08218446117611068,0.09931055204354139,0.11577712645647799,0.1317673184377226,0.14740201598344568,0.16276429634903952,0.17791316663848047,0.1928917080749807,0.20773211797001523,0.2224589476002827,0.23709124764269188,0.2516440287669629,0.26612927980541107,0.2805566924809085,0.2949341869228702,0.30926829910927206,0.32356447081419154,0.3378272695504725,0.35206055747627896,0.36626762257566386,0.3804512815964464,0.3946139615973347,0.40875776511913803,0.42288452269420335,0.43699583547529364,0.45109311008790104,0.4651775873128765,0.47925036583753516,0.49331242203723513,0.5073646265407092,0.5214077581733195,0.5354425157501478,0.5494695280961734,0.5634893625969737,0.5775025325254307,0.5915095033441437,0.605510698146846,0.6195065023730327,0.6334972679066088,0.6474833166504678,0.6614649436535676,0.6754424198545345,0.6894159944955742,0.7033858972520081,0.7173523401157754,0.7313155190654442,0.7452756155504409,0.7592327978131777,0.7731872220693657,0.7871390335639507,0.801088367517703,0.8150353499774425,0.8289800985811677,0.8429227232478452,0.8568633268003939,0.8708020055292818,0.8847388497032392,0.8986739440327952,0.9126073680916366,0.9265391967002051,0.9404695002754245,0.9543983451499928,0.9683257938642869,0.982251905433584,0.9961767355929979,1.0101003370222732,1.0240227595523363,1.0379440503553203,1.0518642541195702,1.0657834132110093,1.0797015678220845,1.0936187561093915,1.1075350143209743,1.1214503769141895,1.1353648766649416,1.1492785447690184,1.1631914109361856,1.177103503477633,1.1910148493873214,1.2049254744177131,1.2188354031503386,1.2327446590616036,1.2466532645842072,1.2605612411645075,1.2744686093161475,1.2883753886702154,1.3022815980222069,1.3161872553760154,1.3300923779851783,1.3439969823915616,1.3579010844616857,1.371804699420841
0.1127946127946128,0.0,7.56197560858095e-24,7.38594017758583e-21,3.0246444098263873e-15,6.59213559684172e-15,0.025127946730047663,0.047473251123548825,0.06745560224645789,0.08599353672816712,0.10358208660671787,0.12051243151883974,0.13696734226811721,0.1530674667594378,0.16889571707615636,0.18451098290567192,0.19995625968678712,0.2152636805832618,0.23045774793512264,0.2455574744321638,0.26057784080318175,0.2755308119605478,0.29042606028584955,0.30527149009952786,0.3200736243311492,0.33483789388919777,0.3495688571653454,0.36427036860424605,0.3789457096224991,0.39359769134119854,0.40822873597036574,0.42284094185011845,0.4374361358553153,0.452015915939346,0.466581685916873,0.48113468408919663,0.4956760069479366,0.510206628917111,0.5247274188853859,0.5392391541214822,0.5537425320437119,0.5682381802201412,0.5827266649022081,0.5972084983367952,0.6116841450560487,0.626154027307925,0.6406185297613982,0.6550780035969178,0.6695327700738464,0.6839831236512852,0.6984293347261966,0.7128716520424909,0.7273103048163049,0.7417455046157441,0.7561774470275506,0.770606313138371,0.7850322708542388,0.7994554760785283,0.8138760737657819,0.828294198866404,0.8427099771751921,0.8571235260949299,0.8715349553248045,0.88594436748214,0.9003518586648703,0.914757518961232,0.9291614329123714,0.9435636799328634,0.9579643346935421,0.9723634674705268,0.9867611444638781,1.0011574280889166,1.0155523772429127,1.0299460475495312,1.0443384915831768,1.0587297590751323,1.0731198971032028,1.0875089502663726,1.1018969608458484,1.1162839689537034,1.1306700126702347,1.1450551281710004,1.1594393498444533,1.1738227104009564,1.1882052409739154,1.2025869712136843,1.2169679293748394,1.2313481423973613,1.2457276359822136,1.2601064346617707,1.2744845618654923,1.2888620399812172,1.3032388904124166,1.3176151336317112,1.331990789230932,1.3463658759679875,1.3607404118107693,1.3751144139783096,1.3894878989793966,1.4038608826488197,1.4182333801814229
0.1144781144781145,0.0,1.326967885317899e-23,2.5664632643417654e-20,5.802717800802415e-25,0.0005266822095300992,0.027620863011809462,0.05042937849529205,0.0708797339363006,0.08988861043372998,0.10795003691895937,0.12535460157478998,0.14228470326558776,0.15886074402555106,0.17516546678005343,0.19125764096268225,0.20718017415205078,0.22296513381038244,0.23863697215466928,0.2542146629660412,0.2697131563056016,0.28514439258487806,0.30051802437427394,0.3158419398010392,0.3311226484291104,0.34636557003715396,0.3615752536738148,0.37675554588258203,0.39190972135279933,0.40704058544190164,0.4221505553932073,0.437241725243886,0.45231591812226296,0.46737472870445695,0.4824195579258544,0.49745164154782145,0.5124720738128079,0.5274818271459641,0.5424817686535051,0.5574726740095921,0.5724552392017414,0.5874300905104843,0.6023977930254897,0.6173588579426418,0.6323137488409638,0.6472628871020267,0.6622066566055085,0.6771454078112619,0.6920794613194364,0.7070091109849025,0.7219346266497589,0.7368562565474744,0.751774229423814,0.7666887564127167,0.7816000326995516,0.7965082389993426,0.8114135428735452,0.8263160999055854,0.8412160547525228,0.8561135420878078,0.8710086874480701,0.8859016079951472,0.9007924132030881,0.9156812054786116,0.9305680807224244,0.9454531288378688,0.9603364341925792,0.9752180760381414,0.9900981288921334,1.0049766628864392,1.0198537440852464,1.034729434775773,1.0496037937344045,1.0644768764706403,1.0793487354509763,1.0942194203046236,1.1090889780127602,1.12395745308283,1.1388248877092568,1.1536913219217844,1.1685567937225465,1.183421339212852,1.1982849927105683,1.2131477868589189,1.228009752727407,1.242870919905527,1.25773131658986,1.2725909696650903,1.2874499047794294,1.3023081464148962,1.3171657179528582,1.3320226417352024,1.3468789391214662,1.3617346305422482,1.3765897355491648,1.3914442728616219,1.4062982604106298,1.4211517153798765,1.4360046542442635,1.4508570928060769,1.465709046228972
0.11616161616161617,0.0,4.1244415639776345e-22,6.316524822669623e-20,3.799030623033523e-21,0.0026110853916561858,0.030170273755001947,0.053452443205946415,0.07438135932639149,0.09387180461930028,0.11241678113992015,0.13030627147341195,0.14772229360171527,0.16478499775439429,0.18157695360563444,0.19815680741946742,0.21456737678075347,0.23084066185277444,0.24700106350965412,0.2630675156761914,0.2790549369983543,0.294975242789354,0.3108380653250719,0.32665127614433914,0.3424213711191348,0.35815375862648696,0.37385297814377094,0.3895228681202485,0.40516669635359476,0.4207872622966981,0.4363869781047481,0.45196793340675195,0.4675319474928819,0.48308061168183025,0.49861532395928104,0.5141373174845324,0.529647684195839,0.5451473944705779,0.5606373135888993,0.576118215591386,0.5915907949997444,0.607055676775461,0.6225134248180022,0.6379645492465307,0.6534095126636165,0.6688487355632392,0.6842826010164584,0.6997114587448915,0.7151356286733365,0.7305554040376415,0.7459710541114556,0.7613828266053125,0.7767909497830859,0.7921956343339199,0.8075970750319831,0.822995452211576,0.8383909330811418,0.8537836728963218,0.869173816009409,0.8845614968101176,0.8999468405705889,0.915329964205814,0.9307109769591895,0.9460899810216715,0.9614670720919101,0.976842339883825,0.9922158685872914,1.007587737286912,1.022958020343257,1.038326787740441,1.0536941054034539,1.069060035488271,1.0844246366474335,1.0997879642734791,1.1151500707223532,1.130511005518694,1.145870815544685,1.1612295452139898,1.176587236632123,1.1919439297444816,1.2072996624731243,1.222654470843288,1.238008389100529,1.2533614498192867,1.2687136840035949,1.2840651211805982,1.2994157894874643,1.314765715752225,1.3301149255690465,1.34546344336836,1.3608112924822635,1.376158495205565,1.3915050728527936,1.4068510458114958,1.4221964335920891,1.4375412548745328,1.4528855275520522,1.4682292687721266,1.4835724949749396,1.4989152219294788,1.514257464767445
0.11784511784511786,0.0,4.113361406069469e-23,2.9027583462221676e-19,8.135605950039852e-22,0.004743234439954351,0.032777657506013795,0.0565441848799029,0.07796248620855456,0.0979453983611479,0.11698487146067472,0.13537026772629335,0.15328321495599806,0.17084360541554677,0.1881338312843116,0.2052124126362057,0.2221220748532021,0.2388947491462647,0.25555478378441837,0.272121071855731,0.28860849981790226,0.3050289572678989,0.32139205568724755,0.3377056496176814,0.3539762209018122,0.3702091662339951,0.3864090152843698,0.4025795982083828,0.41872417574207926,0.43484554128816383,0.4509461017881795,0.4670279423542167,0.4830928783435917,0.4991424976347227,0.5151781951907978,0.5312012015048281,0.5472126061540008,0.5632133774173744,0.5792043787039575,0.5951863823804278,0.6111600814664945,0.627126099572035,0.6430849993769262,0.659037289897025,0.6749834327343388,0.6909238474733379,0.7068589163564974,0.7227889883489684,0.7387143826835207,0.7546353919616924,0.7705522848746457,0.7864653085970638,0.8023746908990274,0.8182806420139025,0.8341833562944984,0.850083013684993,0.8659797810320938,0.8818738132555645,0.897765254395403,0.9136542385505791,0.9295408907222124,0.9454253275723498,0.9613076581080398,0.977187984299146,0.9930664016372702,1.0089429996422306,1.0248178623217512,1.0406910685893285,1.056562692644645,1.0724328043203972,1.0883014693989368,1.1041687499017565,1.1200347043544916,1.13589938802983,1.1517628531704356,1.1676251491937897,1.1834863228806374,1.1993464185485434,1.2152054782119175,1.2310635417297258,1.2469206469419731,1.2627768297959479,1.278632124463106,1.2944865634474036,1.3103401776857895,1.3261929966415174,1.3420450483908717,1.357896359703835,1.3737469561191915,1.3895968620145107,1.405446100671404,1.421294694336437,1.437142664278019,1.4529900308395793,1.4688368134893193,1.484683030866778,1.500528700826462,1.516373840478746,1.5322184662282388,1.5480625938098083,1.56390623832241
0.11952861952861954,0.0,7.265703727394189e-23,9.428280402673384e-19,2.820897183521926e-20,0.0069240948586450505,0.03544455948407265,0.05970643799345868,0.08162523827419417,0.10211180586073314,0.12165701370499782,0.14054958863466496,0.15897075875826772,0.17704015207019871,0.19483997890214547,0.2124286300368835,0.22984873638402115,0.24713215850284162,0.2643031907594559,0.28138068439687164,0.29837949288918125,0.3153114794813125,0.33218623434607303,0.34901159460748415,0.36579402773148867,0.3825389184404697,0.39925078635440553,0.4159334531294399,0.4325901722649916,0.4492237309636195,0.4658365308239734,0.48243065232923343,0.49900790680633517,0.5155698786081021,0.532117959600258,0.5486533775433869,0.5651772195950355,0.5816904518838831,0.5981939359013703,0.6146884422987327,0.6311746625564097,0.6476532188991262,0.6641246727569018,0.680589532014903,0.6970482572497402,0.7135012671137977,0.7299489430003988,0.7463916330994492,0.7628296559345107,0.7792633034570647,0.7956928437613252,0.8121185234728201,0.8285405698555794,0.8449591926758718,0.8613745858546872,0.8777869289363925,0.8941963883969795,0.9106031188119926,0.9270072639013797,0.9434089574661474,0.9598083242296628,0.9762054805947477,0.9926005353262322,1.0089935901673979,1.025384740397656,1.0417740753379026,1.058161678809188,1.0745476295496514,1.0909320015940935,1.107314864620031,1.1236962842636353,1.140076322408575,1.1564550374504308,1.1728324845390623,1.189208715801037,1.2055837805440202,1.2219577254447973,1.2383305947224483,1.2547024302980156,1.271073271941887,1.2874431574099756,1.3038121225696846,1.3201802015165298,1.3365474266822333,1.3529138289349918,1.3692794376725823,1.3856442809088938,1.402008385354416,1.4183717764911776,1.4347344786425715,1.4510965150384696,1.4674579078759962,1.4838186783762934,1.5001788468375823,1.5165384326847962,1.5328974545160492,1.5492559301461692,1.5656138766475032,1.5819713103882036,1.5983282470681675,1.6146847017527952
0.12121212121212122,0.0,5.131085128750083e-22,2.162677339640527e-18,6.09730381099154e-19,0.009155069019204735,0.038172654358641346,0.06294118125192098,0.08537190252881709,0.10637362494217763,0.12643611817452044,0.14584745813346997,0.1647884634176419,0.1833784912301318,0.20169956555729926,0.21980994468601298,0.23775216270799915,0.25555800777448845,0.2732517190072775,0.2908521047620906,0.308373984707317,0.3258291950786472,0.34322730420847986,0.3605761313683347,0.37788212928847487,0.3951506704202523,0.41238626408236306,0.42959272321922387,0.4467732939127214,0.4639307570102453,0.48106750863393777,0.4981856245222917,0.5152869118710425,0.5323729514192136,0.5494451318575626,0.5665046781458716,0.583552674961492,0.6005900862289036,0.6176177714739818,0.6346364995895794,0.6516469604783324,0.6686497749451349,0.6856455031388567,0.7026346517856648,0.7196176804110954,0.7365950067121091,0.7535670112116121,0.7705340413048508,0.7874964147884188,0.8044544229474592,0.821408333264288,0.8383583918015235,0.8553048253044699,0.8722478430605994,0.8891876385482668,0.9061243909020127,0.9230582662178269,0.9399894187184116,0.956917991795649,0.9738441189451169,0.9907679246054721,1.0076895249138176,1.024609028386698,1.0415265365351345,1.0584421444210326,1.0753559411613838,1.092268010385886,1.109178430652929,1.1260872758283005,1.142994615430449,1.1599005149457033,1.1768050361164561,1.1937082372049732,1.2106101732352081,1.227510896214725,1.2444104553386197,1.2613088971771151,1.278206265848337,1.2951026031776214,1.3119979488445586,1.3288923405188637,1.345785813986051,1.3626784032637955,1.3795701407097738,1.3964610571217089,1.4133511818302587,1.430240542785354,1.447129166636502,1.464017078807552,1.4809043035663647,1.4977908640897735,1.5146767825242253,1.5315620800424095,1.5484467768962038,1.5653308924661913,1.5822144453080245,1.5990974531958546,1.6159799331630522,1.6328619015403965,1.6497433739919387,1.6666243655486823
0.1228956228956229,0.0,2.280631017520968e-22,9.276685114303781e-18,2.5352682285879955e-17,0.011437684391693584,0.040963755797087005,0.06625055161037618,0.08920494613417214,0.11073365643372513,0.1313253214870861,0.15126735005793818,0.17074014100032353,0.18986277394290085,0.20871708184994187,0.22736118718212409,0.24583752477680162,0.2641778085531357,0.28240622099581714,0.3005415264912946,0.31859851004889,0.33658898021292427,0.35452248292356736,0.37240681914861407,0.39024842651008745,0.40805266487797853,0.42582403300912114,0.44356633491578995,0.461282809074634,0.47897622981702487,0.49664898764996673,0.5143031534471447,0.5319405301684914,0.5495626948477195,0.5671710329202133,0.5847667664740163,0.6023509776434617,0.6199246280929954,0.6374885753331329,0.6550435864537963,0.6725903497398423,0.6901294845403595,0.7076615496906058,0.7251870507283783,0.7427064461015053,0.7602201525273106,0.7777285496362237,0.7952319840086933,0.8127307726959186,0.8302252062998171,0.8477155516752967,0.8652020543077991,0.882684940410753,0.9001644187806984,0.9176406824421348,0.9351139101093869,0.9525842674888113,0.9700519084413228,0.9875169760224204,1.0049796034145102,1.0224399147643222,1.0398980259365036,1.057354045193018,1.0748080738067385,1.0922602066165512,1.109710532530372,1.1271591349816965,1.144606092344607,1.1620514783115927,1.179495362238001,1.1969378094565202,1.2143788815646832,1.2318186366880615,1.249257129721511,1.2666944125505741,1.2841305342549234,1.3015655412955163,1.3189994776869665,1.3364323851564752,1.3538643032905335,1.3712952696704723,1.3887253199978418,1.4061544882105013,1.4235828065902052,1.4410103058624146,1.4584370152889683,1.4758629627542155,1.4932881748451345,1.5107126769259214,1.5281364932074937,1.5455596468123043,1.5629821598348352,1.5804040533980974,1.5978253477064481,1.615246062094996,1.6326662150758533,1.6500858243814678,1.6675049070052392,1.68492347923963,1.702341556711935,1.7197591544178898
0.12457912457912458,0.0,4.051730212464909e-22,2.81779303969982e-17,6.263759158488782e-16,0.013773480862639678,0.04381978376529073,0.06963682433333136,0.09312700155125696,0.11519489205079853,0.13632797617128592,0.15681297890165766,0.17682986882735788,0.19649744101538869,0.21589733258526955,0.23508752673475117,0.25411035653111397,0.2729974597773946,0.2917729608821078,0.31045557914421973,0.329060064031888,0.34759819569285694,0.36607949710450755,0.38451175046431235,0.4029013779007642,0.42125372638153324,0.439573283832071,0.45786384510451694,0.47612864087611295,0.49437043879581793,0.5125916236120831,0.530794261209513,0.5489801502040171,0.5671508638293185,0.5853077841822357,0.6034521304056762,0.621584982025955,0.6397072983897086,0.6578199349405703,0.6759236569194352,0.6940191509520157,0.7121070348943689,0.7301878662345483,0.7482621492915903,0.7663303414080529,0.7843928582965662,0.8024500786722579,0.820502348279936,0.838549983406339,0.8565932739526817,0.8746324861304132,0.8926678648330331,0.910699635728489,0.9287280071098278,0.9467531715360815,0.964775307290609,0.9827945796801628,1.0008111421946146,1.018825137544473,1.0368366985909605,1.0548459491814084,1.072853004901037,1.090857973750715,1.1088609567590735,1.1268620485362715,1.1448613377758001,1.1628589077099294,1.1808548365237204,1.1988491977319273,1.2168420605226233,1.234833490070923,1.2528235478257934,1.2708122917726132,1.2887997766738357,1.3067860542898604,1.3247711735819814,1.3427551808990945,1.3607381201496513,1.3787200329602085,1.396700958821774,1.414680935225032,1.4326599977854206,1.4506381803589392,1.4686155151494782,1.486592032808386,1.5045677625269207,1.5225427321221738,1.540516968116992,1.5584904958143913,1.5764633393668899,1.5944355218411674,1.6124070652784113,1.6303779907506815,1.648348318413599,1.6663180675556337,1.6842872566442455,1.7022559033691067,1.7202240246826281,1.738191636837971,1.756158755424735,1.7741253954024838
0.12626262626262627,0.0,7.210139703404662e-22,8.403534382520482e-17,2.882088907554373e-25,0.016164193887187005,0.0467428330598365,0.07310247253499011,0.09714092607097952,0.11976057663844769,0.14144771681878113,0.16248837051909362,0.1830620651114935,0.2032873038369272,0.22324552295702227,0.24299456283443877,0.26257665215168663,0.2820233506375451,0.3013587231287332,0.3206014426746004,0.33976622228540126,0.35886481297940415,0.37790671417823773,0.39689968882413634,0.4158501431516462,0.43476341089255693,0.45364396886083597,0.4724956025115436,0.49132153452072297,0.5101245256819943,0.5289069548362085,0.5476708827497402,0.5664181035820063,0.5851501866683433,0.6038685106805467,0.6225742917401088,0.6412686066977725,0.6599524125223243,0.6786265625369688,0.6972918200856677,0.7159488700920003,0.7345983288803045,0.7532407525565182,0.7718766441893331,0.7905064599873914,0.8091306146325917,0.8277494859010347,0.8463634186802292,0.8649727284726371,0.8835777044606061,0.9021786121954478,0.920775695963374,0.9393691808727088,0.9579592746999545,0.976546169526607,0.9951300431938864,1.0137110605985806,1.032289374849898,1.0508651283044121,1.0694384534938322,1.0880094739583297,1.1065783049964522,1.125145054341203,1.1437098227706377,1.1622727046602572,1.180833788483567,1.1993931572663954,1.217950888999878,1.2365070570164267,1.2550617303325022,1.273614973961559,1.292166849200145,1.3107174138898103,1.3292667226571733,1.3478148271342432,1.3663617761608668,1.384907615970972,1.4034523903640945,1.421996140863536,1.4405389068623455,1.45908072575821,1.4776216330782208,1.4961616625943952,1.5147008464307392,1.5332392151625687,1.5517767979087287,1.5703136224173073,1.588849715145358,1.6073851013331302,1.6259198050732275,1.6444538493751093,1.6629872562252863,1.6815200466435456,1.700052240735509,1.7185838577417976,1.737114916084059,1.755645433408084,1.774175426624228,1.792704911945333,1.811233904922326,1.8297624204776601
0.12794612794612795,0.0,1.422679376955445e-21,1.8513558068308227e-16,6.94866316545058e-21,0.018611674331839478,0.049735161094397,0.0766501650963692,0.1012498048097334,0.12443421471460364,0.1466884695065263,0.16829787407232258,0.1894415032176525,0.21023756081689193,0.230767277068321,0.2510883457893035,0.27124288856129275,0.29126238500428553,0.3111708388290472,0.3309868756275732,0.35072517099942674,0.3703974460716297,0.3900131760937036,0.4095801042485739,0.4291046204605915,0.4485920448789047,0.4680468429148003,0.48747279037992447,0.5068731017393281,0.5262505307515027,0.5456074501947371,0.564945915582894,0.5842677165019619,0.6035744182865833,0.6228673960936341,0.6421478629438805,0.6614168929422524,0.6806754406172549,0.6999243571159868,0.7191644038356649,0.738396263953033,0.7576205522204827,0.7768378233255347,0.7960485790536932,0.8152532744499004,0.8344523231382445,0.8536461019311319,0.8728349548362484,0.8920191965511748,0.911199115520504,0.9303749766180651,0.949547023506825,0.9687154807207796,0.9878805555063122,1.0070424394548347,1.0262013099538096,1.0453573314792863,1.0645106567498055,1.0836614277587038,1.1028097766995182,1.1219558267971872,1.1410996930560504,1.1602414829342056,1.1793812969525486,1.198519229245753,1.2176553680615563,1.2367897962139198,1.2559225914949559,1.275053827049941,1.294183571719212,1.3133118903503147,1.3324388440833717,1.351564490612323,1.3706888844243812,1.3898120770197908,1.4089341171137584,1.4280550508222216,1.4471749218329377,1.4662937715632387,1.4854116393056394,1.504528562362384,1.523644576169896,1.5427597144140026,1.561874009136725,1.580987490835346,1.6001001885543962,1.619212129971145,1.6383233414751244,1.6574338482421647,1.6765436743033815,1.6956528426095092,1.7147613750909445,1.7338692927138268,1.7529766155324642,1.772083362738372,1.7911895527061805,1.8102952030366435,1.8294003305969577,1.848504951558586,1.867609081432765,1.8867127351038597
0.12962962962962962,0.0,2.2936259381729988e-21,7.153548490208583e-16,3.3729973113456264e-20,0.02111797348285574,0.05279923940810525,0.08028281698081652,0.10545700392971445,0.12921962796677922,0.15205451420492638,0.17424622970436424,0.19597338481681403,0.21735387616305582,0.23846872243554387,0.2593754670284057,0.2801161215835537,0.3007220834864702,0.3212172936983181,0.3416203290921069,0.36194582686146787,0.38220547744650707,0.40240873128088284,0.4225633112617508,0.44267559056854044,0.46275087540561394,0.4827936194774692,0.5028075886950849,0.5227959890934287,0.542761567208112,0.562706689593036,0.5826334063693271,0.6025435024274316,0.6224385389944643,0.6423198876185071,0.6621887581367804,0.6820462218350531,0.7018932307363576,0.721730633753547,0.7415591902850771,0.7613795817141815,0.7811924211792971,0.8009982619116219,0.8207976043791786,0.8405909024321062,0.8603785686084112,0.8801609787310448,0.8999384759043526,0.9197113739995179,0.9394799607036574,0.9592445001950057,0.9790052354966227,0.9987623905528219,1.0185161720656946,1.0382667711234657,1.058014364647706,1.077759116682479,1.0975011795452112,1.1172406948562896,1.1369777944620367,1.1567126012637277,1.176445229963628,1.1961757877375796,1.2159043748424387,1.2356310851656132,1.2553560067230365,1.2750792221111344,1.2948008089176752,1.3145208400957942,1.3342393843049962,1.3539565062224792,1.3736722668277574,1.3933867236632143,1.4130999310729273,1.4328119404218516,1.4525228002972215,1.472232556693828,1.4919412531846599,1.511648931078245,1.5313556295638762,1.5510613858458016,1.5707662352673524,1.590470211425858,1.610173346279164,1.6298756702444344,1.6495772122898946,1.6692780000201033,1.6889780597552628,1.7086774166050638,1.728376094537487,1.7480741164429732,1.7677715041943018,1.7874682787025318,1.8071644599692835,1.8268600671356527,1.8465551185279956,1.866249631700825,1.885943623477023,1.9056371099855662,1.9253301066969402,1.945022628456404
0.13131313131313133,0.0,4.099577569618061e-21,2.05244647638255e-15,9.193234175079255e-18,0.02368526482934506,0.05593773130803062,0.08400357950990124,0.10976616732009481,0.1341209562472305,0.15755048912847572,0.18033857571725584,0.20266334957456097,0.22464239187092036,0.24635650413264434,0.2678630752952253,0.28920400410610425,0.31041060350263505,0.3315067500052035,0.3525109704534846,0.37343786259819306,0.3942990853633727,0.41510406369590663,0.43586049965846424,0.4565747492324159,0.4772521042998307,0.49789700654139146,0.5185132116992155,0.5391039171497697,0.5596718620100333,0.580219406440793,0.6007485950242296,0.6212612078279195,0.6417588018600494,0.6622427449620213,0.6827142437011468,0.7031743664675473,0.7236240627107996,0.7440641790488831,0.7644954728272487,0.7849186235869423,0.8053342428086386,0.8257428822276819,0.84614504095885,0.8665411716250406,0.8869316856486926,0.9073169578364384,0.927697330364755,0.9480731162559892,0.968444602419213,0.988812052318177,1.0091757083186572,1.0295357937592702,1.049892514783032,1.0702460619613166,1.0905966117371493,1.1109443277108728,1.1312893617879058,1.151631855205557,1.1719719394535015,1.192309737100561,1.2126453625387195,1.232978922653896,1.2533105174317365,1.2736402405056657,1.2939681796535139,1.314294417248264,1.3346190306677876,1.3549420926678606,1.3752636717222406,1.3955838323331526,1.4159026353151363,1.4362201380549016,1.4565363947495042,1.4768514566249331,1.4971653721369729,1.5174781871559757,1.5377899451370467,1.5581006872769503,1.5784104526589529,1.5987192783866464,1.6190271997077372,1.6393342501286563,1.6596404615207832,1.679945864218986,1.7002504871131146,1.7205543577330378,1.7408575023277473,1.7611599459389955,1.7814617124699137,1.801762824749008,1.8220633045898786,1.8423631728470058,1.86266244946789,1.882961153541838,1.90325930334562,1.9235569163862503,1.9438540094410948,1.964150598595487,1.9844466992780543,2.0047423262938886
0.132996632996633,0.0,6.1586019011827934e-21,4.5288012877343665e-15,1.309339596180257e-15,0.026315961250328066,0.05915356658783833,0.08781591329333875,0.11418129360867905,0.1391427406669287,0.16318148084491227,0.18658054621764872,0.20951758065145878,0.2321098412918352,0.2544379065766816,0.27655900676024986,0.2985149246032218,0.32033688627814466,0.34204870209460747,0.36366884748325656,0.38521187966646037,0.40668942518428897,0.4281108827945496,0.4494839331510217,0.4708149145626548,0.49210910419403014,0.5133709313701288,0.5346041413834363,0.5558119227127883,0.5769970068515944,0.598161747390883,0.6193081832208173,0.6404380894527967,0.6615530187594508,0.6826543351730177,0.7037432419004802,0.7248208043562335,0.7458879693452222,0.7669455811270732,0.7879943949374417,0.8090350884242193,0.8300682713644537,0.8510944939562469,0.8721142539236831,0.8931280026284608,0.9141361503465766,0.9351390708402164,0.9561371053323086,0.9771305659728696,0.9981197388713897,1.0191048867573582,1.0400862513210734,1.0610640552786859,1.0820385041986627,1.1030097881212138,1.1239780829975725,1.1449435519720768,1.1659063465267294,1.1868666075051533,1.2078244660305024,1.2287800443299381,1.249733456476575,1.2706848090583789,1.2916342017822746,1.3125817280206717,1.3335274753067055,1.354471525783726,1.3754139566138972,1.3963548403501689,1.417294245275409,1.4382322357120216,1.4591688723050071,1.4801042122810886,1.5010383096862254,1.5219712156035954,1.5429029783538912,1.5638336436795817,1.58476325491462,1.6056918531409161,1.6266194773327711,1.6475461644903318,1.6684719497630327,1.6893968665638877,1.7103209466754177,1.7312442203479133,1.7521667163906771,1.7730884622568237,1.7940094841221583,1.8149298069586124,1.8358494546026745,1.8567684498191994,1.8776868143609684,1.8986045690243143,1.9195217337011237,1.9404383274274757,1.9613543684291805,1.9822698741644424,2.003184861363844,2.024099346067873,2.0450133436621365,2.065926868910445
0.1346801346801347,0.0,1.3152385922683823e-20,8.953718762437462e-26,1.6150592597478118e-22,0.029012735740817388,0.06244997777813954,0.09172363220013768,0.11870678731697698,0.14428998184072736,0.1689530895950503,0.1929783435129678,0.2165428841832623,0.23976363570497952,0.2627209471986793,0.28547188579691035,0.30805811502216013,0.3305107718464641,0.3528535985077659,0.3751050175814606,0.39727954462053194,0.4193887728687227,0.44144207415651876,0.46344710712501674,0.48541019191212054,0.5073365905495192,0.5292307196576362,0.551096313784203,0.5729365522590705,0.5947541587366677,0.6165514800525944,0.638330549244102,0.6600931363262977,0.6818407895136639,0.7035748689215554,0.7252965743015892,0.7470069680082644,0.7687069941270811,0.7903974944925941,0.8120792221709691,0.8337528528633763,0.8554189945950287,0.8770781959832811,0.8987309533221682,0.9203777166764918,0.9420188951433585,0.9636548614109436,0.9852859557216348,1.0069124893284236,1.028534747518584,1.0501529922665565,1.0717674645680364,1.0933783864990874,1.1149859630373562,1.1365903836768545,1.158191823863095,1.1797904462714999,1.2013864019486666,1.222979831333384,1.2445708651719054,1.266159625340059,1.2877462255830565,1.309330772182474,1.3309133645586242,1.3524940958155067,1.3740730532346312,1.395650318723214,1.4172259692216003,1.438800077074171,1.460372710367496,1.481943933239067,1.5035138061595414,1.5250823861911253,1.5466497272244029,1.5682158801956945,1.5897808932867752,1.6113448121086071,1.6329076798705608,1.6544695375364376,1.676030423968488,1.697590376060483,1.7191494288608007,1.7407076156863945,1.7622649682284057,1.7838215166501545,1.8053772896781144,1.8269323146864698,1.8484866177757662,1.8700402238461395,1.8915931566655437,1.9131454389333815,1.9346970923398918,1.9562481376216148,1.977798594613242,1.9993484822961218,2.0208978188436624,2.0424466216638684,2.0639949074392225,2.0855426921640894,2.10708999117984,2.1286368192078347
0.13636363636363638,0.0,2.3610530177684818e-20,6.630693328974849e-25,2.0909040803266e-18,0.03177848850145887,0.06583050324078081,0.09573091959523983,0.12334748395198537,0.14956817229401514,0.1748714682853174,0.1995387832858,0.22374674038882267,0.24761192119461908,0.2712144389756526,0.29461119308500267,0.3178437243952473,0.34094307812147084,0.363932926476487,0.38683163766197265,0.4096536843633296,0.4324106255698134,0.45511180540920493,0.4777648598757023,0.5003760904123813,0.5229507434816483,0.5454932226328738,0.5680072513589749,0.5904959995767317,0.612962182875265,0.6354081411396567,0.657835901385188,0.680247228383443,0.7026436657619417,0.725026569605962,0.7473971361118865,0.7697564244858678,0.7921053760153433,0.8144448300396828,0.83677553739283,0.8590981717729401,0.8814133394027278,0.9037215872730826,0.9260234102066268,0.9483192569337514,0.9706095353385699,0.9928946170041786,1.0151748411640549,1.0374505181482128,1.059721932397921,1.0819893451107234,1.1042529965676142,1.1265131081860482,1.1487698843357552,1.1710235139487393,1.1932741719501614,1.215522020532953,1.237767210295708,1.2600098812606626,1.2822501637862633,1.3044881793868333,1.3267240414701917,1.3489578560026578,1.3711897221096334,1.3934197326189406,1.415647974553181,1.4378745295765982,1.4600994744013007,1.4823228811570595,1.5045448177284682,1.5267653480627505,1.5489845324511748,1.5712024277866667,1.5934190877999368,1.615634563276197,1.6378489022542821,1.660062150209842,1.6822743502240567,1.7044855431391996,1.7266957677022257,1.748905060697452,1.7711134570692753,1.793320990035802,1.8155276911941538,1.8377335906181596,1.8599387169490667,1.8821430974798419,1.904346758233596,1.9265497240365865,1.9487520185862508,1.9709536645146437,1.9931546834476508,2.015355096060287,2.0375549221283955,2.0597541805770083,2.081952889525611,2.104151066330562,2.1263487276248436,2.148545889355367,2.170742566817982,2.1929387746903726
0.13804713804713806,0.0,4.245471807767902e-20,4.8577525357434995e-24,6.664876123018674e-25,0.0346164720318303,0.06929908863529266,0.09984243380188605,0.12810876463582851,0.15498342217415906,0.18094346021645932,0.20626944487439192,0.23113746673948565,0.2556637549363248,0.27992817999578695,0.3039874685747422,0.3278830352942736,0.35164583091368695,0.3752994555582954,0.3988622214529009,0.42234855715026515,0.4457699863735014,0.4691358247289971,0.49245368489440194,0.515729849064907,0.5389695476728514,0.5621771708095625,0.5853564305857426,0.6085104872262431,0.6316420480158839,0.6547534456832246,0.6778467010430562,0.7009235734679685,0.7239856018624916,0.7470341381622982,0.7700703749030741,0.7930953680492232,0.8161100560071016,0.8391152755468506,0.8621117752039495,0.88510022661409,0.9080812341439883,0.9310553431097883,0.9540230468190204,0.9769847926280494,0.9999409871719837,1.0228920008960272,1.0458381719947918,1.0687798098479073,1.0917171980255123,1.1146505969251856,1.1375802460919944,1.1605063662652226,1.1834291611886303,1.2063488192155207,1.2292655147352471,1.2521794094439214,1.2750906534788229,1.297999386433265,1.3209057382663645,1.3438098301202024,1.3667117750551834,1.3896116787130024,1.4125096399153902,1.435405751205787,1.4583000993401918,1.4811927657326622,1.5040838268602845,1.5269733546318465,1.5498614167239608,1.5727480768879338,1.595633395230312,1.6185174284697113,1.6414002301722224,1.664281850967454,1.6871623387470562,1.7100417388473448,1.7329200942175005,1.7557974455746572,1.7786738315470494,1.8015492888062863,1.8244238521896945,1.8472975548135964,1.8701704281782998,1.893042502265483,1.915913805628634,1.9387843654770913,1.9616542077542254,1.9845233572102223,2.0073918374699073,2.030259671095987,2.053126879648078,2.075993483737845,2.098859503080534,2.1217249565431824,2.1445898621897572,2.167454237323429,2.1903180985262147,2.2131814616961574,2.2360443420822373,2.2589067543171595
0.13973063973063973,0.0,6.123733889543754e-20,1.9876677797136062e-21,3.1965634979495865e-18,0.03753030036238227,0.07286012671984639,0.10406336337258972,0.13299662411651958,0.16054253904509572,0.18717669022296865,0.21317877351786885,0.23872433116684869,0.26392922927441653,0.28887308834188125,0.31361245713056796,0.33818862020078333,0.36263243100118375,0.38696741538772067,0.41121182791212235,0.43538005165592747,0.4594835740055894,0.4835316811797292,0.5075319618307633,0.5314906783206786,0.5554130445640664,0.5793034367846197,0.6031655553642948,0.6270025505408552,0.6508171210418535,0.6746115922212711,0.6983879785044426,0.7221480337003926,0.7458932918466713,0.7696251006028163,0.7933446487321804,0.8170529888585437,0.8407510564192971,0.8644396855369747,0.8881196223784636,0.9117915364540607,0.935456030217846,0.9591136472601091,0.9827648793270468,1.00641017235906,1.0300499317041247,1.05368452663482,1.0773142942751777,1.1009395430254267,1.1245605555579814,1.14817759144603,1.171790889476242,1.1954006696890243,1.2190071351830516,1.242610473715255,1.2662108591228167,1.2898084525898577,1.3134034037782552,1.3369958518392986,1.36058592632058,1.384173747980568,1.4077594295216433,1.4313430762509605,1.454924786677304,1.478504653051046,1.5020827618534403,1.5256591942407127,1.549234026447751,1.5728073301556098,1.596379172826568,1.6199496180100257,1.6435187256221704,1.6670865522019804,1.690653151145894,1.714218572923169,1.7377828652737708,1.7613460733904251,1.784908240086281,1.8084694059495092,1.832029609485998,1.8555888872512039,1.8791472739721107,1.9027048026601516,1.9262615047158578,1.9498174100259449,1.9733725470534587,1.9969269429215533,2.0204806234914243,2.044033613434863,2.0675859363018616,2.091137614583658,2.1146886697715805,2.1382391224120036,2.1617889921577236,2.185338297816017,2.20888705739363,2.2324352881389236,2.2559830065813897,2.2795302285687127,2.3030769693015674,2.3266232433663117
0.1414141414141414,0.0,1.3807024921318536e-19,2.5200630632407747e-22,2.408341931034697e-19,0.0405240597311294,0.07651856914409749,0.1083995516196532,0.13801781068984814,0.16625318427705452,0.19357973808477283,0.22027627112264395,0.24651776039947837,0.2724196977782281,0.2980614459753173,0.3234993703239994,0.34877462127048164,0.37391795191502264,0.39895281152258594,0.4238973951669673,0.44876603903414414,0.4735701930348048,0.4983191130779176,0.5230203630365685,0.5476801848167115,0.5723037752962526,0.5968954963954074,0.621459036398644,0.6459975352425579,0.6705136828282502,0.6950097969030895,0.7194878853018739,0.7439496960949401,0.7683967582996353,0.7928304151647207,0.8172518515624194,0.8416621166706754,0.866062142864393,0.8904527615350935,0.9148347164064484,0.9392086747963918,0.9635752371860983,0.9879349453856161,1.012288289530601,1.0366357141008617,1.0609776231166739,1.0853143846410254,1.109646334693621,1.1339737806644148,1.1582970042997938,1.1826162643225637,1.2069317987370851,1.231243826862852,1.255552551133113,1.2798581586896234,1.3041608227999806,1.3284607041201701,1.3527579518216744,1.377052704599819,1.401345091577694,1.425635233118057,1.4499232415539713,1.4742092218475016,1.4984932721846158,1.5227754845133725,1.547055945031616,1.5713347346296092,1.5956119292924003,1.619887600466126,1.6441618153919706,1.668434637411064,1.6927061262432221,1.7169763382421246,1.7412453266292047,1.7655131417083094,1.7897798310629354,1.8140454397376884,1.838310010405394,1.8625735835211927,1.8868361974647652,1.9110978886717511,1.9353586917553132,1.9596186396186814,1.9838777635594662,2.008136093366423,2.0323936574093024,2.0566504827223544,2.0809065950820087,2.1051620190791867,2.129416778186686,2.1536708948220267,2.177924390406086,2.2021772854178927,2.2264295994458236,2.250681351235507,2.2749325587346623,2.2991832391351146,2.32343340891217,2.347683083861566,2.371932279134152,2.3961810092684694
0.1430976430976431,0.0,2.4987212661292684e-19,1.7760816453967307e-21,4.434400063933296e-24,0.043602330707633113,0.08027998809503699,0.1128575812239322,0.1431799301732833,0.17212399504397857,0.20016227791070026,0.22757265267681673,0.2545295131919531,0.28114796514384244,0.30750710521215163,0.3336631094130433,0.35965698976287613,0.3855193957783638,0.4112736976605525,0.4369380290825467,0.46252667781720214,0.4880510550856634,0.5135203855048488,0.5389422073648579,0.5643227414518146,0.5896671670538384,0.6149798313231108,0.6402644100535573,0.6655240325458107,0.6907613795875712,0.7159787610722406,0.7411781780297181,0.7663613726049582,0.7915298686317581,0.8166850048045563,0.8418279619777954,0.8669597857714089,0.892081405398109,0.9171936494294779,0.9422972590664095,0.9673928993630732,0.9924811687634795,1.0175626072394457,1.0426377032636218,1.0677068998076396,1.0927705995208175,1.1178291692171405,1.1428829437760017,1.167932229544158,1.1929773073117933,1.2180184349236158,1.2430558495761819,1.2680897698445752,1.2931203974749306,1.318147918973773,1.3431725070205536,1.3681943217259016,1.3932135117549211,1.4182302153321096,1.443244561142215,1.4682566691393857,1.4932666512753245,1.5182746121557569,1.5432806496333082,1.5682848553438695,1.5932873151926312,1.6182881097952224,1.6432873148787064,1.668285001646642,1.693281237111911,1.7182760844005773,1.743269603029687,1.768261849161575,1.7932528758369661,1.8182427331888984,1.843231468639301,1.8682191270798265,1.8932057510384037,1.9181913808328017,1.9431760547123789,1.9681598089890524,1.9931426781584483,2.0181246950120673,2.043105890741242,2.0680862950335723,2.093065936162471,2.1180448410703856,2.143023035446213,2.168000543797369,2.19297738951694,2.217953594946317,2.2429291814336385,2.2679041693883852,2.292878578332415,2.3178524269476934,2.342825733120994,2.367798513985757,2.392770785961339,2.417742564789836,2.4427138655706426,2.467684702792928
0.1447811447811448,0.0,4.5351344294794575e-19,1.2270502155961169e-20,0.0005926962840165999,0.04677036751421021,0.08415075895783848,0.11744497786312293,0.14849167472123867,0.17816484005992758,0.20693536169936388,0.23508015817603364,0.26277302096794786,0.2901286567986537,0.3172258874663813,0.3441206933573127,0.3708539434310951,0.3974561801522341,0.42395069200624375,0.45035554920372284,0.4766849894770127,0.5029503840560339,0.5291609252120701,0.5553241247903227,0.581446181745145,0.6075322571816429,0.633586682985693,0.6596131220390935,0.6856146926474086,0.7115940661771495,0.7375535444024295,0.7634951213183125,0.7894205329441131,0.8153312977548558,0.8412287497366814,0.8671140655903926,0.8929882872575846,0.9188523406818206,0.9447070515193534,0.9705531583629488,0.9963913239264209,1.0222221445476811,1.0480461582981098,1.0738638519310693,1.09967566685897,1.1254820043137668,1.151283229818165,1.1770796770726417,1.2028716513454418,1.2286594324381712,1.2544432772877123,1.2802234222554645,1.3060000851468947,1.3317734669977566,1.357543753657836,1.3833111171985166,1.4090757171666068,1.43483770170368,1.4605972085474612,1.48635436592951,1.512109293381524,1.5378621024609316,1.5636128974050465,1.5893617757218632,1.6151088287245268,1.6408541420156653,1.6665977959269698,1.692339865918778,1.7180804229438549,1.7438195337790428,1.7695572613280577,1.7952936648983042,1.8210288004542914,1.8467627208499098,1.8724954760416084,1.8982271132842679,1.9239576773114118,1.949687210501159,1.9754157530292549,2.0011433430103187,2.026870016628353,2.0525958082574673,2.078320750573646,2.104044874658342,2.1297682100945723,2.1554907850561476,2.1812126263906046,2.2069337596963403,2.232654209394433,2.25837399879556,2.2840931501624038,2.309811684767897,2.3355296229496165,2.3612469841606454,2.386963787017136,2.412680049342844,2.4383957882108485,2.4641110199826604,2.4898257603449157,2.5155400243438124,2.5412538264174738
0.1464646464646465,0.0,6.680476116679267e-19,5.835088263699232e-20,0.0031629698111909107,0.05003420721704189,0.0881382127578987,0.1221703970157161,0.1539630422054913,0.18438707094092666,0.2139117024330283,0.2428128673296002,0.27126373407564597,0.2993785966708159,0.32723599251272234,0.3548916995615534,0.3823864387383202,0.4097506417199049,0.43700751242039765,0.4641750553670141,0.49126745649849085,0.5182960456512042,0.545269981615696,0.572196748863612,0.5990825237504352,0.6259324485590416,0.6527508393720837,0.679541345704939,0.7063070744811227,0.7330506873142713,0.7597744775732801,0.7864804319705808,0.8131702801840266,0.8398455351410318,0.8665075259534915,0.8931574250221491,0.9197962704805752,0.9464249848879102,0.9730443908822658,0.9996552243562937,1.0262581456008972,1.0528537487735956,1.0794425699782828,1.1060250941883727,1.132601761202036,1.1591729707838476,1.1857390871196631,1.2123004426894375,1.2388573416448367,1.2654100627639961,1.2919588620439248,1.3185039749813865,1.345045618585062,1.3715839931552447,1.398119283861795,1.4246516621465608,1.4511812869726224,1.4777083059395382,1.5042328562810712,1.5307550657595914,1.5572750534694284,1.5837929305598129,1.6103088008866377,1.636822761601093,1.6633349036821852,1.6898453124192914,1.7163540678501346,1.7428612451589103,1.7693669150387301,1.7958711440220634,1.82237399478242,1.8488755264101622,1.8753757946649845,1.9018748522073465,1.9283727488108644,1.9548695315574778,1.9813652450169885,2.0078599314124186,2.03435363077247,2.0608463810722655,2.087338218363374,2.1138291768940944,2.1403192892208147,2.166808586311227,2.193297097640072,2.2197848512780403,2.2462718739744,2.2727581912338546,2.299243827388096,2.3257288056624783,2.352213148238198,2.37869687631032,2.405180010141983,2.4316625691150624,2.458144571777571,2.4846260358880223,2.511106978457003,2.537587415786131,2.564067363504626,2.5905468366036084,2.6170258494683525
0.14814814814814817,0.0,1.510306693710522e-18,5.440921020826757e-19,0.00581511412573994,0.05340090278708059,0.09225090232201859,0.12704393175978695,0.1596056881772299,0.19080391950129602,0.22110611737080477,0.2507871892696089,0.28001965819781255,0.30891739050422506,0.33755862885812454,0.3659989414197962,0.3942788956656378,0.42242880843126773,0.45047179595999237,0.47842579468531604,0.5063049368496558,0.5341205093737851,0.5618816363354312,0.5895957738246772,0.6172690747654656,0.6449066619245741,0.6725128349986003,0.7000912296433456,0.7276449409801918,0.7551766205098344,0.7826885528855537,0.8101827172681414,0.8376608367596962,0.8651244185350166,0.8925747866515995,0.9200131090511706,0.9474404199184848,0.974857638303115,1.0022655837134158,1.0296649892420573,1.0570565126674112,1.084440745885942,1.1118182229612668,1.139189427020994,1.1665547961893221,1.193914728709146,1.2212695873799964,1.2486197034161342,1.2759653798113195,1.303306894282332,1.3306445018515207,1.3579784371190018,1.3853089162671754,1.4126361388336461,1.4399602892831755,1.4672815384047686,1.4946000445561631,1.5219159547748335,1.549229405771922,1.5765405248232327,1.6038494305695312,1.631156233736735,1.658461037785192,1.6857639394960742,1.7130650295018721,1.7403643927671115,1.7676621090246638,1.7949582531723507,1.8222528956340154,1.8495461026887006,1.876837936771188,1.9041284567467545,1.9314177181626953,1.9587057734788724,1.9859926722793018,2.013278461466571,2.0405631854406976,2.0678468862638586,2.0951296038122718,2.122411375916391,2.1496922384904464,2.1769722256522654,2.2042513698342123,2.231529701886001,2.258807251170085,2.2860840456502136,2.31336011197375,2.3406354755482295,2.3679101606126456,2.395184190303873,2.4224575867185965,2.449730370971135,2.4770025632474257,2.5042741828555037,2.531545248272712,2.5588157771899085,2.5860857865528692,2.613355292601106,2.6406243109042875,2.667892856396421,2.695160943407973
0.14983164983164984,0.0,2.7751992817700703e-18,3.49828682023993e-18,0.008555295873641615,0.05687873383989278,0.09649888394218836,0.13207745519097844,0.16543332679938097,0.1974309564520981,0.2285360442068464,0.25902243602950853,0.2890619850828347,0.3187681138078721,0.34821875889226606,0.3774692706587645,0.4065600572449675,0.4355213162245623,0.4643760727895019,0.4931421926501898,0.5218337522768417,0.5504619940138814,0.5790360058817795,0.6075632144890334,0.636049748419312,0.6645007101660042,0.6929203824035176,0.7213123863898008,0.7496798049855635,0.7780252791855217,0.8063510845885123,0.8346591925100286,0.8629513192206498,0.8912289659187592,0.9194934514107826,0.9477459390058908,0.9759874587863199,1.0042189261554462,1.0324411573700096,1.0606548826136686,1.0888607570544135,1.1170593702395892,1.1452512541130644,1.1734368898847352,1.2016167139396134,1.2297911229396254,1.2579604782439595,1.2861251097518611,1.3142853192540627,1.3424413833646252,1.3705935560932474,1.398742071108453,1.4268871437341548,1.4550289727155363,1.4831677417847782,1.511303621052589,1.5394367682477672,1.5675673298237898,1.5956954419487996,1.6238212313930678,1.6519448163261112,1.6800663070340265,1.7081858065661943,1.7363034113193407,1.7644192115659283,1.7925332919329648,1.8206457318365785,1.8487566058770541,1.8768659841984625,1.904973932816538,1.9330805139180232,1.961185786134332,1.9892898047920753,2.017392622142696,2.045494287573211,2.0735948477998645,2.101694347046269,2.12979282720748,2.1578903280012818,2.1859868871078203,2.2140825402986297,2.242177321555976,2.2702712631833593,2.2983643959079174,2.3264567489754353,2.35454835023855,2.3826392262387426,2.4107294022825925,2.4388189025127796,2.4669077499742404,2.494995966675862,2.52308357364806,2.5511705909965605,2.5792570379526762,2.607342932920329,2.635428293520076,2.663513136630357,2.691597478426153,2.71968133441526,2.747764719472345,2.775847647870924
0.15151515151515152,0.0,4.186915861048928e-18,1.6134830029800212e-17,0.011391466668683686,0.0604776362196127,0.10089421455724513,0.13728519786387347,0.1714623925045956,0.2042868391625605,0.23622237602582585,0.2675417453913799,0.2984161037627476,0.3289584117896656,0.3592462877949674,0.3893348554170555,0.4192643569659115,0.44906486588589,0.4787593125949267,0.5083654891845552,0.5378974140664017,0.5673662831792564,0.596781147005356,0.6261494014598133,0.655477149784907,0.6847694733663238,0.7140306371554211,0.7432642474192329,0.7724733742525746,0.8016606477111186,0.8308283339659132,0.8599783961635822,0.8891125434613515,0.9182322708345834,0.9473388916219103,0.9764335643087207,1.0055173147053538,1.0345910544184307,1.0636555963187904,1.0927116675609279,1.1217599205946218,1.1508009425210495,1.17983526307675,1.2088633614746656,1.237885672288751,1.2669025905346276,1.29591447607161,1.3249216574295752,1.353924435146497,1.3829230846881344,1.4119178590096728,1.4409089908095278,1.469896694517628,1.498881168053976,1.5278625943878736,1.556841142923691,1.585816970735275,1.614790223667956,1.6437610373244222,1.672729537948502,1.7016958432189753,1.7306600629639275,1.7596222998047726,1.78858264973789,1.8175412026608226,1.8464980428490991,1.875453249389003,1.904406896570971,1.933359054247732,1.9623097881608196,1.9912591602386736,2.0202072288691713,2.0491540491491107,2.0780996731128916,2.107044149942385,2.1359875261597763,2.1649298458049766,2.19387115059901,2.222811480094669,2.2517508718155717,2.280689361384652,2.3096269826430094,2.338563767759944,2.367499747334949,2.39643495049231,2.425369404968957,2.454303137196106,2.4832361723752028,2.51216853454863,2.5411002466655828,2.5700313306435127,2.598961807425463,2.627891697033632,2.6568210186194325,2.685749790510325,2.714678030253662,2.7436057546577555,2.772532979830387,2.8014597212149237,2.8303859936242293,2.859311811272519
0.1531986531986532,0.0,9.547854734695607e-18,1.4045089420603453e-16,0.014333344877721822,0.06420974471649911,0.10545161236372563,0.14268452784722196,0.17771294092209622,0.21139433443850345,0.24419060660767788,0.2763733492001877,0.3081129922327029,0.33952201467017157,0.37067770269242795,0.4016349434082205,0.4324338060776141,0.4631042345973471,0.4936690604669196,0.5241459989348719,0.5545490078084153,0.5848892345837192,0.6151756905555713,0.6454157395961789,0.6756154584914905,0.7057799065902873,0.7359133303402822,0.7660193203570421,0.796100933406759,0.8261607881236941,0.8562011408352522,0.8862239461587603,0.9162309058241593,0.9462235083090887,0.9762030612429742,1.0061707180744026,1.0361275001531396,1.066074315121329,1.0960119723143193,1.1259411957235936,1.1558626349605965,1.1857768745722257,1.215684441990123,1.245585814342003,1.2754814243106962,1.30537166519273,1.3352568952812287,1.365137441676148,1.3950136036073022,1.4248856553413638,1.4547538487323675,1.4846184154657118,1.5144795690377988,1.544337506506947,1.5741924100458358,1.604044448321245,1.6338937777230989,1.6637405434616712,1.6935848805491809,1.72342691467972,1.7532667630196175,1.7831045349186825,1.8129403325514242,1.8427742514961594,1.8726063812589226,1.9024368057482066,1.9322656037058552,1.9620928490987455,1.9919186114753689,2.0217429562909217,2.051565945204112,2.0813876363485004,2.111208084580901,2.1410273417090635,2.1708454567006323,2.200662475875149,2.2304784430806883,2.2602933998565393,2.290107385583201,2.319920437620835,2.349732591437198,2.3795438807259703,2.4093543375163176,2.4391639922744317,2.4689728739977244,2.4987810103022947,2.5285884275042156,2.558395150695143,2.58820120381272,2.618006609706165,2.6478113901974454,2.6776155661383654,2.7074191574638946,2.7372221832420096,2.767024661720327,2.796826610369749,2.826628045925362,2.856428984424767,2.886229441244051,2.9160294311315407,2.9458289682395216
0.1548821548821549,0.0,1.7927353724251477e-17,8.989005144204458e-16,0.017392916236855554,0.06809016277118933,0.11018940961772161,0.14829708303960512,0.18420996089407907,0.2187818108165367,0.2524725035327862,0.28555242771135314,0.31819125338192694,0.3505009554665941,0.3825584725093027,0.41441844401440747,0.4461207580654937,0.47769522291358935,0.5091645664744816,0.5405464235238386,0.5718546883978715,0.6031004578562512,0.6342927021489428,0.6654387515852775,0.6965446552390291,0.7276154493753788,0.758655361059053,0.7896679645100056,0.8206563025318377,0.8516229817939469,0.8825702483115617,0.9135000477666203,0.9444140741080614,0.9753138090062796,1.0062005541094752,1.037075457589405,1.0679395361226518,1.0987936931978914,1.1296387344464147,1.1604753805458632,1.191304278133985,1.222126009081566,1.2529410984054037,1.2837500210485042,1.3145532077123459,1.3453510498923371,1.3761439042406718,1.4069320963591443,1.4377159241069775,1.4684956604945263,1.499271556222112,1.530043841913761,1.560812730087784,1.5915784168996787,1.6223410836874683,1.6531008983451283,1.6838580165460015,1.714612582834987,1.7453647316056349,1.7761145879760531,1.8068622685756444,1.837607882253104,1.8683515307146923,1.8990933091007003,1.9298333065069502,1.9605716064573733,1.991308287332921,2.0220434227614565,2.052777081972702,2.0835093301218395,2.114240228584961,2.1449698352291624,2.17569820465981,2.2064253884471783,2.2371514353344484,2.2678763914288385,2.298600300377424,2.3293232035290736,2.360045140083766,2.3907661472303956,2.421486260274127,2.45220551275418,2.4829239365528895,2.5136415619967782,2.544358417950324,2.5750745319030197,2.6057899300502907,2.636504637368764,2.6672186776863342,2.697932073747467,2.7286448472740847,2.7593570190223926,2.7900686088359614,2.820779635695349,2.8514901177645093,2.8822000724342445,2.9129095163629106,2.943618465514582,2.974326935194845,3.0050349400844087,3.03574249427067
0.15656565656565657,0.0,3.402500865398005e-17,3.7015524250817316e-26,0.02058567231363798,0.07213830676041881,0.11513116216705839,0.15415066161663182,0.1909855523338473,0.22648570742677132,0.2611088703063506,0.29512416650495354,0.3287004677862983,0.3619492194689409,0.3949469947418734,0.42774817283511046,0.46039245135639,0.4929094959315166,0.5253219255521192,0.5576472903652445,0.5898994179538678,0.622089351714433,0.6542260187250281,0.6863167139913279,0.7183674574365634,0.7503832610434333,0.7823683314864378,0.8143262257375038,0.8462599719114078,0.8781721640901229,0.9100650374399492,0.9419405282422049,0.9738003222595902,1.0056458940006403,1.03747853882068,1.0692993993396287,1.1011094873172953,1.13290970187235,1.164700844738886,1.1964836331078894,1.22825871048831,1.2600266559352304,1.2917879919246213,1.323543191100795,1.3552926820804938,1.3870368544640133,1.4187760631769815,1.4505106322448373,1.4822408580846727,1.5139670123849431,1.545689344632031,1.5774080843331786,1.6091234429775392,1.6408356157706514,1.6725447831723015,1.7042511122633046,1.735954757963004,1.767655864116177,1.7993545644653952,1.8310509835226976,1.8627452373525248,1.8944374342762789,1.9261276755075176,1.9578160557256226,1.9895026635947823,2.021187582234275,2.0528708896453067,2.0845526590990184,2.1162329594897096,2.147911855656877,2.17958940867923,2.21126567614348,2.242940712390407,2.2746145687404016,2.30628729370046,2.3379589331543786,2.3696295305377326,2.4012991269990245,2.4329677615482734,2.4646354711941623,2.496302291070768,2.527968254554779,2.559633393374025,2.591297737708064,2.6229613162814887,2.6546241564505744,2.6862862842837956,2.717947724636732,2.7496085012218043,2.7812686366732464,2.8129281526077055,2.844587069680793,2.8762454076399084,2.907903185373618,2.9395604209578416,2.9712171316990954,3.002873334174998,3.034529044272251,3.066184277222257,3.0978390476345705,3.1294933695283134
0.15824915824915828,0.0,5.396462015213259e-17,3.3596413109392555e-21,0.023932213472921463,0.07638003464347264,0.12030824523168464,0.1602822908949674,0.198082473145879,0.2345545624265615,0.27015405873003334,0.3051487545419775,0.33970667874348576,0.37393871723734345,0.4079210571810405,0.44170780273994104,0.47533845018703563,0.5088425143709508,0.5422424991203899,0.5755558650982088,0.6087963692986755,0.6419749986851838,0.675100634677846,0.7081805349438927,0.741220688574593,0.7742260818686084,0.8072008999326356,0.8401486814939582,0.8730724391294064,0.9059747536055894,0.9388578486122557,0.9717236504860937,1.0045738363296903,1.037409873075042,1.0702330494201437,1.1030445021114748,1.1358452377071975,1.1686361507027383,1.2014180387091178,1.2341916152285508,1.2669575204597994,1.2997163304789774,1.3324685650738897,1.3652146944568386,1.3979551450389094,1.4306903044153574,1.4634205256850814,1.4961461312057083,1.5288674158685247,1.5615846499633832,1.5942980816922792,1.627007939380862,1.6597144334293998,1.692417758038334,1.7251180927382384,1.757815603749567,1.7905104451938971,1.8232027601752359,1.855892681747388,1.8885803337811387,1.9212658317431615,1.9539492833969536,1.9866307894347612,2.0193104440482963,2.051988335445046,2.08466454631614,2.1173391542609896,2.150012232173296,2.182683848592458,2.215354068023953,2.2480229512318375,2.2806905555061547,2.313356934907732,2.346022140492564,2.3786862205177406,2.4113492206306635,2.444011184043122,2.4766721516916133,2.5093321623851668,2.541991252941783,2.5746494583145143,2.6073068117080758,2.6399633446868185,2.6726190872747977,2.7052740680485967,2.7379283142235327,2.7705818517337555,2.8032347053067688,2.835886898532804,2.868538453929465,2.901189393002006,2.9338397362996034,2.9664895034678955,2.9991387132981124,3.0317873837730276,3.064435532109974,3.0970831748011425,3.129730327651363,3.1623770058135494,3.1950232238219685,3.227668995623493
0.15993265993265995,0.0,1.281867710730749e-16,6.218476843816699e-23,0.02746145328538492,0.08085160206011911,0.12576464463810788,0.16674387793029374,0.2055606621988987,0.2430564163582222,0.2796842579637851,0.31571056265157266,0.3513024628930968,0.38657024938715656,0.4215896984266711,0.45641462134220045,0.4910843000214585,0.5256280887363141,0.5600683686513737,0.5944225051062761,0.6287041798936449,0.6629243198513128,0.6970917577507465,0.7312137114727634,0.7652961372536783,0.7993439940217391,0.8333614438988746,0.8673520061684535,0.9013186768475255,0.9352640225113058,0.9691902546176564,1.0030992889039059,1.0369927932421998,1.07087222648889,1.1047388702459824,1.138593854999423,1.1724381817628384,1.206272740103594,1.2400983232377494,1.273915640735465,1.3077253292669648,1.3415279617328686,1.375324055055449,1.4091140768545198,1.442898451189948,1.4766775635196157,1.5104517649951141,1.5442213761961658,1.577986690387518,1.6117479763680824,1.6455054809706653,1.679259431261299,1.71301003647946,1.7467574897541178,1.7805019696252655,1.8142436413961744,1.8479826583379584,1.8817191627649288,1.915453286996624,1.9491851542202179,1.9829148792651257,2.0166425693000822,2.0503683244615827,2.0840922384214475,2.117814398900291,2.151534888132805,2.185253783290057,2.218971156863368,2.252687077013786,2.286401607890697,2.320114809922712,2.353826740083601,2.3875374521357386,2.4212469968532533,2.4549554222268095,2.4886627736517917,2.5223690941014154,2.5560744242861597,2.5897788028007795,2.6234822662599924,2.6571848494238606,2.6908865853137587,2.7245875053197555,2.758287639300122,2.7919870156736546,2.825685661505389,2.8593836025862753,2.8930808635072727,2.92677746772835,2.960473437642768,2.9941687946370297,3.027863559146835,3.0615577507093352,3.095251388011994,3.1289444889382785,3.1626370706104416,3.1963291494295976,3.230020741113299,3.2637118607307776,3.2974025227360344,3.331092740998922
0.16161616161616163,0.0,2.5709534660971315e-16,2.995278287095731e-21,0.031216854643852876,0.08560759450295735,0.1315666045152057,0.17361360655037442,0.21351040716658928,0.2520937648142994,0.2898142415849187,0.3269366917850187,0.3636272846635789,0.39999567100551703,0.4361171851953088,0.4720453235030893,0.507819137102221,0.5434678074225296,0.5790135835735551,0.6144737282600994,0.6498618422958136,0.6851887877677177,0.7204633450520337,0.7556926891761129,0.7908827409864781,0.826038429927737,0.8611638933613048,0.8962626296236063,0.9313376168911951,0.9663914064498614,1.0014261965787923,1.0364438915952416,1.0714461494259677,1.1064344202259995,1.1414099779514337,1.1763739463423926,1.2113273204380874,1.246270984495663,1.2812057269953394,1.3161322532701958,1.3510511961881504,1.3859631252279219,1.4208685542238655,1.4557679480020835,1.4906617280887147,1.525550277638333,1.560433945704034,1.5953130509495825,1.6301878848868823,1.6650587147081142,1.6999257857705568,1.7347893237827865,1.7696495367333236,1.8045066165964319,1.839360740844568,1.8742120737925632,1.9090607677949956,1.9439069643151197,1.9787507948811554,2.0135923819435413,2.0484318396449175,2.0832692745130363,2.1181047860854503,2.152938467473686,2.187770405873643,2.2226006830281,2.257429375646488,2.292256555786474,2.3270822912013434,2.3619066456567124,2.3967296792196717,2.4315514485231318,2.4663720070078154,2.5011914051440676,2.536009690635421,2.570826908605649,2.6056431017708443,2.640458310597897,2.6752725734506293,2.71008592672467,2.7448984049720853,2.7797100410166564,2.8145208660606165,2.8493309097835664,2.8841402004342407,2.918948764915717,2.953756628864603,2.988563816724701,3.023370351815586,3.058176256396507,3.092981551725982,3.127786258117409,3.1625903949910215,3.197393980922442,3.232197033688109,3.2669995703078034,3.301801607084484,3.3366031596416317,3.3714042429582913,3.406204871401957,3.4410050587594694
0.1632996632996633,0.0,6.925495469691823e-22,1.1528301117964743e-19,0.03527186794676043,0.09074024941241154,0.13782607828515278,0.18102361990753343,0.22208431691269037,0.26183985726346276,0.3007380174101268,0.33904199111053895,0.37691689525595923,0.41447168101666637,0.4517811993878666,0.48889860186568773,0.5258626870695452,0.5627024471772767,0.5994399866755499,0.6360924558470661,0.672673366791556,0.7091935106517352,0.7456616103909717,0.7820847940751384,0.8184689437654576,0.8548189565919019,0.8911389427763011,0.9274323776943016,0.9637022199658897,0.9999510041160656,1.0361809139765796,1.07239384134475,1.1085914332437947,1.1447751302888696,1.1809461980531208,1.2171057528804115,1.2532547832593508,1.2893941676246266,1.325524689263703,1.3616470488637111,1.3977618751232948,1.4338697337689623,1.4699711352490443,1.5060665413261944,1.5421563707481531,1.5782410041437467,1.6143207882648944,1.650396039674335,1.6864670479617982,1.7225340785575092,1.7585973752006547,1.7946571621111962,1.8307136459058115,1.8667670172924726,1.9028174525729291,1.9388651149780411,1.97491015585726,2.0109527157405256,2.046992925288244,2.0830309061429015,2.1190667716939697,2.1551006277662506,2.191132573240447,2.2271627006136203,2.2631910965062234,2.2992178421215574,2.3352430136627773,2.3712666827119646,2.407288916575214,2.4433097785972566,2.4793293284487032,2.515347622388641,2.551364713505033,2.5873806519350633,2.6233954850673613,2.6594092577278206,2.695422012350541,2.731433789135266,2.7674446261925465,2.8034545596777316,2.839463623914773,2.8754718515107487,2.911479273461883,2.9474859192518252,2.9834918169427986,3.0194969932602524,3.0555014736715265,3.091505282459027,3.127508442788354,3.1635109767717853,3.1995129055274654,3.235514249234665,3.2715150271853832,3.3075152578325855,3.3435149588353266,3.379514147101002,3.4155128388249145,3.451511049527378,3.4875087940885243,3.523506086780968,3.5595029413005093
0.16498316498316498,0.0,2.0668162065161067e-27,1.1402042841451936e-17,0.03978012695165704,0.09644263630365486,0.14477749623564973,0.1892506875943936,0.2316020700691623,0.2726576424434785,0.31286204740305196,0.3524766072358543,0.39166525125961466,0.4305361403775305,0.46916357916204626,0.5076003291566529,0.5458849032048749,0.5840460792606894,0.6221057980569035,0.6600810825519173,0.6979853443516998,0.7358292942206508,0.7736215900652175,0.8113693067306137,0.8490782823185962,0.8867533773301229,0.924398671221465,0.9620176133379407,0.9996131401270993,1.0371877671101595,1.0747436617371913,1.1122827016087444,1.1498065213836437,1.1873165508586196,1.2248140461000532,1.2623001150637465,1.2997757388091014,1.337241789167235,1.3746990435360837,1.412148197333314,1.4495898745286597,1.4870246365926887,1.5244529901330708,1.5618753934376277,1.5992922621025578,1.636703973891688,1.6741108729466354,1.7115132734468474,1.7489114628016225,1.786305704442474,1.8236962402730583,1.8610832928246601,1.898467067157742,1.9358477525437794,1.9732255239564516,2.01060054339693,2.04797296107442,2.085342916460065,2.1227105392297854,2.1600759501094786,2.1974392616341767,2.2348005788312078,2.2721599998360973,2.3095176164488076,2.3468735146369597,2.3842277749918206,2.4215804731421833,2.458931680130576,2.496281462755755,2.5336298838849567,2.5709770027389816,2.6083228751528105,2.6456675538141936,2.683011088482337,2.720353526188608,2.757694911420946,2.795035286293524,2.8323746907029954,2.869713162472571,2.90705073748499,2.944387449805403,2.9817233317950227,3.0190584142163566,3.056392726330731,3.0937262959887657,3.131059149714382,3.168391312782875,3.2057228092935386,3.2430536622372834,3.2803838935596334,3.3177135242194766,3.3550425742439063,3.3923710627794303,3.429699008139852,3.4670264278510494,3.5043533386929067,3.541679756738585,3.5790056973913473,3.6163311754191,3.6536562049868127,3.690980799686989
0.16666666666666666,0.0,1.1781380819220499e-26,1.3415680660545074e-15,0.04527959866459067,0.10339165619093521,0.1532432771015376,0.1992660989889323,0.2431857794918418,0.2858212948870332,0.32761340188844085,0.368821094624975,0.40960682160415046,0.4500777566262788,0.49030752084330403,0.5303483875794587,0.5702385115981171,0.610006402253505,0.649673794850019,0.689257552548025,0.7287709607826249,0.7682246293711149,0.8076271344933325,0.8469854841217727,0.8863054611114597,0.9255918799213898,0.9648487813303154,1.0040795819546975,1.0432871903606247,1.082474098169897,1.1216424522288402,1.1607941122807965,1.1999306974310424,1.2390536238665584,1.2781641356933209,1.3172633303135795,1.3563521794390916,1.39543154659179,1.4345022017585711,1.4735648337260594,1.512620060512954,1.551668438233813,1.5907104686627649,1.6297466057143708,1.6687772610183365,1.7078028087325452,1.7468235897131634,1.7858399151398514,1.8248520696773927,1.8638603142414787,1.9028648884252928,1.9418660126344716,1.980863889970532,2.0198587078966797,2.058850639714786,2.0978398458780427,2.13682647516025,2.175810665699664,2.214792545932849,2.2537722354318146,2.292749845655929,2.3317254806285623,2.3706992375471114,2.409671207333933,2.4486414751347554,2.4876101207703263,2.5265772191463265,2.5655428406259957,2.604507051369357,2.6434699136424857,2.682431486099862,2.721391824042513,2.760350979654314,2.7993090022185885,2.8382659383168924,2.877221832011672,2.9161767250142954,2.955130656839812,2.9940836649496503,3.0330357848833227,3.071987050380127,3.110937493491719,3.1498871446863315,3.1888360329453715,3.2277841858530336,3.266731629679492,3.305678389458244,3.344624489058028,3.383569951249798,3.4225147977691184,3.461459049374358,3.5004027259009995,3.5393458463123633,3.578288428747029,3.6172304905631862,3.6561720483801703,3.6951131181173484,3.7340537150306017,3.7729938537465277,3.8119335482945593,3.850872812137139
