$E_D / [W]$,0.0,0.31175957101883023,0.6235191420376605,0.9352787130564907,1.247038284075321,1.5587978550941513,1.8705574261129814,2.1823169971318115,2.494076568150642,2.805836139169472,3.1175957101883025,3.429355281207133,3.7411148522259627,4.052874423244793,4.364633994263623,4.676393565282454,4.988153136301284,5.2999127073201135,5.611672278338944,5.923431849357775,6.235191420376605,6.546950991395435,6.858710562414266,7.170470133433096,7.4822297044519255,7.793989275470756,8.105748846489586,8.417508417508417,8.729267988527246,9.041027559546077,9.352787130564908,9.664546701583737,9.976306272602567,10.288065843621398,10.599825414640227,10.91158498565906,11.223344556677889,11.53510412769672,11.84686369871555,12.15862326973438,12.47038284075321,12.78214241177204,13.09390198279087,13.4056615538097,13.717421124828531,14.02918069584736,14.340940266866191,14.652699837885022,14.964459408903851,15.276218979922682,15.587978550941513,15.899738121960342,16.211497692979172,16.523257263998,16.835016835016834,17.146776406035663,17.458535977054492,17.770295548073324,18.082055119092153,18.393814690110982,18.705574261129815,19.017333832148644,19.329093403167473,19.640852974186306,19.952612545205135,20.264372116223964,20.576131687242796,20.887891258261625,21.199650829280454,21.511410400299287,21.82316997131812,22.13492954233695,22.446689113355777,22.75844868437461,23.07020825539344,23.381967826412268,23.6937273974311,24.00548696844993,24.31724653946876,24.62900611048759,24.94076568150642,25.25252525252525,25.56428482354408,25.87604439456291,26.18780396558174,26.499563536600572,26.8113231076194,27.12308267863823,27.434842249657063,27.74660182067589,28.05836139169472,28.370120962713553,28.681880533732382,28.99364010475121,29.305399675770044,29.617159246788873,29.928918817807702,30.240678388826534,30.552437959845363,30.864197530864192
0.0,,,,,,,,,,,,,,,,,,,,,,,,,,,,,,,,,,,,,,,,,,,,,,,,,,,,,,,,,,,,,,,,,,,,,,,,,,,,,,,,,,,,,,,,,,,,,,,,,,,,
0.00016835016835016836,0.0,4.540089616117003e-31,5.813861354913088e-29,9.937953137134029e-28,7.448413719514151e-27,3.5532899904417573e-26,1.2737867594880524e-25,3.749056420558341e-25,9.55132396810753e-25,2.179362105390143e-24,4.558585928083691e-24,8.887454470298087e-24,1.6349176288003668e-23,2.8643711076468296e-23,4.814163378249539e-23,7.806605450807836e-23,1.2270498771301498e-22,1.8765657287167682e-22,2.801095573979021e-22,4.09161461305118e-22,5.861768517346187e-22,8.251881641441208e-22,1.1433415156112154e-21,1.561389964374143e-21,2.1042366783950565e-21,2.8015304844186093e-21,3.688316277689542e-21,4.8057427811970904e-21,6.201830152092084e-21,7.932299941675265e-21,1.0061469924225202e-20,1.2663216318813207e-20,1.582200593728451e-20,1.9634000800502756e-20,2.4208237774379158e-20,2.966788578600828e-20,3.6151583190083005e-20,4.3814857864664656e-20,5.283163262526964e-20,6.339581855551744e-20,7.572299886232034e-20,9.005220587322391e-20,1.066477938031499e-19,1.258014099270918e-19,1.4783406680588415e-19,1.7309831822038426e-19,2.0198054148020293e-19,2.3490332878179737e-19,2.7232799030046174e-19,3.1475717171050314e-19,3.627375888359783e-19,4.1686288214619863e-19,4.777765938157157e-19,5.461752700824704e-19,6.228116916428665e-19,7.084982348349535e-19,8.041103663679062e-19,9.105902743686737e-19,1.0289506385221291e-18,1.1602785420949535e-18,1.305739528638452e-18,1.4665818061812758e-18,1.6441406017260472e-18,1.8398426688796693e-18,2.0552109514531337e-18,2.2918694058793483e-18,2.5515479853043263e-18,2.8360877882204303e-18,3.147446374520491e-18,3.4877032518556904e-18,3.859065535202716e-18,4.263873782535305e-18,4.704608009538692e-18,5.18389388626957e-18,5.704509118725038e-18,6.2693900182482966e-18,6.881638261748746e-18,7.54452784569078e-18,8.261512236838707e-18,9.03623172274967e-18,9.872520965006441e-18,1.0774416758212003e-17,1.1746165997755623e-17,1.279223385939441e-17,1.3917312193680115e-17,1.5126328138291912e-17,1.6424452951340203e-17,1.7817111068696913e-17,1.930998938847361e-17,2.090904678569604e-17,2.262052386031642e-17,2.4450952921661e-17,2.6407168212447378e-17,2.849631637550696e-17,3.07258671663565e-17,3.310362441477938e-17,3.56377372386005e-17,3.8336711512798637e-17,4.1209421597191725e-17,4.4265122325865044e-17
0.0003367003367003367,0.0,3.059785707921831e-29,3.920286752123354e-27,6.70468706356433e-26,5.027743721583027e-25,2.3997583537596152e-24,8.607184048278675e-24,2.5346262020296125e-23,6.460754371791305e-23,1.474948633711455e-22,3.0867796167423954e-22,6.021170990206396e-22,1.1082242205636682e-21,1.9426264916459897e-21,3.2666992810081023e-21,5.300036932957904e-21,8.335030942340257e-21,1.2753726432723957e-20,1.9047129144035163e-20,2.783713646491369e-20,3.990126739893419e-20,5.620036772919499e-20,7.790946803866745e-20,1.0645197364167573e-19,1.4353736688046952e-19,1.912026036304853e-19,2.518573872355839e-19,3.2833350446654584e-19,4.2393840946355677e-19,5.425132429946207e-19,6.884954757497571e-19,8.6698636579271355e-19,1.083823421708291e-18,1.3456580644341974e-18,1.6600386822154823e-18,2.0354992745907054e-18,2.4816538828207204e-18,3.0092970056271946e-18,3.630510200656406e-18,4.3587750735455925e-18,5.209092858027306e-18,6.198110791972114e-18,7.344255495888494e-18,8.667873561818448e-18,1.0191379562263453e-17,1.1939411690131651e-17,1.3938995242491627e-17,1.621971416229547e-17,1.8813890853923013e-17,2.1756774489941767e-17,2.5086738028099855e-17,2.8845484159189204e-17,3.307826040796563e-17,3.7834083611037247e-17,4.316597399715076e-17,4.9131199097166514e-17,5.579152771228644e-17,6.321349417132212e-17,7.146867310881708e-17,8.063396499820403e-17,9.07918926753347e-17,1.0203090908984496e-16,1.1444571652314264e-16,1.2813759751418356e-16,1.4321475773531094e-16,1.5979268106273198e-16,1.7799449708753768e-16,1.979513613158745e-16,2.1980284830758247e-16,2.436973580056862e-16,2.697925355098405e-16,2.982557045503665e-16,3.2926431491949784e-16,3.6300640412041917e-16,3.9968107349575725e-16,4.3949897909849743e-16,4.826828375726903e-16,5.294679473106255e-16,5.801027251578752e-16,6.348492589375142e-16,6.939838760691601e-16,7.577977285586677e-16,8.265973946382794e-16,9.007054973380455e-16,9.80461340271754e-16,1.0662215609238016e-15,1.1583608017244217e-15,1.2572723992027988e-15,1.3633690915125854e-15,1.4770837446207707e-15,1.5988700974607392e-15,1.729203526344916e-15,1.868581828940467e-15,2.0175260281098378e-15,2.176581195921898e-15,2.3463172981439554e-15,2.5273300595167036e-15,2.7202418501357005e-15,2.925702593241776e-15,3.144390694746872e-15
0.000505050505050505,0.0,3.5398666361688594e-28,4.535767174130628e-26,7.761227815058239e-25,5.821478556358559e-24,2.7774705211519076e-23,9.961890900615943e-23,2.9345755916597293e-22,7.483677480009227e-22,1.7093311326426678e-21,3.579142319433003e-21,6.985236884365736e-21,1.2863404739494966e-20,2.256037695368355e-20,3.7957297600776693e-20,6.161611625053915e-20,9.695096115115779e-20,1.4842657774100182e-19,2.2178594166346787e-19,3.243091798880135e-19,4.651059579798438e-19,6.554435162350859e-19,9.091125624762798e-19,1.2428332548801545e-18,1.6767035342352657e-18,2.2346920914353035e-18,2.9451782826851934e-18,3.841541331831275e-18,4.96280118630934e-18,6.35431342052372e-18,8.06852060797944e-18,1.0165762611255912e-17,1.2715148266809796e-17,1.5795490970052746e-17,1.9496310694401873e-17,2.3918905007150056e-17,2.917749167389808e-17,3.540042547296385e-17,4.2731491870755204e-17,5.133128023953116e-17,6.137863932924809e-17,7.307221773609533e-17,8.663209214191328e-17,1.0230148613028557e-16,1.203485824172323e-16,1.4106843136778093e-16,1.647849587031356e-16,1.9185307533628794e-16,2.2266089231090485e-16,2.57632043851518e-16,2.972281215713708e-16,3.419512229205241e-16,3.923466169939145e-16,4.490055308605675e-16,5.125680596103567e-16,5.837262033575229e-16,6.63227034479617e-16,7.518759984100703e-16,8.505403513450416e-16,9.601527382643142e-16,1.0817149147085631e-15,1.2163016157964872e-15,1.3650645760036497e-15,1.5292367032698767e-15,1.7101364110433477e-15,1.9091721119067417e-15,2.1278468764805722e-15,2.3677632613379636e-15,2.6306283097099057e-15,2.9182587288085124e-15,3.232586247639576e-15,3.575663159230943e-15,3.949668051239597e-15,4.356911728973067e-15,4.799843334892993e-15,5.281056668740174e-15,5.803296712459119e-15,6.3694663641847e-15,6.98263338556726e-15,7.646037566832398e-15,8.363098113967408e-15,9.1374212625381e-15,9.972808122673454e-15,1.0873262759829682e-14,1.1843000516004532e-14,1.2886456576147034e-14,1.40082947845441e-14,1.5213416716078988e-14,1.6506971007285903e-14,1.7894362952201978e-14,1.9381264368113376e-14,2.097362373630685e-14,2.2677676623096436e-14,2.449995638636673e-14,2.6447305173070535e-14,2.8526885213038904e-14,3.074619041473606e-14,3.3113058268488565e-14,3.563568206292186e-14,3.8322623420363026e-14
0.0006734006734006734,0.0,2.0102417397419815e-27,2.578294091413257e-25,4.41417308087862e-24,3.3136033737848696e-23,1.5832592023356573e-22,5.68464327719773e-22,1.6757684045546404e-21,4.2760364480625125e-21,9.77221761666855e-21,2.0472920306884436e-20,3.997725109176104e-20,7.365756027447692e-20,1.292518587786489e-19,2.175778609982807e-19,3.5338079691999545e-19,5.5632732497351325e-19,8.521580674495658e-19,1.2740114851735922e-18,1.8639320076910517e-18,2.674575538560287e-18,3.771125661424537e-18,5.2334340811156685e-18,7.15839904474153e-18,9.66259570136922e-18,1.2885172574877697e-17,1.6991028543632236e-17,2.217428494249901e-17,2.8662067627835567e-17,3.6718614074206325e-17,4.664972080367096e-17,5.880754668455312e-17,7.359578787682045e-17,9.147524044741363e-17,1.1296976693010828e-16,1.3867268336371893e-16,1.6925358360787257e-16,2.0546561801084787e-16,2.4815324378747475e-16,2.9826046475731414e-16,3.5683957839595387e-16,4.250604484615043e-16,5.0422032177475045e-16,5.957542080565968e-16,7.012458420469497e-16,8.224392474607666e-16,9.61250922666078e-16,1.1197826682918323e-15,1.3003350773085743e-15,1.5054217084551652e-15,1.7377839642178695e-15,2.000406694925306e-15,2.2965345508661064e-15,2.6296891047201407e-15,3.0036867669761706e-15,3.4226575174246266e-15,3.89106447622228e-15,4.41372433849061e-15,4.995828696844588e-15,5.642966276739469e-15,6.361146109989895e-15,7.156821672328251e-15,8.036916011357563e-15,9.00884789179741e-15,1.008055898541961e-14,1.1260542133626436e-14,1.2557870711195945e-14,1.3982229120239853e-14,1.554394444404513e-14,1.725401929104908e-14,1.9124165859814424e-14,2.1166841256500617e-14,2.339528409699424e-14,2.5823552426488913e-14,2.846656299005913e-14,3.1340131888425063e-14,3.446101665381847e-14,3.7846959781691494e-14,4.151673375464702e-14,4.549018759582683e-14,4.9788294989797863e-14,5.443320400962807e-14,5.944828848988543e-14,6.485820108589466e-14,7.068892806039593e-14,7.6967845839799e-14,8.372377938263358e-14,9.098706240393894e-14,9.878959949974975e-14,1.0716493021683545e-13,1.1614829511344186e-13,1.2577670385741596e-13,1.3608900540882614e-13,1.471259603346039e-13,1.5893031530383944e-13,1.7154687981211816e-13,1.8502260518494412e-13,1.9940666590955616e-13,2.1475054334642013e-13,2.3110811187120913e-13
0.0008417508417508417,0.0,7.71081217804123e-27,9.89492570374279e-25,1.6949539924931834e-23,1.2730281678756404e-22,6.085814953883463e-22,2.186247084378462e-21,6.448210534038966e-21,1.6462492855849444e-20,3.764230541932671e-20,7.890270451783073e-20,1.5415387894606213e-19,2.8417704431886414e-19,4.989298293456849e-19,8.403289549474624e-19,1.3655589440267819e-18,2.150956564069522e-18,3.2965216915528513e-18,4.9311062905917364e-18,7.2183342170059e-18,1.0363305593720859e-17,1.4620140555705096e-17,2.0300418232983697e-17,2.778256793051876e-17,3.752227057520698e-17,5.006392963517261e-17,6.605327187978231e-17,8.62511395434027e-17,1.1154853668843558e-16,1.429829938404583e-16,1.8175631629631273e-16,2.292537828883538e-16,2.870648634313504e-16,3.570055245766675e-16,4.4114219534715013e-16,5.418174652182235e-16,6.616775892276037e-16,8.03701876231741e-16,9.712340380731497e-16,1.1680155790800101e-15,1.3982213070014963e-15,1.6664970482031477e-15,1.9779996517473646e-15,2.33843936885603e-15,2.7541246962528565e-15,3.2320097739852755e-15,3.7797444305529774e-15,4.405726970497088e-15,5.1191598020561235e-15,5.930108004979204e-15,6.849560941231167e-15,7.889497013972426e-15,9.062951682981833e-15,1.0384088847533334e-14,1.1868275710667719e-14,1.3532161241891595e-14,1.5393758358424083e-14,1.7472529948463375e-14,1.9789478863289092e-14,2.2367242008500157e-14,2.5230188668479735e-14,2.840452320173177e-14,3.191839224879895e-14,3.5801996598406466e-14,4.008770786147003e-14,4.481019010704026e-14,5.000652661810235e-14,5.571635192985542e-14,6.198198931687339e-14,6.88485939001402e-14,7.636430154879193e-14,8.458038375563782e-14,9.355140866889643e-14,1.033354084669712e-13,1.139940532658167e-13,1.2559283175208383e-13,1.3820123873844484e-13,1.5189296984046199e-13,1.667461234770552e-13,1.8284341040020182e-13,2.002723709625494e-13,2.1912560033482685e-13,2.3950098188927803e-13,2.615019289699175e-13,2.8523763527535434e-13,3.1082333408672603e-13,3.3838056658033746e-13,3.6803745947478064e-13,3.9992901227170555e-13,4.341973943646376e-13,4.709922523047619e-13,5.10471027532502e-13,5.527992849062091e-13,5.981510523871016e-13,6.467091722686437e-13,6.986656643792414e-13,7.542221017222385e-13,8.135899990703297e-13,8.769912150779041e-13,9.446583685311227e-13
0.00101010101010101,0.0,2.301620672326236e-26,2.9545425178165985e-24,5.0497196020361625e-23,3.791139468423603e-22,1.813060738029993e-21,6.516389731028545e-21,1.922970660821509e-20,4.911998387853907e-20,1.123750106028324e-19,2.3567727244615176e-19,4.60695315114238e-19,8.497339264198524e-19,1.492687830735739e-18,2.5154470592549663e-18,4.089905723751621e-18,6.445729556750982e-18,9.884041283187348e-18,1.4793186665973774e-17,2.166674793180404e-17,3.11239752440538e-17,4.393281095637187e-17,6.103568556571385e-17,8.357826860627111e-17,1.1294136220906338e-16,1.507761297271011e-16,1.9904285671920611e-16,2.600534467203852e-16,3.3651785960469523e-16,4.3159470595719013e-16,5.489462166699519e-16,6.927978129419607e-16,8.68002507932625e-16,1.0801103775286024e-15,1.3354433440674282e-15,1.6411755234892255e-15,2.005419393415035e-15,2.4373180471088487e-15,2.9471438062747106e-15,3.5464034741800698e-15,4.247950519624308e-15,5.06610449178405e-15,6.0167779759491025e-15,7.11761141050904e-15,8.388116096425041e-15,9.849825741636831e-15,1.152645689471935e-14,1.3444078634339841e-14,1.5631291894040408e-14,1.8119418815408034e-14,2.0942702536748927e-14,2.4138517839397932e-14,2.7747593089125107e-14,3.181424392635788e-14,3.6386619175480183e-14,4.151695946088292e-14,4.7261869034863515e-14,5.3682601340433425e-14,6.084535884989518e-14,6.882160773815818e-14,7.768840796716424e-14,8.752875937495373e-14,9.843196438039028e-14,1.1049400792992271e-13,1.2381795532989408e-13,1.3851436862334232e-13,1.5470174218666483e-13,1.7250695823834698e-13,1.9206576297044843e-13,2.135232640332301e-13,2.3703445012590326e-13,2.6276473347399124e-13,2.9089051600322483e-13,3.215997800586704e-13,3.5509270456283574e-13,3.9158230756024854e-13,4.312951161648445e-13,4.744718650048794e-13,5.213682243605893e-13,5.722555593030917e-13,6.274217212808808e-13,6.871718737570699e-13,7.518293536784335e-13,8.217365707545667e-13,8.972559467360235e-13,9.787708971031503e-13,1.0666868577970083e-12,1.1614323598387574e-12,1.2634601548764468e-12,1.3732483948571109e-12,1.4913018691406974e-12,1.6181533024351075e-12,1.75436471693547e-12,1.900528862000007e-12,2.05727071458296e-12,2.225249053502574e-12,2.4051581104475173e-12,2.5977293004668147e-12,2.803733034554177e-12,3.0239806168535794e-12
0.0011784511784511786,0.0,5.844941973213216e-26,7.508432603899963e-24,1.287515527498865e-22,9.680352503423292e-22,4.632661036741458e-21,1.6659779074792766e-20,4.9188916605409604e-20,1.257136349236993e-19,2.877553226169309e-19,6.038118957772191e-19,1.1809440123969858e-18,2.179371520046262e-18,3.8304633325134844e-18,6.4585147023347416e-18,1.0506716884867001e-17,1.656773549409808e-17,2.541932546004608e-17,3.806542244889902e-17,5.578316295677411e-17,8.017629811907819e-17,1.1323547970820015e-16,1.5740591095832142e-16,2.156628698946722e-16,2.9159562883206815e-16,3.895003106329969e-16,5.144822400352403e-16,6.725683666715451e-16,8.708303551262844e-16,1.1175189565352888e-15,1.4222102960443939e-15,1.7959647313904297e-15,2.2514989604248803e-15,2.8033720798475152e-15,3.46818632397314e-15,4.264803240767975e-15,5.214576092636902e-15,6.341599301333633e-15,7.672975789773391e-15,9.239103108889914e-15,1.1073979274637152e-14,1.32155292794506e-14,1.5705953283749244e-14,1.8592097536519243e-14,2.1925849119911345e-14,2.576455566043445e-14,3.017147119950595e-14,3.52162294672768e-14,4.097534585662033e-14,4.7532749446826415e-14,5.498034647967378e-14,6.341861674164231e-14,7.295724435520265e-14,8.371578452866476e-14,9.582436785666785e-14,1.0942444380392538e-13,1.2466956504166456e-13,1.4172621434416598e-13,1.6077467579066948e-13,1.8200995206180785e-13,2.056427296712662e-13,2.319003940402242e-13,2.610280964070815e-13,2.9328987468000296e-13,3.2896983049121326e-13,3.6837336491183617e-13,4.118284755519593e-13,4.596871181054862e-13,5.123266358302417e-13,5.701512609802515e-13,6.335936928373762e-13,7.031167577266902e-13,7.79215157220575e-13,8.62417311624218e-13,9.532873067401961e-13,1.052426952781796e-12,1.160477965073054e-12,1.2781242767705896e-12,1.4060944942002818e-12,1.5451645054691308e-12,1.6961602527683254e-12,1.8599606782615676e-12,2.0375008526845806e-12,2.2297752949211877e-12,2.4378414899679916e-12,2.662823612056499e-12,2.9059164593710037e-12,3.168389606972927e-12,3.4515917852049503e-12,3.7569554920954035e-12,4.0860018499779945e-12,4.440345718641249e-12,4.821701079618534e-12,5.231886708650752e-12,5.672832155658612e-12,6.1465840537447655e-12,6.655312780712651e-12,7.201319498250547e-12,7.787043595487953e-12,8.41507056491265e-12
0.0013468013468013469,0.0,1.3053297526248883e-25,1.6777137876559958e-23,2.8783943691809334e-22,2.1653014844597653e-21,1.0367805421291202e-20,3.730393247315329e-20,1.102002096316103e-19,2.8179205213549783e-19,6.453607324572192e-19,1.3549246450613564e-18,2.6514190490005404e-18,4.895725404877387e-18,8.609439218244538e-18,1.4524293898675946e-17,2.3641187626377042e-17,3.7299790709547564e-17,5.725974259737482e-17,8.579448087015648e-17,1.2579877956032772e-16,1.809111115395391e-16,2.556519898554381e-16,3.5557948596671196e-16,4.874631685653709e-16,6.594777544857048e-16,8.814178125902939e-16,1.1649349125387554e-15,1.5237986639827965e-15,1.974183149521477e-15,2.5349803181207333e-15,3.228141975391535e-15,4.079052083033351e-15,5.116931161406904e-15,6.375274676317662e-15,7.892327383560433e-15,9.711595703194289e-15,1.1882400300190012e-14,1.4460471159596942e-14,1.7508587562946286e-14,2.1097265498276446e-14,2.530549516851414e-14,3.0221531401093164e-14,3.594373990469799e-14,4.258150246373632e-14,5.025618430658304e-14,5.910216702423936e-14,6.92679505510658e-14,8.091732784467749e-14,9.423063601697688e-14,1.0940608777478303e-13,1.266611871295867e-13,1.4623423343997026e-13,1.6838591796566132e-13,1.9340101725709083e-13,2.2159018789342844e-13,2.5329186734564674e-13,2.8887428610595774e-13,3.287375967364576e-13,3.733161261917448e-13,4.2308075871501664e-13,4.785414578464115e-13,5.402499376516242e-13,6.088024952010742e-13,6.84843018570832e-13,7.690661871466093e-13,8.622208836268235e-13,9.651138396772037e-13,1.0786135394144334e-12,1.20365440654047e-12,1.341241301762884e-12,1.4924543569662563e-12,1.658454171425876e-12,1.8404873933613268e-12,2.0398927076667837e-12,2.2581072482467547e-12,2.4966734516601043e-12,2.7572463682488646e-12,3.041601448047063e-12,3.3516428216918217e-12,3.689412101152934e-12,4.057097731056271e-12,4.457044928123593e-12,4.8917662532612e-12,5.3639528675893766e-12,5.8764865298400205e-12,6.432452397971858e-12,7.0351527024978875e-12,7.688121363182179e-12,8.395139624583488e-12,9.16025278973587e-12,9.987788135379118e-12,7.451588517504479e-20,9.445995638811726e-20,1.194992320280212e-19,1.5087801090518441e-19,1.9013167118714251e-19,2.391520316890824e-19,3.002669432255756e-19,3.7633696622850422e-19,4.708727790916925e-19
0.0015151515151515152,0.0,2.6512476644502674e-25,3.4093897807547935e-23,5.852459783361687e-22,4.404897502238522e-21,2.1102470956708308e-20,7.596798972919812e-20,2.2453779718238483e-19,5.744717001470108e-19,1.3163669986665889e-18,2.76519377006645e-18,5.414097180975177e-18,1.0002376332416959e-17,1.759951505101406e-17,2.970720838495416e-17,4.8381399778955687e-17,7.637641866363537e-17,1.17313387543453e-16,1.7587515294537442e-16,2.5803008710011508e-16,3.712872075634704e-16,5.249851695130031e-16,7.306177986875194e-16,1.002198950908834e-15,1.3566696081865682e-15,1.8143502553109634e-15,2.3994417290085694e-15,3.1405778969101575e-15,4.071433706000942e-15,5.231392338866242e-15,6.666275430125174e-15,8.429140525505277e-15,1.0581150213202152e-14,1.3192517623127544e-14,1.634353327507048e-14,2.0125678561953807e-14,2.4642831477896608e-14,3.001257054046157e-14,3.63675832069578e-14,4.385718543926874e-14,5.2648959421908554e-14,6.293051677241343e-14,7.49113948959867e-14,8.882509441927361e-14,1.0493126589875333e-13,1.235180542448697e-13,1.4490460956238347e-13,1.6944377341230362e-13,1.9752494990780024e-13,2.2957717163651157e-13,2.660723712487758e-13,3.075288707967226e-13,3.5451510269810865e-13,4.0765357870043314e-13,4.676251265965846e-13,5.351734187931859e-13,6.111098221780923e-13,6.963186049138827e-13,7.91762542449619e-13,8.984889716107438e-13,1.0176363473168206e-12,1.1504413604455799e-12,1.298246676867441e-12,1.4625093563068982e-12,1.644810005653298e-12,1.8468627154733763e-12,2.070525822313785e-12,2.3178135347816638e-12,2.5909084601891787e-12,2.8921750720696807e-12,3.224174167513584e-12,3.5896783765447727e-12,3.991688802243797e-12,4.4334528883062025e-12,4.9184836284640364e-12,5.450580248455663e-12,6.0338505054125025e-12,6.672734761725155e-12,7.372032001260468e-12,8.136927966089961e-12,8.973025602469539e-12,5.511819435944619e-20,7.201239173250496e-20,9.384934946629978e-20,1.2201204121228867e-19,1.5825441033836355e-19,2.0479710669247914e-19,2.64447043823218e-19,3.4074658375134087e-19,4.381594793469863e-19,5.623023295967029e-19,7.202324538600806e-19,9.208055518387475e-19,1.175119628939566e-18,1.497065476213022e-18,1.9040088258810316e-18,2.4176346806331974e-18,3.0649918582391018e-18,3.8797838662296955e-18,4.903963386030654e-18
0.0016835016835016834,0.0,4.99675994576935e-25,6.429004360205527e-23,1.1041673934860738e-21,8.314984792178879e-21,3.9855491202693925e-20,1.4355421212428887e-19,4.2452887212268035e-19,1.0867279336360255e-18,2.4915248721510906e-18,5.2366228928889954e-18,1.0258660586062616e-17,1.8963047107449243e-17,3.3384699444907224e-17,5.638350541581673e-17,9.187849621445505e-17,1.451248845910522e-16,2.230383127156093e-16,3.3457086023462915e-16,4.911435879892875e-16,7.071406334212003e-16,1.000470127426624e-15,1.3931974723543783e-15,1.9122568165893187e-15,2.590246893603997e-15,3.4663177683932267e-15,4.587155451562935e-15,6.008071798945839e-15,7.794207612365577e-15,1.0021857398026595e-14,1.2779924826521274e-14,1.6171518574956733e-14,2.0315698917280838e-14,2.5349386159164218e-14,3.142944278042002e-14,3.8734941934906836e-14,4.7469635744467765e-14,5.786463758181056e-14,7.018133324467271e-14,8.471453656370496e-14,1.0179590556503416e-13,1.217976358599161e-13,1.4513644852806413e-13,1.7227789051025458e-13,2.0374096660216571e-13,2.4010312377927e-13,2.820056111115574e-13,3.30159242354946e-13,3.853505939080478e-13,4.48448678647624e-13,5.204121465091157e-13,6.022970755308074e-13,6.952654318790358e-13,8.005942928688377e-13,9.196859412911085e-13,1.054078950069397e-12,1.2054603811869396e-12,1.3756792205497713e-12,1.5667611613428114e-12,1.7809248349357952e-12,2.020599574925526e-12,2.288444791813858e-12,2.58737103791616e-12,2.9205628570337295e-12,3.291503540963844e-12,3.704001951907435e-12,4.16222161156814e-12,4.6707122992733236e-12,5.234444439301575e-12,5.8588465902732505e-12,6.54984637755206e-12,7.313915235040697e-12,8.158117348128966e-12,4.2287231140973724e-20,5.694944490137788e-20,7.646448010109059e-20,1.0236907926221114e-19,1.3666695999868169e-19,1.819654980730166e-19,2.416511062655166e-19,3.2011395708163985e-19,4.2303560699384744e-19,5.577565781318946e-19,7.337457603748369e-19,9.631989371757212e-19,1.2618013324889593e-18,1.6496981105489749e-18,2.152728220202204e-18,2.8039918066034293e-18,3.645839339521534e-18,4.73239399509184e-18,6.132747395977722e-18,7.935005038332893e-18,1.025140396216289e-17,1.3224780742385716e-17,1.703674076675083e-17,2.1917968005011076e-17,2.816122624580934e-17,3.613774217676855e-17,4.631783383631236e-17
0.001851851851851852,0.0,8.864393781636798e-25,1.1411252028591704e-22,1.9608930298219855e-21,1.4774389455512555e-20,7.085425247213351e-20,2.553437984838442e-19,7.555278605744998e-19,1.935084220031653e-18,4.438964773984897e-18,9.33483792068065e-18,1.829729091713105e-17,3.3841270950622687e-17,5.961153919212363e-17,1.0073522793169656e-16,1.6424493434602798e-16,2.5958016409087823e-16,3.991753593666409e-16,5.991432076993428e-16,8.800624231799186e-16,1.2678797223001759e-15,1.794936299096107e-15,2.5011297648849554e-15,3.43522327377533e-15,4.65631440837243e-15,6.235477347471972e-15,8.257592880008402e-15,1.0823381974978137e-14,1.4051659872639271e-14,1.8081829031654678e-14,2.307663074339946e-14,2.922517679150552e-14,3.674628415711007e-14,4.5892137397590176e-14,5.695230489498732e-14,7.025813661864251e-14,8.618757234572157e-14,1.0517039045649852e-13,1.276939285825882e-13,1.5430930875719762e-13,1.856382016561878e-13,2.223801675777531e-13,2.6532061676232384e-13,3.153394395345536e-13,3.734203687557749e-13,4.4066115436557323e-13,5.182846530548143e-13,6.076509650113557e-13,7.102707822582825e-13,8.278201454334424e-13,9.621568323819718e-13,1.1153386166080469e-12,1.2896436322145175e-12,1.4875930643508959e-12,1.711976356186601e-12,1.9658790962201154e-12,2.252713736952611e-12,2.576253308916814e-12,2.9406683375079314e-12,3.3505672403252672e-12,3.811040569540774e-12,4.327709554470933e-12,4.906779483779781e-12,5.5550985396148524e-12,6.28022275839784e-12,7.090487849832877e-12,2.875380620599847e-20,3.9987465275335333e-20,5.540855444949908e-20,7.651038653163859e-20,1.0529746236296857e-19,1.444541160122731e-19,1.9756707846450804e-19,2.6941866070913375e-19,3.6637245246664364e-19,4.968800346880511e-19,6.721457488053546e-19,9.069977476063118e-19,1.2210280852693017e-18,1.6400830880269468e-18,2.1982097446413667e-18,2.940194866806377e-18,3.924874256018627e-18,5.2294416473209934e-18,6.955053688754408e-18,9.234114910480952e-18,1.223973723328492e-17,1.6198012982102772e-17,2.1403924283712787e-17,2.82419482407575e-17,3.721272108520101e-17,4.896751213504549e-17,6.43527545684284e-17,8.44675138950639e-17,1.1073757928432651e-16,1.450108903706389e-16,1.896803100240281e-16,2.478413993763154e-16,3.2349492626804737e-16,4.218064502585875e-16
0.00202020202020202,0.0,1.4838287942443293e-24,1.897446516873791e-22,3.259757983134564e-21,2.45723647826796e-20,1.1790549050123773e-19,4.251377768914323e-19,1.25861625186376e-18,3.2253912121458915e-18,7.402953822847319e-18,1.557658865884775e-17,3.054895505672145e-17,5.653304350050507e-17,9.964022558873418e-17,1.6847574185918648e-16,2.7485466764324523e-16,4.3465217559314336e-16,6.688027752545013e-16,1.004464151921946e-15,1.4763622650479312e-15,2.1283355441791214e-15,3.0150973839950256e-15,4.2042377115322845e-15,5.7784861803587586e-15,7.838261543638908e-15,1.050453398831677e-14,1.3922029698974176e-14,1.8262809678030635e-14,2.3730257877356e-14,3.0563516965838886e-14,3.9042413504826523e-14,4.949291783189633e-14,6.229318745457809e-14,7.788024615333257e-14,9.675735429798238e-14,1.1950212926102563e-13,1.4677547863593094e-13,1.7933141390068293e-13,2.180278192355675e-13,2.6383826093311996e-13,3.178649392344213e-13,3.813529087614951e-13,4.557057279290204e-13,5.425027423215597e-13,6.435182598575032e-13,7.607429307010982e-13,8.964076928219161e-13,1.0530106739050152e-12,1.2333474441076259e-12,1.440544992478407e-12,1.6780997651153706e-12,1.9499200780395663e-12,2.260373227674148e-12,2.614337684353339e-12,3.017260871204715e-12,3.47522318746629e-12,3.995009107965422e-12,4.584186356348164e-12,5.2511942955954175e-12,6.005442804326089e-12,6.8574230199852375e-12,2.2526663473104408e-20,3.226591382381913e-20,4.6024599526487193e-20,6.539072178907664e-20,9.255518360443176e-20,1.3053278716228114e-19,1.8346184175914888e-19,2.5700969072506445e-19,3.5892064267236805e-19,4.997553659954183e-19,6.938871413317405e-19,9.608424369810134e-19,1.3271026095060609e-18,1.828522457113423e-18,2.513573114944831e-18,3.447685556248153e-18,4.719062122427275e-18,6.446444445443002e-18,8.789485887832395e-18,1.1962588356734768e-17,1.625334281001077e-17,2.2047080975465734e-17,2.9859531963959854e-17,4.038021565278986e-17,5.4530044025508654e-17,7.35377010796792e-17,9.90408105329203e-17,1.332197783327509e-16,1.7897464300611438e-16,2.401584403799413e-16,3.2188469838151933e-16,4.309319771515571e-16,5.762751733976754e-16,7.69782008400185e-16,1.0271241786158115e-15,1.368966631463761e-15,1.822515974040107e-15,2.423530880910023e-15,3.2189243348154904e-15
0.0021885521885521885,0.0,2.4208973914815967e-24,3.119744513352424e-22,5.366588242186614e-21,4.047738283481951e-20,1.9432584758190788e-19,7.010627255604699e-19,2.0766031965500593e-18,5.3244929894229884e-18,1.222754360946166e-17,2.574230690829761e-17,5.0514385934655274e-17,9.353357731491099e-17,1.649489394495404e-16,2.790651193957296e-16,4.555426791311078e-16,7.208267380381232e-16,1.1098299810223591e-15,1.667898009480117e-15,2.4530872381720987e-15,3.5387881582005554e-15,5.016729822902356e-15,7.000404868184016e-15,9.628958269843066e-15,1.307158740270155e-14,1.7532505818011255e-14,2.325652846906675e-14,3.0535341792308714e-14,3.971452790402116e-14,5.1201417920314196e-14,6.547385474669518e-14,8.308995041946411e-14,1.0469892732744037e-13,1.3105313702973515e-13,1.630213562659003e-13,2.0160346950201588e-13,2.479466646883637e-13,3.0336329906715e-13,3.6935064112838116e-13,4.476127687606355e-13,5.400850039371846e-13,6.489613844684267e-13,7.767257956760353e-13,9.261874812677782e-13,1.1005216934325141e-12,1.3033162111514623e-12,1.5386243665914016e-12,1.811025120426405e-12,2.1256906859756632e-12,2.488462276197724e-12,2.905934753716702e-12,3.385551271254166e-12,3.935709337780714e-12,4.565880077460769e-12,5.286742735345747e-12,6.110336731247096e-12,1.924197667049814e-20,2.845703686539678e-20,4.188308520648628e-20,6.1362815715968e-20,8.951429364367523e-20,1.3004621084481026e-19,1.8819765361167343e-19,2.7135035550228296e-19,3.8987974097218717e-19,5.583357219812941e-19,7.970787576886553e-19,1.1345432347111032e-18,1.6103645620766253e-18,2.2796938009993154e-18,3.2191437635460805e-18,4.5349732944040726e-18,6.374339777768407e-18,8.940752106037268e-18,1.2515269206147979e-17,1.7485548285096873e-17,2.4385604768401328e-17,3.395017438956669e-17,4.718895291532631e-17,6.548786247825546e-17,9.07470102243463e-17,1.2556838684892835e-16,1.7351087855497857e-16,2.394362082508274e-16,3.299774600987788e-16,4.541724819297799e-16,6.243185065537635e-16,8.571227379664696e-16,1.1752476573957364e-15,1.6093808749378423e-15,2.2009992379755674e-15,3.0060476389533425e-15,4.099816742529879e-15,5.583383034425831e-15,7.592071392066762e-15,1.030651667412066e-14,1.3967037668073497e-14,1.889219406225688e-14,2.5502573121617215e-14,3.435104398905193e-14
0.002356902356902357,0.0,3.780326738281992e-24,4.874177108855099e-22,8.388991794702122e-21,6.330728400480909e-20,3.040914391839032e-19,1.097654471941322e-18,3.2531173485539102e-18,8.345725314014083e-18,1.9176397217032037e-17,4.0394281608398036e-17,7.931132348652824e-17,1.469396404360558e-16,2.592845385853984e-16,4.389283362344919e-16,7.169428239016999e-16,1.1351711606049477e-15,1.7489233611915184e-15,2.6301334646743107e-15,3.8710311620996234e-15,5.588386156365154e-15,7.928389837521585e-15,1.1072246037351467e-14,1.5242550736064747e-14,2.0710549624610892e-14,2.780437224322905e-14,3.6918351703938826e-14,4.85235492438862e-14,6.31796124314612e-14,8.154810432581669e-14,1.0440744846235748e-13,1.326696425212755e-13,1.6739890492969448e-13,2.0983243886035539e-13,2.6140353569973505e-13,3.237673068927963e-13,3.988294420823495e-13,4.887785511717236e-13,5.961228533243778e-13,7.23732199189844e-13,8.748866014380193e-13,1.0533325408068439e-12,1.2633482719424019e-12,1.5098191989801708e-12,1.7983242240228678e-12,2.135233931448253e-12,2.52782166393285e-12,2.9843889844569974e-12,3.5144076163778215e-12,4.1286805839297375e-12,4.8395258441615126e-12,5.660986187174826e-12,1.5702726811480416e-20,2.3962289304602305e-20,3.6367117305626306e-20,5.49101156043398e-20,8.250619246485148e-20,1.2340484968311028e-19,1.8378238963634174e-19,2.725900560340057e-19,4.027666132733464e-19,5.929687337046899e-19,8.700363328712036e-19,1.2724996036315786e-18,1.8555604236207215e-18,2.6981584579244514e-18,3.912980722538896e-18,5.6606226759595745e-18,8.169597280282488e-18,1.1764572441905473e-17,1.6906170717764732e-17,2.4246995855766144e-17,3.4710401754579566e-17,4.9601089576680705e-17,7.076018044825359e-17,1.0078233331491402e-16,1.4331926174205117e-16,2.0350332166833942e-16,2.8853759752456517e-16,4.0851629304621943e-16,5.775628040813788e-16,8.154046337734871e-16,1.1495468732907724e-15,1.6182625484266295e-15,2.2746926361010177e-15,3.192445626072542e-15,4.473211395645851e-15,6.257062468401856e-15,8.736312874630996e-15,1.2174045333208825e-14,1.69287037578863e-14,2.3486479341490656e-14,3.2503589477005734e-14,4.486094982526751e-14,6.173415837145889e-14,4.617590028153436e-22,8.380243047474134e-22,1.5143454511548376e-21,2.723902241875029e-21,4.875663732004924e-21
0.0025252525252525255,0.0,5.724275368291252e-24,7.384512966338907e-22,1.2716263259015472e-20,9.601382013908046e-20,4.614425533834893e-19,1.6665382105095152e-18,4.941831412817864e-18,1.2685083511728571e-17,2.916353130391475e-17,6.146672729660817e-17,1.2075535280650573e-16,2.238545362180108e-16,3.9524387022480656e-16,6.695005683429315e-16,1.0942570283060487e-15,1.7337395837906894e-15,2.672961765305573e-15,4.022653290051203e-15,5.925015379616034e-15,8.560403908140699e-15,1.2155054418693559e-14,1.698997729912822e-14,2.3411167292121314e-14,3.184128863646172e-14,4.279301470449971e-14,5.688421788477065e-14,7.485522061164406e-14,9.758833174389382e-14,1.261299058383484e-13,1.6171518144050525e-13,2.057961884004975e-13,2.6007308011610944e-13,3.2652936792471176e-13,4.074717367231689e-13,5.055754166833891e-13,6.239364564423232e-13,7.661326186332713e-13,9.36294884962802e-13,1.139191606336712e-12,1.3803271445474482e-12,1.6660565590850694e-12,2.003717750639334e-12,2.4017827203465063e-12,2.870030310055371e-12,3.419743813623812e-12,4.0639379501387605e-12,4.817620684615284e-12,5.698096236703725e-12,1.6092593986614066e-20,2.5269785738032768e-20,3.94449633727265e-20,6.122904885463842e-20,9.454775358799766e-20,1.452832582603457e-19,2.222211265042764e-19,3.384446450757466e-19,5.133840361714081e-19,7.758225463141774e-19,1.1682987369492774e-18,1.7535430543297262e-18,2.6238744489245845e-18,3.9148978887612e-18,5.825443277426461e-18,8.646548928917225e-18,1.2803534155350639e-17,1.8916986737522792e-17,2.7891043979159235e-17,4.104099402179075e-17,6.027742897154034e-17,8.837158288638728e-17,1.2933698161528285e-16,1.8897736429900052e-16,2.756717028564633e-16,4.014963818331347e-16,5.838253291755448e-16,8.476052660636931e-16,1.2285807146540084e-15,1.7778489102763523e-15,2.5682669728911732e-15,3.703422983689627e-15,5.330130904185705e-15,7.65572919265572e-15,1.0971866602556635e-14,1.5686955161597863e-14,2.237006306545224e-14,3.180970339291782e-14,4.509173117906589e-14,6.370136491599195e-14,4.752193794845915e-22,9.053767957038293e-22,1.7160401874984625e-21,3.2346385807698312e-21,6.06138154261151e-21,1.1288327845799527e-20,2.088760876970029e-20,3.8394465047507073e-20,7.01010369549597e-20,1.2713034665780678e-19,2.290201507849855e-19
0.0026936026936026937,0.0,8.438740262152791e-24,1.0892018285289648e-21,1.8766152192106355e-20,1.417687427747973e-19,6.8170853620786245e-19,2.4633920373180966e-18,7.308797918303875e-18,1.8771285054549483e-17,4.3180413153343864e-17,9.106192387458298e-17,1.7900210817979782e-16,3.320312220474486e-16,5.866070246804128e-16,9.942869588001952e-16,1.626186088564151e-15,2.5783281726083893e-15,3.978009815799925e-15,5.9913128124159664e-15,8.831917679061611e-15,1.2771392170623349e-14,1.815115240132335e-14,2.5396320804373875e-14,3.50317336657081e-14,4.770037968587627e-14,6.418457782824927e-14,8.543022620265084e-14,1.1257447528306829e-13,1.4697720506186468e-13,1.9025673201967565e-13,2.443302655513053e-13,3.114598161859786e-13,3.9430457730873784e-13,4.959812868893413e-13,6.201346931103614e-13,7.710208657644717e-13,9.53606498805219e-13,1.1736873530470716e-12,1.4380286124462836e-12,1.7545294965415345e-12,2.1324144795643418e-12,2.5824542550078587e-12,3.117221096087137e-12,3.751385107928593e-12,4.5020596357614975e-12,5.38920562269005e-12,1.393412798843047e-20,2.2572095069032382e-20,3.6324613639193714e-20,5.809808018221516e-20,9.239238003413994e-20,1.4614855584830019e-19,2.3003654008550407e-19,3.6040680665794065e-19,5.622423294221799e-19,8.736146064500181e-19,1.3523981355642835e-18,2.0863705034161318e-18,3.208380136117821e-18,4.919088536506427e-18,7.521016021504194e-18,1.1469430470195787e-17,1.7448292883112155e-17,2.6483416535285114e-17,4.0110795312385256e-17,6.062656434521629e-17,9.145749265270617e-17,1.3770903716753736e-16,2.069742948329019e-16,3.105251980377694e-16,4.650619173889576e-16,6.95274408039233e-16,1.0375805410611503e-15,1.5455604547159743e-15,2.297822412839586e-15,3.409331303754252e-15,5.047630575381845e-15,7.45591831823454e-15,1.09856252207528e-14,1.61420087997775e-14,2.3647336381487696e-14,3.452747143270722e-14,5.0229071741909514e-14,2.9681540180382176e-22,5.962160155753713e-22,1.190758689352929e-21,2.363416963201372e-21,4.65967304054331e-21,9.12198286028885e-21,1.7725171821964393e-20,3.41779278077943e-20,6.53863858422209e-20,1.241073655082274e-19,2.3372711010462276e-19,4.368187024790595e-19,8.103866426252065e-19,1.4928952033183405e-18,2.731974835842961e-18,4.968262515179381e-18,8.98211496063824e-18
0.002861952861952862,0.0,1.2151040599876521e-23,1.5691831164246744e-21,2.7050159273435824e-20,2.0445929517170263e-19,9.836947971775894e-19,3.556586200818537e-18,1.0558125871617392e-17,2.7131845556463105e-17,6.24483039382516e-17,1.3177233671868052e-16,2.591824290958353e-16,4.810547447814363e-16,8.50435248029447e-16,1.4424361221133662e-15,2.3608079709111144e-15,3.745858216804753e-15,5.7839094001900846e-15,8.718519017649131e-15,1.2863715434146256e-14,1.8619542476883208e-14,2.6490248070135088e-14,3.710549798019928e-14,5.1245041261423215e-14,6.986729564716935e-14,9.414235744223548e-14,1.254899766267336e-13,1.6562309145961173e-13,2.1659762514579525e-13,2.808694736703152e-13,3.6136004348658767e-13,4.615324008879586e-13,5.854810522833906e-13,7.380393928141706e-13,9.249095735544679e-13,1.1528195982298308e-12,1.4297118848589889e-12,1.7649668954466926e-12,2.1696656222986505e-12,2.656896254486882e-12,3.2421130039025342e-12,3.943558100403316e-12,4.782760745241198e-12,1.016444287548819e-20,1.703419437680777e-20,2.8335392832238094e-20,4.681060915654407e-20,7.68399940098816e-20,1.2539031494500582e-19,2.0350073174045696e-19,3.2860338103091323e-19,5.281393911069115e-19,8.451817189747509e-19,1.3471613304478873e-18,2.1393839592597193e-18,3.3859303207755566e-18,5.341915922526078e-18,8.403199265229823e-18,1.3182842608040749e-17,2.0628516049734407e-17,3.2202440442600897e-17,5.015665353155939e-17,7.795323723379693e-17,1.2090443554155051e-16,1.8714538426091253e-16,2.8910836662652555e-16,4.457505790916572e-16,6.859093518921258e-16,1.0533363792641069e-15,1.6142186364635743e-15,2.4683586850446144e-15,3.7656999188881554e-15,5.730590398425909e-15,8.69713605351158e-15,1.3160254517560193e-14,1.9848648789819604e-14,2.982789299554025e-14,4.4644133721835907e-14,6.652147723212694e-14,4.941427082130468e-22,1.038481610836703e-21,2.1669697549681923e-21,4.48713761301733e-21,9.215637573897107e-21,1.8764377213861237e-20,3.7866796666758405e-20,7.572190260661013e-20,1.5004155126744347e-19,2.9463375940263597e-19,5.735179346614719e-19,1.1070433631904177e-18,2.11995627990987e-18,4.029406434314195e-18,7.605275797022162e-18,1.4260809816751672e-17,2.6576781626610518e-17,4.924186591819238e-17,9.073031092910543e-17,1.662770038194847e-16,3.0311843570380555e-16
0.0030303030303030303,0.0,1.713555517062171e-23,2.2140516260701568e-21,3.8186817526264623e-20,2.8879061449572387e-19,1.3901854508892884e-18,5.029037862237723e-18,1.4937603211453466e-17,3.8407844096364404e-17,8.845303055568326e-17,1.8675582016458317e-16,3.6755432134121854e-16,6.826327821668061e-16,1.2076016473986158e-15,2.049673453363243e-15,3.3571680871263983e-15,5.331014913993039e-15,8.238560871260923e-15,1.2430043381408505e-14,1.835814526035663e-14,2.6601114947722617e-14,3.78900064655425e-14,5.314066409956679e-14,7.349114077802679e-14,1.0034529521215073e-13,1.3542337365654544e-13,1.8082048623600182e-13,2.390741146122865e-13,3.132422655428258e-13,4.0699476133737143e-13,5.247214967569169e-13,6.716631052291897e-13,8.540708336817321e-13,1.0794028645688636e-12,1.3565636484037443e-12,1.6961918037484232e-12,2.1110022781607822e-12,2.6161907737600345e-12,3.2299126274955916e-12,3.973853143615946e-12,6.211743349533824e-21,1.0805539009004991e-20,1.863611492254388e-20,3.188861586408838e-20,5.4170074824714495e-20,9.140674403745255e-20,1.5329401316886084e-19,2.5563265216757765e-19,4.2408369228886553e-19,7.001891461915908e-19,1.1510049971509207e-18,1.8844817261453122e-18,3.0739728465873567e-18,4.9972137702059854e-18,8.098195366282754e-18,1.3085189784323394e-17,2.1085745357903222e-17,3.3891252199240787e-17,5.434199963924908e-17,8.693201336049657e-17,1.387566983274081e-16,2.2099342641245552e-16,3.5120758682064727e-16,5.569317320976581e-16,8.811985641320476e-16,1.3910553966414462e-15,2.1905978487321283e-15,3.4407998199078222e-15,5.389469308785784e-15,8.416125359325821e-15,1.3098577679666253e-14,2.0310592607749468e-14,3.1363298675429956e-14,4.8206889692254735e-14,2.661811591188683e-22,5.913197911714465e-22,1.3035405020873576e-21,2.849561236355662e-21,6.172964605567903e-21,1.3243966662915084e-20,2.812879999636865e-20,5.912407336441055e-20,1.229732346084634e-19,2.5312091248841606e-19,5.157435197950665e-19,1.0406626263671034e-18,2.080577676298942e-18,4.123883575550398e-18,8.108311331673392e-18,1.582318346882978e-17,3.066240380141864e-17,5.902548201231237e-17,1.1290759415756593e-16,2.1465454711568431e-16,4.0562513079511163e-16,7.618350480890278e-16,1.4219284192254231e-15,2.6366119394812673e-15,4.8548300730251136e-15,8.871572488168639e-15
0.0031986531986531986,0.0,2.3719838476279277e-23,3.0664132757497344e-21,5.2915903374481344e-20,4.003955103169161e-19,1.9284832502699713e-18,6.980207741918115e-18,2.0744763688451033e-17,5.336989919939642e-17,1.229827331252011e-16,2.5981758907335896e-16,5.116694001231063e-16,9.509156849250106e-16,1.683379729880882e-15,2.8593444820327727e-15,4.687073738143766e-15,7.449256281270463e-15,1.1522860638514864e-14,1.7402973924943215e-14,2.5731297025479937e-14,3.7330075859532287e-14,5.324235601472105e-14,7.477954556632397e-14,1.0357735691276466e-13,1.4166129718440595e-13,1.915230619974115e-13,2.562096100759306e-13,3.3942758972335013e-13,4.4566738115757197e-13,5.803532977218199e-13,7.500289023533659e-13,9.625878765488521e-13,1.2275605961991788e-12,1.5564650837847226e-12,1.9632304884450112e-12,2.4647038671451305e-12,3.081256977075149e-12,3.837517201201033e-12,5.717730147430351e-21,1.0262421051508479e-20,1.8249618235662186e-20,3.217939596195507e-20,5.63035621623385e-20,9.781742298749857e-20,1.6884354320955024e-19,2.897243630176377e-19,4.9447255116762315e-19,8.39770995767934e-19,1.4198000079606434e-18,2.3906104752555574e-18,4.01010311330694e-18,6.703467231118203e-18,1.117006275656376e-17,1.855760886560055e-17,3.0745414224505776e-17,5.080378872898632e-17,8.37372835064218e-17,1.3768368063404484e-16,2.2584210630734487e-16,3.6956274151078966e-16,6.032782406520387e-16,9.82338896091951e-16,1.5953961619287292e-15,2.5838558197716296e-15,4.172219409148772e-15,6.715012937141649e-15,1.076865750338903e-14,1.720026682361896e-14,2.7350121185935013e-14,4.327051100672089e-14,2.153943853515099e-22,5.042078857034775e-22,1.1701165013140074e-21,2.689840326393085e-21,6.120032521065707e-21,1.3772263958822693e-20,3.063683276053168e-20,6.734758639361625e-20,1.462840447260365e-19,3.140023390927996e-19,6.663328490022388e-19,1.398651911413442e-18,2.9058578484711363e-18,5.979858193930614e-18,1.2197126509564776e-17,2.467428563376556e-17,4.9531304927201155e-17,9.870498965853643e-17,1.953177320189241e-16,3.838364654946462e-16,7.491144878254071e-16,1.4516960897816262e-15,2.7924427641592715e-15,5.329055856413204e-15,1.0082412101653445e-14,1.8894190126338423e-14,3.5031382984053196e-14,6.417957137592815e-14,1.1602624202036482e-13,2.067114511565571e-13
0.003367003367003367,0.0,3.229111632085204e-23,4.1766818614944136e-21,7.211358629221214e-20,5.459517176916227e-19,2.630987469974845e-18,9.528241872222002e-18,2.833341113098681e-17,7.293540149208052e-17,1.6816873648825388e-16,3.5549939087371e-16,7.005549664060451e-16,1.3028489181893495e-15,2.308096759741503e-15,3.9235842010385935e-15,6.437127040865575e-15,1.0240262401451467e-14,1.585643208443908e-14,2.3975061171931337e-14,3.54925930574889e-14,5.156170310820099e-14,7.365006077660304e-14,1.0361014022743929e-13,1.4376173108474356e-13,1.9698909880141485e-13,2.668554493276425e-13,3.5773885899071553e-13,4.749964719910758e-13,6.251673502623894e-13,8.16227706025812e-13,1.0579135773589573e-12,1.3621246676149928e-12,1.743421215796507e-12,2.2196273315875008e-12,2.812561286452924e-12,3.548924001900096e-12,4.686033441909341e-21,8.697260974811383e-21,1.5979304557048083e-20,2.908925284758864e-20,5.251354585626969e-20,9.408219736255555e-20,1.6739619954723576e-19,2.9598115927424543e-19,5.203746335644621e-19,9.10187337522988e-19,1.5845781561953606e-18,2.746929047107818e-18,4.7434301340164165e-18,8.161829250213369e-18,1.3997482048174918e-17,2.3931871070123884e-17,4.079853628909679e-17,6.936030710530793e-17,1.1760180889231033e-16,1.9887149543676866e-16,3.3541798792978976e-16,5.642030220672596e-16,9.464092521859841e-16,1.5829022957299057e-15,2.6392075932528452e-15,4.3855397167251164e-15,7.260358827594218e-15,1.1970169826128737e-14,1.964418622101016e-14,3.207033947966406e-14,5.204898699064336e-14,3.0290302983260956e-22,7.431868670612299e-22,1.8048221615822295e-21,4.333986028011584e-21,1.0281822997211698e-20,2.4080555792830284e-20,5.564982887463864e-20,1.268747607434108e-19,2.8539623315226027e-19,6.336590706315567e-19,1.3895382506522083e-18,3.0118297974339938e-18,6.458015463962685e-18,1.370980378817487e-17,2.8836701260994706e-17,6.013207788308001e-17,1.2436884473739197e-16,2.552044980757023e-16,5.196213901828282e-16,1.049731502478252e-15,2.1035203041766283e-15,4.179109417263676e-15,8.225805454379716e-15,1.6025466557510078e-14,3.086390560237596e-14,5.867778259315078e-14,1.0994978055335754e-13,2.0273740829578673e-13,3.67376490348107e-13,4.830595999235641e-21,1.5459723295187094e-20,4.836544638396299e-20,1.4815221949374336e-19
0.0035353535353535356,0.0,4.237100613608415e-23,5.4508059945183075e-21,9.415496407502193e-20,7.132124317118284e-19,3.4389513362757164e-18,1.2461363437920915e-17,3.707678364956493e-17,9.5499074538755e-17,2.2033001432921865e-16,4.660669404066251e-16,9.19072816096859e-16,1.7104934946666699e-15,3.032684085658392e-15,5.159808130387777e-15,8.473405117840187e-15,1.3493887780088693e-14,2.09191339013453e-14,3.167157658568601e-14,4.6955461469181365e-14,6.83262117182433e-14,9.777411500439986e-14,1.378248630090216e-13,1.9165998322931474e-13,2.632612312692673e-13,3.5758505748605327e-13,4.807767185163397e-13,6.40438110594738e-13,8.459673301361255e-13,1.1089892889841554e-12,1.4438955669414968e-12,1.8685119188613844e-12,2.404918175837199e-12,3.080458364136142e-12,3.928994875833767e-12,5.416119269034398e-21,1.0313632744063871e-20,1.9446497784338133e-20,3.633368057868475e-20,6.732247581295897e-20,1.2380242890525616e-19,2.261165998811883e-19,4.1045022901293327e-19,7.409284902380496e-19,1.3308045036756352e-18,2.379470885151013e-18,4.236944112087993e-18,7.51592030718851e-18,1.3285971169229693e-17,2.3409141239639928e-17,4.1118157501606314e-17,7.20093975380819e-17,1.2574203299736527e-16,2.1893401978898822e-16,3.8007592178007015e-16,6.578261326296713e-16,1.1349323564968224e-15,1.9514361433559136e-15,3.343040952366179e-15,5.703952135271679e-15,9.688640689447144e-15,1.637444167916168e-14,2.751726227797611e-14,4.594633558925343e-14,2.664253619032322e-22,6.361006368689715e-22,1.5722593556021512e-21,3.9139359465273665e-21,9.691041459352493e-21,2.3736438047636585e-20,5.737621110052656e-20,1.3675821429603735e-19,3.2141592859749693e-19,7.451969082740923e-19,1.7056200942637591e-18,3.857192800735622e-18,8.625948516403028e-18,1.9090519428722095e-17,4.1837913890449744e-17,9.083556764134043e-17,1.954296126804289e-16,4.1668664913672677e-16,8.803762268501476e-16,1.842608603640453e-15,3.8183152246402685e-15,7.827822062646517e-15,1.5859005737041624e-14,3.1709621213351253e-14,6.247410384778185e-14,1.2107898776136875e-13,2.3046545535598303e-13,4.3031172689653344e-13,6.687096900066853e-21,2.2592130967832138e-20,7.492934839991169e-20,2.4349053485357853e-19,7.76105398655176e-19,2.4307955661032032e-18,7.493978284938741e-18,2.2772898538826342e-17
0.003703703703703704,0.0,5.728355129242229e-23,7.41714874956852e-21,1.2819892428714214e-19,9.716102789516208e-19,4.6874332978402274e-18,1.6994807331928716e-17,5.059419480174098e-17,1.3039278829435424e-16,3.0101937148331367e-16,6.371623383419614e-16,1.257338463239007e-15,2.3417948168464363e-15,4.155371611910674e-15,7.076320019170841e-15,1.1632282087002435e-14,1.8544903285631886e-14,2.8784858367223796e-14,4.3639408619678845e-14,6.479493629008814e-14,9.443719172997067e-14,1.353722925295268e-13,1.9117208474266893e-13,2.663489190135148e-13,3.665681780648199e-13,4.989127899498263e-13,6.722216689738515e-13,8.975301412462843e-13,1.1886410635254504e-12,1.562851680253427e-12,2.0418614628076643e-12,2.6528979760341177e-12,3.4301197982328266e-12,4.393268847878786e-21,8.676309051537962e-21,1.6940832936410837e-20,3.2741448450739436e-20,6.270228442437363e-20,1.1909807671357172e-19,2.245609470547371e-19,4.2063474490346786e-19,7.832739374293383e-19,1.4508419105295333e-18,2.6745450765115952e-18,4.909023095017172e-18,8.974598857156146e-18,1.6347003220835116e-17,2.96730904872709e-17,5.3685695954164214e-17,9.682052595852125e-17,1.7406204650497909e-16,3.1192942955020653e-16,5.571660551092896e-16,9.917922010336643e-16,1.7589972545806416e-15,3.107307972967385e-15,5.465189942867042e-15,9.56556254078019e-15,1.6650670726884073e-14,2.880342847615626e-14,4.9472450919581175e-14,2.7513368806246903e-22,7.47858515876265e-22,2.0065313051777906e-21,5.306996792967997e-21,1.3820276118701158e-20,3.540432839542257e-20,8.917476471890889e-20,2.2082370232762217e-19,5.378215546045152e-19,1.2893118971480934e-18,3.04548719498211e-18,7.096360374057193e-18,1.6329990981402202e-17,3.714870743630457e-17,8.361040392613744e-17,1.862884613078803e-16,4.1101799696085187e-16,8.98067575876034e-16,1.94281135202662e-15,4.159017553621971e-15,8.802488616467465e-15,1.8396263755588857e-14,3.790140159958814e-14,7.68307485529305e-14,1.5291398714375456e-13,2.982034040885645e-13,3.2933040794608316e-21,1.2008900751510145e-20,4.2565826595309605e-20,1.4695142617315914e-19,4.954445976800338e-19,1.6359196197249202e-18,5.304236780308345e-18,1.692520044039603e-17,5.323766112988395e-17,1.6526153181594591e-16,5.066022256336743e-16,1.5337764687405095e-15,4.584256797083805e-15
0.003872053872053872,0.0,7.484130446251858e-23,9.695668619237251e-21,1.6767054526225478e-19,1.2714546704550193e-18,6.137402111712813e-18,2.2264434379920997e-17,6.632070530726844e-17,1.7102709977208556e-16,3.9507780173250865e-16,8.368238292090485e-16,1.6525568529830867e-15,3.0803775065967427e-15,5.470831068310031e-15,9.325757114299742e-15,1.5347136104959553e-14,2.449812599967631e-14,3.8078947919760243e-14,5.782075450692916e-14,8.6001043848396e-14,1.255845958542284e-13,1.803946011096315e-13,2.553204320620421e-13,3.5657279049080803e-13,4.920050339927656e-13,6.715303403424997e-13,9.076729918570419e-13,1.216292772805014e-12,1.6175167045280922e-12,2.1369149255164075e-12,2.8069776473112374e-12,3.66898325504205e-12,5.342367640299386e-21,1.0843724565405788e-20,2.1756893179459586e-20,4.3205508341148857e-20,8.501522180507144e-20,1.6592376608697965e-19,3.2148861162898398e-19,6.188884341497128e-19,1.1845393404700392e-18,2.2554591706706443e-18,4.274504593858394e-18,8.066396602949303e-18,1.5161994494199925e-17,2.83935862613209e-17,5.298358275870673e-17,9.852735380423445e-17,1.8258801019663695e-16,3.371799410380997e-16,6.203936682834048e-16,1.1370970846237128e-15,2.0755055383688132e-15,3.771173648675214e-15,6.817699838305641e-15,1.225561831875025e-14,2.1889354173713506e-14,3.880843081948648e-14,1.753621723779279e-22,5.044357247945688e-22,1.4309554616693211e-21,3.9969107788796536e-21,1.0976977187058311e-20,2.960775721310245e-20,7.837649701550537e-20,2.0358743981190842e-19,5.191234875122865e-19,1.3005397148660724e-18,3.2050196870916772e-18,7.779907051627095e-18,1.862618820787904e-17,4.4033064289489297e-17,1.0288055722716852e-16,2.377151828983675e-16,5.433568600942338e-16,1.2286019646666421e-15,2.7471054291491404e-15,6.069451738109022e-15,1.3234871738851615e-14,2.843643534735568e-14,6.007836580150687e-14,1.2451410480931276e-13,2.5254110191900655e-13,2.4173723657132816e-21,9.44118661797253e-21,3.5728667651851423e-20,1.3128652395080426e-19,4.698136267331117e-19,1.6426876101143396e-18,5.629111338698348e-18,1.8953285443269933e-17,6.282247975173767e-17,2.0524883842087712e-16,6.61406314586258e-16,2.102326099635581e-15,6.587052461058305e-15,2.0311990893250587e-14,6.146603479217684e-14,1.8169687142143437e-13,7.294229462383062e-21
0.00404040404040404,0.0,9.397979755863005e-23,1.21412323818243e-20,2.1006882571562678e-19,1.5938502797945542e-18,7.697974174447e-18,2.7941782572303395e-17,8.328195812597345e-17,2.1490131656548706e-16,4.967607579093009e-16,1.0529632438059952e-15,2.0810415870490344e-15,3.882504628010551e-15,6.9022835309002054e-15,1.1779130793992124e-14,1.940955382265484e-14,3.10285149198121e-14,4.831087182546559e-14,7.349831209055619e-14,1.0955734391852953e-13,1.6037497516887098e-13,2.310008079515224e-13,3.2794893056444985e-13,4.595818845268545e-13,6.366115869593467e-13,8.727632021409816e-13,1.1856511509776024e-12,1.5979147052265347e-12,2.1386693554700903e-12,2.845360861051186e-12,2.387621202271042e-21,5.054936121813946e-21,1.0571061721399781e-20,2.1854285988971937e-20,4.471251955684475e-20,9.062954256607546e-20,1.8218312622283288e-19,3.6354033675631385e-19,7.207142253121407e-19,1.4205254439888444e-18,2.7852840668000206e-18,5.435444359290233e-18,1.0561118011424714e-17,2.0436874593828352e-17,3.939382211063112e-17,7.56469269332037e-17,1.4471296389304055e-16,2.7576805784308857e-16,5.233979890716174e-16,9.891566563305785e-16,1.860780767988901e-15,3.4827959976723066e-15,6.482093316739156e-15,1.198798014076779e-14,2.201089845415191e-14,4.008020849176464e-14,2.1594778893461315e-22,5.853052070771721e-22,1.6727145167896647e-21,4.819969812316096e-21,1.375522392017947e-20,3.861163566865371e-20,1.0634863873100619e-19,2.8727570635808493e-19,7.61480397896676e-19,1.9828755387127115e-18,5.07918400492923e-18,1.2815368749859535e-17,3.188620617005347e-17,7.830422375632578e-17,1.8989774240768444e-16,4.548944397867668e-16,1.0762661191531591e-15,2.5139404328986334e-15,5.792283742525648e-15,1.3147354485089025e-14,2.934548057748209e-14,6.426628987806366e-14,1.3774394562451971e-13,2.8824580235761733e-13,3.2220717630081292e-21,1.317289377925334e-20,5.279467729631123e-20,2.058928518825041e-19,7.820415436937694e-19,2.900933966622814e-18,1.0537125227745138e-17,3.75568685227505e-17,1.3154275119650491e-16,4.531303678783442e-16,1.5355664760741645e-15,5.116886528930038e-15,1.6742189356269755e-14,5.363576722943596e-14,1.674444164020472e-13,6.51528259370391e-21,5.3110265131398944e-20,4.143295114789883e-19,3.0424931678020765e-18,2.1098282718444402e-17
0.004208754208754209,0.0,1.2358069682374398e-22,1.6026764993344518e-20,2.774532453049633e-19,2.1062448986354116e-18,1.0178347976496338e-17,3.6965958236329086e-17,1.1024404873046173e-16,2.8465109975339715e-16,6.584301665034381e-16,1.3966593989506708e-15,2.7625290607660282e-15,5.158566631941537e-15,9.180186177723082e-15,1.568456342801677e-14,2.5878617709440348e-14,4.143077570567597e-14,6.461209465668864e-14,9.847313760605261e-14,1.4706391165093565e-13,2.1570621788267155e-13,3.1133335632651316e-13,4.4292459476364004e-13,6.220814888234213e-13,8.638118569163151e-13,1.1875920669494073e-12,1.61877120441119e-12,2.1903876296143715e-12,2.9455107624466324e-12,3.0536242495492426e-21,6.662500460598864e-21,1.433708304796399e-20,3.0480217564092217e-20,6.41137549281282e-20,1.3360552463730355e-19,2.7614080960835093e-19,5.66625039799338e-19,1.1552664977371613e-18,2.3420226108998307e-18,4.723518487234905e-18,9.481868857869472e-18,1.8950144251969377e-17,3.77145889391072e-17,7.475273817456781e-17,1.4755883426255953e-16,2.9005578072828383e-16,5.676649488914586e-16,1.105781137655658e-15,2.143073411148288e-15,4.130140529895256e-15,7.909642072236625e-15,1.5039751925867155e-14,2.836318578885348e-14,9.919436245967007e-23,3.186966162084457e-22,1.0073442559518593e-21,3.1261552817303292e-21,9.507038149966859e-21,2.828790153067196e-20,8.227154655647935e-20,2.3382670588205673e-19,6.49802235803392e-19,1.767860699247316e-18,4.716433173148095e-18,1.2361009972299948e-17,3.187815239751738e-17,8.100834422409777e-17,2.0304642109706134e-16,5.022670434526194e-16,1.226291633270006e-15,2.9539619716835878e-15,7.013977667888785e-15,1.6391021117451218e-14,3.761709742009398e-14,8.45479520698445e-14,1.8552776537647768e-13,3.96291343394825e-13,6.192160284055115e-21,2.6716832721305484e-20,1.1119464504099323e-19,4.480380665705485e-19,1.7551537189614857e-18,6.711631844297485e-18,2.513522049314821e-17,9.240909066549102e-17,3.340193908960743e-16,1.1877691782173307e-15,4.1541822927676455e-15,1.427046714516802e-14,4.800874142318266e-14,1.573682970548614e-13,6.169372845157188e-21,5.569405958592656e-20,4.703781599186404e-19,3.7046345614608646e-18,2.734980708615875e-17,1.9136027982652235e-16,1.2830896796824655e-15,8.30006056248022e-15,5.179044717664452e-14
0.004377104377104377,0.0,1.564616872259233e-22,2.0301715521728762e-20,3.5164950362928785e-19,2.670961716995576e-18,1.291458133004429e-17,4.693070978118237e-17,1.400470525731664e-16,3.6183655892398303e-16,8.375569320076303e-16,1.7780035692654047e-15,3.5198822197013214e-15,6.579326643504764e-15,1.17219017188443e-14,2.0053367182070832e-14,3.313661580320464e-14,5.3141440341878054e-14,8.303495657081399e-14,1.2682163806981578e-13,1.898438794608545e-13,2.7915951747021424e-13,4.040264849047324e-13,5.765493504130915e-13,8.125697508174838e-13,1.1328941865890672e-12,1.5649451262399392e-12,2.1449277608619854e-12,2.9206589969632944e-12,3.034743499498738e-21,6.833563420580926e-21,1.5168102694091958e-20,3.324872975035786e-20,7.209004301941057e-20,1.5482381182424796e-19,3.297502383318804e-19,6.972066574552091e-19,1.464659164689289e-18,3.0592080235552736e-18,6.356392149183503e-18,1.3143493641655406e-17,2.7053310506419672e-17,5.543657981803448e-17,1.130955078882642e-16,2.2968135114778125e-16,4.642468483169155e-16,9.33636594641316e-16,1.867335539853727e-15,3.712203452791894e-15,7.329654679679214e-15,1.4360475609967767e-14,2.7885429290222625e-14,9.718778274299532e-23,3.290244444387336e-22,1.0939571544959534e-21,3.5640045838568e-21,1.1353141080006153e-20,3.530182984004267e-20,1.0704370835001245e-19,3.1650848287783236e-19,9.133694712599658e-19,2.576519100780064e-18,7.1187459039985e-18,1.9303344039222803e-17,5.14630850249582e-17,1.3508117972647385e-16,3.4939838843046914e-16,8.90917160223944e-16,2.239052210615168e-15,5.541855790938839e-15,1.348857335557846e-14,3.2212764560550584e-14,7.525906900825736e-14,1.7141932826004969e-13,3.793560044767314e-13,5.820126026869547e-21,2.672737184996018e-20,1.1801504232996549e-19,5.030946013518486e-19,2.0805091180625382e-18,8.383938859444332e-18,3.304098900362087e-17,1.2766972199845531e-16,4.843999386092128e-16,1.8055867287080403e-15,6.608002142313076e-15,2.3695927177720666e-14,8.29176904898275e-14,1.93031398955418e-21,1.968400603469305e-20,1.875680068174222e-19,1.6579762027532203e-18,1.3618134991554213e-17,1.0503154505704828e-16,7.707035059434913e-16,5.431510526539064e-15,3.684183837246975e-14,2.3857458520564946e-13,5.928462636145946e-20,1.7809485077178084e-18,4.5771780482604686e-17
0.004545454545454545,0.0,1.8986239184505667e-22,2.46027348653002e-20,4.263755240460733e-19,3.2403657669995996e-18,1.5676738342158078e-17,5.700208480651217e-17,1.7020832066127448e-16,4.4006270768380933e-16,1.019394453370852e-15,2.1658414404066324e-15,4.2918096488200675e-15,8.031161908960558e-15,1.432721620238992e-14,2.4548039752309827e-14,4.0636756775297144e-14,6.530652330225196e-14,1.0229186060305824e-13,1.5667063094502485e-13,2.3527614561100474e-13,3.472312868292582e-13,5.046608098423827e-13,7.236701348685749e-13,1.0257010023307316e-12,1.439376568392014e-12,2.002960971092741e-12,2.7676246348392808e-12,2.3378639964095234e-21,5.442477383959934e-21,1.2495637865677677e-20,2.8326289197627354e-20,6.348908599216394e-20,1.4089349396325774e-19,3.0996519522975285e-19,6.767612356323148e-19,1.4677297406481093e-18,3.1641016916448484e-18,6.783852629603887e-18,1.447037361774963e-17,3.071496273015383e-17,6.488079040383412e-17,1.36380160825656e-16,2.852168379591877e-16,5.932740115160043e-16,1.2268839468523643e-15,2.52097844732231e-15,5.143139604735309e-15,1.040802718854474e-14,2.0867515747741316e-14,8.845485664732975e-23,2.338502786630255e-22,7.38592435868311e-22,2.4589170771259692e-21,8.18499389544699e-21,2.6750352875023728e-20,8.532925852005876e-20,2.6527723737344293e-19,8.042552370349235e-19,2.3816786900471742e-18,6.903075361001492e-18,1.962092003455484e-17,5.477827893377086e-17,1.5038184509413219e-16,4.062013920376338e-16,1.0796364645650213e-15,2.8222064855045653e-15,7.247346923417726e-15,1.8248526460201798e-14,4.4933277829354506e-14,1.0783000433331314e-13,2.512939874336223e-13,2.66849614089905e-21,1.3135671228945639e-20,6.306503380663288e-20,2.9222526290766205e-19,1.309501177021609e-18,5.698084830002192e-18,2.4163315495826395e-17,1.0011772201730548e-16,4.0595175379990324e-16,1.611802045747426e-15,6.263329462605108e-15,2.3771593312227593e-14,8.773222467325596e-14,2.3436636315142713e-21,2.487333933691277e-20,2.578233932881456e-19,2.4792470174237188e-18,2.2135506302844984e-17,1.8574272652384295e-16,1.4825979657234523e-15,1.1324749373762793e-14,8.254565315343151e-14,8.80752866491069e-21,3.268296660232279e-19,1.0603085567844021e-17,2.940188896438996e-16,7.234600847863788e-15,1.613615618357756e-13,4.0678027207949667e-19
0.004713804713804714,0.0,2.4434994667155556e-22,3.173922308213458e-20,5.503538019071018e-19,4.184843489468526e-18,2.0257448792398635e-17,7.370108336152975e-17,2.2020776494048783e-16,5.697145916658792e-16,1.320711554070833e-15,2.808394555771249e-15,5.57047203520132e-15,1.0435565434831309e-14,1.8640689424019264e-14,3.198625356235567e-14,5.3039227340863725e-14,8.539723564648671e-14,1.3402846707204473e-13,2.057063593036419e-13,3.095701853065202e-13,4.578723354853028e-13,6.670210214263199e-13,9.590683159852297e-13,1.3637975512321644e-12,1.921559632321952e-12,2.68707265056091e-12,2.513329328650345e-21,6.0521186266247184e-21,1.4343505996377666e-20,3.3532596942999814e-20,7.747733050392723e-20,1.7720867032130668e-19,4.017831312400197e-19,9.04027886865129e-19,2.020421265581979e-18,4.488123304043564e-18,9.914168521315663e-18,2.178426916704005e-17,4.7618877356437604e-17,1.0355072499620943e-16,2.2397112879590945e-16,4.816854692885878e-16,1.0296135757501737e-15,2.186065623906503e-15,4.606697974060799e-15,9.625335101122856e-15,1.991515954334834e-14,5.342936609796396e-23,2.0258044326098012e-22,7.523828878842002e-22,2.7293961048325977e-21,9.644598550111909e-21,3.3121527815903416e-20,1.1039980061227072e-19,3.571228987190772e-19,1.1224392263749783e-18,3.4349613954324978e-18,1.0261525434677805e-17,3.000084254467087e-17,8.602263928390793e-17,2.422785123777943e-16,6.708179544508164e-16,1.826102222453252e-15,4.883929180778857e-15,1.2812640392126198e-14,3.288512165388441e-14,8.227859200150029e-14,1.9981705098969413e-13,1.7415658063873387e-21,9.350311592502239e-21,4.783907661416651e-20,2.3411258845995663e-19,1.1020263028208771e-18,5.0197312754985984e-18,2.223911062500554e-17,9.618952349426595e-17,4.0710893775949916e-16,1.6876065833940865e-15,6.84831078837264e-15,2.7139363407400278e-14,1.044889351878257e-13,3.3679538961393256e-21,4.050619430165245e-20,4.488035382550695e-19,4.554158422344997e-18,4.262128026563512e-17,3.736988687499532e-16,3.1146191413426084e-15,2.4832981535693636e-14,1.882522619388737e-13,4.663288732421497e-20,1.8421654513027265e-18,6.07478478325647e-17,1.716989403791059e-15,4.35591290234807e-14,4.300851754133207e-20,1.4188437305634056e-17,3.1266881340827775e-15,1.6332908122287642e-20,1.71971614931966e-16
0.004882154882154883,0.0,3.017809497957545e-22,3.9219832314838084e-20,6.804347528585821e-19,5.176841017181442e-18,2.507374939848362e-17,9.127867306287063e-17,2.7290263079698595e-16,7.06545701971389e-16,1.6392233370795417e-15,3.488894023879652e-15,6.927682776665898e-15,1.2994532848332917e-14,2.3246233420567338e-14,3.9958497064522164e-14,6.639166611749295e-14,1.0713835352626457e-13,1.6857385111134316e-13,2.5943973821221947e-13,3.916185352807749e-13,5.812118974540093e-13,8.500980722892446e-13,1.228169302201273e-12,1.7564405447870723e-12,2.4912749281837574e-12,2.090975711802238e-21,5.217844547130085e-21,1.280177171477071e-20,3.0957905374606204e-20,7.394562549829129e-20,1.747689185592588e-19,4.0932218263700056e-19,9.511095374503326e-19,2.1946185376419557e-18,5.0320210437145665e-18,1.1470284107868891e-17,2.5999128239173186e-17,5.860314930942665e-17,1.3134484672069895e-16,2.9263083675701893e-16,6.478300845020069e-16,1.4242466070044173e-15,3.1071430722520564e-15,6.719865116407853e-15,1.4389058492506274e-14,3.0456207502681056e-14,1.1976742977350298e-22,4.726351007679171e-22,1.8199794107574275e-21,6.817042941074157e-21,2.4770201333557405e-20,8.715448605536295e-20,2.9681984574141635e-19,9.794844441431414e-19,3.1389014428947342e-18,9.796600938512838e-18,2.986327770990695e-17,8.912895002664874e-17,2.608997918884388e-16,7.497363613500653e-16,2.115220296364715e-15,5.853813440183978e-15,1.5860711112146264e-14,4.19434920457474e-14,1.0780495114986145e-13,2.679998633895248e-13,3.192774430080985e-21,1.7911631142815002e-20,9.551449657738472e-20,4.866413122185663e-19,2.3847054186691253e-18,1.131106326311016e-17,5.218902889986069e-17,2.350166720362406e-16,1.034659365684973e-15,4.4536287736766424e-15,1.8708637448611012e-14,7.634059574841124e-14,1.9744028953046654e-21,2.6407563881609048e-20,3.2419356567017216e-19,3.621969073822044e-18,3.704257816965662e-17,3.5269595558882504e-16,3.1782795684847415e-15,2.7305722235237384e-14,2.2209245990724147e-13,7.075115446821447e-20,3.1237858316642764e-18,1.1368878906595055e-16,3.538937872551658e-15,9.865724330491799e-14,2.379357642881827e-19,8.587572451526569e-17,2.0223526547545244e-14,6.985595709701451e-19,6.959404473163775e-15,5.4647427414586824e-17,3.160857017707405e-16,8.632879152028023e-18
0.005050505050505051,0.0,3.7005488394708087e-22,4.811828000807097e-20,8.3526927026193875e-19,6.358385836527857e-18,3.081428888471043e-17,1.122449498695701e-16,3.3580852531813394e-16,8.700487873168445e-16,2.0202568059729144e-15,4.304095869705248e-15,8.556282240014176e-15,1.6071452871721307e-14,2.879746921168887e-14,4.9595104277708235e-14,8.258378969961643e-14,1.3359680307106734e-13,2.1077635745503045e-13,3.2536107111403493e-13,4.927727551741967e-13,7.341929979881519e-13,1.0788795488176724e-12,1.5674708154255317e-12,2.2565572107827596e-12,1.6361265446343026e-21,4.237577224423482e-21,1.0777041790956621e-20,2.698874917110213e-20,6.670933013274194e-20,1.6306438139730214e-19,3.9481491960060237e-19,9.480684527407764e-19,2.2600285942579665e-18,5.351925873401313e-18,1.2595369549374351e-17,2.946455903176937e-17,6.851293042971352e-17,1.5832331709982866e-16,3.634623332613123e-16,8.284860302257536e-16,1.873748852104635e-15,4.200803792452565e-15,9.324466275183459e-15,2.046027817242418e-14,5.820219134953863e-23,2.4492973935605843e-22,1.0052725956465855e-21,4.009959816641734e-21,1.5494727595390413e-20,5.785620210147633e-20,2.0853922179057543e-19,7.260883208955275e-19,2.4473995251162593e-18,8.010825930574751e-18,2.5546012166908447e-17,7.959308090260994e-17,2.427925136351546e-16,7.259520358067455e-16,2.1279912603830956e-15,6.109846405268542e-15,1.7146324263248814e-14,4.686961974053958e-14,1.242057202437336e-13,3.17379254485665e-13,4.590078813430539e-21,2.707483968227655e-20,1.5138479871123388e-19,8.074286901586856e-19,4.138711889888332e-18,2.052387020091658e-17,9.895021879308075e-17,4.651940121465841e-16,2.135083739757925e-15,9.559008789669717e-15,4.1604421395358576e-14,1.7474054323683955e-13,1.007013743086565e-20,1.3972501518057456e-19,1.7555940629482714e-18,1.999187286958834e-17,2.0967978550878092e-16,2.0653483771679174e-15,1.931653250019973e-14,1.7081433788809072e-13,4.8026217892086195e-20,2.4637863538014523e-18,1.0277645714807457e-16,3.6182168800265984e-15,1.1312320230017718e-13,3.6867660588346927e-19,1.573426900174013e-16,4.292950913288581e-14,3.7663431112469655e-18,4.210625121361426e-14,2.0140628597292646e-15,2.0480962375010336e-13,9.633601079223973e-07,5.3071383578209384e-05,0.00010488120006686566,0.00015617731902699465
0.005218855218855219,0.0,4.507532792780761e-22,5.864258311820951e-20,1.0185110288974574e-18,7.757631665785286e-18,3.761727578946914e-17,1.3711052707350176e-16,4.1047806420534695e-16,1.0643247329974208e-15,2.4735590624540095e-15,5.275367309426634e-15,1.050024888297745e-14,1.9752433608891874e-14,3.5456305155679116e-14,6.119033568246909e-14,1.0213477235124017e-13,1.6566506685361294e-13,2.6213851841928905e-13,4.059679931504803e-13,6.171702509902446e-13,9.23678418173565e-13,1.364739165884938e-12,1.995720078270112e-12,2.8948157025189398e-12,3.2376994366802174e-21,8.547552277901195e-21,2.2193729134123075e-20,5.682582143603244e-20,1.4379026998218227e-19,3.6019876191553877e-19,8.94495794614277e-19,2.204340192299251e-18,5.3944114665251144e-18,1.3114447381636448e-17,3.1678229039983145e-17,7.602281628727539e-17,1.8120900382014423e-16,4.2881344036055507e-16,1.0067660792900647e-15,2.3430862891859013e-15,5.3996358740709335e-15,1.2303588847531034e-14,2.7668337306654468e-14,1.0401797350817944e-22,4.568486686479543e-22,1.9496183125946306e-21,8.053347163220006e-21,3.209498170671098e-20,1.2316437974504956e-19,4.55074879299339e-19,1.6218769005258594e-18,5.59325707292005e-18,1.8733204039146374e-17,6.113942206741948e-17,1.9494479377150787e-16,6.082196582880425e-16,1.857639556547713e-15,5.549869282135831e-15,1.6184523790014677e-14,4.5901543082218364e-14,1.2596257222849887e-13,3.324776037803063e-13,5.191013850644321e-21,3.2416642781185786e-20,1.912480812304164e-19,1.0736533052797093e-18,5.782812786909973e-18,3.009561441982227e-17,1.5210003885969332e-16,7.485922454377802e-16,3.5906338541389e-15,1.6756641476585603e-14,7.569810234403755e-14,2.202589675674609e-21,3.517926646035469e-20,5.086942272357272e-19,6.603333401111365e-18,7.775722870899619e-17,8.487848741279864e-16,8.737623594187661e-15,8.504597076946946e-14,1.441235519872599e-20,8.946927525995184e-19,4.465975652253996e-17,1.8328545015772274e-15,6.575483657966355e-14,1.6192406652456087e-19,8.970000122199895e-17,3.060266788251604e-14,2.7683069094560446e-18,4.3280642677754464e-14,3.4130288336223033e-15,1.5946274923099002e-19,6.262107958584668e-06,6.204631503687514e-05,0.00011728497024100922,0.00017195929596598594,0.00022608582021625527,0.0002796811168349443,0.0003327612177287361
0.0053872053872053875,0.0,5.456251203679142e-22,7.102300082919347e-20,1.2342083561504292e-18,9.405806463088339e-18,4.5636198117884106e-17,1.664433342586002e-16,4.986416035739472e-16,1.2939560727045255e-15,3.0100606391471796e-15,6.426780149877822e-15,1.2809411156513015e-14,2.4135690188318458e-14,4.3408757894937224e-14,7.508474895549722e-14,1.256498057301513e-13,2.0439177099535096e-13,3.2444519342066074e-13,5.042759156751243e-13,7.699084268024844e-13,1.1582917710247529e-12,1.7222032331929206e-12,2.5371953325635015e-12,2.3238450135174028e-21,6.3786038725918405e-21,1.719449852525404e-20,4.565583167659103e-20,1.1970212035218728e-19,3.104923829286582e-19,7.979863802841311e-19,2.0342791132749254e-18,5.147674913528334e-18,1.29351049314377e-17,3.228016255000531e-17,7.999253381886861e-17,1.9676941176931726e-16,4.801962339298676e-16,1.1617217591952463e-15,2.783393480802842e-15,6.595909960707205e-15,1.543380874505112e-14,3.593927172956792e-23,1.6951594549839305e-22,7.772370530117238e-22,3.449505410401253e-21,1.4758977523909553e-20,6.068945644873012e-20,2.395387765753939e-19,9.083641415880484e-19,3.3190965238841588e-18,1.1731761483752373e-17,4.0272797711617e-17,1.3470359135296071e-16,4.399524775688584e-16,1.4044077840593282e-15,4.379862631275024e-15,1.3319081977089045e-14,3.9351679555824564e-14,1.1235915312533661e-13,3.0803483572414003e-13,4.6194539417116665e-21,3.077443261459865e-20,1.9287622440561922e-19,1.1462007709322114e-18,6.517324212490709e-18,3.5733334231419464e-17,1.89933801421667e-16,9.815498886618601e-16,4.934237257515055e-15,2.4071415028462842e-14,1.1321365418901749e-13,5.022622111491998e-21,8.533717855828725e-20,1.2979548735648515e-18,1.7625072754804703e-17,2.1750613147771618e-16,2.497733366427821e-15,2.703760955946515e-14,2.738800511927943e-13,1.4447852296886497e-19,9.069627413165035e-18,4.527498707304697e-16,1.9133224191258395e-14,1.957389767461529e-20,1.5414231653808576e-17,7.226662838603878e-15,2.7162626021904366e-19,7.539143833148274e-15,2.81993533581646e-16,4.678310428524208e-14,1.0961426889633647e-06,6.0387640813854504e-05,0.000119277509274435,0.00017754612056237933,0.00023521217951463812,0.0002922944935944887,0.0003488112333273317,0.0004047798630286413,0.0004602171494666691,0.0005151391871505855
0.005555555555555556,0.0,6.5659832981337575e-22,8.551359028379604e-20,1.4868324107555918e-18,1.1337437141021675e-17,5.5040973954069805e-17,2.008731143656653e-16,6.022219869975979e-16,1.5640500081488346e-15,3.641991305349729e-15,7.78540423171248e-15,1.5540152863520434e-14,2.933315210923219e-14,5.286841350645512e-14,9.167227219237694e-14,1.5383417438460405e-13,2.510103781304888e-13,3.998252914374381e-13,6.239515772211817e-13,9.573157243983991e-13,1.448930305877827e-12,2.169895222364507e-12,1.5641819251918227e-21,4.472018902868186e-21,1.2533697893072344e-20,3.455427565659897e-20,9.3965904808092e-20,2.5260092217537176e-19,6.72391007805101e-19,1.774407715385889e-18,4.645881332422477e-18,1.2073769571320182e-17,3.1146917071042596e-17,7.97448560389851e-17,2.0254434977774664e-16,5.100191778009114e-16,1.2721057283608222e-15,3.139336487686862e-15,7.654062113995367e-15,1.8401469672965658e-14,5.0941002849539153e-23,2.5186023812888414e-22,1.2063840426813327e-21,5.572133376247036e-21,2.4713478654947467e-20,1.0495697202888249e-19,4.266195334778255e-19,1.6630069393281167e-18,6.240758666437002e-18,2.2647640317741514e-17,7.980343738466022e-17,2.7386642522943463e-16,9.16839900093493e-16,2.994778923957566e-15,9.530723566493542e-15,2.945408018454283e-14,8.792818616756766e-14,2.518206814033188e-13,3.226248141474466e-21,2.312531138226165e-20,1.5514775032913607e-19,9.8216991365286e-19,5.9256326401857365e-18,3.43702409523871e-17,1.928261713224894e-16,1.049788156397406e-15,5.54910222674548e-15,2.840151143767895e-14,1.3968086159545875e-13,7.961061872655085e-21,1.4536066236707208e-19,2.3540434582616787e-18,3.3874556622475056e-17,4.4308384023090407e-16,5.396843056751027e-15,6.173975839191506e-14,9.85322922246333e-21,8.130848674612963e-19,5.249303273438109e-17,2.719729872390805e-15,1.2134200703937445e-13,7.304699603444438e-19,5.335720186583328e-16,2.3378700435703594e-13,1.9467276711542209e-16,8.509417008986474e-19,1.1824773465425709e-17,1.2824364474398477e-17,4.703167019102301e-05,0.00010981735320109608,0.00017191779566734188,0.0002333534876995454,0.00029414578736602866,0.0003543153548690601,0.00041388203052954506,0.0004728648385149531,0.0005312820169853719,0.0005891510586265944,0.0006464887424607686,0.0007033111709636086
0.005723905723905724,0.0,7.857916384140508e-22,1.0239381784643083e-19,1.7813064328635364e-18,1.3590583532199031e-17,6.601915523931638e-17,2.410961642433256e-16,7.233502610791606e-16,1.880284925990692e-15,4.3830074018323975e-15,9.381635463333433e-15,1.8756212328881322e-14,3.547229934061371e-14,6.408039776284238e-14,1.1140838665022137e-13,1.8751002478017096e-13,3.0697528768117606e-13,4.908326885923706e-13,7.694873445823272e-13,1.1872975290607887e-12,1.8094193834967092e-12,9.853915948070423e-22,2.9406301754866547e-21,8.58328323222034e-21,2.4602487890674352e-20,6.946959369204158e-20,1.9372430269257489e-19,5.345265398728132e-19,1.4612901421931284e-18,3.961508137028105e-18,1.0654466337172966e-17,2.8430345999917454e-17,7.52507863596992e-17,1.9747123820419858e-16,5.133844892265116e-16,1.321004393848648e-15,3.3600077504085763e-15,8.434111007884158e-15,2.084820324815144e-14,6.574670908240661e-23,3.411065450612538e-22,1.708794884843872e-21,8.223829733778228e-21,3.785809414923093e-20,1.6629763830274483e-19,6.972613422017373e-19,2.798929496006459e-18,1.0806714638952494e-17,4.032994813149653e-17,1.4606936446341818e-16,5.148136128631585e-16,1.7675292824943654e-15,5.90769968742634e-15,1.917165102668845e-14,6.011478670029866e-14,1.8087072428724204e-13,1.7584913514787534e-21,1.3692047373423873e-20,9.920429390364381e-20,6.739821640880811e-19,4.340067454172199e-18,2.675702996271715e-17,1.5907709339477884e-16,9.157021228280353e-16,5.108460306523816e-15,2.754640923795823e-14,1.4242547601466707e-13,8.8104662201227e-21,1.7507974905096326e-19,3.0612401786425668e-18,4.7281694375922743e-17,6.62050527846755e-16,8.615898782725267e-15,1.0478565144685542e-13,2.975544507195171e-20,2.645603052934039e-18,1.8063387430357765e-16,1.0004614457791482e-14,8.559238087120311e-21,1.0742303712128065e-17,7.576154775123067e-15,5.5760986524652465e-19,2.6081787975654286e-14,6.128208113761303e-15,6.183109061182824e-17,2.0844316241257684e-05,8.7791322753337e-05,0.0001539862216105144,0.00021944555515369867,0.0002841934828742002,0.0003482535644508533,0.00041164842774204033,0.0004743997440895538,0.0005365282622072569,0.0005980538578839956,0.0006589955697257516,0.00071937164499433,0.0007791995801510557,0.0008384961545492769,0.0008972774743308314
0.005892255892255892,0.0,9.355268421787741e-22,1.2197022614980026e-19,2.123036076522653e-18,1.6207081796160632e-17,7.877718676572977e-17,2.878803338357646e-16,8.643824477628134e-16,2.2489608216964056e-15,5.2483322678100545e-15,1.1249563433126261e-14,2.2529588666140207e-14,4.269825751900172e-14,7.732592631739008e-14,1.348196498986563e-13,2.276367411355275e-13,3.7400816760426705e-13,6.005518721603505e-13,9.464241242516466e-13,1.4697733692652643e-12,2.257353255019629e-12,1.810041768972118e-21,5.513008521306255e-21,1.645467162895413e-20,4.830539355292235e-20,1.3988140130578336e-19,4.0043149565252215e-19,1.134938572300044e-18,3.1880135507660907e-18,8.87946929436662e-18,2.4524965195945328e-17,6.715374063168081e-17,1.8219349961508015e-16,4.893787355300757e-16,1.2999971548736278e-15,3.4105626413285465e-15,8.821008041962191e-15,2.2438532509773345e-14,7.722274945681808e-23,4.2102984878308587e-22,2.2093109099214994e-21,1.1096895936034894e-20,5.31145764628568e-20,2.41762930705616e-19,1.047633214788045e-18,4.3388519097877824e-18,1.726659413593338e-17,6.636828879689701e-17,2.473814683705e-16,8.96243676629999e-16,3.1573789006032434e-15,1.0798496734374342e-14,3.571127751143195e-14,1.1345638764235451e-13,7.416389781340871e-22,6.33857281374852e-21,5.011156969576877e-20,3.6867860818245347e-19,2.5522717566340596e-18,1.6819320979202457e-17,1.0645260312893318e-16,6.505390407242153e-16,3.84550088942925e-15,2.1944357532616676e-14,1.1997234808191362e-13,6.810296796760113e-21,1.4939633831941208e-19,2.863766969375336e-18,4.8103453391916e-17,7.280439618761519e-16,1.0199170397315804e-14,1.3288462774709794e-13,5.1916804565886926e-20,5.0968086440041464e-18,3.790405487335842e-16,2.2934751257960535e-14,4.869202918381177e-20,6.603772271077337e-17,4.8520385410829834e-14,2.176562730072962e-17,5.746949592993234e-20,9.016922424247757e-19,1.0394695216820725e-12,5.2002492656018385e-05,0.00012258311706108573,0.0001923482339166587,0.0002613241303000725,0.0003295376981751386,0.00039701483347195254,0.00046378032656141025,0.0005298578856865508,0.000595270184655673,0.0006600389162048628,0.0007241848413874766,0.0007877278389146805,0.0008506869512964215,0.0009130804268432896,0.0009749257628571096,0.0010362397417243098,0.001097038467833339
0.006060606060606061,0.0,1.1083414462909325e-21,1.4457815720299952e-19,2.5179408361950945e-18,1.9232797472660194e-17,9.354172266751109e-17,3.4207030117956404e-16,1.0279174744999383e-15,2.677054099608595e-15,6.254911539803181e-15,1.3427384183220804e-14,2.6941569622210134e-14,5.117618542402941e-14,9.292752330932705e-14,1.6251490348017048e-13,2.7533625271639497e-13,4.541579393415969e-13,7.327337787683022e-13,1.1616319231231448e-12,1.8172302914090909e-12,1.0405346631023445e-21,3.314833226725365e-21,1.0321076122682637e-20,3.1546078947201323e-20,9.497081445269956e-20,2.823349747231739e-19,8.3033738213588945e-19,2.418589517243899e-18,6.9814224597848e-18,1.9973289418006235e-17,5.66186036282716e-17,1.58932613292678e-16,4.4139814030965076e-16,1.2114646418486284e-15,3.281034237216864e-15,8.751764046949533e-15,2.293299146540684e-14,8.248716428427481e-23,4.734530304641332e-22,2.60736614282682e-21,1.369621253327793e-20,6.830782324929839e-20,3.228763590515661e-19,1.4490587830386088e-18,6.204153261510273e-18,2.549254153355843e-17,1.0107427741698659e-16,3.881970344551082e-16,1.4470368251537264e-15,5.2337994152495144e-15,1.8319132163284248e-14,6.171377391249107e-14,1.9848467310809776e-13,2.269347899805132e-21,1.980748235266763e-20,1.5956700777752888e-19,1.1984850012392133e-18,8.502044320784554e-18,5.760196064680667e-17,3.754181576899942e-16,2.3614401657648917e-15,1.432458061500062e-14,8.327038596224473e-14,3.66232827218763e-21,9.00131053736728e-20,1.9234959931287217e-18,3.565286570846038e-17,5.894086936644541e-16,8.960646954289345e-15,1.26211774758491e-13,5.2754299985039235e-20,5.8925166167868585e-18,4.912116723331223e-16,3.3079362278081507e-14,1.163503758278609e-19,1.7946178955757812e-16,1.46993366704828e-13,2.0969408455320475e-16,4.693030734524011e-18,2.1666767448958145e-15,1.4015350600581528e-06,7.644569457154946e-05,0.0001508315927728161,0.00022433937151514885,0.0002969992845301755,0.0003688410369927888,0.0004398931067898253,0.000510182699188041,0.0005797357966974094,0.0006485772242058288,0.0007167307040549685,0.000784218917839351,0.000851063562300859,0.0009172853995016586,0.000982904310733419,0.0010479393388054547,0.0011124087332487164,0.0011763299910110957,0.0012397198948003198,0.0013025945491373983
0.006228956228956229,0.0,1.3070016963428474e-21,1.7058353180378274e-19,2.972486579338581e-18,2.2717888406477984e-17,1.1056100295110986e-16,4.045931426868641e-16,1.2168163778288303e-15,3.172277284402178e-15,7.421585335942382e-15,1.595786433082211e-14,3.208389666556113e-14,6.109399197354954e-14,1.1125502772298691e-13,1.951986791684565e-13,3.319250491455965e-13,5.498781193121375e-13,8.919672759434237e-13,1.4236607805049801e-12,2.2454283723706343e-12,1.8617375439343325e-21,6.060239665704261e-21,1.9317695173114194e-20,6.054245061030063e-20,1.8711751602251355e-19,5.715493278997733e-19,1.727756223402767e-18,5.172722221949734e-18,1.5340604161107027e-17,4.505428760921876e-17,1.30956456798692e-16,3.763652312162322e-16,1.0681979331799187e-15,2.9893284799842085e-15,8.231784435037176e-15,2.224556279796563e-14,8.006189379339902e-23,4.847724481214032e-22,2.8082253574454116e-21,1.5464730300686262e-20,8.056729292941115e-20,3.9644472168213194e-19,1.84698073661221e-18,8.191932886817038e-18,3.481706627609485e-17,1.4260969691796525e-16,5.650789883126883e-16,2.1694091982784507e-15,8.061882049485039e-15,2.8890421815468834e-14,9.914796672706697e-14,6.196379221570284e-22,6.045684921818799e-21,5.4038701994542386e-20,4.455897212947464e-19,3.4344929322598196e-18,2.5082233354924605e-17,1.752907959646566e-16,1.1786859182591906e-15,7.633709599038364e-15,4.7415748391950416e-14,1.3595742554291287e-21,3.7972839467093496e-20,9.208310923004276e-19,1.9159112591201466e-17,3.5034516114178554e-16,5.8328184494831386e-15,8.966169810929284e-14,3.119518216951547e-20,4.096873544514545e-18,3.944992278331231e-16,3.0132480297203505e-14,1.1856523725216438e-19,2.226728715377736e-16,2.155699563483723e-13,5.504038822369965e-16,4.068660055650444e-17,1.238136496269302e-13,1.4216242636486873e-05,9.355931821867196e-05,0.0001719400826361904,0.0002493746863811844,0.0003258969451631664,0.0004015396613173613,0.0004763341934100112,0.000550310457429199,0.0006234969902731805,0.0006959210238169647,0.0007676085538951601,0.0008385844094766847,0.000908872316896668,0.0009784949590135859,0.0010474740337397604,0.0011158303050827058,0.0011835836534994024,0.00125075312229045,0.0013173569611688405,0.0013834126671540996,0.0014489370233631534,0.001513946133270754
0.006397306397306397,0.0,1.5345159967488416e-21,2.003846855305677e-19,3.493719197703348e-18,2.67170777884107e-17,1.3010629288506986e-16,4.764642208113464e-16,1.434222911861925e-15,3.7431442518707706e-15,8.769279586564792e-15,1.88888633211881e-14,3.8060084234525225e-14,7.266542656866332e-14,1.3273255780349958e-13,2.336875452544585e-13,3.989550707287996e-13,6.641251965920486e-13,1.0838926618692652e-12,1.7431809284105551e-12,9.74150470022056e-22,3.324050815263107e-21,1.1072764948071802e-20,3.618263087356027e-20,1.1640603372382194e-19,3.6966865079432815e-19,1.1607919822685915e-18,3.607518214257991e-18,1.1099466680892585e-17,3.3801474717020446e-17,1.0181938205673277e-16,3.0308339617398637e-16,8.903741672137967e-16,2.577223813286514e-15,7.334750006004863e-15,2.0467072484097413e-14,7.053350096341173e-23,4.5158144218074365e-22,2.758785360061398e-21,1.597154306651494e-20,8.716581604163003e-20,4.477327038084358e-19,2.1707514912409144e-18,9.995455305524597e-18,4.4023387720525874e-17,1.8657226145320653e-16,7.637196056390869e-16,3.023204275315696e-15,1.1554143067458188e-14,4.242438356047967e-14,1.484058433906867e-13,1.401176748617211e-21,1.4099247765277962e-20,1.2953755220669668e-19,1.0984312769433672e-18,8.728145287095467e-18,6.585802520650024e-17,4.75913403572196e-16,3.305429620161868e-15,2.2029692372724724e-14,1.3961869840119525e-13,1.1074598014178897e-20,3.101527112513902e-19,7.39176336677233e-18,1.5195866908579142e-16,2.8008470127044553e-15,4.741912924869655e-14,1.0633823114903731e-20,1.697162398545355e-18,1.9544049542635685e-16,1.7302185487366642e-14,5.1478155493739214e-20,1.2686032108774141e-16,1.5415425237831855e-13,4.13025233085007e-16,4.1898265960137126e-17,2.7869432310496705e-13,1.908085380767565e-05,0.00010270722835201888,0.00018528690030608034,0.00026684553795133754,0.0003474207083461246,0.0004270486729833146,0.0005057640356854939,0.0005835997645028528,0.0006605872695384383,0.0007367564888108723,0.0008121359698941114,0.0008867529497947002,0.0009606334254732789,0.00103380222922598,0.001106283087747438,0.0011780986850329323,0.0012492707187575294,0.0013198199532313633,0.0013897662690232678,0.0014591287094652128,0.0015279255244807508,0.0015961742104577143,0.0016638915505146946,0.001731093649026152
0.0065656565656565654,0.0,1.7941487166410324e-21,2.3441426158055176e-19,4.089299390712963e-18,3.1289937581222873e-17,1.5247338839726272e-16,5.587934141339278e-16,1.6835857109529775e-15,4.399041666186029e-15,1.0321219031390753e-14,2.2273921184877095e-14,4.498691156273604e-14,8.613359771114591e-14,1.5784668192906137e-13,2.789303986288156e-13,4.782658656851092e-13,8.004817083050864e-13,1.3154660617836687e-12,2.1335386348166413e-12,1.69894132577754e-21,5.928840144262371e-21,2.0238042027299342e-20,6.787296811116845e-20,2.243571468964817e-19,7.325292345195966e-19,2.3652908816693845e-18,7.55649083016044e-18,2.3881773142576937e-17,7.461919835584957e-17,2.3026900184014613e-16,7.008779848503591e-16,2.10058045816343e-15,6.185689180004383e-15,1.784615519926489e-14,5.63273657207908e-23,3.822790742102801e-22,2.469889612001045e-21,1.5078685512543296e-20,8.648146728247824e-20,4.651161062535521e-19,2.353095192498889e-18,1.1274622567172766e-17,5.15583549674525e-17,2.26456758735951e-16,9.590201169908531e-16,3.919538368239687e-15,1.5424663992234827e-14,5.809832297534428e-14,2.0740521962333411e-13,2.778410605928544e-21,2.892742595772358e-20,2.7431764435738e-19,2.4027208236297433e-18,1.9758298515767732e-17,1.5447602546168533e-16,1.1563704656280516e-15,8.301320260842054e-15,5.686750598475244e-14,2.199155712590451e-21,7.217601750188172e-20,2.0144809096767976e-18,4.757662633644037e-17,9.85012546505073e-16,1.853760988566743e-14,2.0563838424505535e-21,4.1041374876769086e-19,5.889548393641252e-17,6.215210219121533e-15,9.362058389666475e-21,3.2508003857641e-17,5.329195015882974e-14,8.704211209930432e-17,5.1166380386432914e-18,2.7727788499581313e-14,1.509797434367958e-05,0.00010322347777492391,0.00019022188026554833,0.00027611648847939655,0.0003609489558824229,0.00044475944375623497,0.0005275862246886411,0.0006094657150983476,0.0006904325675732196,0.000770519770653818,0.0008497587441701604,0.0009281794310626924,0.0010058103803471813,0.0010826788310151153,0.001158810782549623,0.001234231066017283,0.001308963408760377,0.0013830304949843453,0.001456454022431849,0.0015292547558099642,0.0016014525745994806,0.001673066522882451,0.0017441148501713907,0.0018146150533141561,0.001884583914862152,0.001954037539139039
0.006734006734006734,0.0,2.0894343831738932e-21,2.7314116070427205e-19,4.767538594661736e-18,3.650118262453889e-17,1.7798419096542626e-16,6.527917182140886e-16,1.9686821752694854e-15,5.150307396479329e-15,1.2103164668979618e-14,2.6172919752810052e-14,5.2996107571492695e-14,1.0177499316588275e-13,1.8715615364099183e-13,3.320339648903258e-13,5.720504406889625e-13,9.63308168306238e-13,1.595287613117838e-12,8.066953998387636e-22,2.958473561741673e-21,1.0573625354534133e-20,3.703070627184075e-20,1.2758516045336196e-19,4.3362029473162225e-19,1.4561090168352413e-18,4.834631955087461e-18,1.5871249188950264e-17,5.148541380795659e-17,1.6487026773554902e-16,5.204650060458015e-16,1.616900334330549e-15,4.932504756658838e-15,1.4733014019107752e-14,4.071072926972244e-23,2.9365858168333696e-22,2.0126333609245626e-21,1.3000440008290734e-20,7.863038772558679e-20,4.442701098741412e-19,2.3523382794934485e-18,1.1757516249338384e-17,5.594091916066939e-17,2.5509816805764107e-16,1.1194261807946066e-15,4.730790115061035e-15,1.9199381561529813e-14,7.430272150284682e-14,4.043851946692079e-22,4.8487282572960474e-21,5.2435869258894215e-20,5.1542743921986715e-19,4.6821061457189196e-18,3.997621821753028e-17,3.2460995705283994e-16,2.5209256570702295e-15,1.8712750357990986e-14,1.315636313661569e-13,1.1362681851290576e-20,3.7886318840013336e-19,1.056192844205425e-17,2.5088036644826907e-16,5.309884695049995e-15,1.0230111960456578e-13,5.627610083137416e-20,1.0507625966189932e-17,1.3770308834112569e-15,1.4152131519301087e-13,3.573643281036878e-18,8.690538110171844e-15,4.7539571692592774e-18,6.598900806825028e-20,8.673447916808842e-17,1.7664419296572828e-06,9.44077905511717e-05,0.00018606250417320985,0.0002765217212970816,0.0003658315393890057,0.00045403653248420723,0.0005411791345200958,0.0006272996706331993,0.0007124364641314328,0.0007966259523462369,0.0008799027975737715,0.0009622999932951927,0.0010438489609590834,0.0011245796454589887,0.0012045205977286569,0.0012836990560348147,0.0013621410203651244,0.001439871321944228,0.001516913688149886,0.0015932908034479454,0.0016690243647571729,0.001744135136895502,0.0018186430002104478,0.00189256699782972,0.001965925379244461,0.00203873564121681,0.002111014566189702,0.0021827782583709984
0.006902356902356903,0.0,2.4241922622868897e-21,3.170725485182351e-19,5.537436072734132e-18,4.242097574409284e-17,2.0698835590542567e-16,7.597782491717758e-16,2.293644269553857e-15,6.008316777654408e-15,1.414367871421527e-14,3.065282588247062e-14,6.22362524992285e-14,1.1990410384128734e-13,2.2130370611477866e-13,3.9429495968901906e-13,6.82937198694277e-13,1.1579294110426089e-12,1.934011275353782e-12,1.3718542821356016e-21,5.1485769287654435e-21,1.8869683241879312e-20,6.787339619282733e-20,2.404276610284819e-19,8.405311809409555e-19,2.9031717941247252e-18,9.908883323902338e-18,3.340398878553584e-17,1.111121229638528e-16,3.6417598606021073e-16,1.1740535285702056e-15,3.714819499531221e-15,1.1503138545597664e-14,2.6580502842502766e-23,2.0434132682436582e-22,1.4902734984361382e-21,1.0221273214592928e-20,6.544092136707706e-20,3.8987368133562444e-19,2.1675796792230843e-18,1.1332724552805692e-17,5.622711840756541e-17,2.667164792228866e-16,1.214902969658036e-15,5.318079480485407e-15,2.2298154053640022e-14,8.884653645470795e-14,5.942811076943368e-22,7.469684069119161e-21,8.426261943029979e-20,8.621687314212004e-19,8.152183687806986e-18,7.247390978646346e-17,6.124767800380589e-16,4.941267076752326e-15,3.7940702905793776e-14,1.18622602642559e-21,4.7807093302555896e-20,1.6175672025170001e-18,4.5443216719283065e-17,1.1018335305577084e-15,2.4041019974181047e-14,4.243631672284576e-21,1.0637096842746308e-18,1.8342510349145865e-16,2.318699413553918e-14,1.5822470810091964e-19,6.361438759410722e-16,6.039469232748541e-20,3.131955706065321e-14,2.2058361377162297e-13,5.347948344081336e-19,7.55208342465158e-05,0.0001720894072688268,0.0002673608782454433,0.00036138592407546365,0.000454214110122668,0.0005458926046759506,0.0006364661774746039,0.0007259773205578493,0.0008144663823713097,0.0009019716967024553,0.0009885297061384027,0.001074175074738529,0.001158940798046804,0.0012428582991957477,0.0013259575225537644,0.0014082670194985544,0.0014898140284242006,0.0015706245493289546,0.0016507234136177197,0.0017301343479693462,0.0018088800369358855,0.001886982178006506,0.0019644615352497953,0.0020413379889485353,0.0021176305821171007,0.002193357564117121,0.002268536431576892,0.002343183966805729,0.0024173162738799613
0.007070707070707071,0.0,2.6564537490762292e-21,3.475028860641741e-19,6.072357711243473e-18,4.6547639670118133e-17,2.2728583714057096e-16,8.350166095903991e-16,2.5236580509790115e-15,6.621012359482455e-15,1.5618564748167765e-14,3.394467511492649e-14,6.917622534626886e-14,1.3391432383559584e-13,2.486770264103176e-13,4.4654017729448667e-13,7.810935681274397e-13,1.3401747417197319e-12,4.977500127317831e-22,1.9126950080181714e-21,7.33128445554241e-21,2.7656791218399093e-20,1.0262113204744879e-19,3.7516914147637265e-19,1.3532375482703705e-18,4.8185044844149076e-18,1.693290538964672e-17,5.867498719759854e-17,2.0021622877219876e-16,6.716297455104699e-16,2.2101778251269644e-15,7.115687565064447e-15,7.45264287194345e-23,1.5776300489079177e-22,7.782876525919819e-22,5.274708991270031e-21,3.57528228247485e-20,2.275374002331248e-19,1.350900890412163e-18,7.52789864396558e-18,3.97151564861445e-17,1.997584872762973e-16,9.616087760644933e-16,4.4324496546120356e-15,1.949840593424718e-14,8.121454812012543e-14,6.552767473187271e-22,7.096672486452095e-21,8.48362794158536e-20,9.346903666053617e-19,9.509928070224804e-18,9.064947276620195e-17,8.169348648208269e-16,6.9812428282216426e-15,5.6311889134651327e-14,2.8750190636025202e-21,1.1234586629123909e-19,4.007965508046522e-18,1.1958509021043605e-16,3.1153158674863735e-15,7.266791054581164e-14,3.7420141013876146e-20,9.558053401407872e-18,1.686929423109172e-15,2.4019652994263492e-21,1.2310958225058997e-17,4.200426614833313e-14,1.5373098933114326e-16,7.726556270145402e-17,4.004880085561752e-17,4.576894598987019e-05,0.00014753768561001832,0.0002478921130018171,0.00034689117929385477,0.00044459059988108564,0.0005410430859634943,0.0006362985306785783,0.0007304042008010259,0.0008234049077588474,0.000915343163372516,0.0010062593267076753,0.0010961917365074814,0.001185176839792507,0.001273249303743538,0.0013604421244580132,0.0014467867262858024,0.0015323130542958469,0.0016170496603106852,0.0017010237832135492,0.0017842614226281255,0.0018667874102585643,0.0019486254733735997,0.002029798296020928,0.0021103275757179615,0.0021902340765005248,0.0022695376785896583,0.0023482574249222093,0.0024264115647727844,0.002504017594676665,0.0025810922968464134,0.002657651775259418
0.007239057239057239,0.0,3.228915612171992e-21,4.2278122463392253e-19,7.391872831088637e-18,5.669600799306382e-17,2.770246019914706e-16,1.018578191975652e-15,3.0816359501038138e-15,8.095835437236458e-15,1.9130476128684727e-14,4.166376141671338e-14,8.510113178513839e-14,1.6510663656844819e-13,3.071943902662993e-13,5.52677958955491e-13,9.693330981453046e-13,1.6701025380526802e-12,9.768987876955882e-22,3.956162922882064e-21,1.5610080012658358e-20,6.0357644731352e-20,2.295673499534029e-19,8.608182358384579e-19,3.185287980431797e-18,1.1630357740772273e-17,4.186857128594118e-17,1.4840304431216055e-16,5.169958786215296e-16,1.7663376667863075e-15,5.902127641411854e-15,1.9217473279821676e-14,7.291784687000375e-23,6.079371703477012e-22,4.75325352660395e-21,3.452175120927104e-20,2.3153806569881666e-19,1.4355494586539059e-18,8.291155923639781e-18,4.508166760140813e-17,2.3291164850745916e-16,1.1498821753939613e-15,5.432123886245231e-15,2.4468397877882972e-14,1.041302498705873e-13,8.781692113415286e-22,1.2299996669627073e-20,1.5306438931274551e-19,1.7178140105369695e-18,1.7773259189263993e-17,1.7261451348750487e-16,1.589350888133653e-15,1.3897690462336234e-14,1.1442409897937004e-13,1.0800103933207548e-20,4.695513098483694e-19,1.6600795877818792e-17,4.905121006303888e-16,1.277903865182685e-14,1.653151896466036e-21,5.716830035926547e-19,1.3226914249254872e-16,2.15075680137333e-14,2.0328581674411741e-19,1.177151033752746e-15,3.484234638736984e-19,2.5488169618275054e-13,1.7246875228197182e-17,4.456796830358239e-06,0.00011160816936639995,0.0002173368328768838,0.0003215902738584907,0.0004244298018150963,0.0005259141364934433,0.0006260989201661401,0.0007250368241495889,0.0008227777268275654,0.0009193688852999711,0.0010148551049517678,0.0011092788920599973,0.0012026806040108804,0.0012950985783495008,0.0013865692594059772,0.0014771273134033408,0.0015668057355015155,0.0016556359492499925,0.0017436478992416354,0.0018308701361700224,0.0019173298986371143,0.0020030531862999224,0.002088064830004317,0.002172388556709507,0.002256047050149444,0.0023390620075432592,0.0024214541926480784,0.00250324348542533,0.002584448928569651,0.002665088771129035,0.0027451805094260997,0.002824740925762265,0.002903786123213017
0.007407407407407408,0.0,3.708079959161926e-21,4.857830428923674e-19,8.498200154750049e-18,6.522172007969674e-17,3.1891071530680103e-16,1.1736398604589458e-15,3.554965717660337e-15,9.354188848777685e-15,2.2150728089014074e-14,4.837217740083055e-14,9.912806857586289e-14,1.930524428730347e-13,3.607917813586197e-13,6.527568446013261e-13,1.1532944975251416e-12,2.0054645094610136e-12,1.6184276639423026e-21,6.7184832194294696e-21,2.722774547397161e-20,1.0827317954113039e-19,4.2380647183224026e-19,1.6354496766324926e-18,6.22400740229478e-18,2.3345176911534903e-17,8.619039480224293e-17,3.126723238509061e-16,1.1121068746186629e-15,3.867822914735032e-15,1.3107732231418853e-14,3.721080582509208e-23,3.3324912615988795e-22,2.7973170399892634e-21,2.177774235736986e-20,1.5605370478252359e-19,1.0285199431587612e-18,6.278899044026049e-18,3.590358244328373e-17,1.9431126085468537e-16,1.0020316733358016e-15,4.9336100161381166e-15,2.3116798805214635e-14,1.0211364244866544e-13,8.84365215837473e-22,1.3179272349501467e-20,1.7352893114036652e-19,2.052057770567175e-18,2.2314243953724977e-17,2.2734556537495214e-16,2.1915548856433387e-15,2.0002331144484283e-14,4.449012412483515e-22,2.4498931668714233e-20,1.1125260534883245e-18,4.071759099584733e-17,1.2532877847122769e-15,3.414878608723208e-14,1.16830355770661e-20,4.081835592375349e-18,9.2533875053511e-16,1.5368664114218597e-13,8.779670563069255e-18,4.141597184588771e-14,2.553654157796868e-16,4.037065534658032e-16,2.5353608372404665e-14,6.342683362471822e-05,0.000174852158073406,0.0002846687694967924,0.00039294320511166163,0.0004997411659534763,0.0006051249475851835,0.0007091534512166595,0.0008118823724653225,0.0009133644048525173,0.0010136494346733368,0.001112784724037316,0.0012108150796664883,0.001307783011092363,0.0014037288746921483,0.0014986910086482654,0.001592705857423938,0.0016858080872128721,0.0017780306932910059,0.0018694050984544035,0.0019599612473959614,0.002049727691087339,0.0021387316674718725,0.0022269991760582226,0.0023145550475060896,0.0024014230085787525,0.002487625742814173,0.0025731849472389913,0.002658121385422773,0.002742454937144933,0.0028262046454079325,0.002909388757890438,0.0029920247715762185,0.003074129468265704,0.003155718951566876
0.007575757575757576,0.0,4.0088456265541055e-21,5.253296988198238e-19,9.195365948005672e-18,7.061770128215497e-17,3.455626302132572e-16,1.2730016087351786e-15,3.86123221927257e-15,1.017963776472141e-14,2.4170294575482673e-14,5.297684906925245e-14,1.0909654408971201e-13,2.138292862133129e-13,4.0297027371534464e-13,7.36926715890204e-13,1.3190636402344177e-12,5.14866059770632e-22,2.1948517010354153e-21,9.332950606405945e-21,3.9017640842331927e-20,1.6029805801496087e-19,6.481476995167626e-19,2.5813745946587146e-18,1.01242955533029e-17,3.9062195654680903e-17,1.4801710194297737e-16,5.497021803417988e-16,1.9957564140771315e-15,7.060971969126567e-15,7.576642070793689e-23,1.8353070078885606e-22,1.123015498288157e-21,8.946158708786981e-21,6.898450876197384e-20,4.914861994281792e-19,3.2355553686927057e-18,1.987770959662109e-17,1.1512621442818493e-16,6.327569548866794e-16,3.3074751068284955e-15,1.6398327317637487e-14,7.6463951355988e-14,6.656299159435906e-22,8.70958390077366e-21,1.2408484771198291e-19,1.6039052124290786e-18,1.8975891093391884e-17,2.089547853130076e-16,2.160813795860606e-15,2.099558684724976e-14,7.8340075161527185e-22,3.131745764734739e-20,1.5397293612836197e-18,6.14694303660422e-17,2.0748390684306943e-15,6.156790692853082e-14,3.924844085678274e-20,1.476692509668251e-17,3.6543964517526054e-15,1.2675887408904185e-20,1.4627600742106555e-16,1.9553254023129635e-20,4.371795477415786e-14,6.072914260517582e-19,2.0611204916113663e-06,0.000119539272740994,0.00023526013404262386,0.00034929351779882045,0.0004617139044686565,0.0005725914519756777,0.0006819923081818293,0.0007899788916846043,0.0008966101529002971,0.0010019418099051981,0.0011060265680809232,0.0012089143196602904,0.0013106523312620578,0.0014112854122792246,0.001510856073415041,0.001609404672118598,0.0017069695472087603,0.0018035871438076944,0.0018992921275927275,0.0019941174943184726,0.0020880946673182987,0.002181253590747326,0.002273622815574106,0.002365229579667206,0.002456099882427369,0.002546258554388704,0.0026357293221786395,0.0027245348691932562,0.0028126968923140477,0.002900236155420259,0.002987172537011459,0.003073525080245666,0.0031593120338044285,0.003244550893678065,0.003329258441568427,0.003413450780968939
0.007744107744107744,0.0,4.845589393881784e-21,6.354912135532645e-19,1.1129842135312697e-17,8.552609796069931e-17,4.1881493404862906e-16,1.544251463294307e-15,4.6896047513131294e-15,1.2383128592063431e-14,2.946084013480695e-14,6.471983074645408e-14,1.3357731827466502e-13,2.623003384212226e-13,4.951405135874549e-13,9.076067287691467e-13,1.631049924682089e-12,9.872702137510192e-22,4.439472973365467e-21,1.943157539679612e-20,8.329101081830746e-20,3.5089644513942656e-19,1.4554274042998129e-18,5.944573655039446e-18,2.3888132848128612e-17,9.429004255400621e-17,3.647911344624328e-16,1.379752780161812e-15,5.085812274015549e-15,1.8192383796911773e-14,7.270114407439679e-23,7.106338168442052e-22,6.437964799393108e-21,5.345142704533126e-20,4.043630522615334e-19,2.797273093864093e-18,1.7895080755872194e-17,1.0725198631723266e-16,6.080860931525732e-16,3.2757403509889967e-15,1.6737458553472056e-14,8.040456586169957e-14,6.145466458411331e-22,1.0554598614133812e-20,1.5814525382431814e-19,2.103495389880855e-18,2.5512825571838214e-17,2.8824894324058656e-16,3.066078198414728e-15,3.0691557640270273e-14,1.1501917283712169e-21,7.283171496721753e-20,3.688148422274889e-18,1.4876620333258886e-16,5.083718404443345e-15,1.5304099303475697e-13,2.377848459379525e-19,8.56917234500766e-17,2.0320661802217614e-14,3.289787192269703e-19,3.2302639662713285e-15,5.482368878805332e-18,2.132986059911031e-18,3.4851838285089544e-19,5.04512929540708e-05,0.00017244219337132327,0.0002925893227461941,0.0004109706951411596,0.000527664875317209,0.0006427461948194754,0.0007562847523850838,0.0008683466723509102,0.000978994358874765,0.0010882867540336126,0.001196279569034347,0.0013030255069415512,0.0014085744577282766,0.0015129736853232636,0.0016162679977593172,0.0017184999045364274,0.0018197097624669959,0.0019199359085124816,0.002019214787603025,0.0021175810653810147,0.0022150677363982265,0.002311706223557915,0.002407526470577608,0.002502557028011776,0.0025968251333440356,0.002690356785618051,0.0027831768150359567,0.0028753089479154944,0.0029667758678188654,0.0030575992702190215,0.00314779991907437,0.0032373976937210137,0.003326411636275815,0.0034148599952424957,0.0035027602664256044,0.0035901292313417466,0.003676982993303612
0.007912457912457913,0.0,5.515265293179113e-21,7.237103479858893e-19,1.2682165563762714e-17,9.751707885555967e-17,4.779046070692558e-16,1.7639256378159743e-15,5.364227788764859e-15,1.4191904555886922e-14,3.3851380269872395e-14,7.460716201039205e-14,1.5457800404594153e-13,3.0491119888544445e-13,5.788613182854636e-13,1.0691334516951838e-12,1.9399734589352638e-12,1.5944224508731346e-21,7.358675100644125e-21,3.3120568692623826e-20,1.4614353063960515e-19,6.339817964831135e-19,2.706437603958117e-18,1.1364145767315079e-17,4.686654037469255e-17,1.8943989268636139e-16,7.486182345769475e-16,2.8834187064893777e-15,1.078248037558665e-14,2.875229099456512e-23,3.0467576729299774e-22,2.9948634169021566e-21,2.6964104808101947e-20,2.2042543321505875e-19,1.6368986291146702e-18,1.1154961527948959e-17,7.074572861499788e-17,4.224422417719549e-16,2.3896267806652897e-15,1.2800684744756245e-14,6.442681431070022e-14,4.228463516819768e-22,7.872260320308974e-21,1.2698603761823694e-19,1.804359543523872e-18,2.323606328285505e-17,2.7760020140201865e-16,3.113233481165965e-15,3.276520865513751e-14,1.4002558744510637e-21,9.609363497767937e-20,5.208456247271068e-18,2.2350317380092383e-16,8.122336284209625e-15,1.1547365510338572e-21,6.975991852069164e-19,2.6128940004723907e-16,6.552534502631039e-14,3.34342381254735e-18,3.0650832620821525e-14,3.7681580632784715e-16,3.3774137925027483e-15,3.970014759806236e-15,9.520413794928332e-05,0.00022185966311206917,0.0003465775934507344,0.0004694453289052836,0.0005905466880266316,0.0007099607014301783,0.0008277618030370984,0.0009440201302405423,0.0010588018179872006,0.0011721692778290304,0.0012841814537172013,0.0013948940605585892,0.001504359800391765,0.0016126285638240806,0.0017197476148446236,0.0018257617613661214,0.0019307135128448724,0.0020346432250294556,0.0021375892359660914,0.002239587989420187,0.002340674150851944,0.0024408807145528495,0.0025402391031469585,0.002638779260072242,0.0027365297356094116,0.002833517766976349,0.0029297693529598164,0.0030253093235141667,0.003120161404960157,0.0032143482795707495,0.003307891644156655,0.0034008122616422842,0.0034931300111999248,0.003584863934770605,0.003676032280679859,0.0037666525445563723,0.003856741507745395,0.003946315273393716
0.00808080808080808,0.0,5.890308507972987e-21,7.732019485807432e-19,1.3557461424143631e-17,1.0431794689662708e-16,5.116707370589313e-16,1.8907631212957603e-15,5.759588854253878e-15,1.5274942990090548e-14,3.656095248616139e-14,8.096460594496817e-14,1.6883064434385615e-13,3.3588987320761954e-13,6.448900343127835e-13,1.2077711520571718e-12,4.459096265059734e-22,2.106521265104089e-21,9.970268018511702e-21,4.636569512276894e-20,2.1161169829916702e-19,9.488611779346956e-19,4.1807146347597305e-18,1.8081860588888046e-17,7.662555644147655e-17,3.1739317313558473e-16,1.2813727250270436e-15,5.024459257300684e-15,7.012827748746713e-23,1.4939354539261334e-22,9.542597996345073e-22,8.79542664695606e-21,7.836419624181222e-20,6.369399697160012e-19,4.7305485184644356e-18,3.251354941011684e-17,2.0925891588162882e-16,1.269635707746174e-15,7.267673556368202e-15,3.901649032292944e-14,3.09272365698072e-22,3.653296420246867e-21,6.360627040510614e-20,1.004273595310459e-18,1.426520953930448e-17,1.8622333030147884e-16,2.2613385685864493e-15,2.5571131799454326e-14,1.2003601965716713e-21,7.217645888166558e-20,4.39424209272023e-18,2.1197255690966337e-16,8.611600091372432e-15,1.9354282401092757e-21,1.0283624863572502e-18,4.445018915396369e-16,1.2895002604366475e-13,1.3898019428251566e-17,1.4450855347393012e-13,7.682787483803499e-15,4.731448980166886e-20,2.4534025838132137e-06,0.0001360554961285885,0.000267528740621012,0.000396966202060099,0.0005244633532203038,0.000650109787479403,0.0007739896655644471,0.0008961821207468095,0.0010167616292672092,0.0011357983481285858,0.0012533584210735564,0.0013695042669638554,0.0014842948333538112,0.0015977858366837212,0.0017100299804061667,0.0018210771559207266,0.001930974627931548,0.0020397672038635667,0.002147497393687566,0.002254205553479657,0.0023599300208176637,0.002464707239388557,0.002568571874506607,0.0026715569202858404,0.0027736937991562037,0.0028750124543524672,0.0029755414359476456,0.0030753079809504452,0.00317433808820675,0.0032726565867942418,0.003370287203060747,0.003467252619649069,0.0035635745327366034,0.0036592737050806005,0.003754370015680464,0.0038488825063043067,0.003942829425107494,0.004036228267552642,0.004129095814823657,0.004221448169910954
0.008249158249158249,0.0,7.087743275657878e-21,9.310616958771954e-19,1.6334632637573884e-17,1.2576628488951581e-16,6.173480146690607e-16,2.283595927259525e-15,6.965875861651731e-15,1.8507963066607176e-14,4.439739217793689e-14,9.85432510038469e-14,2.058733179543785e-13,4.101673365353093e-13,7.889404531168475e-13,1.482681934267905e-12,8.2899906029911255e-22,4.161079507436468e-21,2.0292014913839842e-20,9.67775818718916e-20,4.529781735490799e-19,2.083210282394567e-18,9.407908038411155e-18,4.1649175113854104e-17,1.8030784759834153e-16,7.611199813089569e-16,3.1219361794384654e-15,1.2388045914421084e-14,3.980676166282026e-23,4.650400014031334e-22,4.988387972485217e-21,4.8455931271630266e-20,4.2296757822866553e-19,3.331322297069556e-18,2.400602123073569e-17,1.6077685119036263e-16,1.0117533124610444e-15,6.005001847150932e-15,3.3466874799783047e-14,1.727087947994931e-13,3.008597733860465e-21,5.746001943388846e-20,9.483722458538717e-19,1.3945229049954295e-17,1.8807287456058583e-16,2.364111603822187e-15,2.7751390328146902e-14,1.1939831924715665e-21,9.879565454171844e-20,6.328064244487286e-18,3.1521482067623875e-16,1.3174518537575396e-14,3.638414657976276e-21,2.6587171528227835e-18,1.1440650386196356e-15,3.04543432508736e-21,8.838079483525683e-17,2.579884005221193e-20,1.6633383227813224e-13,6.841205514768904e-16,3.4062343726257045e-05,0.00017274021060742573,0.000309186066048193,0.0004434953922492597,0.0005757692711756273,0.0007061029960063348,0.0008345860928172444,0.0009613026942368662,0.001086331917415741,0.0012097482294336805,0.0013316217800871208,0.001452018711535963,0.001571001437908369,0.0016886289049614716,0.0018049568274506886,0.0019200379074290053,0.0020339220352575326,0.002146656474018668,0.0022582860312872076,0.00236885321562929,0.002478398382524069,0.002586959868958611,0.0026945741180675682,0.0028012757946548118,0.002907097892362558,0.003012071833183141,0.0031162275599438695,0.0032195936226512827,0.003322197257167307,0.003424064462293666,0.0035252200674192845,0.003625687798101228,0.003725490336725005,0.0038246493792126832,0.0039231856880735825,0.004021119142068719,0.004118468782738015,0.004215252858018786,0.004311488863165387,0.004407193579162776,0.004502383108811211
0.008417508417508417,0.0,8.004315841102407e-21,1.0520379127029441e-18,1.8467817397275944e-17,1.4228564304959354e-16,6.990315926564045e-16,2.5887862205846464e-15,7.910038622467624e-15,2.106578225311061e-14,5.069000293434135e-14,1.1293939022980424e-13,2.370086782595017e-13,4.748386518051833e-13,9.202147877578886e-13,1.7464442419222756e-12,1.3051749823966803e-21,6.729911502589869e-21,3.3777516723206116e-20,1.6594459919291947e-19,8.000781317232048e-19,3.786732988378709e-18,1.7571140950723598e-17,7.975298289124196e-17,3.530685310886224e-16,1.5194517574202714e-15,6.330909297155632e-15,1.2043798678954989e-23,1.5398018367278774e-22,1.812335083425081e-21,1.9341462147504908e-20,1.8495768994078167e-19,1.5833223155895307e-18,1.2275581469123106e-17,8.767915677045975e-17,5.849978086201696e-16,3.670238478768169e-15,2.1611527595352197e-14,1.180216940237535e-13,1.5311599093158388e-21,3.219876581269064e-20,5.789015039431661e-19,9.167454356730361e-18,1.3209568583831729e-16,1.7659527804545932e-15,2.19952075405743e-14,8.352130399392739e-22,7.695842453660158e-20,5.449638706475589e-18,2.9635334440460024e-16,1.3399187104566195e-14,4.2463228783733454e-21,3.5003901382696125e-18,1.6643292212363966e-15,7.429090409853081e-21,2.407818718425013e-16,2.0775877184875646e-19,8.861383847892674e-20,4.498896109334659e-13,6.101539881628004e-05,0.00020495904430771047,0.0003465468572395113,0.0004858891714787927,0.0006230941742893364,0.0007582635582062696,0.0008914927373432959,0.0010228712784656265,0.0011524833268031069,0.001280408006449782,0.001406719786768269,0.0015314888198651566,0.0016547812476187453,0.0017766594843889438,0.0018971824757858923,0.0020164059365342644,0.0021343825676202466,0.0022511622594643937,0.0023667922749953953,0.0024813174210499274,0.0025947802058264077,0.00270722098441362,0.002818678093410911,0.002929187975575609,0.0030387852953471565,0.0031475030460170286,0.0032553726496322836,0.0033624240477094346,0.0034686857903336453,0.0035741851138034585,0.003678948016050542,0.0037829993262216504,0.0038863627696272677,0.003989061028409674,0.004091115798254459,0.004192547841442647,0.00429337703651556,0.004393622424802044,0.004493302254036724,0.0045924340192793475,0.004691034501327991,0.004789119802803451
0.008585858585858586,0.0,8.4539908995677e-21,1.1116073712244071e-18,1.952530361218702e-17,1.5054098531431978e-16,7.402965043090785e-16,2.745389672661039e-15,8.405866020240145e-15,2.245511618499284e-14,5.427307864506759e-14,1.2167114558805975e-13,2.5749562952471684e-13,5.217882172135423e-13,1.0259610883722458e-12,3.2308514824108046e-22,1.6821605495306614e-21,8.886598505419379e-21,4.6136013690436484e-20,2.3467775887529394e-19,1.170139049049748e-18,5.716096323487276e-18,2.7306742903149404e-17,1.272324949724602e-16,5.76385091154216e-16,2.529396540126975e-15,1.070243065484795e-14,9.740062292797238e-23,4.8268662831057115e-22,4.963416359683936e-21,5.2153883354582014e-20,4.954932735003818e-19,4.239916565231981e-18,3.3163400915403794e-17,2.4058361277579326e-16,1.6319261485613792e-15,1.0355515295569307e-14,6.095885153023973e-14,5.942904448153171e-22,1.1021264765883421e-20,2.2318525814884723e-19,3.976313179171438e-18,6.36280107943451e-17,9.335546656813057e-16,1.2647534459628584e-14,5.837231560743957e-22,3.3943937692348726e-20,2.786354108392162e-18,1.7550563086437322e-16,9.057645582414314e-15,2.799123221159906e-21,2.376555406742803e-18,1.393462369609525e-15,7.702228093648731e-21,2.9903565805467514e-16,4.745917189151975e-19,7.54468640564355e-19,6.80332032911381e-17,8.302924093151041e-05,0.00023242184958668046,0.0003793274945235278,0.0005238705903652301,0.0006661673881997854,0.0008063266345092589,0.0009444501666011555,0.0010806334536944218,0.0012149660868483276,0.0013475322222579603,0.0014784109922092142,0.001607676869869115,0.0017354000092684324,0.0018616465536907764,0.0019864789182529267,0.002109956049095051,0.002232133660425802,0.002353064454262172,0.0024727983202632005,0.002591382521259596,0.0027088618638812117,0.0028252788560735637,0.0029406738526500946,0.003055085189923618,0.0031685493103602662,0.0032811008781078806,0.0033927728864126204,0.003503596756029253,0.003613602429623445,0.00372281845626961,0.0038312720720414008,0.003938989274632765,0.004045994892951063,0.004152312652070917,0.004257965233904687,0.004362974333915041,0.004467360714167473,0.004571144252995264,0.004674343991526583,0.004776978177302616,0.004879064305196668,0.004980619155827175,0.005081658831641811
0.008754208754208754,0.0,1.0135915758413551e-20,1.3336592655983173e-18,2.343906867719635e-17,1.8083507664029862e-16,8.90014608418498e-16,3.3044235496831484e-15,1.0133642517277653e-14,2.7126483289432908e-14,6.571502895262208e-14,1.4761816594411085e-13,3.128138596653267e-13,6.346630127440082e-13,1.2511960134834746e-12,5.749477340265911e-22,3.2387272354549658e-21,1.7672466202038145e-20,9.411648140465362e-20,4.909300537605042e-19,2.5098175259698e-18,1.2558820645826301e-17,6.135147739629847e-17,2.9165197541909306e-16,1.3441900174947052e-15,5.9798295979510995e-15,1.1689630685441796e-23,1.6682674339658996e-22,2.173232182331148e-21,2.540847634865517e-20,2.633326658948247e-19,2.4216848724311333e-18,2.0059370130325087e-17,1.5255864783407905e-16,1.0802367288599323e-15,7.156205546687708e-15,4.4104668980091064e-14,2.6287319168550344e-22,6.872107088225941e-21,1.5056505309678928e-19,2.8242009666380557e-18,4.712541594157227e-17,7.201484563296448e-16,1.0194185204657354e-14,2.3229994649286635e-22,2.727708077320766e-20,2.449134114738867e-18,1.6372153167743543e-16,8.834806537468873e-15,2.5087798584540814e-21,2.7967016630010727e-18,1.7256390306032693e-15,1.1915313140212967e-20,5.448944367116252e-16,1.6643380215217899e-18,7.577407762358974e-18,4.017546058721074e-14,9.981795591107105e-05,0.0002548385557847741,0.00040724245700891307,0.0005571600415514697,0.0007047153226037955,0.0008500244339429731,0.0009931960744117003,0.0011343320585817023,0.0012735278428013697,0.0014108730087932144,0.001546451709962486,0.0016803430730949979,0.001812621568946146,0.0019433573494032994,0.0020726165563377387,0.002200461602447915,0.002326951433277454,0.002452141762208688,0.002576085289930817,0.0026988319052990485,0.002820428870386396,0.0029409209911244187,0.0030603507748161157,0.003178758575681692,0.003296182729483879,0.003412659678513364,0.0035282240855861458,0.0036429089438698822,0.003756745674261986,0.0038697642185672484,0.0039819931255109,0.0040934596308245174,0.004204189731872547,0.004314208257247292,0.004423538931723003,0.004532204436925926,0.00464022646804619,0.004747625786889546,0.004854422271541558,0.004960634962893981,0.005066282108262204,0.005171381202303718,0.005275949025430546,0.0053800016798928145
0.008922558922558922,0.0,1.1367481828671081e-20,1.4965258256036126e-18,2.6317092563552808e-17,2.0318291403634332e-16,1.0009500142339455e-15,3.721376700052823e-15,1.1435111005806917e-14,3.069630812060089e-14,7.463441923296516e-14,1.6838982032061853e-13,3.587352376312021e-13,7.330534948615507e-13,1.4591795042476914e-12,8.822456869362423e-22,5.1081452399862634e-21,2.870530569540464e-20,1.575598451829163e-19,8.468058959090302e-19,4.454997599637453e-18,2.2894163078139098e-17,1.1456793738018836e-16,5.562553727352963e-16,2.6094404194454438e-15,1.1765517351570582e-14,4.1915931091287354e-23,6.054288307289835e-22,7.880235962215513e-21,9.090426851459734e-20,9.233852704957265e-19,8.341574556628896e-18,6.836531194010189e-17,5.175281941382467e-16,3.652208468627614e-15,2.3991037507895403e-14,1.446422677922594e-13,2.588713873828576e-21,6.356217699009013e-20,1.3152103892013926e-18,2.3837167399991433e-17,3.919050053227056e-16,5.9433444446195585e-15,8.283573749613909e-14,1.2319202970334684e-20,1.2690497038269142e-18,9.582786795348576e-17,5.714998019145331e-15,1.2652426102297479e-21,1.691771536696705e-18,1.2296026335782776e-15,7.85710969615108e-21,4.583693840189972e-16,1.7048250182218007e-18,1.3391026899567969e-17,5.671709533154314e-13,0.0001110354709027281,0.00027189070368489903,0.0004299858795849027,0.0005854614305438847,0.0007384502859146924,0.0008890767468936945,0.0010374570173941426,0.0011836998199683238,0.0013279069784942522,0.0014701739523794955,0.0016105903264098987,0.0017492402535073186,0.0018862028606589165,0.0020215526183392308,0.002155359678211678,0.0022876901806575247,0.002418606539287762,0.002548167698180308,0.0026764293702708068,0.002803444255722686,0.0029292622428587164,0.00305393059323242,0.0031774941122744344,0.003299995306806943,0.0034214745305896784,0.0035419701191704545,0.003661518513509371,0.0037801543772873307,0.0038979107026381053,0.004014818910127991,0.004130908941227681,0.004246209344335046,0.0043607473548650496,0.004474548969877739,0.004587639017673506,0.004700041222746989,0.00481177826645667,0.00492287184373626,0.005033342716145905,0.005143210761535841,0.005252495020572272,0.005361213740354316,0.005469384415332022,0.005577023825718355,0.0056841480735723635
0.00909090909090909,0.0,1.1883775345527283e-20,1.5652203874980926e-18,2.7542169028494987e-17,2.1280491114985197e-16,1.049489009114338e-15,3.908268771904615e-15,1.204012495371329e-14,3.244598524124732e-14,7.933528612976187e-14,1.8042591724982133e-13,3.8864482025821804e-13,8.058787828021394e-13,1.6323828615991149e-12,1.1126339827612306e-21,6.567787694530284e-21,3.820052918327935e-20,2.1730946859168046e-19,1.2085934168458923e-18,6.5634803881198e-18,3.47141134961368e-17,1.7819815871458885e-16,8.843566806089483e-16,4.223810547505975e-15,6.950251729041098e-23,1.7206097956039387e-22,1.595404957748727e-21,1.9923030983325858e-20,2.278698539731248e-19,2.308252983653873e-18,2.0996631809308642e-17,1.7474199412974065e-16,1.3462226980564429e-15,9.621995177303399e-15,6.32475876053752e-14,7.034946685997409e-22,1.6266039357357405e-20,3.8748493716786774e-19,7.998814240212568e-18,1.4725747843856204e-16,2.4680227380530425e-15,3.7761749467720284e-14,3.3027765886366813e-21,3.7742618304494755e-19,3.433497884427071e-17,2.4078603752492595e-15,1.3959771789116835e-13,5.126599829199754e-19,4.948455707525697e-16,2.779287118405787e-21,1.7579848755732131e-16,5.099313218247202e-19,4.354321320378648e-18,3.261372096462047e-13,0.00011635433349271038,0.00028326015182573354,0.00044724917868701645,0.000608475022687027,0.0007670806892629161,0.0009231994791026285,0.0010769558051446522,0.001228465913559766,0.0013778385469154321,0.0015251755387698422,0.0016705723550363525,0.0018141185829899115,0.0019558983774371082,0.0020959908663123797,0.002234470520681419,0.002371407491684911,0.002506867920602599,0.002640914220252769,0.0027736053345047656,0.0029049969759732306,0.0030351418444541068,0.0031640898278814025,0.0032918881874110205,0.003418581728074528,0.0035442129566436464,0.0036688222256089776,0.0037924478705517084,0.003915126332577022,0.004036892274567462,0.0041577786883340686,0.004277816994118858,0.004397037133074141,0.004515467653288476,0.004633135789877925,0.004750067539614431,0.004866287730521074,0.00498182008682578,0.005096687289630609,0.005210911033622787,0.005324512080125539,0.005437510306761375,0.005549924753977597,0.005661773668662871,0.005773074545064891,0.005883844163202013,0.005994098624946095
0.009259259259259259,0.0,1.420728502859067e-20,1.8724429855739916e-18,3.296738500103399e-17,2.548982835766408e-16,1.2582341760051908e-15,4.691739289967092e-15,1.447985125162807e-14,3.910775703689167e-14,9.583352568922141e-14,2.182568389104715e-13,4.704834670541282e-13,9.771221934960786e-13,3.2699274830906916e-22,2.0795931682357057e-21,1.2754406812937436e-20,7.613335228245534e-20,4.440413119805543e-19,2.5312134035941647e-18,1.4072942429176385e-17,7.605202988085004e-17,3.9787851781637423e-16,2.0060748083104968e-15,9.694386857786906e-15,3.1733237467581447e-23,5.15222040283607e-22,7.478121948385172e-21,9.524174591213784e-20,1.0567327155321088e-18,1.033411230089128e-17,9.11088458076186e-17,7.383007276443232e-16,5.547791462300561e-15,3.8502003865266324e-14,2.3651674525677995e-22,7.517414716146616e-21,1.9603789013440584e-19,4.306510982400231e-18,8.337144567625664e-17,1.467676434781816e-15,2.3705843226030262e-14,1.4118558018273246e-21,1.978312797128101e-19,1.996947773507307e-17,1.5014867240576053e-15,9.27283880754954e-14,2.7549181137973398e-19,3.0119767921208303e-16,9.102581500186267e-22,9.972193355489e-17,2.3401923255091717e-19,1.6343919003776648e-18,4.822750513580472e-14,0.00011545546880660229,0.00028862693706960523,0.00045871979386247344,0.0006258964986998966,0.0007903102687325938,0.0009521039919784509,0.0011114109268494327,0.0012683554598982958,0.0014230538251380368,0.0015756147565743458,0.0017261400829034293,0.0018747252656244242,0.0020214598890854955,0.0021664281057080627,0.0023097090415751345,0.0024513771656414205,0.002591502628304184,0.002730151569187869,0.0028673864000557723,0.003003266063791855,0.0031378462721073897,0.0032711797239698827,0.0034033163065503333,0.003534303280298646,0.0036641854498391884,0.0037930053203511067,0.003920803245096357,0.004047617558437232,0.004173484701013211,0.004298439335248819,0.004422514452514222,0.004545741472630834,0.004668150336351045,0.0047897695913835525,0.0049106264724835475,0.005030746976079945,0.005150155929869533,0.005268877057769569,0.005386933040586107,0.005504345572724115,0.005621135415237444,0.005737322445491366,0.005852925703687351,0.005967963436478979,0.006082453137889004,0.006196411587720417,0.0063098548876387535
0.009427609427609429,0.0,1.583517843068551e-20,2.088141913541829e-18,3.678748851370081e-17,2.846489928040058e-16,1.4065819030686203e-15,5.2532727063219516e-15,1.6251447402816412e-14,4.403818197274882e-14,1.0836865936620951e-13,2.480505999492927e-13,5.38229428658183e-13,1.1280686277211781e-12,4.8889274424244405e-22,3.1964070982943493e-21,2.019821627112274e-20,1.243200983546936e-19,7.473174585339339e-19,4.383948619912424e-18,2.5024570480815172e-17,1.384487425842436e-16,7.390920133954944e-16,3.788052469405285e-15,5.924360059397703e-24,1.0757166938689455e-22,1.757768696928818e-21,2.5320151408942845e-20,3.165239423844651e-19,3.4404641804135103e-18,3.317214393895289e-17,2.905067521160635e-16,2.3457665171156446e-15,1.7502073688843077e-14,1.1910390007275052e-13,2.072992501514786e-21,6.187464927144454e-20,1.523778978742641e-18,3.2392400026344294e-17,6.187771169560788e-16,1.08055616786776e-14,3.5463114821249707e-22,5.863829998401361e-20,7.01837637110383e-18,6.056276338042968e-16,4.1914694374202666e-14,7.28311528693488e-20,1.021411343533432e-16,7.751276670372827e-14,2.5101355632123004e-17,3.0423287818252837e-20,1.0690344802360102e-19,2.163712620248177e-16,0.0001079641082010899,0.0002876414537079592,0.00046406291650834757,0.0006374031113432447,0.0008078268158640758,0.0009754875093979692,0.0011405281478972036,0.0013030820080859153,0.0014632734852367071,0.0016212188161727483,0.0017770267364655657,0.0019307990745847606,0.0020826312917343365,0.0022326129720361128,0.002380828266185406,0.0025273563002628095,0.0026722715425860633,0.0028156441424904387,0.0029575402388943707,0.0030980222428489365,0.0032371490965466157,0.003374976511034834,0.0035115571846464698,0.0036469410039470115,0.0037811752289939643,0.003914304663140091,0.0040463718120229385,0.004177417027909328,0.004307478644715253,0.004436593102640358,0.0045647950636835775,0.004692117518806553,0.004818591887439866,0.0049442481099625,0.005069114733726539,0.005193218993146549,0.005316586884326045,0.005439243234650812,0.00556121176774077,0.005682515164117567,0.005803175117914008,0.005923212389923397,0.006042646857261473,0.0061614975598905984,0.00627978274423515,0.006397519904098093,0.00651472581913952,0.006631416590664035
0.009595959595959597,0.0,1.761577432659447e-20,2.324228681517128e-18,4.0971841495606307e-17,3.172705565344299e-16,1.5695129879027153e-15,5.87164492667127e-15,1.8210166512306202e-14,4.951834333988314e-14,1.2238827992219504e-13,2.816279268777274e-13,6.154284877353298e-13,1.3025996478414378e-12,7.310407099998604e-22,4.918199066631316e-21,3.203759396581647e-20,2.0335493556342985e-19,1.2595153960818841e-18,7.598432469296421e-18,4.448809196041454e-17,2.516709361547124e-16,1.368926400355957e-15,7.119086154686666e-15,1.951750267642797e-23,3.591913740857942e-22,5.86981948914513e-21,8.340431775301248e-20,1.0208486696011295e-18,1.089537103856638e-17,1.0398271674872938e-16,9.065884821398541e-16,7.286483411337563e-15,5.3663018352771404e-14,4.879560048263906e-22,1.6871462875658803e-20,4.728852627367583e-19,1.1162940627810719e-17,2.3290569894934836e-16,4.412755379734001e-15,7.594254070908406e-14,1.4207308032401594e-20,2.0468308961884953e-18,2.0677345107003369e-16,1.6185221359364043e-14,1.433016974769883e-20,2.6508396495357497e-17,2.4902621748764738e-14,4.069239010732775e-18,1.90760121043646e-21,2.0318355546780772e-13,3.380681541345783e-20,9.352047977773393e-05,0.0002799534042743718,0.0004629398909102849,0.0006426673167520179,0.0008193131078034936,0.0009930423296788092,0.0011640085334478137,0.0013323546941905165,0.0014982140974207853,0.0016617111412183078,0.0018229620638009847,0.00198207560046821,0.002139153579280239,0.002294291461051182,0.0024475788279015253,0.0025990998314136043,0.0027489335958085295,0.0028971545887040164,0.0030438329586525447,0.0031890348437951057,0.0033328226544320784,0.003475255332037229,0.0036163885869721977,0.00375627511724414,0.003894964807955046,0.0040325049190061205,0.004168940253599192,0.004304313316463769,0.00443866445937867,0.004572032015784151,0.004704452425421978,0.004835960349852828,0.004966588779619796,0.005096369133754038,0.005225331352253409,0.0053535039821062365,0.005480914257379805,0.005607588173845938,0.005733550558573467,0.0058588251348793184,0.005983434582995353,0.006107400596777099,0.006230743936752436,0.0063534844797828935,0.006475641265587278,0.006597232540433294,0.006718275797720499,0.006838787816937953,0.00695878469933954
0.009764309764309765,0.0,1.9560338016802248e-20,2.582225049539909e-18,4.554803332443323e-17,3.529855132813487e-16,1.7482034622008508e-15,6.551735710325541e-15,2.0373475861006717e-14,5.560442040502121e-14,1.3805843905015785e-13,3.1946606029946243e-13,7.034702428671709e-13,1.5046799515702168e-12,1.0935784272031227e-21,7.576778516372056e-21,5.089996882712602e-20,3.331726249424076e-19,2.125266322318794e-18,1.3174996858541101e-17,7.903632620214017e-17,4.565886741736108e-16,2.526617883443411e-15,1.3305624886785487e-14,6.354897092320471e-23,1.178907940784166e-21,1.9143033383080582e-20,2.670295275387637e-19,3.1999396871284126e-18,3.365474100529073e-17,3.1899047479128964e-16,2.7705933040434933e-15,2.208930517398723e-14,1.5910508624422647e-13,3.933396166308841e-21,1.2752536382378106e-19,3.3917862836249924e-18,7.797319638842489e-17,1.610219713457417e-15,3.0198862130956076e-14,2.7941290783286702e-21,4.896595290556962e-19,5.927780770087216e-17,5.31802169457989e-15,2.0794477226274504e-21,5.174853791408152e-18,6.248386745726066e-15,4.1467096222728224e-19,3.8578436034553744e-14,1.4551908608050993e-14,1.0100821536184531e-15,7.174295945323896e-05,0.00026519552974819217,0.00045499739766335494,0.0006413485088026511,0.000824440138103647,0.0010044500460727418,0.0011815433780232626,0.001355873705389605,0.001527584012489606,0.0016968075877148768,0.0018636688304556452,0.002028283978595877,0.0021907617669222434,0.0023512040229663593,0.002509706205625195,0.0026663578975430623,0.002821243248528338,0.0029744413820014825,0.00312602676471911,0.0032760695443871442,0.0034246358583323888,0.003571788116077473,0.003717585258355248,0.00386208299508408,0.004005334022599778,0.00414738822670735,0.004288292866032218,0.004428092743240573,0.004566830362531755,0.004704546075171492,0.004841278214108065,0.004977063218613343,0.005111935749799849,0.005245928797783426,0.005379073781187869,0.005511400639622525,0.005642937919705042,0.005773712855148878,0.005903751441387954,0.00603307850516827,0.006161717769498152,0.006289691914314342,0.0064170226331899975,0.006543730686382712,0.006669835950495179,0.00679535746505677,0.006920313475883628,0.0070447214764123986,0.007168598245799316,0.007291959885089978
0.009932659932659934,0.0,2.1680747997312293e-20,2.863737319037239e-18,5.0545232476847134e-17,3.9202986181587355e-16,1.9439077182689493e-15,7.298797626181514e-15,2.2760385179787672e-14,6.235818050544517e-14,1.5556404927788032e-13,3.621089924125265e-13,8.039723061438044e-13,2.2021009343628577e-22,1.6369930664704285e-21,1.1688343252942818e-20,8.099956827786419e-20,5.466653415366774e-19,3.589356709787333e-18,2.2844655422028704e-17,1.402572293666726e-16,8.263200033413112e-16,4.644233145054751e-15,9.70083824019764e-24,2.041530333874681e-22,3.795117333634919e-21,6.086218158635677e-20,8.311012655237707e-19,9.77077174932311e-18,1.0165654281597799e-16,9.590034838694862e-16,8.287651705560283e-15,6.514225020468653e-14,7.761070075064838e-22,2.9544801936727455e-20,9.012779122132251e-19,2.3105220722001396e-17,5.233621390867036e-16,1.0719433980910841e-14,4.435231826646968e-22,9.495064633916583e-20,1.410731230562651e-17,1.4791821502473465e-15,1.231916633582072e-13,7.447469699821432e-19,1.211725087670853e-15,2.6065621427146322e-20,4.223346446854471e-15,5.060384956593091e-16,1.6142104586031027e-19,4.2236786937342994e-05,0.0002429852218722065,0.0004398681473422037,0.0006330933562176045,0.0008228672892125338,0.0010093816421480111,0.0011928142648996427,0.001373330326158369,0.0015510834074982582,0.0017262164962763354,0.0018988628821912214,0.0020691469642290595,0.0022371849796661274,0.0024030856626379433,0.0025669508387648724,0.0027288759672099865,0.002888950628857039,0.003047258972616359,0.0032038801209656174,0.003358888539740996,0.0035123543757658686,0.0036643437655255787,0.00381491911774233,0.003964139372603645,0.004112060238488733,0.0042587344121338,0.0044042117781517695,0.004548539594582172,0.004691762663517442,0.004833923488604469,0.004975062420580733,0.005115217791890803,0.005254426041326685,0.005392721829543837,0.005530138146222632,0.005666706409571847,0.005802456558805105,0.005937417140162552,0.006071615386997352,0.0062050772943993806,0.006337827688785953,0.006469890292851231,0.006601287786231532,0.006732041862212583,0.006862173280846419,0.0069917019183089605,0.007120646813920945,0.007249026213390595,0.00737685760983513,0.0075041577821894695,0.00763094283128642
0.010101010101010102,0.0,2.3989517843963227e-20,3.1704594893994007e-18,5.599425057632697e-17,4.3465370432713206e-16,2.1579632762483734e-15,8.11848492136479e-15,2.5391587135169462e-14,6.984754781549081e-14,1.7511135525014518e-13,4.1017847529684344e-13,9.188195205406336e-13,3.2069332877751417e-22,2.4525691109471687e-21,1.8057071454066206e-20,1.2910229335651982e-19,8.981157397886138e-19,6.0657582259610775e-18,3.959700040727164e-17,2.485135444721982e-16,1.4910267764364264e-15,8.496262134459146e-15,3.0375366554316725e-23,6.459271980234395e-22,1.1958322330734628e-20,1.8844375015292754e-19,2.5176480454685155e-18,2.9135395434381285e-17,3.0086999650572893e-16,2.8268865144846087e-15,2.422441832241757e-14,1.2845604676418653e-22,5.8059568667869016e-21,2.0716989226089427e-19,6.019844635617279e-18,1.5091522390245907e-16,3.3881623200278813e-15,6.844946162431274e-14,1.4772294348191136e-20,2.745412991450878e-18,3.4565405686775236e-16,3.318755050178305e-14,7.75870317553864e-20,1.7847786520806639e-16,9.986469256424788e-22,2.94365791531325e-16,7.695012123147577e-18,5.095376937024901e-15,4.778332038986658e-06,0.00021292298897134657,0.00041716948527614084,0.0006175345554556225,0.0008142412210126083,0.0010074964912751788,0.0011974921673821189,0.0013844061294564771,0.0015684035565299316,0.0017496380334906128,0.0019282525490887752,0.002104380392542979,0.002278145962144967,0.002449665494409042,0.0026190477215046015,0.002786394469135622,0.002951801194663694,0.003115357477977108,0.0032771474669569794,0.003437250283081136,0.0035957403912293636,0.0037526879373146905,0.003908159056957675,0.00406221615824216,0.004214918179890448,0.004366320830450403,0.004516476805508026,0.004665435989038886,0.004813245638463011,0.004959950555278563,0.005105593242565396,0.005250214050521038,0.005393851311076183,0.005536541462533774,0.0056783191650836735,0.0058192174079628066,0.0059592676089574,0.0060984997068782255,0.00623694224758117,0.006374622464052679,0.006511566351032485,0.006647798734603408,0.006783343337139906,0.006918222837972586,0.007052458930149711,0.0071860723732445,0.007319083043409333,0.007451509979603306,0.007583371427290003,0.007714684879351595,0.007845467114497197,0.007975734233342737
0.01026936026936027,0.0,2.6499818475069734e-20,3.5041764789650865e-18,6.192760829981815e-17,4.811219199505195e-16,2.391795888503108e-15,9.016884912452736e-15,2.8289610803550186e-14,7.814723601565412e-14,1.969308316494928e-13,4.643868273814381e-13,1.0502097376422693e-12,4.670975877652194e-22,3.6782941839021345e-21,2.793744870644286e-20,2.0607877206028334e-19,1.4770989984622496e-18,1.0253767580225266e-17,6.858329280222034e-17,4.3945439094666096e-16,2.6811273712412173e-15,1.5459168430321272e-14,9.400591528213235e-23,2.0089994337886063e-21,3.6817472772010106e-20,5.681449227364463e-19,7.437483036549642e-18,8.504447784314806e-17,8.736668025421615e-16,8.166858309120009e-15,6.897873046976301e-14,9.559276868959026e-22,4.0629532369186596e-20,1.366250021248489e-18,3.84035590334226e-17,9.507065400531026e-16,2.114782073418327e-14,1.831007791592135e-21,4.294495077357572e-19,6.706823943855361e-17,7.534025820464136e-15,5.783121802295559e-21,1.9423972977363375e-17,2.999256397388897e-14,1.2293207420348146e-17,4.85177098210043e-20,3.426061364531593e-18,1.471994378640363e-14,0.00017459077732095516,0.0003865018273355649,0.0005942894341303286,0.0007981946173545531,0.0009984412406324969,0.0011952364483037874,0.0013887720780231276,0.0015792260219037917,0.0017667634627117426,0.0019515379869306842,0.002133692582746793,0.002313360538607759,0.002490666251942481,0.002665725957191037,0.0028386483864844283,0.003009535363638323,0.0031784823449193954,0.0033455789090945163,0.0035109092029592336,0.003674552346955023,0.0038365828049766997,0.0039970707223949175,0.004156082232927165,0.0043136797443995975,0.00446992219512744,0.004624865292519612,0.004778561731471133,0.004931061395289575,0.0050824115407559975,0.0052326569687599425,0.005381840181802384,0.005530001529530432,0.005677179343351361,0.005823410061070168,0.005968728342402773,0.00611316717613478,0.006256757979622415,0.006399530691266531,0.006541513856532046,0.006682734708032319,0.006823219240150846,0.006962992278630178,0.007102077545588329,0.007240497719882764,0.007378274494311592,0.007515428628289285,0.007651979997612283,0.007787947640979692,0.007923349803605506,0.00805820397813234,0.008192526943039355,0.008326334798721696
0.010437710437710438,0.0,2.9225500790087215e-20,3.8667674111308475e-18,6.837960321476786e-17,5.317148708582225e-16,2.646925010560839e-15,1.0000552116371178e-14,3.147898923150557e-14,8.733945557276131e-14,2.2128058573512065e-13,5.255517541118612e-13,1.2007073806705757e-12,6.806059892474076e-22,5.523037677383667e-21,4.328862896210328e-20,3.29403287038942e-19,2.4313693260849213e-18,1.7332923685809106e-17,1.186555737003506e-16,7.752308388158684e-16,4.801970350437179e-15,1.1665720884619648e-23,2.8711723149790953e-22,6.131095154125866e-21,1.106232243798789e-19,1.6692786004113466e-18,2.1475077631165137e-17,2.4346655378930067e-16,2.4904440587159012e-15,2.3089634539956943e-14,1.305540923322064e-22,6.694043722658247e-21,2.666594747106549e-19,8.560214962298136e-18,2.3585511654372584e-16,5.789499131911622e-15,1.8009042841112985e-22,5.316630080311116e-20,1.0618336153197946e-17,1.4329843985151828e-15,3.0681277817460524e-22,1.5087423682538445e-18,3.300004126352415e-15,2.929248406259571e-19,6.039228360116724e-14,9.561512945474267e-14,9.858629749254911e-19,0.00012755032437728822,0.0003474469048920386,0.0005629583838850154,0.0007743447929306153,0.0009818485638726415,0.0011856937440327922,0.0013860875238938415,0.0015832217554925716,0.0017772743352875804,0.0019684104480117716,0.0021567836794831414,0.002342537017055542,0.0025258037482238085,0.0027067082681808824,0.002885366811263687,0.0030618881075840133,0.003236373979759914,0.0034089198828377077,0.003579615394405889,0.0037485446601369372,0.003915786799406371,0.004081416275456312,0.004245503231379671,0.0044081138017067235,0.004569310392564522,0.004729151941509192,0.004887694155202115,0.005044989727818561,0.005201088541979211,0.005356037853811786,0.005509882463585061,0.005662664873210305,0.005814425431774266,0.005965202470151504,0.006115032425640342,0.006263949957474518,0.006411988053980514,0.006559178132077154,0.0067055501297483625,0.006851132592061397,0.006995952751250188,0.007140036601335959,0.007283408967771572,0.007426093572142454,0.0075681130932362195,0.007709489223443312,0.00785024272189026,0.00799039346409724,0.008129960488498388,0.008268962040053555,0.00840741561116152,0.008545337980067487,0.008682745246942033
0.010606060606060605,0.0,3.2181118687389813e-20,4.2602089661612284e-18,7.538637962025615e-17,5.867291431906789e-16,2.9249696701100378e-15,1.1076545352467644e-14,3.498644230373511e-14,9.751470902433338e-14,2.4845034801838213e-13,5.946134389819472e-13,1.3733062476309083e-12,9.923069428314243e-22,8.30341888031082e-21,6.717322658455717e-20,5.27172087768057e-19,4.004476466636112e-18,2.9289227736020663e-17,2.049788307338187e-16,1.3636953826773587e-15,8.561631719682733e-15,3.4805196626478216e-23,8.640672474813568e-22,1.832808474496929e-20,3.2421509132677744e-19,4.786999809977781e-18,6.074162452830441e-17,6.845100815337011e-16,6.967233725071293e-15,6.371414204209323e-14,9.132484628136806e-22,4.4021468483412953e-20,1.653491779813208e-18,5.143540280513675e-17,1.4008869049946797e-15,3.4027805784927e-14,5.158933882049594e-21,1.3410372128303245e-18,2.259193648757693e-16,2.7795358722633894e-14,8.13287735326e-20,2.7054724098856393e-16,3.9544551399723246e-21,1.7734519343382643e-15,4.0742711031654895e-16,2.9165036788477943e-18,7.134316535750144e-05,0.00029956579730604086,0.0005231230969950809,0.0007422921243914034,0.0009573357640713168,0.00116849671712,0.0013759990924220764,0.0015800500982645455,0.0017808415918971786,0.0019785514723874706,0.0021733449236583354,0.002365375530658538,0.0025547862797136375,0.002741710455858974,0.0029262724541845903,0.0031085885068289514,0.0032887673425998133,0.003466910782788386,0.003643114281161935,0.0038174674140916552,0.003990054326096071,0.004160954135794017,0.00433024130416296,0.0044979859749103525,0.0046642542808664035,0.004829108627332955,0.004992607951058457,0.0051548079579290754,0.005315761341381627,0.005475517983335281,0.005634125139251896,0.005791627608768231,0.005948067893195428,0.0061034863410501525,0.006257921282665116,0.006411409154823311,0.006563984616268123,0.006715680654859178,0.006866528687070532,0.007016558650462174,0.007165799089697097,0.007314277236697677,0.007462019084941006,0.007609049459583622,0.007755392082003941,0.007901069630581499,0.008046103797400552,0.008190515341294115,0.008334324137501074,0.008477549224185907,0.008620208846049918,0.008762320495243938,0.008903900949775273,0.00904496630958618
0.010774410774410775,0.0,3.5381952450972476e-20,4.686578799419012e-18,8.298600047973717e-17,6.464783253752915e-16,3.2276547682321034e-15,1.2252468060605675e-14,3.8841076300050424e-14,1.0877269081187608e-13,2.7876613825549264e-13,6.726542193483458e-13,1.6045064674676634e-22,1.4478846842083847e-21,1.2499974252973169e-20,1.0438247467909545e-19,8.445595919870489e-19,6.5974739614704974e-18,4.9459425426275515e-17,3.534441469493379e-16,2.3910448129917075e-15,1.5187203318031165e-14,1.0268945119986733e-22,2.5580799117143128e-21,5.3594354490733864e-20,9.27156936376679e-19,1.3425230255742195e-17,1.6861797645846858e-16,1.8913209244403868e-15,1.9107101885445066e-14,1.0206851512745898e-22,6.0344803892028294e-21,2.7256883750242914e-19,9.777581417724954e-18,2.98403279680169e-16,8.058570637699634e-15,3.9105531334044614e-22,1.321232527026583e-19,2.897708094348056e-17,4.29972980187502e-15,3.014678577703041e-21,1.5841586303582717e-17,3.5455645434186924e-14,2.937712458528871e-17,5.764646187531726e-19,7.624750681304954e-16,5.677710992418116e-06,0.00024239675398194562,0.00047434458404068476,0.0007016182865569991,0.0009245032056381017,0.0011432626591813876,0.0013581394349353522,0.0015693576643363214,0.0017771245621112592,0.0019816319892330884,0.00218305784371131,0.002381567308605543,0.0025773139677831335,0.0027704408048067693,0.002961081104695122,0.0031493592601010176,0.003335391501749109,0.0035192865570055245,0.00370114624577302,0.0038810660204990216,0.004059135456305033,0.004235438696852474,0.004410054858461279,0.0045830584025729785,0.00475451947116158,0.004924504196162357,0.0050930749820051495,0.0052602907646035315,0.0054262072490496305,0.005590877128026794,0.005754350282739711,0.005916673967972595,0.006077892982719271,0.006238049827680585,0.006397184850793512,0.0065553363818398325,0.00671254085707865,0.006868832934754872,0.007024245602253537,0.007178810275596629,0.007332556891913249,0.007485513995518529,0.007637708817718923,0.007789167351888455,0.00793991442271086,0.008089973751224703,0.00823936801548395,0.008388118907261027,0.008536247185090285,0.008683772723924477,0.008830714561653907,0.008977090942717056,0.00912291935901271,0.009268216588306398,0.00941299873030834
0.010942760942760943,0.0,3.884403251830425e-20,5.148059026592009e-18,9.121852153135627e-17,7.112938265526844e-16,3.55681784939073e-15,1.3536512094036215e-14,4.3074601736703497e-14,1.212233117610016e-13,3.1259569641364384e-13,7.60921236781961e-13,2.275313088650562e-22,2.1145706090589553e-21,1.8842882430974826e-20,1.624161578711637e-19,1.3541796124649074e-18,1.086992648220596e-17,8.343602886931995e-17,6.08087366762262e-16,4.1768959146977626e-15,1.027261346382995e-23,2.992238651440099e-22,7.438183248164732e-21,1.5316876151542326e-19,2.589803098537283e-18,3.6897856779657904e-17,4.60046383356392e-16,5.135622184710266e-15,5.125509321946756e-14,6.75775682510636e-22,3.758847284167319e-20,1.5997420599799702e-18,5.560543900683699e-17,1.6779384238792546e-15,4.479826445117539e-14,1.0014734021448357e-20,2.9416320718878277e-18,5.487029190682052e-16,7.509867331116488e-14,6.289476189627752e-19,2.1597234430936708e-15,2.508140101068892e-19,9.247769762512434e-14,8.649411237708798e-21,9.240115534207385e-14,0.0001754529116368028,0.0004161609326606127,0.0006518842639859666,0.0008829325481461247,0.0011095919226086343,0.0013321258316146521,0.0015507770930059794,0.0017657698484585555,0.0019773113164276075,0.0021855933569955035,0.002390793867393936,0.0025930780291758136,0.002792599424255089,0.0029895010351647477,0.0031839161445755405,0.0033759691436148725,0.0035657762614420634,0.003753446223915781,0.0039390808495072096,0.004122775589309785,0.004304620017489315,0.004484698275330557,0.004663089479507398,0.0048398680896652516,0.005015104246809097,0.005188864081933135,0.005361209998568009,0.005532200931773212,0.005701892585831315,0.005870337652658667,0.006037586012733105,0.006203684920149783,0.006368679173248879,0.006532611272110839,0.0066955215640834365,0.00685744837838852,0.007018428150752767,0.007178495538914516,0.007337683529776556,0.007496023538901465,0.0076535455030349135,0.0078102779658822475,0.007966248158583732,0.00812148207403464,0.008276004536557037,0.0084298392668433,0.008583008942616068,0.008735535255330627,0.008887438963217682,0.00903873994093918,0.009189457226106779,0.009339609062891904,0.009489212942937263,0.009638285643762729,0.009786843264842787
0.011111111111111112,0.0,4.258416361618526e-20,5.646939776656875e-18,1.0012606767056058e-16,7.815257380542954e-16,3.914416379668505e-15,1.493750526179545e-14,4.7721571367932203e-14,1.349878721319906e-13,3.503547708959478e-13,8.608525411762328e-13,3.227302323402064e-22,3.09143288337444e-21,2.844271792350885e-20,2.530179788432898e-19,2.172690542790972e-18,1.7904839403168318e-17,1.4056658235046923e-16,1.0434920252809715e-15,7.266409506283745e-15,2.927912416720872e-23,8.599339715655063e-22,2.1211899295736388e-20,4.2774042978995956e-19,7.077251123187686e-18,9.956759259529848e-17,1.2346853132662316e-15,1.369409784903287e-14,1.3405163043498716e-13,4.244106159806251e-21,2.2115282244239017e-19,8.976140631331655e-18,3.0598700493879797e-16,9.154137811150583e-15,5.824696676493345e-22,2.293871876883256e-19,5.667815988426998e-17,9.439584268631318e-15,1.6473078941122132e-20,9.428654130298782e-17,1.1173817323683155e-21,1.059703574818218e-15,4.39063569927542e-16,4.754983417796597e-17,9.822113408939378e-05,0.00034808479086527845,0.0005926281047695741,0.0008321847620702057,0.0010670661561495876,0.0012975586231794187,0.0015239256537357374,0.0017464100791272493,0.0019652360446444105,0.0021806107693873667,0.0023927261122347436,0.0026017599688266725,0.002807877518972969,0.003011232342354912,0.0032119674200763375,0.003410216032763956,0.0036061025698468246,0.00379974325884723,0.003991246824070396,0.004180715082519745,0.004368243484235309,0.004553921600885323,0.0047378335740357784,0.004920058518473249,0.005100670892795056,0.005279740836990739,0.0054573344810857774,0.005633514227691824,0.0058083390109981555,0.005981864534463588,0.006154143489224512,0.006325225755019905,0.006495158585244559,0.006663986777574429,0.006831752831459527,0.006998497093648962,0.007164257892795696,0.007329071664085488,0.0074929730647420485,0.0076559950811782235,0.007818169128537554,0.007979525142953333,0.008140091667908545,0.00829989593405347,0.008458963933898467,0.00861732049139745,0.008774989326890706,0.00893199311776406,0.009088353555150499,0.009244091396972218,0.009399226517595715,0.009553777954349606,0.009707763951134043,0.00986120199933163,0.010014108876212737,0.01016650068101241
0.01127946127946128,0.0,4.6619949269734884e-20,6.18562281356447e-18,1.0975291170887574e-16,8.575437411039878e-16,4.302535575272499e-15,1.646496291014525e-14,5.281964058923276e-14,1.5020041106312312e-13,3.9251436100701387e-13,9.741072281243533e-13,4.579560517524336e-22,4.5246300731214896e-21,4.2990088760708785e-20,3.9457964362242742e-19,3.4873649341279695e-18,2.9477230981671255e-17,2.364273549836342e-16,1.7854006625291276e-15,1.2582872557377152e-14,8.259772648080995e-23,2.4340270531057357e-21,5.925926611331077e-20,1.1677703710255777e-18,1.8955995336041853e-17,2.6419970672267805e-16,3.2605571035259436e-15,3.580039865392632e-14,3.8560977592123103e-22,2.5222491346177732e-20,1.236138232757385e-18,4.8527435853707745e-17,1.6349392336607104e-15,4.8344579593399305e-14,1.3485083835619825e-20,4.588380401128613e-18,9.709763757133846e-16,2.868354693333301e-22,2.7547588712987532e-18,1.0354934185599087e-14,6.079743605785485e-18,1.1220170888351578e-19,2.9924226636359956e-16,1.0261806918651027e-05,0.0002696005655957364,0.0005233623762089485,0.0007717978741291796,0.001015246315216444,0.0012540194463923388,0.0014884036751245666,0.0017186625108904648,0.0019450387900767129,0.0021677566594037983,0.0023870233366865227,0.0026030306791554434,0.0028159565806015877,0.003025966218327356,0.00323321317056425,0.0034378404161405384,0.0036399812338422893,0.003839760011320437,0.004037292974410745,0.00423268884582642,0.004426049441420491,0.00461747020856849,0.004807040719185527,0.004994845112829351,0.005180962503153833,0.005365467347660575,0.00554842978529518,0.005729915945093829,0.005909988228732306,0.00608870556951475,0.006266123670062602,0.006442295220719618,0.006617270100474034,0.006791095562009144,0.006963816402326101,0.007135475120234564,0.007306112061875536,0.0074757655553241665,0.007644472035216837,0.0078122661583235045,0.007979180910394927,0.008145247706159228,0.008310496481407052,0.00847495577911561,0.008638652829525464,0.008801613624755423,0.008963862988385168,0.009125424640397199,0.009286321257835175,0.009446574531504713,0.00960620521901467,0.009765233194431506,0.009923677494796418,0.010081556363734078,0.010238887292362971,0.01039568705770012,0.01055197175873744
0.011447811447811448,0.0,5.096981668267053e-20,6.7666252270675056e-18,1.201455556232904e-16,9.397380641652025e-16,4.723396826525843e-15,1.8129143850252822e-14,5.840985295400258e-14,1.6700926398215137e-13,4.3960901949145763e-13,1.1026002976179454e-12,6.502255984433476e-22,6.6300496420164644e-21,6.506031609817517e-20,6.159021101107939e-19,5.59852323557854e-18,4.849018055344849e-17,3.9688695774996653e-16,3.044739345262066e-15,6.588463474737331e-24,2.3037776525421906e-22,6.776101523985332e-21,1.6206762717129922e-19,3.1201039588119844e-18,4.9854586657345066e-17,6.900965882114094e-16,8.469573476672796e-15,9.152762823531689e-14,2.3163600368433805e-21,1.419755591204303e-19,6.614830306949881e-18,2.5423823148303517e-16,8.490607566849371e-15,5.968480140399803e-22,2.803239113044289e-19,8.02026013657513e-17,1.526596550200718e-14,5.0976324984677074e-20,3.317064160082365e-16,1.6127882512490304e-20,1.5540988175536658e-14,6.151710037327963e-14,4.966002237302202e-16,0.00018016158537539494,0.00044357129038045457,0.0007012844231598065,0.0009536704116686313,0.0012010692441535929,0.0014437927820186304,0.0016821274608433126,0.0019163367973829065,0.002146663630956302,0.0023733321068007004,0.002596549441085045,0.0028165074891085464,0.0030333841417992187,0.003247344575065314,0.003458542364572844,0.003667120487158761,0.0038732122196774785,0.004076941947947953,0.004278425896078092,0.004477772785154326,0.004675084429288189,0.004870456274968902,0.005063977892330151,0.005255733419706283,0.005445801969568687,0.005634257998293503,0.0058211716437608285,0.0060066090339998225,0.006190632569734681,0.006373301183370038,0.006554670576676604,0.006734793439192979,0.006913719649144893,0.00709149645849302,0.0072681686635532525,0.00744377876248497,0.007618367100811686,0.0077919720060218335,0.007964629912256483,0.00813637547553648,0.008307241681368626,0.008477259943889844,0.008646460198434085,0.008814870987542387,0.008982519541038783,0.009149431850644206,0.009315632739558197,0.009481145927399891,0.009645994090865495,0.009810198920428235,0.009973781173378844,0.010136760723479164,0.010299156607478597,0.010460987068722153,0.01062226959806019,0.010783020972252526,0.010943257290044264
0.011616161616161616,0.0,5.565304198598443e-20,7.39258319428927e-18,1.3135281441095997e-16,1.0285204936357488e-15,5.179366765227754e-15,1.9941110959275668e-14,6.453695410795184e-14,1.855788629224689e-13,4.922463357416725e-13,1.2485430386134947e-12,9.23889976304298e-22,9.726904221394408e-21,9.85784459323134e-20,9.620736233032544e-19,8.987163572367378e-18,7.968050831167419e-17,6.647502157020779e-16,5.173368628789761e-15,1.798118095025269e-23,6.345686123134746e-22,1.853027070363154e-20,4.338502241122833e-19,8.170700724652187e-18,1.2895508701961443e-16,1.7754388759749586e-15,2.1618169969883214e-14,1.684510418378085e-22,1.3220584093578559e-20,7.603526500817477e-19,3.413846705178562e-17,1.2952245061007323e-15,4.277592051154113e-14,1.263181840041555e-20,5.1228389992375155e-18,1.2590452824017392e-15,6.00686912192233e-22,7.028621428472021e-18,3.058134299574003e-14,5.924684178824448e-17,9.632217973626737e-18,1.660940293408709e-20,7.919065505477623e-05,0.00035270745764715765,0.0006201285675601114,0.0008818509669430299,0.0011382460158999225,0.0013896539051896416,0.0016363865411933862,0.0018787303714275722,0.002116948916326456,0.002351285013906214,0.002581962807888773,0.0028091895124778784,0.003033156979620305,0.0032540430990478284,0.0034720130437214734,0.0036872203871595,0.0038998081041004043,0.004109909469407552,0.004317648867023375,0.004523142519290716,0.004726499145790427,0.004927820558530612,0.005127202203214565,0.005324733648274509,0.005520499030768451,0.005714577461953845,0.0059070433970586445,0.006097966972878726,0.006287414316419649,0.006475447827438831,0.006662126437427314,0.006847505847291833,0.0070316387457534345,0.007214575010263634,0.007396361892049449,0.007577044186731055,0.007756664391807666,0.007935262852175948,0.00811287789478629,0.008289545953013157,0.008465301682577584,0.00864017806837318,0.0088142065240502,0.008987416984478148,0.00915983799175483,0.009331496775281174,0.009502419326374089,0.009672630467847148,0.009842153918950635,0.01001101235602805,0.010179227469215223,0.010346820015479992,0.010513809868275022,0.010680216064053545,0.010846056845876735,0.011011349704322805,0.011176111415890535,0.011340358079074535
0.011784511784511785,0.0,6.068977585449261e-20,8.066255811949282e-18,1.4342590267794327e-16,1.1243254418271834e-15,5.672967026897214e-15,2.1912796803066204e-14,7.1249738178829e-14,2.0609181746847372e-13,5.511177421771356e-13,1.1505024875580563e-22,1.313842401354666e-21,1.428763569227959e-20,1.4952861231704182e-19,1.5036445386239966e-18,1.4422500899733874e-17,1.307568563634644e-16,1.1105648838592308e-15,8.754675372413936e-15,4.862630365911303e-23,1.7241169539532883e-21,4.972628105236512e-20,1.1373090281785296e-18,2.1006235922528916e-17,3.2847251162518824e-16,4.4993809509817926e-15,5.412298225635456e-14,9.728166932439598e-22,7.166705841183674e-20,3.900390473933426e-18,1.7088693062278553e-16,6.424443580868397e-15,4.2058594398530365e-22,2.417041112564775e-19,8.24494643150217e-17,1.8257482053058587e-14,9.06862380487274e-20,7.083766272565793e-16,9.46563801065789e-20,1.0215961033334935e-13,1.7102792717910225e-19,5.733581801468005e-17,0.0002501883414743104,0.0005277827953964669,0.0007992721136613651,0.001065062268051268,0.0013255250316056239,0.0015810006714029265,0.0018318011128223924,0.0020782128079365556,0.0023204992776180407,0.0025589033580065254,0.002793649190489632,0.0030249439864873146,0.003252979595923765,0.003477933905478764,0.003699972085809363,0.003919247708154867,0.004135903745088731,0.00435007346943491,0.004561881263219314,0.004771443347159592,0.004978868438532206,0.005184258348522188,0.005387708520981255,0.0055893085229636414,0.005789142490217367,0.005987289532761868,0.0061838241046570505,0.006378816341597061,0.00657233236954777,0.006764434587284921,0.006955181925371986,0.0071446300838386295,0.0073328317505759735,0.007519836802249681,0.007705692489342089,0.007890443606767253,0.008074132651354373,0.00825679996741767,0.008438483881116584,0.008619220825472626,0.008799045455567148,0.00897799075577503,0.00915608813925181,0.009333367540395229,0.009509857500853007,0.009685585249596547,0.009860576777532675,0.010034856907083257,0.010208449357124208,0.010381376803641122,0.010553660936427447,0.010725322512123362,0.010896381403867795,0.011066856647813436,0.011236766486733456,0.011406128410929911,0.011574959196636711,0.011743274942094283
0.011952861952861953,0.0,6.610106949112457e-20,8.790529001644062e-18,1.56418524103072e-16,1.2276110765243939e-15,6.206884762078945e-15,2.4057074656205396e-14,7.86014315426718e-14,2.2875131621110675e-13,6.170108155049805e-13,1.58818629701299e-22,1.870131365834539e-21,2.101203147771228e-20,2.270357719625566e-19,2.350926375891224e-18,2.3132538273807854e-17,2.1422828443447727e-16,1.8501010815890704e-15,3.052595890583958e-24,1.30184586254206e-22,4.615180572551515e-21,1.3085857174319834e-19,2.9222907668857265e-18,5.310546191917542e-17,8.24647321231393e-16,1.1226494625047862e-14,1.3255999751758132e-13,5.362591773981743e-21,3.700412793833922e-19,1.929820165382525e-17,8.327099316272309e-16,3.0988322330434416e-14,8.219680996864966e-21,4.098399444478982e-18,1.198869318141359e-15,7.13062770436571e-22,1.0654245579842802e-17,5.6400790258258856e-14,2.4708463260347037e-16,1.915008511541528e-16,3.431003950226326e-16,0.00013539352481496716,0.00042366419838478915,0.0007053862992459991,0.0009810021157784113,0.001250918654516097,0.001515507825855754,0.0017751099280252404,0.002030036893913976,0.0022805751776432703,0.002526988298088033,0.002769519089019798,0.0030083916891791886,0.0032438133067895255,0.0034759757894949153,0.0037050570210967553,0.003931222169779363,0.00415462480442672,0.004375407895394269,0.004593704713423388,0.004809639638790535,0.005023328889665525,0.005234881182489634,0.005444398326419176,0.005651975763817862,0.005857703060325571,0.006061664350354576,0.006263938742665191,0.006464600690130711,0.006663720327326491,0.006861363779162958,0.007057593443419396,0.007252468249717844,0.007446043897197849,0.007638373072908322,0.007829505652717427,0.008019488886351877,0.008208367568009217,0.00839618419388972,0.008582979107485936,0.008768790634552827,0.008953655207441456,0.009137607480680056,0.009320680438116418,0.009502905492403757,0.009684312577460892,0.009864930234478762,0.010044785691992911,0.010223904940494055,0.01040231280200661,0.010580032995026698,0.010757088195176776,0.010933500091902948,0.011109289441512944,0.011284476116827424,0.011459079153694188,0.011633116794594202,0.011806606529549374,0.011979565134524901,0.012152008707503334
0.012121212121212121,0.0,7.190890097619267e-20,9.568419487644506e-18,1.7038696392182362e-16,1.3388605166563905e-15,6.783983954693563e-15,2.6387835326362858e-14,8.665011992555625e-14,2.5378389018773526e-13,6.908232806602651e-13,2.1930097440779784e-22,2.664621629804258e-21,3.093733190901984e-20,3.4501374288126235e-19,3.6762405460383246e-18,3.707388311584149e-17,3.5033060087290157e-16,3.0724499396927123e-15,7.992076879225012e-24,3.447277065603567e-22,1.2157825868370878e-20,3.3762565118608295e-19,7.36952484927436e-18,1.3220583184544542e-16,2.0414816285216852e-15,2.754904388671255e-14,3.1088086960217064e-22,2.816905793384415e-20,1.8297625120680703e-18,9.262876693868356e-17,3.956661604674657e-15,2.0307759282482775e-22,1.466027040923412e-19,6.156258995536674e-17,1.6166597575179693e-14,9.35322650957528e-20,9.307946275452903e-16,2.319487056852922e-19,2.757987441514227e-21,1.4754527988647082e-17,7.838421726644719e-06,0.00030715030760986695,0.000599610523535915,0.0008855179843239564,0.0011653188756706495,0.001439420485298614,0.001708194778897822,0.0019719820681881883,0.002231094289381982,0.002485817894836782,0.0027364164011773827,0.002983132639443608,0.0032261907446899424,0.0034657979229460564,0.0037021460185847326,0.003935412912729859,0.004165763771002651,0.004393352159873123,0.004618321047431868,0.004840803702543918,0.005060924502638933,0.005278799665076925,0.005494537904059085,0.005708241027134748,0.005920004475139737,0.006129917812271834,0.006338065171585079,0.006544525660560885,0.006749373730867876,0.006952679515945907,0.00715450913963429,0.0073549249987011995,0.007553986021813439,0.00775174790720744,0.00794826334107763,0.00814358219848312,0.008337751728384026,0.008530816724300007,0.008722819681572793,0.008913800943239727,0.009103798834350281,0.009292849786665548,0.009480988454151995,0.009668247820122353,0.009854659296720058,0.010040252817377972,0.010225056922823647,0.01040909884115045,0.010592404562427002,0.010774998908274576,0.010956905596804027,0.011138147303269487,0.011318745716764741,0.011498721593260324,0.011678094805254065,0.011856884388284505,0.012035108584536247,0.012212784883747045,0.01238993006160953,0.012566560215844727
0.01228956228956229,0.0,7.813620198242993e-20,1.0403078850188622e-17,1.8539018459176254e-16,1.4585830989890047e-15,7.407317608430691e-15,2.892007022979308e-14,9.545922598691335e-14,2.814425811484524e-13,7.735789670273181e-13,3.029506698156571e-22,3.800618192954831e-21,4.560180766765332e-20,5.246742300609004e-19,5.7484711889217446e-18,5.935731039971103e-17,5.716893420329277e-16,5.084886524283884e-15,2.0758952336810258e-23,9.019738169049471e-22,3.148801773774435e-20,8.542836433100093e-19,1.8266852713685454e-17,3.2447063664443283e-16,4.983545872165508e-15,6.636988614987163e-14,1.6622050171966087e-21,1.4113363428733729e-19,8.720378001148466e-18,4.3305096983442084e-16,1.832612692986838e-14,3.6947278297118505e-21,2.3392651263550187e-18,8.374926144031727e-16,4.803651137560315e-22,9.676454517013523e-18,6.541790533508677e-14,4.621223403806165e-16,9.835815632526013e-16,1.2160598989084647e-13,0.00017757512375854347,0.0004813220510068602,0.000778026836255752,0.0010681781035106629,0.001352222738467944,0.0016305681345286354,0.001903586280772639,0.002171617494058658,0.0024349737106518117,0.00269394138036674,0.0029487840171238664,0.0031997444475351257,0.003447046804828538,0.003690898291206935,0.003931490748156288,0.004169002054011287,0.004403597371764099,0.0046354302654196015,0.004864643701066267,0.005091370944348252,0.005315736371968174,0.005537856198789621,0.005757839137278324,0.005975786993332265,0.006191795206229309,0.0064059533387010375,0.006618345522422186,0.0068290508635761,0.007038143812608955,0.007245694501808522,0.007451769053927487,0.007656429864708287,0.007859735861848752,0.008061742742669246,0.008262503192497472,0.008462067085571937,0.008660481670123036,0.008857791738768944,0.009054039786345539,0.009249266155145356,0.009443509169588386,0.009636805260836719,0.009829189082286704,0.010020693616708215,0.010211350275727548,0.01040118899228469,0.010590238306637181,0.010778525446429961,0.010966076401303579,0.011152915992470444,0.011339067937650731,0.011524554911725033,0.011709398603429835,0.011893619768393761,0.012077238278787226,0.012260273169835174,0.012442742683421647,0.012624664308996265,0.01280605482197525,0.012986930319814396
0.012457912457912458,0.0,8.480688484843382e-20,1.1297797653815288e-17,2.0148992480555918e-16,1.5873157211218153e-15,8.080140866161782e-15,3.166996121408683e-14,1.0509804584116673e-13,3.1201055907218977e-13,8.66446013001899e-13,4.187461841829521e-22,5.426750306653791e-21,6.728770206679357e-20,7.983420618820124e-19,8.986618975643158e-18,9.491689080512562e-17,9.307157651967459e-16,8.383958234232007e-15,5.345686821810307e-23,2.329563011164124e-21,8.012020905915831e-20,2.121354822682241e-18,4.456855795761488e-17,7.857077361063035e-16,1.1990801691245175e-14,7.46000722073629e-23,8.50517648963766e-21,6.769118002622458e-19,4.029230586693085e-17,1.9764145871959837e-15,6.675067125341095e-23,6.204357403214054e-20,3.323201354694888e-17,1.0582612025754537e-14,5.591220374403266e-20,7.555087788019417e-16,2.41133169237638e-19,5.864438270827119e-21,1.3375283266238555e-16,3.4251499090870534e-05,0.00034985358221914135,0.0006579058581961186,0.0009589132773363617,0.0012533669794039868,0.0015417140708761411,0.001824361987806563,0.0021016827290242577,0.0023740166138021533,0.0026416755757006777,0.002904946061457605,0.003164091581256952,0.003419354958908886,0.0036709603235927494,0.003919114874426573,0.00416401044986297,0.004405824925371581,0.004644723461259202,0.004880859619018561,0.005114376362213908,0.005345406954758277,0.005574075770932294,0.005800499023725855,0.006024785423819093,0.006247036775425683,0.00646734851623958,0.0066858102075036735,0.006902505979492979,0.007117514937073896,0.007330911529452574,0.007542765887748209,0.007753144133611376,0.007962108661744257,0.008169718398861985,0.008376029041355924,0.008581093273674867,0.008784960969272513,0.008987679375428645,0.009189293284204534,0.009389845189647503,0.009589375433378145,0.009787922339177512,0.009985522337599964,0.010182210081463545,0.010378018552987584,0.010572979163273944,0.010767121844762834,0.010960475137235205,0.011153066267881317,0.011344921225907668,0.011536064832112133,0.011726520803818745,0.011916311815529391,0.012105459555618274,0.01229398477936733,0.012481907358615048,0.012669246328268394,0.012856019929906702,0.013042245652687419,0.013227940271746542,0.013413119884270954
0.012626262626262626,0.0,9.194587002024519e-20,1.22560096535495e-17,2.1875080204102109e-16,1.7256242663215527e-15,8.805925130215948e-15,3.4654977685870756e-14,1.1564235437749048e-13,3.4580523580958144e-13,9.70757665171031e-13,5.791949981690407e-22,7.757036672423476e-21,9.938191667882354e-20,1.2152498244944761e-18,1.4042620332229268e-17,1.5155860118129078e-16,1.5112793366514648e-15,2.541029340694394e-24,1.3637396526678913e-22,5.933137508228636e-21,2.0020643535902817e-19,5.175228124173259e-18,1.071773746677155e-16,1.8780213452533883e-15,2.8408383043114442e-14,3.877846008738124e-22,4.160865670080387e-20,3.124793094496952e-18,1.8130522832546009e-16,8.810640765581146e-15,1.1369409333683694e-21,9.431093177901297e-19,4.273930613384174e-16,1.8277825462012988e-22,5.249272437069839e-18,4.777993412084576e-14,3.954155888483861e-16,1.4151906412432281e-15,1.3320352415158036e-19,0.00020448838573693142,0.0005244875199370936,0.0008369015496074101,0.0011422701330439614,0.0014410849690518256,0.0017337932522907891,0.0020208024377581,0.0023024845287715973,0.0025791798422218674,0.0028512003088141946,0.00311883237178275,0.003382339536916156,0.0036419646250516018,0.0038979317614831204,0.004150448142036084,0.004399705602039502,0.004645882014035277,0.004889142535593492,0.005129640725820134,0.005367519545307461,0.005602912256444221,0.0058359432310975895,0.006066728680325958,0.006295377312987328,0.00652199093158302,0.006746664972198984,0.006969488994567635,0.007190547127544193,0.0074099184746594235,0.007627677483861943,0.007843894285085988,0.008058634998864606,0.00827196201884519,0.008483934270746524,0.008694607450018078,0.008904034240265101,0.009112264513935181,0.009319345517699239,0.009525322042781604,0.009730236582512044,0.009934129477829309,0.010137039051866333,0.010339001734561173,0.01054005217814549,0.010740223364280417,0.010939546703536156,0.011138052127846236,0.011335768176508465,0.011532722076252165,0.011728939815843836,0.01192444621566112,0.012119264992626484,0.012313418820857886,0.01250692938836232,0.012699817450070266,0.012892102877483725,0.013083804705187342,0.013274941174451563,0.013465529774137673,0.013655587279097594,0.01384512978624561
0.012794612794612794,0.0,9.957911384423307e-20,1.3281296079056964e-17,2.3724041883945777e-16,1.8741051162649587e-15,9.58837325608556e-15,3.7893981680707324e-14,1.271750906810381e-13,3.8318292569895097e-13,1.0880360722294692e-12,8.01735921947174e-22,1.1099891866926031e-20,1.4691128074128782e-19,1.8503263505880457e-18,2.1929122196706494e-17,2.4159785350968256e-16,2.4470299944473164e-15,6.347274745029733e-24,3.443890584109093e-22,1.48874445851965e-20,4.913103587565641e-19,1.2419306303928444e-17,2.5430561141810413e-16,4.431239472339018e-15,6.616866064333696e-14,1.9393837885468357e-21,1.9490036894361598e-19,1.3963397824978446e-17,7.968486726762478e-16,3.831113409023185e-14,1.8094438747477274e-20,1.2841718889071614e-17,5.0994050507222304e-15,1.9197726006810373e-20,3.771711075129748e-16,1.0632585372617486e-19,3.0569188137161875e-21,1.4369340581215733e-16,4.4474793826791025e-05,0.0003770539925968775,0.0007014753163354506,0.0010183093276948023,0.0013280977399162416,0.0016313324438721622,0.0019284606717590743,0.002219889886294163,0.00250599209129746,0.0027871076003881307,0.0030635483404613524,0.003335600750552541,0.0036035283328032385,0.003867573903862073,0.004127961585465278,0.00438489857003249,0.0046385766896982,0.004889173814020159,0.005136855098010449,0.0053817740973996974,0.0056240737712903175,0.005863887379375573,0.006101339291432864,0.006336545716548067,0.006569615361726506,0.0068006500277312245,0.007029745149016908,0.0072569902837841226,0.0074824695594483915,0.007706262078186255,0.007928442286671403,0.00814908031363675,0.008368242278482447,0.008585990573786626,0.008802384124258081,0.00901747862443998,0.009231326756869175,0.009443978393331208,0.009655480779606773,0.009865878706153552,0.010075214665573337,0.010283528998113411,0.010490860026249582,0.01069724417929512,0.010902716108887274,0.011107308796121386,0.011311053651028748,0.011513980605029348,0.011716118196931297,0.011917493652996743,0.01211813296154622,0.01231806094253145,0.012517301312467907,0.012715876745084445,0.012913808928015838,0.013111118615836382,0.013307825679707062,0.01350394915388582,0.01369950727933004,0.013894517544600844,0.01408899672426226,0.014282960914952287
0.012962962962962963,0.0,1.077336367317963e-19,1.4377389999561668e-17,2.570294730216069e-16,2.0333867580377096e-15,1.04314358948101e-14,4.1407341609226103e-14,1.3978713627465904e-13,4.2454411006808317e-13,1.2200195316435837e-12,1.1107123242281487e-21,1.5900031257774824e-20,2.173362303034217e-19,2.8175049472935017e-18,3.421611606938234e-17,3.844071273916533e-16,3.949989051640379e-15,1.5740888745399393e-23,8.602013933527254e-22,3.677384005995301e-20,1.184544051653455e-18,2.935519675151127e-17,5.958486481121835e-16,1.0317947964484508e-14,6.698083829819579e-23,9.310558582649404e-21,8.773391707086746e-19,6.070138183252238e-17,3.4256759079815775e-15,2.3685281090360055e-22,2.6441205379090622e-19,1.5801331943910932e-16,5.726861758022107e-14,1.67608457974124e-18,2.187584220562478e-14,1.5376770305752333e-16,5.80446435437314e-16,3.412253702261116e-20,0.00021483145066697636,0.0005519165196234769,0.0008808169248349525,0.001202129496462551,0.0015163964602067385,0.001824109786853546,0.0021257167252352743,0.0024216247407051372,0.0027122058341639108,0.0029978003154798936,0.003278720107323193,0.003555251644029929,0.0038276584239625207,0.00409618325959605,0.004361050268956074,0.004622466640974218,0.004880624204527927,0.005135700826450885,0.005387861657859274,0.005637260253121188,0.005884039568293677,0.006128332860809154,0.006370264498308443,0.006609950687871311,0.00684750013462242,0.0070830146375616505,0.007316589629489612,0.007548314667053809,0.007778273876210325,0.008006546357762965,0.00823320655709313,0.008458324601716123,0.008681966609883842,0.008904194973090728,0.009125068615072106,0.009344643229233137,0.009562971497393996,0.009780103290391385,0.009996085853186515,0.010210963975459455,0.01042478014907392,0.010637574713576209,0.010849385990776126,0.011060250409353696,0.01127020262034379,0.011479275604268348,0.01168750077061257,0.011894908050275996,0.012101525981570528,0.012307381790284863,0.012512501464287644,0.012716909823098975,0.012920630582821903,0.013123686416790965,0.0133260990122638,0.013527889123453755,0.013729076621176199,0.013929680539358079,0.014129719118639516,0.014329209847277475,0.014528169499544231,0.014726614171797827
0.013131313131313131,0.0,1.1643755165880495e-19,1.5548180770182817e-17,2.7819187206327437e-16,2.204131492207825e-15,1.1339329064501835e-14,4.5217055536080875e-14,1.5357820025110665e-13,4.70339371141783e-13,9.860344833647395e-23,1.5401306078222172e-21,2.279904619783661e-20,3.2172699281050135e-19,4.289841739981642e-18,5.3332727215074144e-17,6.10363752547338e-16,6.354874652452873e-15,3.8733731704697906e-23,2.1233242857907703e-21,8.937015448849108e-20,2.8079510621548457e-18,6.842704096725334e-17,1.3793153485516858e-15,2.369040609761991e-14,3.276806895540198e-22,4.2875227522725705e-20,3.814280249261699e-18,2.5765718603850747e-16,1.4404293931182053e-14,3.5824040479587975e-21,3.494712987427052e-18,1.7958509468699e-15,3.727115531179199e-21,1.1421072085177165e-16,1.9557658772510718e-20,1.1962217556422217e-13,1.832649257519435e-17,3.701293302514985e-05,0.0003874501854239179,0.0007290747884562419,0.0010625125769074134,0.0013883624003511593,0.0017071666692536978,0.002019417389584355,0.0023255618165577657,0.0026260074147184524,0.0029211261809855924,0.0032112584209272274,0.003496716051750221,0.003777785504141911,0.00405473027169347,0.004327793162847028,0.004597198291817948,0.0048631528439796855,0.005125848644894837,0.005385463558137096,0.005642162732411145,0.0058960997190351345,0.0061474174716215,0.006396249245287183,0.006642719405499038,0.006886944157300432,0.007129032203908637,0.007369085342535979,0.007607199004306366,0.007843462744293223,0.008077960686973492,0.008310771931759818,0.008541970922724003,0.008771627786147448,0.008999808639118515,0.009226575872086189,0.00945198840757015,0.009676101938202659,0.009898969144790668,0.010120639897294446,0.010341161439844154,0.010560578561331621,0.010778933752872472,0.010996267353302683,0.01121261768375715,0.011428021172274273,0.011642512469278575,0.011856124554711016,0.01206888883750349,0.012280835248028235,0.012491992324094382,0.012702387291010963,0.012912046136188758,0.013120993678710566,0.013329253634261594,0.013536848675776867,0.013743800490131896,0.013950129831174348,0.014155856569369449,0.01436099973830876,0.01456557757831097,0.014769607577324912,0.01497310650932724,0.015176090470392369
0.0132996632996633,0.0,1.2572009305473907e-19,1.6797718561643353e-17,3.0080485188326967e-16,2.387037249267033e-15,1.2316553034456127e-14,4.9346885000485186e-14,1.6865782654994135e-13,5.210760721579254e-13,1.3248411777958354e-22,2.137549552857866e-21,3.2722950525596594e-20,4.765046197198501e-19,6.529872200108219e-18,8.302907735055096e-17,9.669413813954155e-16,1.0187327936922283e-14,9.45166291579334e-23,5.175268256375763e-21,2.1362676631563712e-19,6.550952571953339e-18,1.5746718556666244e-16,3.1551884433089222e-15,5.356979219496926e-14,1.5473179949587358e-21,1.8963978081062847e-19,1.609781483754658e-17,1.0703703350260456e-15,5.912506981333105e-14,5.0536486375759305e-20,4.172587798612071e-17,1.920523942104466e-14,3.071768530344149e-19,6.212868378547126e-15,2.6274974057819227e-17,6.458022439672522e-17,1.4767604174156294e-14,0.00020723797868367054,0.0005623076896662792,0.0009085288078013158,0.0012465625867181486,0.0015770084051129122,0.001900408752476844,0.0022172556503024144,0.002527996355204434,0.0028330383280951005,0.003132753561314616,0.003427482355252818,0.0037175366226376307,0.0040032027889818,0.004284744343522083,0.004562404090538837,0.004836406140356979,0.00510695767472784,0.005374250516045215,0.005638462524068363,0.005899758845392479,0.006158293028251347,0.006414208023747303,0.006667637084639678,0.006918704574188292,0.007167526695371288,0.007414212149472444,0.0076588627318923685,0.007901573872055869,0.008142435123441311,0.008381530609026886,0.008618939426815676,0.00885473601955261,0.00908899051226897,0.00932176902093043,0.009553133934683766,0.00978314417521796,0.010011855434081287,0.010239320391142838,0.010465588915474272,0.010690708250363473,0.010914723183903493,0.011137676206452002,0.01135960765612533,0.011580555853374627,0.011800557225588289,0.01201964642257252,0.012237856423679748,0.012455218637281336,0.01267176299321538,0.012887518028781686,0.01310251096880339,0.013316767800227442,0.013530313341693677,0.013743171308464001,0.013955364373068754,0.01416691422199636,0.014377841608724023,0.014588166403362315,0.014797907639163025,0.015007083556119271,0.015215711641867696,0.015423808670085547,0.01563139073655992
0.013468013468013467,0.0,1.3561164600316495e-19,1.8130218976244678e-17,3.2494910027306124e-16,2.5828395221289065e-15,1.3367912610849588e-14,5.382250056859075e-14,1.8514653967531287e-13,5.773258744440757e-13,1.780794493787139e-22,2.969519540190815e-21,4.700864011008767e-20,7.060155595037707e-19,9.935325910949732e-18,1.2908100738222737e-16,1.528066469590902e-15,3.2709453335267284e-24,2.2856595170554804e-22,1.2445295726179685e-20,5.022781759295607e-19,1.5058644940889616e-17,3.5804965695424944e-16,7.131262776804583e-15,4.025767814913099e-23,7.037269808576408e-21,8.082680159715493e-19,6.62407635228147e-17,4.3564151054014466e-15,4.741764940845214e-22,6.542492375174031e-19,4.569944361801656e-16,4.014501685647659e-22,2.0417155526658274e-17,1.4602686064612849e-21,1.9680246796249093e-14,2.4633705376862004e-19,1.0532934786166937e-05,0.0003796758336076967,0.0007394028710207497,0.0010902788218535627,0.0014329673029516439,0.0017680678884442799,0.002096123103226865,0.002417624974401357,0.002733020756764353,0.0030427179064695005,0.003347088410734476,0.0036464725640522094,0.003941182274615326,0.0042315039627623076,0.004517701113190243,0.004800016525922838,0.0050786743073230585,0.005353881635757892,0.005625830329195458,0.005894698245401683,0.006160650527476813,0.006423840720933609,0.006684411774315852,0.0069424969379888015,0.007198220572974112,0.007451698880156667,0.007703040558860925,0.007952347402651853,0.008199714839232779,0.008445232420466142,0.008688984267811816,0.00893104947784497,0.009171502491966414,0.009410413434001843,0.009647848418518153,0.009883869833772147,0.010118536600290978,0.010351904408618768,0.010584025937673892,0.010814951055627521,0.011044727004914176,0.01127339857281773,0.01150100824892808,0.01172759637063258,0.011953201257689831,0.01217785933682987,0.012401605257232625,0.012624471997654417,0.012846490965898889,0.013067692091263116,0.013288103910531056,0.013507753648033702,0.01372666729024824,0.013944869655365831,0.014162384458219652,0.014379234370930192,0.01459544107959379,0.014811025337312463,0.015026007013837555,0.015240405142076752,0.0154542379616934,0.015667522960007976,0.01588027691039447,0.01609251590834896
0.013636363636363636,0.0,1.4614377583664134e-19,1.9550067750343247e-17,3.507088852737799e-16,2.7923134228896795e-15,1.4498538916930873e-14,5.867164052957736e-14,2.0317714599373624e-13,6.397331985256112e-13,2.3948831887770785e-22,4.129251377998749e-21,6.758655590239665e-20,1.0463341749810172e-18,1.5107823250153542e-17,2.0036196212993754e-16,2.4084194604751056e-15,7.766075949307128e-24,5.47406309255249e-22,2.95075184398848e-20,1.1620255846367243e-18,3.414522705696451e-17,8.049236631100682e-16,1.591765360390536e-14,1.8677019374422107e-22,3.0797078653055913e-20,3.334275577725026e-18,2.66620210928722e-16,1.7366110782772568e-14,6.4490359187832794e-21,7.692721536612494e-18,4.685747518672539e-15,3.133516018321293e-20,1.0740357131576796e-15,1.8615939055001015e-18,1.7580137389088206e-18,7.429656179275178e-18,0.00018026798848379193,0.0005542946495632029,0.000918735745025038,0.0012743251489857226,0.0016217270933418131,0.001961541237269347,0.002294310121237148,0.0026205257729069406,0.002940635442665883,0.003255046581260032,0.00356413117004295,0.003868229498218254,0.004167653468334133,0.004462689495799134,0.004753601060651703,0.0050406309585776625,0.005324003291911464,0.0056039252351192115,0.005880588603129593,0.00615417125013135,0.006424838316276815,0.006692743344300592,0.006958029280147241,0.007220829371754121,0.007481267977874528,0.0077394612972724345,0.007995518027287393,0.008249539959624868,0.008501622520244447,0.0087518552593718,0.009000322296928974,0.009247102728044887,0.00949227099275903,0.009735897213590514,0.009978047503955648,0.010218784250930379,0.01045816637396609,0.010696249562589142,0.010933086494754642,0.011168727037721572,0.0114032184330601,0.011636605467234565,0.011868930629057278,0.012100234255177367,0.012330554664652079,0.012559928283544708,0.012788389760400969,0.01301597207337351,0.013242706629691061,0.013468623358102817,0.013693750794870342,0.013918116163826252,0.014141745450971998,0.014364663474044399,0.014586893947442501,0.014808459542871683,0.01502938194603129,0.015249681909643391,0.015469379303095542,0.015688493158946958,0.015907041716527064,0.016125042462836147,0.01634251217094112,0.016559466937154124
0.013804713804713806,0.0,1.5734925805400741e-19,2.106182554642563e-17,3.7817218875665423e-16,3.0162758725811684e-15,1.5713912766652413e-14,6.392428440764198e-14,2.2289620846819406e-13,7.090247547342048e-13,3.222663615879758e-22,5.747369558984461e-21,9.724432599664389e-20,1.5508712975690636e-18,2.29558761267947e-17,3.1046790414350544e-16,3.785178006325325e-15,1.8314329896051146e-23,1.2974839456451969e-21,6.89420717410608e-20,2.6469805438734496e-18,7.645371352554449e-17,1.7897094763847835e-15,3.505792418200317e-14,8.394489072874324e-22,1.2978376486029411e-19,1.3374086564175354e-17,1.0518877870688e-15,4.1370576270314716e-23,8.19328908242508e-20,8.24878536596082e-17,4.554296193960062e-14,2.0650314385014837e-18,4.7607560826778877e-14,1.4508672647595753e-15,8.767615934981063e-14,6.870175109692745e-16,0.0003522906127588583,0.0007310931282286083,0.0011003065563192406,0.0014606681394231961,0.0018128423367792382,0.002157428846003545,0.002494970212975613,0.002825958462725395,0.003150840840052672,0.0034700247897408738,0.0037838822866337555,0.004092753614585408,0.004396950670437911,0.004696759864504828,0.004992444672071127,0.005284247884410453,0.005572393599977551,0.005857088988733108,0.006138525862918198,0.006416882073076842,0.0066923227563438215,0.006965001452629442,0.007235061105241992,0.007502634959658337,0.007767847372333751,0.008030814539883885,0.00829164515763789,0.008550441015417956,0.008807297537417751,0.009062304272205371,0.00931554533814553,0.009567099828902621,0.009817042183178177,0.010065442522056498,0.010312366957886185,0.010557877876523248,0.010802034196328879,0.011044891605798387,0.01128650278191124,0.011526917591002625,0.011766183273767451,0.012004344615840183,0.012241444105245775,0.012477522077885848,0.012712616852107518,0.012946764853298967,0.013180000729363749,0.013412357457843286,0.013643866445384178,0.013874557620180904,0.014104459517966078,0.014333599362067705,0.01456200313800556,0.014789695663056442,0.01501670065117979,0.015243040773660737,0.015468737715796632,0.015693812229924848,0.015918284185064604,0.016142172613422306,0.016365495753989268,0.016588271093441583,0.01681051540560084,0.017032244783071512
0.013973063973063972,0.0,1.6926210859949476e-19,2.2670232837777656e-17,4.0743084554535793e-16,3.2555879331450856e-15,1.7019889735692284e-14,6.96128432632655e-14,2.4446571336603434e-13,7.860202888856337e-13,4.339455609844183e-22,8.007039482063377e-21,1.400071182072261e-19,2.2986345323967147e-18,3.4848958310731826e-17,4.801719327571263e-16,5.930883963864321e-15,4.2878487480257903e-23,3.0414626973788388e-21,1.5868026642224727e-19,5.94184818582631e-18,1.6919641376733246e-16,3.9361488894612996e-15,7.609001228883877e-14,3.647373112099597e-21,5.279775050629358e-19,5.2370693197863236e-17,4.071683598122713e-15,5.39722613660488e-22,9.584932449616598e-19,8.201699145625191e-16,1.729821792963022e-21,1.0912066282564563e-16,5.1423116847536594e-20,1.055267454228295e-20,3.025422863625435e-14,0.00013239805557209932,0.000526436973139271,0.0009100712449858214,0.0012841156226562525,0.0016493081615612277,0.0020063134208832887,0.002355731115194776,0.002698103790441458,0.0030339234664363856,0.003363637381710617,0.0036876529744038137,0.00400634221325703,0.004320045375877598,0.004629074353553521,0.0049337155513868415,0.005234232439824948,0.005530867805659215,0.005823845743078648,0.00611337341849973,0.006399642640344721,0.006682831255880549,0.00696310439917087,0.007240615607260696,0.007515507820786728,0.00778791428273339,0.00805795934722854,0.00832575920871225,0.008591422560477869,0.00885505119044063,0.009116740521006098,0.009376580099064056,0.009634654041402417,0.00989104144024828,0.010145816732755204,0.010399050038867728,0.010650807469623033,0.010901151409708584,0.0111501407763813,0.011397831257092358,0.011644275527833314,0.01188952345400405,0.012133622275413291,0.012376616776855332,0.012618549445558035,0.012859460616666233,0.013099388607808085,0.013338369843688353,0.01357643897156046,0.01381362896834705,0.0140499712401054,0.014285495714468396,0.014520230926633175,0.0147542040994169,0.014987441217851704,0.015219967098748675,0.015451805455622226,0.015682978959332062,0.015913509294768546,0.01614341721387962,0.016372722585311607,0.016601444440913767,0.01682960101933508,0.01705720980795022,0.01728428757698427,0.017510850422255905
0.014141414141414142,0.0,1.6432873992145502e-19,2.2023487918209936e-17,3.962614874117254e-16,3.174431833148809e-15,1.6688246323575916e-14,6.899839157430663e-14,2.469517466599155e-13,8.168885062248399e-13,5.14278832414007e-22,9.053227185358006e-21,1.6487269729067837e-19,2.80997768519596e-18,4.387714498648847e-17,6.182076530492126e-16,7.75598078103765e-15,2.046949160938892e-22,5.143815448615472e-21,2.5987065615276397e-19,9.777428702739987e-18,2.8495883749700047e-16,6.798553348783863e-15,3.21554507858825e-22,1.0699678457820782e-20,1.5060731475348335e-18,1.5395705535089608e-16,1.2355674659487887e-14,4.955970839175835e-21,7.215645209009322e-18,5.878497337284787e-15,7.23528534229414e-20,3.462265137245583e-15,2.828891007257283e-17,4.431747954296081e-16,8.063323935426437e-16,0.0003037629804004216,0.0007027020734478815,0.0010912272508364956,0.0014701617789604955,0.0018402443490945972,0.0022021396692880283,0.0025564475022162828,0.002903710410950602,0.00324442041989448,0.0035790247672473938,0.003907930887976123,0.004231510747355465,0.004550104618498251,0.004864024388293781,0.005173556457491991,0.0054789642923384,0.0057804906757788046,0.00607835969767813,0.006372778521504807,0.006663938952050727,0.006952018833454865,0.007237183296837951,0.007519585876484804,0.0077993695104455205,0.008076667439280769,0.008351604014846453,0.008624295429451964,0.008894850374391246,0.009163370635702097,0.009429951634025881,0.009694682914593444,0.00995764859268333,0.010218927758879408,0.010478594849148025,0.010736719982045735,0.010993369267377791,0.011248605088667263,0.011502486362070003,0.011755068773995419,0.01200640499944878,0.012256544902895588,0.01250553572325882,0.012753422244492545,0.013000246953027053,0.013246050183249638,0.0134908702520685,0.013734743583503678,0.01397770482415706,0.014219786950330946,0.014461021367491595,0.014701438002708513,0.01494106539064155,0.015179930753595118,0.015418060076111807,0.015655478174535036,0.015892208761932262,0.016128274508735763,0.01636369709942701,0.016598497285562556,0.016832694935413943,0.017066309080471333,0.0172993579600331,0.017531859057971243,0.017763829147590712,0.017995284323183237
0.014309764309764309,0.0,1.9535236473996173e-19,2.619688681717725e-17,4.717216991577479e-16,3.7839409048943916e-15,1.992911234653495e-14,8.24407860792674e-14,2.9389261137910496e-13,9.6694179226868e-13,7.885703894567504e-22,1.5582585670649687e-20,2.9066719911694775e-19,5.046415855700974e-18,8.004447611397909e-17,1.1413613930207117e-15,2.4557072838534916e-24,2.295389635426096e-22,1.6122589620967776e-20,8.036577578812323e-19,2.87656174879245e-17,8.023160375740629e-16,1.8407754752007698e-14,3.058598790823001e-22,6.19442071064118e-20,7.981356768363749e-18,7.556546670229284e-16,5.749686715217417e-14,7.778065297153499e-20,1.005969915578816e-16,6.875364462055749e-14,6.130911186206784e-18,5.313600163663925e-22,2.1710365300825953e-14,4.695225999505902e-18,6.201731144675166e-05,0.00047720962901201086,0.0008810947497663299,0.0012745674033108325,0.00165844993620718,0.0020334808257122783,0.0024003246963085778,0.0027595812684813596,0.0031117930788728174,0.00345745213364773,0.003797005656964831,0.004130861072735185,0.00445939033656895,0.004782933713483435,0.005101803083224441,0.0054162848401873515,0.005726642445181073,0.006033118675106802,0.006335937616169472,0.006635306427098389,0.0069314169087852364,0.007224446901761523,0.007514561533814211,0.007801914336143338,0.008086648243939489,0.008368896495107747,0.008648783439033596,0.008926425265724515,0.009201930664326357,0.009475401418869532,0.009746932948117057,0.010016614795599874,0.010284531074746247,0.010550760874818413,0.010815378630232445,0.011078454458175645,0.011340054467162663,0.011600241039499325,0.011859073090192518,0.01211660630456631,0.012372893356599933,0.012627984109788127,0.012881925802134707,0.013134763216722715,0.01338653883915653,0.013637293003039683,0.013887064024536074,0.014135888326958496,0.014383800556236325,0.014630833688031954,0.014877019127202412,0.015122386800236809,0.015366965241241745,0.01561078167199396,0.015853862076532468,0.01609623127071985,0.01633791296716421,0.01657892983585875,0.01681930356086503,0.017059054893337814,0.017298203701164052,0.017536769016431083,0.01777476907500383,0.018012221363710976,0.018249142654347267,0.018485549040894205
0.014478114478114479,0.0,2.0960428179230863e-19,2.81255587947287e-17,5.069581665889772e-16,4.074947822249547e-15,2.1546194625767473e-14,8.965914665268578e-14,3.221691748256742e-13,1.0730896609629801e-12,1.0642853087397394e-21,2.1765411116694023e-20,4.190493080380808e-19,7.472785437376182e-18,1.2107423814300823e-16,1.7536307303806687e-15,5.5615315950289344e-24,5.2428086918411615e-22,3.6416183723851034e-20,1.769574005252544e-18,6.215857381130848e-17,1.7206215635722535e-15,3.909183163150695e-14,1.2781946947681221e-21,2.424413574379477e-19,2.989487352996641e-17,2.7932746576525003e-15,3.495244447511456e-22,8.380352766447918e-19,9.217285123181322e-16,3.1769347527995293e-21,2.707567626664752e-16,4.677264482494342e-19,1.0204421567990228e-18,1.3755059324609656e-16,0.00023249164090803726,0.0006527135484523848,0.0010616062333065285,0.001460086102292685,0.0018489759295306927,0.002229014249913351,0.002600865695449264,0.0029651299829768826,0.003322349641722679,0.003673016670042746,0.004017578283938335,0.004356441900299047,0.004689979467641489,0.00501853124458089,0.005342409104930285,0.005661899437604374,0.005977265698211126,0.006288750659351726,0.0065965784025956015,0.006900956082717632,0.00720207549691121,0.007500114482266466,0.007795238163370196,0.008087600068444611,0.008377343129906532,0.00866460058307448,0.008949496774919187,0.009232147893191269,0.009512662624924987,0.00979114275217295,0.0100676836918438,0.010342374985705371,0.010615300745606815,0.010886540059234588,0.011156167359559975,0.011424252762408197,0.01169086237500908,0.011956058578455699,0.01221990028660942,0.012482443183711472,0.012743739942716699,0.013003840426150071,0.013262791871096651,0.013520639059768453,0.013777424476943476,0.014033188455440708,0.014287969310678739,0.01454180346526187,0.014794725564445515,0.015046768583250603,0.015297963925923237,0.015548341518370382,0.01579792989414353,0.016046756274489846,0.016294846642942857,0.01654222581488238,0.016788917502455203,0.017034944375213485,0.01728032811679693,0.017525089477956602,0.017769248327135282,0.01801282369304611,0.018255833814409754,0.018498296176560198,0.018740227550966975,0.018981644031299368
0.014646464646464645,0.0,2.2471265304545092e-19,3.0171741297713537e-17,5.443988510463557e-16,4.385242186496364e-15,2.3281617212262602e-14,9.747191618229769e-14,3.5313952419161616e-13,6.380548603587024e-23,1.4375791290611725e-21,3.0424652512420615e-20,6.042757198227469e-19,1.1059426469753819e-17,1.828629057725686e-16,2.6876187596895374e-15,1.2519556123579891e-23,1.186350235205459e-21,8.11626493851133e-20,3.843270249694031e-18,1.3286130132854357e-16,3.653410045979046e-15,8.190276318043564e-14,5.17605869047793e-21,9.19759178074889e-19,1.0970132957119107e-16,1.014490213237196e-14,3.993586054006944e-21,8.30207755796902e-18,8.005409434642615e-15,1.7688864801722955e-19,1.003648162125357e-14,2.779563433804739e-16,3.031262097402264e-14,9.024011972596706e-14,0.0004049905943256941,0.0008302810592053217,0.0012442398130624074,0.0016477856958912712,0.0020417416600483347,0.0024268462673207934,0.0028037641502260155,0.003173095018730743,0.0035353813939242354,0.003891115265658867,0.004240743842038648,0.004584674532150324,0.004923279277497537,0.005256898330169508,0.005585843557952451,0.005910401344424777,0.006230835139324645,0.006547387711366465,0.00686028313736555,0.007169728568065418,0.007475915796907452,0.00777902265749588,0.008079214271177594,0.008376644163160656,0.008671455263054595,0.00896378080356026,0.00925374512920468,0.009541464425454642,0.009827047377207623,0.010110595764514901,0.010392205002452653,0.010671964630881742,0.010949958760163261,0.011226266476360366,0.011500962210981519,0.01177411607847323,0.012045794184765061,0.012316058909722894,0.012584969166048942,0.012852580636888754,0.013118945994160712,0.01338411509940852,0.01364813518878766,0.013911051043628829,0.014172905147873893,0.014433737833548068,0.014693587415315837,0.014952490315064628,0.015210481177367972,0.01546759297659777,0.01572385711638201,0.01597930352203862,0.01623396072655747,0.01648785595064992,0.01674101517733804,0.016993463221513197,0.01724522379485541,0.017496319566470627,0.017746772219571726,0.017996602505424987,0.018245830289140202,0.018494474602197733,0.018742553681830174,0.018990085013028454,0.019237085366932798,0.019483570836896346
0.014814814814814815,0.0,2.407181629257862e-19,3.234115050127054e-17,5.841571566491364e-16,4.715946436686708e-15,2.5143553195098588e-14,1.0592729005574267e-13,3.870759024629988e-13,8.3390805705609e-23,1.9434182927376478e-21,4.255871070539709e-20,8.714801847291121e-19,1.6355978669563914e-17,2.757377042770053e-16,4.1081495843963545e-15,2.800287105158524e-23,2.657983616844834e-21,1.784527752105179e-19,8.239734832704309e-18,2.8110586926086346e-16,7.679555125371788e-15,7.348917432443233e-23,2.0290806063047058e-20,3.3941290840524103e-18,3.9527336204077414e-16,3.616686535275397e-14,4.3137154143062666e-20,7.590977821493136e-17,6.64179884237442e-14,8.311631241600705e-18,1.7087707046511218e-21,1.0096732373269306e-13,1.7970240463148164e-15,0.00013672580074372524,0.0005794963961658679,0.001009912293003955,0.0014289958293555397,0.0018376665604105903,0.0022367475215923425,0.002626977284610629,0.0030090204783771173,0.003383476804418454,0.003750888774979843,0.004111748370718905,0.004466502791799449,0.00481555943935167,0.005159290247700941,0.005498035462301604,0.0058321069448239796,0.006161791073094571,0.006487351291964624,0.006809030365090825,0.0071270523648950665,0.007441624438026702,0.0077529383741256905,0.00806117200326712,0.00836649044351877,0.008669047217038475,0.008968985250595059,0.009266437774240641,0.009561529130029691,0.009854375501118217,0.01014508557024176,0.010433761115479482,0.010720497549834493,0.01100538441158465,0.011288505809336666,0.011569940827581523,0.011849763896347155,0.012128045128684975,0.012404850629208921,0.012680242776543234,0.012954280482217447,0.013227019428268594,0.013498512285566458,0.013768808914662074,0.014037956550770468,0.014305999974330755,0.014572981668438916,0.014838941964317134,0.015103919175867,0.01536794972425072,0.015631068253352,0.015893307736886145,0.016154699577855827,0.016415273700983085,0.0166750586386896,0.01693408161114471,0.01719236860085308,0.017449944422211906,0.01770683278642905,0.01796305636215902,0.018218636833092137,0.018473594947187942,0.018727950572248447,0.018981722738266062,0.019234929682111327,0.019487588888427824,0.019739717128022468,0.019991330493928445
0.014983164983164982,0.0,2.576629252083743e-19,3.4639713769174746e-17,6.263513112559125e-16,5.068244718635121e-15,2.7140743319682093e-14,1.1507754778457068e-13,4.24281187693101e-13,1.09030714132457e-22,2.629430430125714e-21,5.956969844068735e-20,1.2568493235190039e-18,2.4169026471989816e-17,4.1505784113184227e-16,6.261910552196815e-15,6.221164647637044e-23,5.8929773203939115e-21,3.8706930151203147e-19,1.7453350802239484e-17,5.890465449716181e-16,1.597508937995987e-14,2.967143515113659e-22,7.701341610121378e-20,1.222758551160919e-17,1.4004409373515722e-15,1.2794384743029844e-22,4.35302333169655e-19,6.492880911612544e-16,2.5094928737116507e-21,3.2055444711643674e-16,1.1601226796372307e-18,1.1692364482911337e-17,2.1953109149795874e-20,0.00030804639026366104,0.0007560078900353532,0.0011916075253195935,0.0016158746429746362,0.002029729080981715,0.0024339939132156704,0.002829407713455897,0.0032166351029092773,0.0035962757739747744,0.003968872229292953,0.00433491644059697,0.00469485559928061,0.00504909709859796,0.005398012865564099,0.005741943138897514,0.006081199774265983,0.0064160691431315135,0.006746814685827995,0.007073679160827652,0.007396886636082345,0.007716644254091443,0.008033143800646155,0.008346563102249958,0.008657067273652608,0.008964809833925768,0.009269933706964216,0.009572572120140392,0.009872849413007345,0.01017088176638342,0.01046677786081708,0.010760639472319656,0.011052562012022045,0.011342635016366452,0.011630942592268607,0.011917563822628423,0.012202573135975845,0.012486040643950874,0.012768032449836536,0.013048610931001079,0.013327834997787743,0.013605760331112285,0.013882439600783775,0.01415792266634913,0.014432256762072077,0.014705486667489866,0.014977654864842852,0.015248801684540925,0.015518965439713995,0.015788182550790703,0.016056487660956967,0.01632391374326395,0.01659049220008179,0.016856252955529786,0.01712122454145491,0.017385434177478194,0.01764890784558095,0.017911670359660545,0.018173745430447225,0.018435155727037692,0.01869592292982736,0.01895606778940571,0.01921561017208059,0.019474569107462213,0.01973296283205461,0.019990808830149812,0.020248123872217447,0.020504924050966957
0.015151515151515152,0.0,2.4737900558027404e-19,3.3279936422949644e-17,6.026079816053731e-16,4.8928736599609114e-15,2.6405249527672103e-14,1.136756344621138e-13,4.3027581584131663e-13,1.6129925936876013e-22,2.8996092278579904e-21,6.791572038329566e-20,1.4915866984521133e-18,2.9589711024172314e-17,5.199252266059273e-16,7.967441085411696e-15,2.3222820409860543e-22,9.326647847267565e-21,6.012390059779267e-19,2.7427004875335852e-17,9.520964278656661e-16,2.6404008454215666e-14,1.0614434144766412e-21,1.9983629202859252e-19,3.2443931743716965e-17,3.861978401684271e-15,1.4305539730851858e-21,2.8336164843467557e-18,4.0057978291048055e-15,7.921482550352179e-20,7.802893637856561e-15,3.587288956083565e-16,5.47365679866225e-21,1.4581551704733547e-05,0.00048131478952689313,0.0009345224414364969,0.0013753652533176263,0.001804875187964054,0.0022239724448125746,0.0026334801909923995,0.00303413703129358,0.003426607594253985,0.003811491571743345,0.004189331461671266,0.0045606192304542235,0.00492580206294561,0.005285287346017763,0.005639447000453921,0.005988621259018338,0.0063331219716527476,0.006673235504812306,0.007009225293664499,0.0073413340921113625,0.007669785963818193,0.007994788047283168,0.00831653212456723,0.00863519601869638,0.00895094484117718,0.009263932108054755,0.009574300740397477,0.009882183962936103,0.01018770611275262,0.010490983368351857,0.010792124408155149,0.011091231006006145,0.01138839857127953,0.011683716638562706,0.011977269313086491,0.012269135676164408,0.012559390154831852,0.01284810285931968,0.01313533989158136,0.013421163627729668,0.013705632976921482,0.013988803618950588,0.014270728222564278,0.014551456646303874,0.014831036123480064,0.015109511432726245,0.015386925055425013,0.015663317321171637,0.015938726542321955,0.016213189138568573,0.016486739752397058,0.01675941135619188,0.017031235351688077,0.0173022416623996,0.017572458819596137,0.017841914042347872,0.01811063331211023,0.01837864144227825,0.018645962143994433,0.018912618083061095,0.019178630942456025,0.019444021471264537,0.01970880953539314,0.01997301416406737,0.02023665359342239,0.020499745307396452,0.020762306076119705,0.02102435199197572
0.015319865319865318,0.0,2.9454600523656128e-19,3.9649101617476434e-17,7.185453361278882e-16,5.842690536098202e-15,3.1578933693008113e-14,1.356946768138531e-13,5.098854542082614e-13,1.8665887409766617e-22,4.825175062279941e-21,1.168934858191845e-19,2.6130544319243317e-18,5.261737148040518e-17,9.350809888171796e-16,2.300039606076678e-24,3.003789383548702e-22,2.8010756527352135e-20,1.7500288943982313e-18,7.577577897334908e-17,2.5159521541493368e-15,6.681212984577352e-14,4.452425631440515e-21,1.013844811721053e-18,1.4946172714456814e-16,1.6739015693950374e-14,1.379675435159174e-20,3.5196373796304166e-17,4.100340743077258e-14,5.189496040933756e-18,1.4540330525979835e-21,5.464106157640326e-22,2.4911361240447318e-14,0.00018451612186372332,0.0006565411853027013,0.0011150481150063406,0.0015611913255350128,0.001996002166463053,0.002420400664650104,0.002835209914644326,0.0032411684789316747,0.00363894095904381,0.004029127026586495,0.004412269163743115,0.004788859323428109,0.005159344679235259,0.0055241326081677195,0.005883595022276381,0.006238072146710876,0.006587875823776984,0.006933292414265883,0.00727458534725647,0.007611997371381882,0.00794575254546539,0.008276058003551108,0.008603105523594742,0.008927072924830632,0.00924812531525642,0.009566416207664,0.009882088520100385,0.010195275474485904,0.01050610140528438,0.01081468248860895,0.01112112740043241,0.01142553791265341,0.011728009432572203,0.012028631492904554,0.01232748819712391,0.012624658624892385,0.012920217201692058,0.013214234036291428,0.013506775229265987,0.013797903155428885,0.01408767672271019,0.014376151609744682,0.014663380484183744,0.01494941320353167,0.015234297000117083,0.015518076651642643,0.015800794638608263,0.01608249128977142,0.016363204916692322,0.016642971938307407,0.016921826996383196,0.01719980306261984,0.017476931538100846,0.01775324234571941,0.01802876401615346,0.01830352376790873,0.01857754758190192,0.018850860271903375,0.01912348554573921,0.019395446071750345,0.019666763531386678,0.019937458673304726,0.020207551363000308,0.020477060629305432,0.020746004707978095,0.021014401082594825,0.02128226652293883,0.021549617121060696
0.015488215488215488,0.0,3.1457599307004743e-19,4.237288786786008e-17,7.688075199694428e-16,6.267548804421643e-15,3.4040633723762966e-14,1.4729033398399024e-13,5.590782756981598e-13,2.444379126197352e-22,6.544106537706217e-21,1.6385058962150603e-19,3.766091821513249e-18,7.750250513628448e-17,1.3991866267872596e-15,4.9579653061049336e-24,6.522602378053824e-22,6.000190699075972e-20,3.651338793358071e-18,1.5554896239975138e-16,5.129413295770905e-15,4.4493841867881916e-23,1.6506129764729252e-20,3.5363343707512454e-18,5.093292759232173e-16,5.638468608726562e-14,1.3210021436711418e-19,2.847668337188302e-16,8.481078349507305e-22,1.8171985780723477e-16,8.068889031274914e-19,1.7709388157800144e-17,1.2191858953161642e-17,0.000356320650226012,0.0008337103636620397,0.0012975773790786685,0.001749080616827532,0.0021892516487003566,0.002619010529370007,0.0030391803506517588,0.0034504996649313987,0.003853633062611052,0.004249180203483423,0.004637683559747954,0.005019635074209252,0.005395481911416877,0.005765631440049507,0.0061304555645172185,0.00649029450286203,0.00684546009120035,0.0071962386841821985,0.007542893705463538,0.007885667898650622,0.008224785317917057,0.008560453093004426,0.00889286299788265,0.009222192848088947,0.009548607748187138,0.009872261207775656,0.010193296141927865,0.010511845769791769,0.010828034423243434,0.0111419782759595,0.0114537860016959,0.011763559370200884,0.012071393786790474,0.012377378782317294,0.012681598458504051,0.012984131893366382,0.013285053510836586,0.01358443341822319,0.013882337714725078,0.014178828773856329,0.01447396550232012,0.014767803577591552,0.015060395666225008,0.015351791624686315,0.015642038684320275,0.015931181621896856,0.016219262917031064,0.01650632289764035,0.016792399874486854,0.01707753026574839,0.017361748712469826,0.017645088185664508,0.017927580085761795,0.01820925433503154,0.01849013946355733,0.018770262689277884,0.019049649993459566,0.01932832618652911,0.019606314978827106,0.01988363903714419,0.020160320042479755,0.02043637874305896,0.02071183500396448,0.02098670785363244,0.021261015527441352,0.02153477550860386,0.02180800456655406,0.022080718793007506
0.015656565656565657,0.0,3.3572864051055034e-19,4.525176331921568e-17,8.220306027622646e-16,6.7194310847505024e-15,3.6679084057254536e-14,1.5983949852888916e-13,6.131372138015178e-13,3.203031397214349e-22,8.88200127081869e-21,2.2974185904328536e-19,5.42554084765422e-18,1.1400910472250732e-16,2.0890058188198956e-15,1.0629343637905207e-23,1.404351107935975e-21,1.269820291005035e-19,7.529252099696573e-18,3.1639665429352303e-16,1.0361392217828023e-14,1.7003798306439654e-22,5.940407865326943e-20,1.2065710787234097e-17,1.7092078910252452e-15,2.601401641564974e-22,1.1822597702499089e-18,2.1842448029575264e-15,3.7616878080445355e-20,5.423777352282438e-15,3.131773010308057e-16,1.4271523498494517e-21,3.244100269319726e-05,0.0005300177117763215,0.0010128273499057025,0.0014821131900436422,0.001939035337695705,0.002384625470615369,0.002819803652928816,0.0032453929695454523,0.0036621319610961336,0.004070685205777211,0.004471652352082556,0.004865575861020844,0.005252947665456648,0.005634214920737548,0.006009784987098816,0.006380029761396393,0.006745289453961585,0.007105875895077697,0.007462075433102217,0.007814151486185967,0.008162346792845502,0.008506885402550434,0.008847974440690725,0.0091858056772055,0.00952055692389337,0.00985239328184588,0.010181468257432356,0.010507924762719452,0.010831896014051974,0.011153506340730791,0.011472871913852122,0.01179010140503714,0.012105296581830518,0.012418552847541285,0.012729959731137898,0.01303960133257278,0.013347556728196791,0.013653900340375315,0.013958702274940728,0.014262028629700113,0.014563941776854147,0.014864500621865576,0.015163760841037018,0.015461775099813786,0.01575859325361178,0.016054262532781118,0.016348827713148793,0.016642331273435198,0.016934813540708468,0.017226312824923883,0.017516865543492275,0.017806506336728933,0.01809526817495279,0.018383182457931888,0.01867027910730586,0.018956586652557405,0.019242132311947928,0.019526942063355823,0.019811040719706772,0.020094451989759708,0.020377198539829073,0.020659302050458513,0.02094078326943691,0.021221662061429083,0.021501957454470793,0.021781687683556813,0.022060870231531814,0.02233952186747687,0.022617658682768767
0.015824915824915825,0.0,3.580537049589175e-19,4.8292797683194604e-17,8.78359939729623e-16,7.199889540031854e-15,3.950653407846019e-14,1.734218446903497e-13,6.72581932173354e-13,4.199911762177701e-22,1.2063608044505702e-20,3.2220222609571996e-19,7.811932375960571e-18,1.674769700625088e-16,3.11165574437228e-15,2.2658230078243412e-23,2.9966131809750477e-21,2.654717580959362e-19,1.53554324645946e-17,6.379991989013023e-16,2.0729412759432843e-14,6.344330580844804e-22,2.0775810756240612e-19,4.038333592328265e-17,5.650772398278985e-15,2.4918364009940643e-21,9.84157058800209e-18,1.605380253283091e-14,1.4664099336912617e-18,3.2580234242838736e-22,7.871498319391244e-14,1.7047620809683914e-14,0.0002024883269611368,0.0007056048177095994,0.0011938924101918007,0.0016686559096028063,0.0021310558747595454,0.0025821240331300233,0.0030227804492553418,0.0034538481970765264,0.0038760658049360425,0.004290097837525408,0.0046965439322793345,0.005095946538734745,0.005488797579590217,0.005875544200851363,0.006256593754196416,0.006632318128550176,0.007003057527307667,0.007369123773940945,0.0077308032107776216,0.008088359250390855,0.008442034626147435,0.00879205338275952,0.00913862264121667,0.00948193416738238,0.009822165769275212,0.010159482544476081,0.01049403799608964,0.010825975033142704,0.011155426869199464,0.011482517830740967,0.01180736408658808,0.012130074305970705,0.012450750254269645,0.012769487332764463,0.013086375068518596,0.01340149755969471,0.013714933880960624,0.014026758453097662,0.014337041380445927,0.014645848759405486,0.014953242960849294,0.015259282888986111,0.01556402421893331,0.01586751961501501,0.016169818931585735,0.0164709693979901,0.016771015789101826,0.017070000582736933,0.01736796410510497,0.017664944665345603,0.017960978680094285,0.0182561007889288,0.0185503439614661,0.018843739596805683,0.019136317615950107,0.019428106548679627,0.019719133609808627,0.020009424779710513,0.02029900486969137,0.02058789758800653,0.020876125600488796,0.021163710587220903,0.021450673295550556,0.021737033589720015,0.022022810497360268,0.022308022253078083,0.022592686339346066,0.02287681952488842,0.023160437900739437
0.015993265993265993,0.0,3.8160257426214524e-19,5.150330728767233e-17,9.37946982802043e-16,7.710563711769666e-15,4.253609286207425e-14,1.881243362899831e-13,7.379917735584014e-13,5.510826526567101e-22,1.6395709374444242e-20,4.519334945286497e-19,1.124066643605064e-17,2.4565117284341363e-16,4.6236079173167265e-15,4.8010204234115353e-23,6.334116367687572e-21,5.483126700120453e-19,3.099579971140183e-17,1.2757556901202455e-15,4.1049660327372344e-14,2.30770328613249e-21,7.075162922635498e-19,1.3288945607198848e-16,1.8399668400542644e-14,2.2801059549564845e-20,7.649181913668731e-17,1.2040296167587376e-22,4.839555244693581e-17,1.5510772508584073e-19,3.618704932938016e-18,8.451037458666091e-19,0.00037442453553522304,0.000883081724559968,0.0013769058670563582,0.0018572059119856786,0.0023251426209946685,0.0027817477433721544,0.0032279413372560436,0.003664546463913513,0.004092301637968871,0.00451187141147965,0.004923855409149653,0.005328796069349537,0.005727185304434629,0.006119470250938001,0.006506058252069578,0.006887321188176859,0.0072635992561051735,0.007635204272344394,0.008002422573104634,0.008365517565313872,0.00872473197713053,0.009080289848456305,0.009432398295831862,0.009781249081000294,0.010127020008158766,0.010469876171339257,0.010809971070346201,0.011147447611133503,0.011482439004381867,0.011815069573945383,0.012145455486113338,0.012473705407780587,0.012799921102139976,0.013124197968419299,0.013446625531756226,0.013767287888504209,0.014086264111629838,0.01440362862031321,0.01471945151738603,0.015033798897826177,0.015346733131164532,0.01565831312034233,0.0159685945392789,0.01627763005116509,0.016585469509282597,0.016892160141959666,0.017197746723106474,0.017502271729624912,0.0178057754868567,0.01810829630311707,0.018409870594257756,0.018710532999111077,0.01901031648658443,0.019309252455101563,0.019607370825939243,0.0199047001253564,0.020201267570670454,0.020497099140590266,0.020792219645889204,0.021086652794313373,0.021380421251208478,0.021673546696191277,0.021966049876163365,0.02225795065493987,0.0225492680597425,0.022840020324785784,0.023130224932166262,0.023419898650247354,0.02370905756971715
0.01616161616161616,0.0,3.6257883494341163e-19,4.897220355441496e-17,8.934083395389293e-16,7.378336032144476e-15,4.113832578033434e-14,1.8581045207846287e-13,7.541101980981014e-13,6.235542150776784e-22,1.805315511088415e-20,5.196137960374497e-19,1.3374570404130536e-17,2.995883472319836e-16,5.733398939296148e-15,2.0572189450442179e-22,9.563002829193893e-21,8.135741898102519e-19,4.6717541879266656e-17,1.983145204840414e-15,6.50637195196582e-14,5.805867619290878e-21,1.7018394507335486e-18,3.32463069218591e-16,4.752369735551813e-14,1.3389749355557914e-19,4.143039580914393e-16,3.982658849448291e-21,9.757045691356242e-16,3.600575913332709e-17,2.6322806842794765e-14,1.761243671557092e-05,0.0005481900884357556,0.0010624459638144369,0.001561866224288217,0.0020477621234147657,0.0025212947528433366,0.0029834959454713757,0.0034352857828419485,0.003877487328929768,0.004310839093462487,0.004736005620822515,0.005153586526640898,0.005564124240261603,0.005968110665211919,0.006365992929622568,0.006758178368710777,0.00714503885571753,0.007526914580412287,0.007904117352966636,0.00827693350370517,0.008645626434094108,0.009010438867226831,0.009371594838306659,0.009729301459513121,0.010083750488537895,0.010435119725810979,0.010783574261858055,0.011129267593216785,0.011472342622840026,0.011812932558415062,0.012151161721304865,0.012487146275245132,0.01282099488480362,0.013152809310991172,0.013482684950987964,0.013810711328008535,0.014136972536598546,0.014461547648023659,0.014784511079862292,0.015105932933436579,0.015425879302300485,0.015744412554640642,0.01606159159212828,0.016377472087481932,0.01669210670275618,0.017005545290156767,0.017317835076992368,0.01762902083620631,0.017939145043783012,0.018248248024193003,0.01855636808492371,0.018863541641039826,0.01916980333062488,0.019475186121873454,0.019779721413465966,0.020083439123071197,0.020386367779474977,0.020688534598281162,0.020989965557637876,0.021290685467782636,0.021590718035949277,0.021890085926993527,0.02218881082006333,0.022486913461611528,0.02278441371502343,0.02308133060710903,0.023377682371688174,0.023673486490478932,0.0239687597314817,0.024263518185036123
0.01632996632996633,0.0,4.3258563932698376e-19,5.846328891304122e-17,1.0675319893626277e-15,8.829586375048717e-15,4.92586489387822e-14,2.2127878142703116e-13,8.893650345973927e-13,9.507977263663103e-22,3.033941715720397e-20,8.891661730338906e-19,2.32188165524944e-17,5.259264568266857e-16,1.111166502282673e-24,2.1143084964573758e-22,2.746423818047972e-20,2.2580971274624386e-18,1.2278907860909991e-16,4.977057413437284e-15,5.675300291907202e-23,2.817937293594954e-20,7.65654331004853e-18,1.3759871415711151e-15,2.479498043756941e-22,1.6047661969199234e-18,3.932672982556013e-15,1.7998698213707172e-19,3.36470772750967e-14,1.3032292472090988e-14,5.442517863383151e-16,0.00018757678350310927,0.0007237976340341944,0.0012437056960560068,0.0017487793885023288,0.0022403293013003455,0.002719516340674712,0.0031873722582351923,0.003644817088203268,0.004092673862737413,0.004531681066844275,0.004962503225939803,0.005385739939082177,0.005801933621563588,0.006211576164597207,0.006615114685624542,0.0070129565093877575,0.007405473501153542,0.0077930058424088506,0.008175865336127462,0.008554338306055368,0.008928688147637075,0.009299157578441339,0.009665970628591172,0.010029334405584284,0.010389440662789141,0.010746467196636252,0.011100579093944971,0.01145192984781269,0.011800662357978303,0.012146909829191392,0.012490796580011412,0.012832438771585348,0.0131719450660605,0.013509417222182407,0.01384495063500889,0.014178634825763986,0.014510553887124591,0.014840786888600148,0.015169408246116962,0.015496488059441605,0.015822092420661942,0.016146283696581706,0.016469120787566488,0.016790659365101154,0.01711095209007369,0.01743004881358577,0.017747996761900385,0.018064840706969766,0.018380623123838282,0.018695384336084194,0.01900916265034748,0.019321994480887363,0.019633914465021336,0.019944955571172766,0.020255149194298834,0.02056452525462168,0.020873112279146903,0.021180937482878328,0.021488026843391104,0.021794405170375414,0.022100096170541945,0.022405122508246247,0.02270950586215779,0.023013266978271486,0.023316425719534236,0.023619001112336013,0.02392101139009421,0.02422247403414104,0.024523405812106765,0.024823822813975896
0.016498316498316498,0.0,4.601310766634004e-19,6.222868462033904e-17,1.1378656509340161e-15,9.441700212518185e-15,5.2982746570669416e-14,2.3994850490973355e-13,9.76852100674523e-13,1.250219842852378e-21,4.1303075849875136e-20,1.2470023014115263e-18,3.332510458109642e-17,7.675172039373368e-16,2.288347359908864e-24,4.391400957375154e-22,5.629813493873908e-20,4.506509868624633e-18,2.412583725558852e-16,9.709216456981437e-15,2.0256494099218963e-22,9.4583276264899e-20,2.446309039059868e-17,4.336424731698438e-15,2.169475940569392e-21,1.2198051020698065e-17,2.6537956909715224e-14,5.778276429601206e-18,7.846017344937607e-21,9.16118450868873e-20,8.363390245576589e-15,0.0003592930493035473,0.000901232196646298,0.0014268533714163103,0.0019376401958374602,0.0024349034728661724,0.0029198041267094175,0.0033933739006544437,0.0038565328131079813,0.004310103880141314,0.0047548255717961875,0.00519136239907502,0.005620313948162086,0.006042222622532546,0.006457580302618671,0.006866834095920503,0.007270391318492102,0.007668623827138086,0.008061871795869544,0.00845044702077006,0.008834635819246718,0.009214701580907909,0.009590887017941908,0.009963416155503816,0.010332496096497515,0.01069831859003733,0.011061061428608644,0.011420889695367127,0.011777956880043702,0.012132405879074314,0.012484369894398032,0.01283397324175599,0.01318133207971761,0.01352655506801824,0.01386974396314429,0.014210994158035513,0.01455039517192816,0.014888031095631768,0.01522398099689992,0.01555831929000636,0.01589111607316088,0.016222437436983574,0.016552345746893057,0.01688089990194683,0.017208155572393313,0.017534165417950925,0.01785897928861412,0.018182644409597014,0.01850520555185742,0.018826705189496314,0.019147183645196336,0.019466679224746628,0.019785228341597613,0.02010286563229745,0.02041962406437883,0.02073553503244917,0.02105062845587032,0.021364932861015724,0.02167847546228586,0.021991282236679746,0.022303377993337106,0.022614786438442582,0.02292553023584869,0.02323563106374367,0.02354510966766184,0.023853985910109076,0.024162278817052896,0.024470006621505783,0.024777186804411724,0.025083836133028618,0.02538997069698364
0.016666666666666666,0.0,4.891228729639122e-19,6.619541639063958e-17,1.2121289796278251e-15,1.0091572818776881e-14,5.697130428915357e-14,2.601759230157351e-13,4.452899388345502e-23,1.645094002673466e-21,5.625314332517824e-20,1.748450699242597e-18,4.778100098463229e-17,1.117995964866464e-15,4.6906754996407344e-24,9.054041472575607e-22,1.141675018917857e-19,8.900776783538783e-18,4.702562107262019e-16,1.8778190457170776e-14,7.073889191055347e-22,3.0946536101032137e-19,7.689276730300506e-17,1.3478836247946309e-14,1.8211656367711553e-20,8.708404555595941e-17,2.617113027316693e-22,1.5807110110551164e-16,2.6722770491790287e-18,1.0482790358070537e-15,1.9867896934190726e-19,0.0005327865089719152,0.0010804988646308728,0.0016118919700373947,0.0021284508773633045,0.0026314864934243857,0.0031221597467739437,0.0036015023661736235,0.004070434353542651,0.004529778708244275,0.004980273884783253,0.0054225843796648346,0.005857309765954361,0.006284992435148676,0.006706124257032763,0.007121152328301361,0.007530483956878382,0.007934490990867684,0.008333513596700499,0.00872786356349071,0.009117827202237593,0.009503667896651325,0.009885628353482863,0.010263932592867175,0.010638787713066184,0.011010385458895598,0.011378903618854462,0.011744507272396636,0.012107349905797093,0.012467574412321372,0.012825313990896347,0.013180692954476552,0.01353382745902653,0.01388482616184443,0.014233790817133996,0.014580816815694902,0.014925993674754973,0.01526940548323704,0.015611131307120628,0.01595124555900979,0.01628981833554143,0.016626915725852644,0.016962600093962634,0.017296930337607232,0.01762996212578564,0.01796174811703458,0.018292338160229866,0.01862177947952585,0.018950116844875662,0.019277392729427103,0.019603647454957948,0.0199289193263977,0.02025324475637962,0.020576658381497564,0.020899193165945403,0.02122088050637994,0.021541750320508344,0.021861831134065063,0.022181150160840726,0.022499733377252074,0.022817605591882603,0.02313479051038532,0.023451310796104425,0.023767188126741893,0.02408244324736666,0.024397096020038967,0.02471116547029947,0.025024669830751536,0.025337626581946923,0.02565005249076727,0.025961963646478705
