$\mu / t$,0.0,2.5125628140703515,5.025125628140703,7.537688442211055,10.050251256281406,12.56281407035176,15.07537688442211,17.58793969849246,20.100502512562812,22.613065326633166,25.12562814070352,27.638190954773865,30.15075376884422,32.66331658291457,35.17587939698492,37.68844221105527,40.201005025125625,42.713567839195974,45.22613065326633,47.73869346733668,50.25125628140704,52.76381909547737,55.27638190954773,57.78894472361808,60.30150753768844,62.81407035175879,65.32663316582914,67.8391959798995,70.35175879396984,72.86432160804019,75.37688442211054,77.88944723618089,80.40201005025125,82.9145728643216,85.42713567839195,87.9396984924623,90.45226130653266,92.96482412060301,95.47738693467336,97.98994974874373,100.50251256281408,103.0150753768844,105.52763819095475,108.0402010050251,110.55276381909546,113.06532663316581,115.57788944723616,118.09045226130652,120.60301507537687,123.11557788944722,125.62814070351757,128.14070351758792,130.65326633165827,133.16582914572865,135.678391959799,138.19095477386935,140.70351758793967,143.21608040201005,145.72864321608037,148.24120603015072,150.75376884422107,153.26633165829142,155.77889447236177,158.29145728643212,160.8040201005025,163.31658291457285,165.8291457286432,168.34170854271355,170.8542713567839,173.36683417085425,175.8793969849246,178.39195979899498,180.90452261306532,183.41708542713567,185.92964824120602,188.44221105527637,190.95477386934672,193.46733668341707,195.97989949748745,198.4924623115578,201.00502512562815,203.51758793969844,206.0301507537688,208.54271356783914,211.0552763819095,213.56783919597984,216.0804020100502,218.59296482412057,221.10552763819092,223.61809045226127,226.13065326633162,228.64321608040197,231.15577889447232,233.66834170854267,236.18090452261305,238.6934673366834,241.20603015075375,243.7185929648241,246.23115577889445,248.7437185929648,251.25628140703515,253.76884422110552,256.28140703517585,258.7939698492462,261.30653266331655,263.8190954773869,266.3316582914573,268.8442211055276,271.356783919598,273.8693467336683,276.3819095477387,278.89447236180905,281.40703517587934,283.9195979899497,286.4321608040201,288.9447236180904,291.45728643216074,293.9698492462311,296.48241206030144,298.9949748743718,301.50753768844214,304.02010050251255,306.53266331658284,309.04522613065325,311.55778894472354,314.07035175879395,316.58291457286424,319.09547738693465,321.608040201005,324.12060301507535,326.6331658291457,329.14572864321605,331.6582914572864,334.17085427135675,336.6834170854271,339.1959798994975,341.7085427135678,344.2211055276382,346.7336683417085,349.24623115577884,351.7587939698492,354.27135678391954,356.78391959798995,359.29648241206024,361.80904522613065,364.32160804020094,366.83417085427135,369.34673366834164,371.85929648241205,374.3718592964824,376.88442211055275,379.3969849246231,381.90954773869345,384.4221105527638,386.93467336683415,389.4472361809045,391.9597989949749,394.4723618090452,396.9849246231156,399.4974874371859,402.0100502512563,404.52261306532654,407.0351758793969,409.54773869346724,412.0603015075376,414.57286432160794,417.0854271356783,419.5979899497487,422.110552763819,424.6231155778894,427.1356783919597,429.6482412060301,432.1608040201004,434.6733668341708,437.18592964824114,439.6984924623115,442.21105527638184,444.7236180904522,447.23618090452254,449.7487437185929,452.26130653266324,454.77386934673365,457.28643216080394,459.79899497487435,462.31155778894464,464.824120603015,467.33668341708534,469.8492462311557,472.3618090452261,474.8743718592964,477.3869346733668,479.8994974874371,482.4120603015075,484.9246231155778,487.4371859296482,489.94974874371854,492.4623115577889,494.97487437185924,497.4874371859296,499.99999999999994
-0.3,,,,,,,,,,,,,,,,,,,,,,,,,,,,,,,,,,,,,,,,,,,,,,,,,,,,,,,,,,,,,,,,,,,,,,,,,,,,,,,,,,,,,,,,,,,,,,,,,,,,,,,,,,,,,,,,,,,,,,,,,,,,,,,,,,,,,,,,,,,,,,,,,,,,,,,,,,,,,,,,,,,,,,,,,,,,,,,,,,,,,,,,,,,,,,,,,,,,,,,,
-0.29698492462311554,,,,,,,,,,,,,,,,,,,,,,,,,,,,,,,,,,,,,,,,,,,,,,,,,,,,,,,,,,,,,,,,,,,,,,,,,,,,,,,,,,,,,,,,,,,,,,,,,,,,,,,,,,,,,,,,,,,,,,,,,,,,,,,,,,,,,,,,,,,,,,,,,,,,,,,,,,,,,,,,,,,,,,,,,,,,,,,,,,,,,,,,,,,,,,,,,,,,,,,,
-0.29396984924623115,,,,,,,,,,,,,,,,,,,,,,,,,,,,,,,,,,,,,,,,,,,,,,,,,,,,,,,,,,,,,,,,,,,,,,,,,,,,,,,,,,,,,,,,,,,,,,,,,,,,,,,,,,,,,,,,,,,,,,,,,,,,,,,,,,,,,,,,,,,,,,,,,,,,,,,,,,,,,,,,,,,,,,,,,,,,,,,,,,,,,,,,,,,,,,,,,,,,,,,,
-0.2909547738693467,,,,,,,,,,,,,,,,,,,,,,,,,,,,,,,,,,,,,,,,,,,,,,,,,,,,,,,,,,,,,,,,,,,,,,,,,,,,,,,,,,,,,,,,,,,,,,,,,,,,,,,,,,,,,,,,,,,,,,,,,,,,,,,,,,,,,,,,,,,,,,,,,,,,,,,,,,,,,,,,,,,,,,,,,,,,,,,,,,,,,,,,,,,,,,,,,,,,,,,,
-0.2879396984924623,,,,,,,,,,,,,,,,,,,,,,,,,,,,,,,,,,,,,,,,,,,,,,,,,,,,,,,,,,,,,,,,,,,,,,,,,,,,,,,,,,,,,,,,,,,,,,,,,,,,,,,,,,,,,,,,,,,,,,,,,,,,,,,,,,,,,,,,,,,,,,,,,,,,,,,,,,,,,,,,,,,,,,,,,,,,,,,,,,,,,,,,,,,,,,,,,,,,,,,,
-0.28492462311557787,,,,,,,,,,,,,,,,,,,,,,,,,,,,,,,,,,,,,,,,,,,,,,,,,,,,,,,,,,,,,,,,,,,,,,,,,,,,,,,,,,,,,,,,,,,,,,,,,,,,,,,,,,,,,,,,,,,,,,,,,,,,,,,,,,,,,,,,,,,,,,,,,,,,,,,,,,,,,,,,,,,,,,,,,,,,,,,,,,,,,,,,,,,,,,,,,,,,,,,,
-0.2819095477386935,,,,,,,,,,,,,,,,,,,,,,,,,,,,,,,,,,,,,,,,,,,,,,,,,,,,,,,,,,,,,,,,,,,,,,,,,,,,,,,,,,,,,,,,,,,,,,,,,,,,,,,,,,,,,,,,,,,,,,,,,,,,,,,,,,,,,,,,,,,,,,,,,,,,,,,,,,,,,,,,,,,,,,,,,,,,,,,,,,,,,,,,,,,,,,,,,,,,,,,,
-0.27889447236180903,,,,,,,,,,,,,,,,,,,,,,,,,,,,,,,,,,,,,,,,,,,,,,,,,,,,,,,,,,,,,,,,,,,,,,,,,,,,,,,,,,,,,,,,,,,,,,,,,,,,,,,,,,,,,,,,,,,,,,,,,,,,,,,,,,,,,,,,,,,,,,,,,,,,,,,,,,,,,,,,,,,,,,,,,,,,,,,,,,,,,,,,,,,,,,,,,,,,,,,,
-0.2758793969849246,,,,,,,,,,,,,,,,,,,,,,,,,,,,,,,,,,,,,,,,,,,,,,,,,,,,,,,,,,,,,,,,,,,,,,,,,,,,,,,,,,,,,,,,,,,,,,,,,,,,,,,,,,,,,,,,,,,,,,,,,,,,,,,,,,,,,,,,,,,,,,,,,,,,,,,,,,,,,,,,,,,,,,,,,,,,,,,,,,,,,,,,,,,,,,,,,,,,,,,,
-0.2728643216080402,,,,,,,,,,,,,,,,,,,,,,,,,,,,,,,,,,,,,,,,,,,,,,,,,,,,,,,,,,,,,,,,,,,,,,,,,,,,,,,,,,,,,,,,,,,,,,,,,,,,,,,,,,,,,,,,,,,,,,,,,,,,,,,,,,,,,,,,,,,,,,,,,,,,,,,,,,,,,,,,,,,,,,,,,,,,,,,,,,,,,,,,,,,,,,,,,,,,,,,,
-0.26984924623115575,,,,,,,,,,,,,,,,,,,,,,,,,,,,,,,,,,,,,,,,,,,,,,,,,,,,,,,,,,,,,,,,,,,,,,,,,,,,,,,,,,,,,,,,,,,,,,,,,,,,,,,,,,,,,,,,,,,,,,,,,,,,,,,,,,,,,,,,,,,,,,,,,,,,,,,,,,,,,,,,,,,,,,,,,,,,,,,,,,,,,,,,,,,,,,,,,,,,,,,,
-0.26683417085427136,,,,,,,,,,,,,,,,,,,,,,,,,,,,,,,,,,,,,,,,,,,,,,,,,,,,,,,,,,,,,,,,,,,,,,,,,,,,,,,,,,,,,,,,,,,,,,,,,,,,,,,,,,,,,,,,,,,,,,,,,,,,,,,,,,,,,,,,,,,,,,,,,,,,,,,,,,,,,,,,,,,,,,,,,,,,,,,,,,,,,,,,,,,,,,,,,,,,,,,,
-0.2638190954773869,,,,,,,,,,,,,,,,,,,,,,,,,,,,,,,,,,,,,,,,,,,,,,,,,,,,,,,,,,,,,,,,,,,,,,,,,,,,,,,,,,,,,,,,,,,,,,,,,,,,,,,,,,,,,,,,,,,,,,,,,,,,,,,,,,,,,,,,,,,,,,,,,,,,,,,,,,,,,,,,,,,,,,,,,,,,,,,,,,,,,,,,,,,,,,,,,,,,,,,,
-0.2608040201005025,,,,,,,,,,,,,,,,,,,,,,,,,,,,,,,,,,,,,,,,,,,,,,,,,,,,,,,,,,,,,,,,,,,,,,,,,,,,,,,,,,,,,,,,,,,,,,,,,,,,,,,,,,,,,,,,,,,,,,,,,,,,,,,,,,,,,,,,,,,,,,,,,,,,,,,,,,,,,,,,,,,,,,,,,,,,,,,,,,,,,,,,,,,,,,,,,,,,,,,,
-0.2577889447236181,,,,,,,,,,,,,,,,,,,,,,,,,,,,,,,,,,,,,,,,,,,,,,,,,,,,,,,,,,,,,,,,,,,,,,,,,,,,,,,,,,,,,,,,,,,,,,,,,,,,,,,,,,,,,,,,,,,,,,,,,,,,,,,,,,,,,,,,,,,,,,,,,,,,,,,,,,,,,,,,,,,,,,,,,,,,,,,,,,,,,,,,,,,,,,,,,,,,,,,,
-0.25477386934673363,,,,,,,,,,,,,,,,,,,,,,,,,,,,,,,,,,,,,,,,,,,,,,,,,,,,,,,,,,,,,,,,,,,,,,,,,,,,,,,,,,,,,,,,,,,,,,,,,,,,,,,,,,,,,,,,,,,,,,,,,,,,,,,,,,,,,,,,,,,,,,,,,,,,,,,,,,,,,,,,,,,,,,,,,,,,,,,,,,,,,,,,,,,,,,,,,,,,,,,,
-0.25175879396984924,,,,,,,,,,,,,,,,,,,,,,,,,,,,,,,,,,,,,,,,,,,,,,,,,,,,,,,,,,,,,,,,,,,,,,,,,,,,,,,,,,,,,,,,,,,,,,,,,,,,,,,,,,,,,,,,,,,,,,,,,,,,,,,,,,,,,,,,,,,,,,,,,,,,,,,,,,,,,,,,,,,,,,,,,,,,,,,,,,,,,,,,,,,,,,,,,,,,,,,,
-0.24874371859296482,,,,,,,,,,,,,,,,,,,,,,,,,,,,,,,,,,,,,,,,,,,,,,,,,,,,,,,,,,,,,,,,,,,,,,,,,,,,,,,,,,,,,,,,,,,,,,,,,,,,,,,,,,,,,,,,,,,,,,,,,,,,,,,,,,,,,,,,,,,,,,,,,,,,,,,,,,,,,,,,,,,,,,,,,,,,,,,,,,,,,,,,,,,,,,,,,,,,,,,,
-0.2457286432160804,,,,,,,,,,,,,,,,,,,,,,,,,,,,,,,,,,,,,,,,,,,,,,,,,,,,,,,,,,,,,,,,,,,,,,,,,,,,,,,,,,,,,,,,,,,,,,,,,,,,,,,,,,,,,,,,,,,,,,,,,,,,,,,,,,,,,,,,,,,,,,,,,,,,,,,,,,,,,,,,,,,,,,,,,,,,,,,,,,,,,,,,,,,,,,,,,,,,,,,,
-0.24271356783919595,,,,,,,,,,,,,,,,,,,,,,,,,,,,,,,,,,,,,,,,,,,,,,,,,,,,,,,,,,,,,,,,,,,,,,,,,,,,,,,,,,,,,,,,,,,,,,,,,,,,,,,,,,,,,,,,,,,,,,,,,,,,,,,,,,,,,,,,,,,,,,,,,,,,,,,,,,,,,,,,,,,,,,,,,,,,,,,,,,,,,,,,,,,,,,,,,,,,,,,,
-0.23969849246231156,,,,,,,,,,,,,,,,,,,,,,,,,,,,,,,,,,,,,,,,,,,,,,,,,,,,,,,,,,,,,,,,,,,,,,,,,,,,,,,,,,,,,,,,,,,,,,,,,,,,,,,,,,,,,,,,,,,,,,,,,,,,,,,,,,,,,,,,,,,,,,,,,,,,,,,,,,,,,,,,,,,,,,,,,,,,,,,,,,,,,,,,,,,,,,,,,,,,,,,,
-0.23668341708542712,,,,,,,,,,,,,,,,,,,,,,,,,,,,,,,,,,,,,,,,,,,,,,,,,,,,,,,,,,,,,,,,,,,,,,,,,,,,,,,,,,,,,,,,,,,,,,,,,,,,,,,,,,,,,,,,,,,,,,,,,,,,,,,,,,,,,,,,,,,,,,,,,,,,,,,,,,,,,,,,,,,,,,,,,,,,,,,,,,,,,,,,,,,,,,,,,,,,,,,,
-0.2336683417085427,,,,,,,,,,,,,,,,,,,,,,,,,,,,,,,,,,,,,,,,,,,,,,,,,,,,,,,,,,,,,,,,,,,,,,,,,,,,,,,,,,,,,,,,,,,,,,,,,,,,,,,,,,,,,,,,,,,,,,,,,,,,,,,,,,,,,,,,,,,,,,,,,,,,,,,,,,,,,,,,,,,,,,,,,,,,,,,,,,,,,,,,,,,,,,,,,,,,,,,,
-0.23065326633165828,,,,,,,,,,,,,,,,,,,,,,,,,,,,,,,,,,,,,,,,,,,,,,,,,,,,,,,,,,,,,,,,,,,,,,,,,,,,,,,,,,,,,,,,,,,,,,,,,,,,,,,,,,,,,,,,,,,,,,,,,,,,,,,,,,,,,,,,,,,,,,,,,,,,,,,,,,,,,,,,,,,,,,,,,,,,,,,,,,,,,,,,,,,,,,,,,,,,,,,,
-0.22763819095477386,,,,,,,,,,,,,,,,,,,,,,,,,,,,,,,,,,,,,,,,,,,,,,,,,,,,,,,,,,,,,,,,,,,,,,,,,,,,,,,,,,,,,,,,,,,,,,,,,,,,,,,,,,,,,,,,,,,,,,,,,,,,,,,,,,,,,,,,,,,,,,,,,,,,,,,,,,,,,,,,,,,,,,,,,,,,,,,,,,,,,,,,,,,,,,,,,,,,,,,,
-0.22462311557788944,,,,,,,,,,,,,,,,,,,,,,,,,,,,,,,,,,,,,,,,,,,,,,,,,,,,,,,,,,,,,,,,,,,,,,,,,,,,,,,,,,,,,,,,,,,,,,,,,,,,,,,,,,,,,,,,,,,,,,,,,,,,,,,,,,,,,,,,,,,,,,,,,,,,,,,,,,,,,,,,,,,,,,,,,,,,,,,,,,,,,,,,,,,,,,,,,,,,,,,,
-0.22160804020100502,,,,,,,,,,,,,,,,,,,,,,,,,,,,,,,,,,,,,,,,,,,,,,,,,,,,,,,,,,,,,,,,,,,,,,,,,,,,,,,,,,,,,,,,,,,,,,,,,,,,,,,,,,,,,,,,,,,,,,,,,,,,,,,,,,,,,,,,,,,,,,,,,,,,,,,,,,,,,,,,,,,,,,,,,,,,,,,,,,,,,,,,,,,,,,,,,,,,,,,,
-0.2185929648241206,,,,,,,,,,,,,,,,,,,,,,,,,,,,,,,,,,,,,,,,,,,,,,,,,,,,,,,,,,,,,,,,,,,,,,,,,,,,,,,,,,,,,,,,,,,,,,,,,,,,,,,,,,,,,,,,,,,,,,,,,,,,,,,,,,,,,,,,,,,,,,,,,,,,,,,,,,,,,,,,,,,,,,,,,,,,,,,,,,,,,,,,,,,,,,,,,,,,,,,,
-0.21557788944723616,,,,,,,,,,,,,,,,,,,,,,,,,,,,,,,,,,,,,,,,,,,,,,,,,,,,,,,,,,,,,,,,,,,,,,,,,,,,,,,,,,,,,,,,,,,,,,,,,,,,,,,,,,,,,,,,,,,,,,,,,,,,,,,,,,,,,,,,,,,,,,,,,,,,,,,,,,,,,,,,,,,,,,,,,,,,,,,,,,,,,,,,,,,,,,,,,,,,,,,,
-0.21256281407035177,,,,,,,,,,,,,,,,,,,,,,,,,,,,,,,,,,,,,,,,,,,,,,,,,,,,,,,,,,,,,,,,,,,,,,,,,,,,,,,,,,,,,,,,,,,,,,,,,,,,,,,,,,,,,,,,,,,,,,,,,,,,,,,,,,,,,,,,,,,,,,,,,,,,,,,,,,,,,,,,,,,,,,,,,,,,,,,,,,,,,,,,,,,,,,,,,,,,,,,,
-0.20954773869346732,,,,,,,,,,,,,,,,,,,,,,,,,,,,,,,,,,,,,,,,,,,,,,,,,,,,,,,,,,,,,,,,,,,,,,,,,,,,,,,,,,,,,,,,,,,,,,,,,,,,,,,,,,,,,,,,,,,,,,,,,,,,,,,,,,,,,,,,,,,,,,,,,,,,,,,,,,,,,,,,,,,,,,,,,,,,,,,,,,,,,,,,,,,,,,,,,,,,,,,,
-0.2065326633165829,,,,,,,,,,,,,,,,,,,,,,,,,,,,,,,,,,,,,,,,,,,,,,,,,,,,,,,,,,,,,,,,,,,,,,,,,,,,,,,,,,,,,,,,,,,,,,,,,,,,,,,,,,,,,,,,,,,,,,,,,,,,,,,,,,,,,,,,,,,,,,,,,,,,,,,,,,,,,,,,,,,,,,,,,,,,,,,,,,,,,,,,,,,,,,,,,,,,,,,,
-0.20351758793969849,,,,,,,,,,,,,,,,,,,,,,,,,,,,,,,,,,,,,,,,,,,,,,,,,,,,,,,,,,,,,,,,,,,,,,,,,,,,,,,,,,,,,,,,,,,,,,,,,,,,,,,,,,,,,,,,,,,,,,,,,,,,,,,,,,,,,,,,,,,,,,,,,,,,,,,,,,,,,,,,,,,,,,,,,,,,,,,,,,,,,,,,,,,,,,,,,,,,,,,,
-0.20050251256281407,,,,,,,,,,,,,,,,,,,,,,,,,,,,,,,,,,,,,,,,,,,,,,,,,,,,,,,,,,,,,,,,,,,,,,,,,,,,,,,,,,,,,,,,,,,,,,,,,,,,,,,,,,,,,,,,,,,,,,,,,,,,,,,,,,,,,,,,,,,,,,,,,,,,,,,,,,,,,,,,,,,,,,,,,,,,,,,,,,,,,,,,,,,,,,,,,,,,,,,,
-0.19748743718592965,,,,,,,,,,,,,,,,,,,,,,,,,,,,,,,,,,,,,,,,,,,,,,,,,,,,,,,,,,,,,,,,,,,,,,,,,,,,,,,,,,,,,,,,,,,,,,,,,,,,,,,,,,,,,,,,,,,,,,,,,,,,,,,,,,,,,,,,,,,,,,,,,,,,,,,,,,,,,,,,,,,,,,,,,,,,,,,,,,,,,,,,,,,,,,,,,,,,,,,,
-0.1944723618090452,,,,,,,,,,,,,,,,,,,,,,,,,,,,,,,,,,,,,,,,,,,,,,,,,,,,,,,,,,,,,,,,,,,,,,,,,,,,,,,,,,,,,,,,,,,,,,,,,,,,,,,,,,,,,,,,,,,,,,,,,,,,,,,,,,,,,,,,,,,,,,,,,,,,,,,,,,,,,,,,,,,,,,,,,,,,,,,,,,,,,,,,,,,,,,,,,,,,,,,,
-0.1914572864321608,,,,,,,,,,,,,,,,,,,,,,,,,,,,,,,,,,,,,,,,,,,,,,,,,,,,,,,,,,,,,,,,,,,,,,,,,,,,,,,,,,,,,,,,,,,,,,,,,,,,,,,,,,,,,,,,,,,,,,,,,,,,,,,,,,,,,,,,,,,,,,,,,,,,,,,,,,,,,,,,,,,,,,,,,,,,,,,,,,,,,,,,,,,,,,,,,,,,,,,,
-0.18844221105527637,,,,,,,,,,,,,,,,,,,,,,,,,,,,,,,,,,,,,,,,,,,,,,,,,,,,,,,,,,,,,,,,,,,,,,,,,,,,,,,,,,,,,,,,,,,,,,,,,,,,,,,,,,,,,,,,,,,,,,,,,,,,,,,,,,,,,,,,,,,,,,,,,,,,,,,,,,,,,,,,,,,,,,,,,,,,,,,,,,,,,,,,,,,,,,,,,,,,,,,,
-0.18542713567839195,,,,,,,,,,,,,,,,,,,,,,,,,,,,,,,,,,,,,,,,,,,,,,,,,,,,,,,,,,,,,,,,,,,,,,,,,,,,,,,,,,,,,,,,,,,,,,,,,,,,,,,,,,,,,,,,,,,,,,,,,,,,,,,,,,,,,,,,,,,,,,,,,,,,,,,,,,,,,,,,,,,,,,,,,,,,,,,,,,,,,,,,,,,,,,,,,,,,,,,,
-0.18241206030150753,,,,,,,,,,,,,,,,,,,,,,,,,,,,,,,,,,,,,,,,,,,,,,,,,,,,,,,,,,,,,,,,,,,,,,,,,,,,,,,,,,,,,,,,,,,,,,,,,,,,,,,,,,,,,,,,,,,,,,,,,,,,,,,,,,,,,,,,,,,,,,,,,,,,,,,,,,,,,,,,,,,,,,,,,,,,,,,,,,,,,,,,,,,,,,,,,,,,,,,,
-0.1793969849246231,,,,,,,,,,,,,,,,,,,,,,,,,,,,,,,,,,,,,,,,,,,,,,,,,,,,,,,,,,,,,,,,,,,,,,,,,,,,,,,,,,,,,,,,,,,,,,,,,,,,,,,,,,,,,,,,,,,,,,,,,,,,,,,,,,,,,,,,,,,,,,,,,,,,,,,,,,,,,,,,,,,,,,,,,,,,,,,,,,,,,,,,,,,,,,,,,,,,,,,,
-0.1763819095477387,,,,,,,,,,,,,,,,,,,,,,,,,,,,,,,,,,,,,,,,,,,,,,,,,,,,,,,,,,,,,,,,,,,,,,,,,,,,,,,,,,,,,,,,,,,,,,,,,,,,,,,,,,,,,,,,,,,,,,,,,,,,,,,,,,,,,,,,,,,,,,,,,,,,,,,,,,,,,,,,,,,,,,,,,,,,,,,,,,,,,,,,,,,,,,,,,,,,,,,,
-0.17336683417085427,,,,,,,,,,,,,,,,,,,,,,,,,,,,,,,,,,,,,,,,,,,,,,,,,,,,,,,,,,,,,,,,,,,,,,,,,,,,,,,,,,,,,,,,,,,,,,,,,,,,,,,,,,,,,,,,,,,,,,,,,,,,,,,,,,,,,,,,,,,,,,,,,,,,,,,,,,,,,,,,,,,,,,,,,,,,,,,,,,,,,,,,,,,,,,,,,,,,,,,,
-0.17035175879396985,,,,,,,,,,,,,,,,,,,,,,,,,,,,,,,,,,,,,,,,,,,,,,,,,,,,,,,,,,,,,,,,,,,,,,,,,,,,,,,,,,,,,,,,,,,,,,,,,,,,,,,,,,,,,,,,,,,,,,,,,,,,,,,,,,,,,,,,,,,,,,,,,,,,,,,,,,,,,,,,,,,,,,,,,,,,,,,,,,,,,,,,,,,,,,,,,,,,,,,,
-0.1673366834170854,,,,,,,,,,,,,,,,,,,,,,,,,,,,,,,,,,,,,,,,,,,,,,,,,,,,,,,,,,,,,,,,,,,,,,,,,,,,,,,,,,,,,,,,,,,,,,,,,,,,,,,,,,,,,,,,,,,,,,,,,,,,,,,,,,,,,,,,,,,,,,,,,,,,,,,,,,,,,,,,,,,,,,,,,,,,,,,,,,,,,,,,,,,,,,,,,,,,,,,,
-0.164321608040201,,,,,,,,,,,,,,,,,,,,,,,,,,,,,,,,,,,,,,,,,,,,,,,,,,,,,,,,,,,,,,,,,,,,,,,,,,,,,,,,,,,,,,,,,,,,,,,,,,,,,,,,,,,,,,,,,,,,,,,,,,,,,,,,,,,,,,,,,,,,,,,,,,,,,,,,,,,,,,,,,,,,,,,,,,,,,,,,,,,,,,,,,,,,,,,,,,,,,,,,
-0.16130653266331657,,,,,,,,,,,,,,,,,,,,,,,,,,,,,,,,,,,,,,,,,,,,,,,,,,,,,,,,,,,,,,,,,,,,,,,,,,,,,,,,,,,,,,,,,,,,,,,,,,,,,,,,,,,,,,,,,,,,,,,,,,,,,,,,,,,,,,,,,,,,,,,,,,,,,,,,,,,,,,,,,,,,,,,,,,,,,,,,,,,,,,,,,,,,,,,,,,,,,,,,
-0.15829145728643215,,,,,,,,,,,,,,,,,,,,,,,,,,,,,,,,,,,,,,,,,,,,,,,,,,,,,,,,,,,,,,,,,,,,,,,,,,,,,,,,,,,,,,,,,,,,,,,,,,,,,,,,,,,,,,,,,,,,,,,,,,,,,,,,,,,,,,,,,,,,,,,,,,,,,,,,,,,,,,,,,,,,,,,,,,,,,,,,,,,,,,,,,,,,,,,,,,,,,,,,
-0.15527638190954773,,,,,,,,,,,,,,,,,,,,,,,,,,,,,,,,,,,,,,,,,,,,,,,,,,,,,,,,,,,,,,,,,,,,,,,,,,,,,,,,,,,,,,,,,,,,,,,,,,,,,,,,,,,,,,,,,,,,,,,,,,,,,,,,,,,,,,,,,,,,,,,,,,,,,,,,,,,,,,,,,,,,,,,,,,,,,,,,,,,,,,,,,,,,,,,,,,,,,,,,
-0.15226130653266332,,,,,,,,,,,,,,,,,,,,,,,,,,,,,,,,,,,,,,,,,,,,,,,,,,,,,,,,,,,,,,,,,,,,,,,,,,,,,,,,,,,,,,,,,,,,,,,,,,,,,,,,,,,,,,,,,,,,,,,,,,,,,,,,,,,,,,,,,,,,,,,,,,,,,,,,,,,,,,,,,,,,,,,,,,,,,,,,,,,,,,,,,,,,,,,,,,,,,,,,
-0.1492462311557789,,,,,,,,,,,,,,,,,,,,,,,,,,,,,,,,,,,,,,,,,,,,,,,,,,,,,,,,,,,,,,,,,,,,,,,,,,,,,,,,,,,,,,,,,,,,,,,,,,,,,,,,,,,,,,,,,,,,,,,,,,,,,,,,,,,,,,,,,,,,,,,,,,,,,,,,,,,,,,,,,,,,,,,,,,,,,,,,,,,,,,,,,,,,,,,,,,,,,,,,
-0.14623115577889448,,,,,,,,,,,,,,,,,,,,,,,,,,,,,,,,,,,,,,,,,,,,,,,,,,,,,,,,,,,,,,,,,,,,,,,,,,,,,,,,,,,,,,,,,,,,,,,,,,,,,,,,,,,,,,,,,,,,,,,,,,,,,,,,,,,,,,,,,,,,,,,,,,,,,,,,,,,,,,,,,,,,,,,,,,,,,,,,,,,,,,,,,,,,,,,,,,,,,,,,
-0.14321608040201006,,,,,,,,,,,,,,,,,,,,,,,,,,,,,,,,,,,,,,,,,,,,,,,,,,,,,,,,,,,,,,,,,,,,,,,,,,,,,,,,,,,,,,,,,,,,,,,,,,,,,,,,,,,,,,,,,,,,,,,,,,,,,,,,,,,,,,,,,,,,,,,,,,,,,,,,,,,,,,,,,,,,,,,,,,,,,,,,,,,,,,,,,,,,,,,,,,,,,,,,
-0.1402010050251256,,,,,,,,,,,,,,,,,,,,,,,,,,,,,,,,,,,,,,,,,,,,,,,,,,,,,,,,,,,,,,,,,,,,,,,,,,,,,,,,,,,,,,,,,,,,,,,,,,,,,,,,,,,,,,,,,,,,,,,,,,,,,,,,,,,,,,,,,,,,,,,,,,,,,,,,,,,,,,,,,,,,,,,,,,,,,,,,,,,,,,,,,,,,,,,,,,,,,,,,
-0.1371859296482412,,,,,,,,,,,,,,,,,,,,,,,,,,,,,,,,,,,,,,,,,,,,,,,,,,,,,,,,,,,,,,,,,,,,,,,,,,,,,,,,,,,,,,,,,,,,,,,,,,,,,,,,,,,,,,,,,,,,,,,,,,,,,,,,,,,,,,,,,,,,,,,,,,,,,,,,,,,,,,,,,,,,,,,,,,,,,,,,,,,,,,,,,,,,,,,,,,,,,,,,
-0.13417085427135678,,,,,,,,,,,,,,,,,,,,,,,,,,,,,,,,,,,,,,,,,,,,,,,,,,,,,,,,,,,,,,,,,,,,,,,,,,,,,,,,,,,,,,,,,,,,,,,,,,,,,,,,,,,,,,,,,,,,,,,,,,,,,,,,,,,,,,,,,,,,,,,,,,,,,,,,,,,,,,,,,,,,,,,,,,,,,,,,,,,,,,,,,,,,,,,,,,,,,,,,
-0.13115577889447236,,,,,,,,,,,,,,,,,,,,,,,,,,,,,,,,,,,,,,,,,,,,,,,,,,,,,,,,,,,,,,,,,,,,,,,,,,,,,,,,,,,,,,,,,,,,,,,,,,,,,,,,,,,,,,,,,,,,,,,,,,,,,,,,,,,,,,,,,,,,,,,,,,,,,,,,,,,,,,,,,,,,,,,,,,,,,,,,,,,,,,,,,,,,,,,,,,,,,,,,
-0.12814070351758794,,,,,,,,,,,,,,,,,,,,,,,,,,,,,,,,,,,,,,,,,,,,,,,,,,,,,,,,,,,,,,,,,,,,,,,,,,,,,,,,,,,,,,,,,,,,,,,,,,,,,,,,,,,,,,,,,,,,,,,,,,,,,,,,,,,,,,,,,,,,,,,,,,,,,,,,,,,,,,,,,,,,,,,,,,,,,,,,,,,,,,,,,,,,,,,,,,,,,,,,
-0.12512562814070352,,,,,,,,,,,,,,,,,,,,,,,,,,,,,,,,,,,,,,,,,,,,,,,,,,,,,,,,,,,,,,,,,,,,,,,,,,,,,,,,,,,,,,,,,,,,,,,,,,,,,,,,,,,,,,,,,,,,,,,,,,,,,,,,,,,,,,,,,,,,,,,,,,,,,,,,,,,,,,,,,,,,,,,,,,,,,,,,,,,,,,,,,,,,,,,,,,,,,,,,
-0.1221105527638191,,,,,,,,,,,,,,,,,,,,,,,,,,,,,,,,,,,,,,,,,,,,,,,,,,,,,,,,,,,,,,,,,,,,,,,,,,,,,,,,,,,,,,,,,,,,,,,,,,,,,,,,,,,,,,,,,,,,,,,,,,,,,,,,,,,,,,,,,,,,,,,,,,,,,,,,,,,,,,,,,,,,,,,,,,,,,,,,,,,,,,,,,,,,,,,,,,,,,,,,
-0.11909547738693466,,,,,,,,,,,,,,,,,,,,,,,,,,,,,,,,,,,,,,,,,,,,,,,,,,,,,,,,,,,,,,,,,,,,,,,,,,,,,,,,,,,,,,,,,,,,,,,,,,,,,,,,,,,,,,,,,,,,,,,,,,,,,,,,,,,,,,,,,,,,,,,,,,,,,,,,,,,,,,,,,,,,,,,,,,,,,,,,,,,,,,,,,,,,,,,,,,,,,,,,
-0.11608040201005024,,,,,,,,,,,,,,,,,,,,,,,,,,,,,,,,,,,,,,,,,,,,,,,,,,,,,,,,,,,,,,,,,,,,,,,,,,,,,,,,,,,,,,,,,,,,,,,,,,,,,,,,,,,,,,,,,,,,,,,,,,,,,,,,,,,,,,,,,,,,,,,,,,,,,,,,,,,,,,,,,,,,,,,,,,,,,,,,,,,,,,,,,,,,,,,,,,277.47599585673873,333.22958094826487,370.54825379062754,400.54280034224183,426.4209750509873,449.6102431696316,470.8846420521765
-0.11306532663316582,,,,,,,,,,,,,,,,,,,,,,,,,,,,,,,,,,,,,,,,,,,,,,,,,,,,,,,,,,,,,,,,,,,,,,,,,,,,,,,,,,,,,,,,,,,,,,,,,,,,,,,,,,,,,,,,,,,,,,,,,,,,,,,,,,,,,,,,,,,,,,,,,,,,,,,,,,,,,,,,,,,,,,,,,,,,,,,,,,,,,,,,,,274.38767141159605,322.2571926654714,356.2243534794421,384.07833248053424,408.36481097626415,430.2734988845823,450.4675009441563,469.35848097644777,487.22147682191826,504.250330234536,520.5873316637644,536.3403320934387,551.5932239698936,566.4126730766224,580.852614230123
-0.1100502512562814,,,,,,,,,,,,,,,,,,,,,,,,,,,,,,,,,,,,,,,,,,,,,,,,,,,,,,,,,,,,,,,,,,,,,,,,,,,,,,,,,,,,,,,,,,,,,,,,,,,,,,,,,,,,,,,,,,,,,,,,,,,,,,,,,,,,,,,,,,,,,,,,,,,,,,,,,,,,,,,,,,,,,,,,,,,,,,,,,196.9399714971756,274.9846473920697,314.5626961370741,344.64391231387106,369.98997298194934,392.42075233120676,412.8488904135472,431.80459702853915,449.6262424367793,466.5444113515754,482.7240552981108,498.28767540582265,513.3289950472803,527.921478673535,542.1238802629791,555.983991931488,569.5412557217412,582.828631735396,595.8739649725107,608.701005360892,621.330182332131,633.7792021580063,646.0635150002191,658.1966846459311
-0.10703517587939698,,,,,,,,,,,,,,,,,,,,,,,,,,,,,,,,,,,,,,,,,,,,,,,,,,,,,,,,,,,,,,,,,,,,,,,,,,,,,,,,,,,,,,,,,,,,,,,,,,,,,,,,,,,,,,,,,,,,,,,,,,,,,,,,,,,,,,,,,,,,,,,,,,,,,,,,,,,,,,,,,,,,,,,,,229.37874231101569,276.8047940577414,309.04842578500467,335.182553233731,357.8676810657889,378.2953997069251,397.11432772165267,414.7210493865445,431.3777193881322,447.26764969131943,462.52458806983105,477.249424260039,491.5203298986783,505.3992238056615,518.9360636139612,532.1717917226271,545.1404157862974,557.8705142521561,570.3863491252719,582.7087038213841,594.8555244443729,606.8424178217812,618.6830433842076,630.3894251719216,641.9722029166564,653.4408360708851,664.8037710844284,676.0685796744939,687.2420739832983,698.3304031576794,709.3391348722798,720.2733245599795
-0.10402010050251256,,,,,,,,,,,,,,,,,,,,,,,,,,,,,,,,,,,,,,,,,,,,,,,,,,,,,,,,,,,,,,,,,,,,,,,,,,,,,,,,,,,,,,,,,,,,,,,,,,,,,,,,,,,,,,,,,,,,,,,,,,,,,,,,,,,,,,,,,,,,,,,,,,,,,,,,,,,,,,,,188.15821519872534,244.92522159040834,278.4507080306735,304.71217367984076,327.17028638008077,347.2326582561263,365.6274792874416,382.7859692534276,398.986948765394,414.42224790735787,429.23010287467235,443.5137715010747,457.3526275343214,470.80913119595925,483.9334005816593,496.7663180117659,509.34170495911786,521.6878842737884,533.8288274003087,545.7850132701694,557.5740823772893,569.2113424728966,580.7101648665704,592.0822988047887,603.3381236254418,614.4868530420181,625.5367021682301,636.4950252313695,647.3684300003612,658.1628735483204,668.8837429275286,679.535923554545,690.1238575117404,700.6515935213539,711.1228299950817,721.5409522989502,731.909065151129,742.2300209088357,752.5064443638573,762.7407545586261,772.9351840516164
-0.10100502512562815,,,,,,,,,,,,,,,,,,,,,,,,,,,,,,,,,,,,,,,,,,,,,,,,,,,,,,,,,,,,,,,,,,,,,,,,,,,,,,,,,,,,,,,,,,,,,,,,,,,,,,,,,,,,,,,,,,,,,,,,,,,,,,,,,,,,,,,,,,,,,,,,,,,,,,,161.53363257875822,221.26623035173,253.93351235635112,279.22351868746887,300.7662123631329,319.98271280619224,337.5943860114578,354.02350058895667,369.5409593136228,384.33209159100454,398.52987764750475,412.2333168435496,425.51830535676515,438.4444360620258,451.05943949789787,463.40219112101533,475.5048106489661,487.3941661684533,499.0929762329912,510.62063336993253,521.9938301255177,533.2270423389455,544.3329073458278,555.3225236210192,566.2056908380187,576.991104149791,587.686512881788,598.2988512601019,608.8343469473048,619.2986118061181,629.6967183109753,640.0332642787331,650.3124280237014,660.5380156096736,670.7135015382161,680.8420639533056,690.9266152391284,700.9698287273536,710.9741621036098,720.9418779971,730.8750621617438,740.775639582804,750.6453887939743,760.485954643181,770.2988597090232,780.0855145395882,789.8472268595445,799.5852098719064,809.3005897604088,818.99441248711
-0.09798994974874373,,,,,,,,,,,,,,,,,,,,,,,,,,,,,,,,,,,,,,,,,,,,,,,,,,,,,,,,,,,,,,,,,,,,,,,,,,,,,,,,,,,,,,,,,,,,,,,,,,,,,,,,,,,,,,,,,,,,,,,,,,,,,,,,,,,,,,,,,,,,,,159.19960878055886,206.78226462191333,235.8578643141412,258.9126096522699,278.782623588362,296.6373797930393,313.08625021326066,328.4917432254332,343.0889989507526,357.04017836372543,370.4623532865275,383.44310315048796,396.0498339289435,408.3356452700035,420.3431847246969,432.10727042291546,443.65672950350444,455.0157199421467,466.20470204796874,477.24116631758704,488.1401880584159,498.9148564148774,509.57661073630425,520.1355075111095,530.6004345391731,540.9792844911256,551.2790968477708,561.5061749546986,571.6661833038326,581.7642289609873,591.8049301764725,601.7924745540561,611.7306686524515,621.6229805102411,631.4725762891427,641.2823520002288,651.0549610969583,660.7928385759668,670.4982221127414,680.1731706682325,689.819580928819,699.4392018825068,709.0336477853355,718.6044097333572,728.1528660187463,737.6802914284914,747.1878656136286,756.6766806433329,766.1477478403549,775.6020039812332,785.0403169334633,794.463490792168,803.8722705707877,813.2673464931931,822.6493579288369,832.0188970074886,841.3765119449887,850.7227101092926,860.057960850687
-0.09497487437185931,,,,,,,,,,,,,,,,,,,,,,,,,,,,,,,,,,,,,,,,,,,,,,,,,,,,,,,,,,,,,,,,,,,,,,,,,,,,,,,,,,,,,,,,,,,,,,,,,,,,,,,,,,,,,,,,,,,,,,,,,,,,,,,,,,,,,166.57442581532874,199.46709539869968,223.35052622940768,243.27118262313786,260.8807344425137,276.95237552029755,291.9176603638298,306.0448085345535,319.51319012048987,332.4493238395299,344.94614746103315,357.07415027366415,368.8881963758546,380.43190978916937,391.740604327764,402.84330578517387,413.7641866506677,424.5236084338381,435.13889467774163,445.62491470119664,455.9945315236866,466.25895050740917,476.427994218483,486.51032163775375,496.51360483051025,506.4446726981196,516.3096289734136,526.1139498577623,535.8625654153434,545.5599278960215,555.2100694547795,564.8166512058983,574.3830051469625,583.9121701772884,593.4069231972646,602.869806084898,612.3031492005233,621.7090919522632,631.0896008616875,640.4464854938748,649.7814125553627,659.0959184139568,668.3914202540682,677.6692260479164,686.9305434955969,696.1764880642212,705.4080902373638,714.6263020697554,723.8320031312915,733.0260059064858,742.2090607166981,751.3818602136199,760.5450434923004,769.6991998637611,778.8448723224404,787.9825607395799,797.1127248096909,806.2357867741792,815.3521339432792,824.4621210350886,833.566072348348,842.6642837837142,851.7570247267375,860.8445398040761,869.9270505248493,879.0047568124313,888.0778384419293,897.1464563836578
-0.09195979899497486,,,,,,,,,,,,,,,,,,,,,,,,,,,,,,,,,,,,,,,,,,,,,,,,,,,,,,,,,,,,,,,,,,,,,,,,,,,,,,,,,,,,,,,,,,,,,,,,,,,,,,,,,,,,,,,,,,,,,,,,,,,140.71676558723973,173.10091465220867,195.81469638745065,214.5986314637825,231.15869902192688,246.26357486768907,260.3331668252637,273.6248204460154,286.3089258375714,298.5047688898332,310.2994606166922,321.758758482449,332.9336442021695,343.86452264400594,354.58401154423166,365.1188577799625,375.49129133644846,385.7200054102178,395.8208809418392,405.80753216685196,415.6917241337424,425.4836968952839,435.1924205211985,444.8257980540499,454.39082875664025,463.89374069472404,473.34009937013576,482.73489745986905,492.08262950122514,501.3873544853743,510.652748655167,519.8821503099282,529.078598042721,538.2448635457145,547.3834798965677,556.4967660634898,565.5868482296124,574.6556784285244,583.7050508960674,592.7366164738314,601.7518953435513,610.7522883259107,619.7390869398629,628.7134823880053,637.6765736081933,646.6293745105881,655.5728205019352,664.5077743841689,673.4350317022775,682.3553256059254,691.2693312806309,700.1776699969273,709.080912819587,717.9795840125697,726.874164175337,735.7650931314926,744.6527726025244,753.5375686825927,762.4198141356234,771.2998105311808,780.1778302339769,789.054118260279,797.9288940128502,806.8023529049109,815.6746678823906,824.5459908527363,833.4164540277428,842.2861711869988,851.1552388679447,860.0237374878841,868.8917324027711,877.7592749071621,886.6264031792272,895.4931431744335,904.3595094711155,913.2255060711009,922.0911271565352,930.9563578102498
-0.08894472361809044,,,,,,,,,,,,,,,,,,,,,,,,,,,,,,,,,,,,,,,,,,,,,,,,,,,,,,,,,,,,,,,,,,,,,,,,,,,,,,,,,,,,,,,,,,,,,,,,,,,,,,,,,,,,,,,,67.31980272812015,132.8081593878758,157.70504072871958,176.75721101896787,193.04257205654764,207.66741727865175,221.1711430004799,233.86191258124435,245.93416476724252,257.5192941233114,268.7106836522209,279.5773198999309,290.17175427788214,300.53502941183206,310.69986946955873,320.69282508833936,330.5357614311964,340.24691845716546,349.84168394796086,359.3331684955693,368.7326407659459,378.0498621578942,387.29334770544074,396.4705720272839,405.5881337368947,414.65188803657264,423.66705465269234,432.63830645003304,441.5698427565891,450.4654504781341,459.3285553792,468.1622653826898,476.9694073445282,485.75255845816554,494.5140732116114,503.25610663963965,511.98063447290315,520.6894706747355,529.3842827679372,538.0666052840664,546.7378516088587,555.3993244573874,564.0522251651272,572.6976619616622,581.3366573607963,589.970154783539,598.5990245123096,607.2240690604701,615.8460280292052,624.4655825137088,633.0833591120477,641.6999335829048,650.315834192166,658.9315447832012,667.5475076010614,676.164125897122,684.7817663372265,693.400761233708,702.0214106190194,710.6439841767161,719.2687230435541,727.8958414949267,736.5255285243934,745.1579493268366,753.7932466937258,762.4315423279671,771.0729380849951,779.7175171460799,788.3653451290767,797.0164711413678,805.6709287792065,814.3287370771968,822.9899014112941,831.6544143583632,840.3222565149891,848.9933972779878,857.6677955888287,866.3454006439381,875.0261525727173,883.709983084902,892.3968160887089,901.0865682812175,909.7791497121488,918.4744643222497,927.1724104572776,935.8728813586382,944.5757656315433,953.2809476915086,961.9883081900766
-0.08592964824120602,,,,,,,,,,,,,,,,,,,,,,,,,,,,,,,,,,,,,,,,,,,,,,,,,,,,,,,,,,,,,,,,,,,,,,,,,,,,,,,,,,,,,,,,,,,,,,,,,,,,,57.339226308431584,111.2114969555915,132.94273376297403,149.76631591433343,164.2645923775827,177.36939813909868,189.53572064368615,201.02360192034595,211.99708509130332,222.56695882123665,232.81189313891056,242.78994366603973,252.54528198998386,262.1123616199335,271.51861630630634,280.78627422321034,289.93361644384805,298.97587343825154,307.9258784816751,316.7945534554922,325.59127639318297,334.3241638850502,343.00029106902036,351.6258651287196,360.20636365256007,368.7466460901645,377.25104436240287,385.72343714602994,394.16731124510994,402.5858126557927,410.9817893361208,419.35782724714363,427.71628089995426,436.05929938216474,444.38884864667847,452.7067306892561,461.01460012371757,469.3139785692495,477.6062671896732,485.8927576649341,494.1746418270151,502.45302015381236,510.7289092828516,519.003248680829,527.2769065839127,535.5506853060954,543.8253259982689,552.1015129287172,560.3798773454173,568.6610009721293,576.9454191829311,585.2336238938916,593.5260662052691,601.8231588233128,610.1252782868746,618.4327670208868,626.7459352358835,635.0650626904333,643.3904003311542,651.7221718232803,660.060574983145,668.4057831225099,676.7579463135842,685.117192582447,693.4836290377066,701.8573429404119,710.2384027205047,718.6268589445233,727.022745239051,735.4260791713018,743.8368630956521,752.2550849615234,760.6807190906953,769.1137269239863,777.5540577395608,786.0016493448129,794.4564287430502,802.9183127764204,811.387208746271,819.8630150119161,828.3456215687523,836.8349106065103,845.3307570483457,853.8330290714,862.341588609405,870.85629183779,879.3769896417973,887.9035280679481,896.4357487592905,904.9734893747303,913.5165839927671,922.0648634999543,930.6181559643467,939.1762869941921,947.7390800821789,956.3063569354425,964.877937791616,973.4536417211622,982.0332869162565,990.6166909664445
-0.0829145728643216,,,,,,,,,,,,,,,,,,,,,,,,,,,,,,,,,,,,,,,,,,,,,,,,,,,,,,,,,,,,,,,,,,,,,,,,,,,,,,,,,,,,,,,,,,87.56229341311563,106.01947220283064,120.44488023817482,132.98685265358054,144.4113163065705,155.08988878691736,165.23396883698126,174.9763687877,184.40643723097608,193.5873761991916,202.56564581400548,211.37645609817898,220.0471607582292,228.59945209836067,237.0508346734097,245.41564614530193,253.70578351311258,261.9312316819256,270.10045587276346,278.22069805273674,286.2982043197097,294.3384017162325,302.3460374025965,310.3252894080519,318.27985563754794,326.2130260469145,334.1277416480331,342.02664310761264,349.91211104919745,357.7862996853153,365.6511650478653,373.50848881092816,381.3598984964986,389.20688469197984,397.0508157862622,404.8929506343132,412.73444948428244,420.5763834407658,428.41974268969983,436.2654436716205,444.1143353586794,451.96720476554407,459.82478180191396,467.6877435621488,475.55671812468336,483.4322879318069,491.3149928038123,499.2053326364152,507.1037698224851,515.0107314337935,522.9266111933241,530.8517712646428,538.7865438812266,546.7312328357095,554.6861148463322,562.6514408156984,570.6274369950096,578.614306065245,586.6122281454046,594.6213617365555,602.6418446094426,610.6737946423788,618.7173106153535,626.7724729655134,634.8393445085751,642.9179711300962,651.0083824500724,659.1105924638647,667.2246001620812,675.3503901316319,683.4879331399626,691.637186704065,699.7980956457698,707.9705926344645,716.1545987182675,724.3500238445175,732.5567673702282,740.77471856311,749.0037570935377,757.2437535178383,765.4945697531281,773.7560595438351,782.0280689200433,790.3104366476459,798.6029946703361,806.9055685433415,815.2179778588417,823.5400366629315,831.8715538640191,840.212333632465,848.5621757913457,856.920876198136,865.2882271171751,873.6640175827098,882.0480337523938,890.440059251053,898.839875504593,907.2472620639214,915.6619969187439,924.0838568011634,932.5126174789723,940.948054038587,949.3899411575784,957.8380533667455,966.2921653017614,974.752051944369,983.2174888531689,991.6882523840437,1000.1641199002959,1008.6448699725645,1017.1302825686465
-0.07989949748743719,,,,,,,,,,,,,,,,,,,,,,,,,,,,,,,,,,,,,,,,,,,,,,,,,,,,,,,,,,,,,,,,,,,,,,,,,,,,53.77012021371302,71.2464277121765,83.75964794637709,94.44772662526417,104.15425339905019,113.2447874096997,121.91407876694194,130.27912071405677,138.41600051249188,146.37708070765652,154.19995710227082,161.91252833417718,169.53605130768852,177.08707702495636,184.57872794732936,192.0215697739939,199.42422357308848,206.79380615740757,214.13625360224702,221.45656328728313,228.75897789972345,236.04712730214132,243.32413928947992,250.59272702512325,257.85525875541106,265.1138138910337,272.3702284824686,279.6261323601376,286.8829796629224,294.14207407751053,301.40458981364475,308.67158911724437,315.9440369538087,323.2228133662891,330.50872390990355,337.80250848944644,345.1048488642419,352.41637503596627,359.73767069720685,367.0692778873378,374.4117009772651,381.7654100855368,389.1308440089305,396.5084127412265,403.8984996391448,411.30146328708764,418.7176391041162,426.14734073020406,433.5908612234695,441.0484740955738,448.5204342085901,456.0069785534951,463.50832692760935,471.0246825260197,478.5562324598912,486.10314821317723,493.66558604716647,501.24368736168185,508.8375790202033,516.4473736453588,524.0731698904463,531.7150526918023,539.3730935065961,547.0473505380423,554.73786895537,562.4446811058403,570.1678067252401,577.9072531472157,585.6630155137154,593.4350769876829,601.2234089693882,609.0279713173921,616.8487125749756,624.6855702026373,632.5384708171939,640.407330437809,648.2920547391722,656.1925393119619,664.1086699305494,672.0403228279127,679.987364977548,687.9496543821507,695.9270403687563,703.919363889959,711.926457830802,719.9481473208564,727.9842500509915,736.0345765943083,744.0989307306228,752.1771097739864,760.268904902556,768.3741014902585,776.4924794395799,784.6238135148876,792.7678736756033,800.9244254086524,809.0932300595437,817.2740451614799,825.4666247618818,833.6707197457965,841.8860781555721,850.1124455063118,858.3495650965518,866.5971783137121,874.8550249338143,883.122843415078,891.4003711849472,899.6873449201992,907.9835008197828,916.2885748700585,924.602303102184,932.9244218413608,941.2546679477514,949.5927790488572,957.9384937632008,966.2915519151875,974.6516947410549,983.0186650858112,991.3922075911363,999.7720688742451,1008.1579976976617,1016.5497451300162,1024.9470646978339,1033.3497125284625,1041.7574474841801
-0.07688442211055277,,,,,,,,,,,,,,,,,,,,,,,,,,,,,,,,,,,,,,,,,,,,,,,,,,,,,,,,,,,26.4305517626179,38.71189178199848,47.29113394460643,54.75249867422955,61.66947421614227,68.27470958747561,74.68701298031847,80.97532564748991,87.18304951587649,93.33908372737669,99.46346298600616,105.57049722063853,111.67063839461458,117.77164937627326,123.87936704649469,129.9982179752801,136.13157710626783,142.28202343114867,148.45152610257895,154.64158238836941,160.85332154969038,167.08758414088734,173.34498327525503,179.6259524562404,185.93078326028862,192.25965525972094,198.61265994307996,204.98981994497674,211.39110457521355,217.81644240403378,224.26573148464357,230.73884766788632,237.2356513643339,243.75599303609962,250.2997176430521,256.8666682246807,263.45668876383775,270.0696264519138,276.7053334534587,283.36366825119177,290.044496628734,296.7476924163824,303.4731378396157,310.2207238558244,316.9903501672901,323.78192514616086,330.5953656278071,337.43059660169746,344.28755081950385,351.16616833496255,358.06639598922936,364.98818685325557,371.9314996372422,378.8962980758439,385.8825502966911,392.8902281787578,399.91930670604114,406.96976332265064,414.0415772906635,421.13472905848334,428.2491996394428,435.38497000515866,442.5420204954693,449.72033024704274,456.9198766423535,464.1406347804713,471.382576970857,478.64567225126166,485.92988593036546,493.23517915599103,500.5615085093192,507.9088256255069,515.2770768409586,522.6662028674299,530.076138493029,537.5068123100689,544.958146469707,552.43005646317,559.9224509293437,567.4352314884104,574.9682926011827,582.5215214537162,590.0947978667417,597.6879942293875,605.3009754566406,612.933598969957,620.5857147003431,628.2571651132718,635.9477852546709,643.6574028172614,651.3858382264509,659.1329047449661,666.8984085954058,674.6821490997999,682.4839188353711,690.3035038054917,698.1406836250193,705.9952317189868,713.8669155337619,721.7554967596923,729.6607315642892,737.5823708349889,745.5201604305299,753.4738414399867,761.4431504485378,769.4278198089937,777.4275779181935,785.442149497339,793.4712558754002,801.514615274695,809.5719430978248,817.6429522151318,825.7273532523144,833.8248548749116,841.9351640752267,850.057986452627,858.1930264927947,866.3399878428331,874.4985735820615,882.6684864878963,890.8494292963746,899.0411049567849,907.2432168800252,915.4554691801934,923.6775669091821,931.9092162838912,940.1501249057405,948.4000019722941,956.6585584807502,964.9255074231379,973.2005639730877,981.4834456640236,989.7738725587692,998.0715674104491,1006.3762558147163,1014.6876663532925,1023.0055307288676,1031.3295838914046,1039.6595641559413,1047.9952133119891,1056.3362767246501,1064.6825034275876
-0.07386934673366835,,,6.764671727334226e-16,3.551550598561528e-10,2.573378371335276e-07,1.338304784374951e-05,0.0001864615485061177,0.0012239300911026877,0.005019172323913635,0.015042258462665846,0.036195768229620534,0.07424498796928344,0.13510609033858703,0.22422369980583698,0.3461454200778231,0.5043036948967976,0.7009724164474148,0.9374252340370262,1.2144950356124145,1.5335592095042305,1.8974375349278334,2.310741604342225,2.7797190285420963,3.3118558879819475,3.9154267068686885,4.599071273543584,5.371422826082841,6.240795898570167,7.214938447064546,8.30084996862936,9.504663102911547,10.831581930880315,12.285867225291199,13.870857760687544,15.589017208860875,17.441997549896872,19.430711745196653,21.555410235135696,23.815757413280352,26.210905506307498,28.739564256159277,31.40006550036306,34.19042223472146,37.1083820708261,40.151475214323405,43.31705722204116,46.60234687193107,50.00445951827975,53.5204363172201,57.147269704329915,60.881925491902805,64.72136193360626,68.66254608049344,72.70246772727059,76.8381512223504,81.06666539040168,85.38513179213183,89.79073152408588,94.28071073979275,98.85238505485874,103.50314298071702,108.23044851578771,113.0318430082249,117.90494639133266,122.84745788089216,127.85715621270457,132.9318994900162,138.06962470055717,143.26834695648304,148.52615850297903,153.84122753533333,159.21179685878266,164.63618242053283,170.1127717390264,175.64002225167508,181.21645959892683,186.84067585957465,192.51132774968957,198.22713479538334,203.98687748775282,209.78939542684768,215.63358546021226,221.5183998205432,227.44284426617332,233.40597622748413,239.40690296178678,245.44477971898564,251.51880791989976,257.62823334907137,263.7723443636908,269.95047012021416,276.16197882018065,282.40627597670783,288.6828027031182,294.99103402512384,301.3304772179831,307.70067017000235,314.1011797737219,320.53160034609675,326.99155207890806,333.4806795205893,339.9986500905977,346.54515262735475,353.11989597073784,359.7226075799866,366.353032187826,373.01093049150813,379.6960778814044,386.4082632076528,393.14728758534324,399.91296323858387,406.7051123837466,413.5235661521059,420.3681635520152,427.23875047069737,434.13517871566,441.0573050957082,448.0049905414372,454.978099264855,461.97649795926975,469.0000550358346,476.0486399010593,483.12212227146466,490.22037152638626,497.3432560984611,504.4906429012697,511.6623967937108,518.8583800806483,526.0784520493066,533.3224685409042,540.5902815569506,547.8817388996218,555.1966838455996,562.5349548527292,569.8963852988157,577.2808032518765,584.6880312710831,592.1178862376838,599.5701792150609,607.0447153371599,614.5412937244154,622.0597074263015,629.5997433896264,637.1611824516307,644.7437993569504,652.3473627974511,659.9716354739729,667.6163741789336,675.2813298987842,682.966247935246,690.6708680442804,698.394924591706,706.1381467243762,713.9002585558471,721.6809793654038,729.4800238093937,737.2971021437396,745.13192045656,752.9841809098389,760.8535819890418,768.7398187596509,776.6425831295919,784.5615641165275,792.4964481190246,800.4469191906554,808.4126593160795,816.393348688211,824.388665985594,832.398288649168,840.4218931576119,848.4591553004996,856.5097504485805,864.5733538204612,872.6496407450816,880.7382869193867,888.8389686606258,896.9513631527938,905.0751486866501,913.2100048933831,921.355612970154,929.5116558994413,937.6778186596491,945.8537884278321,954.0392547754325,962.233909852241,970.4374485662236,978.6495687513142,986.8699713277692,995.0983604535077,1003.3344436665918,1011.5779320189306,1019.8285402011962,1028.0859866590645,1036.3499937008266,1044.6202875965444,1052.8965986687833,1061.178661375258,1069.4662143833323,1077.7590006367357,1086.0567674146137
-0.0708542713567839,,,5.049444203884514e-16,4.6432963397283236e-10,4.452642360299026e-07,2.7396347161152883e-05,0.000426981664277948,0.003036334604007977,0.013222236827558586,0.04152122586043477,0.10371518713271378,0.21934548086133301,0.4094497758344895,0.6943352400329703,1.0918697632474128,1.6164375108961633,2.2784971552052546,3.084594726728972,4.037672671190432,5.1375418010508795,6.381418193655803,7.76446107814241,9.2802805312582,10.921421358186466,12.67985786462571,14.54751783300611,16.51679705281232,18.58098513718602,20.734536293277362,22.97316693275651,25.293807382526527,27.694456952870542,30.17399156606093,32.73196146460646,35.36840241846686,38.08367216811797,40.87831591028363,43.7529600238368,46.708230980192305,49.744695582374256,52.86281866980701,56.06293479309795,59.34523086411923,62.709737297167294,66.15632562012294,69.68471093210586,73.2944579122217,76.98498935377175,80.75559641416137,84.60544994573848,88.53361241295731,92.53905001411606,96.62064471669768,100.77720598840212,105.00748206467557,109.31017064061498,113.68392891269653,118.1273829255296,122.6391362022907,127.21777765550785,131.86188878880006,136.5700502103897,141.34084748665143,146.17287636902842,151.06474743086613,156.01509015242138,161.02255649297175,166.08582398839232,171.20359841149843,176.3746160322117,181.5976455102132,186.8714894535079,192.19498567243411,197.56700815729366,202.98646780526457,208.45231292044636,213.96352950885404,219.5191413883693,225.11821013197047,230.75983486097323,236.4431519037168,242.16733433363535,247.93159139969455,253.73516786100458,259.57734323648816,265.4574309796444,271.37477758764805,277.3287616533325,283.3187928679531,289.34431098203885,295.4047847311092,301.4997107325214,307.6286123592584,313.7910385960442,319.98656288269166,326.2147819497205,332.4753146492256,338.7678007870159,345.09189995754053,351.4472903861693,357.83366778144574,364.250744200162,370.6982469277881,377.1759173765569,383.6835100033155,390.2207912490262,396.78753850162724,403.3835390837903,410.0085892669453,416.6624933127945,423.34506254339857,430.05611444078045,436.7954717768905,443.5629617746444,450.35841530062396,457.18166609007227,464.0325500044275,470.9109043219103,477.8165670613602,484.7493763395261,491.7091697619438,498.69578384746467,505.7090534864247,512.7488114324115,519.8148878275064,526.9071097608129,534.0253008600788,541.1692809161113,548.3388655396577,555.5338658503847,562.7540881975199,569.9993339116706,577.2693990873205,584.5640743953987,591.8831449253356,599.2263900559118,606.5935833542187,613.9844925019645,621.3988792483306,628.8364993885583,636.2971027673815,643.7804333063955,651.2862290544366,658.8142222599716,666.3641394645049,673.9357016159803,681.5286242010925,689.1426173954643,696.7773862305659,704.4326307762849,712.108046338018,719.8033236671606,727.5181491842272,735.2522052112572,743.0051702179293,750.7767190729422,758.5665233046992,766.3742513687884,774.1995689207494,782.0421390934858,789.901622778191,797.7776789078033,805.6699647420172,813.5781361529001,821.501847910242,829.4407539657338,837.3945077351882,845.3627623779926,853.3451710730756,861.3413872906749,869.3510650592682,877.3738592270441,885.4094257173851,893.4574217778143,901.5175062219682,909.5893396641516,917.6725847461163,925.766906355734,933.8719718372472,941.9874511928954,950.1130172756897,958.2483459731643,966.393116382002,974.5470109734334,982.709715749366,990.8809203892,999.0603183873878,1007.2476071817331,1015.4424882725208,1023.6446673325928,1031.8538543084417,1040.0697635125216,1048.29211370688,1056.5206281783571,1064.7550348054715,1072.9950661172843,1081.2404593444055,1089.4909564623977,1097.7463042278516,1106.0062542073188
-0.06783919597989949,,,1.1414515477785248e-16,1.9323617436551035e-10,2.514223640574432e-07,1.8577753259112967e-05,0.0003271292518380466,0.002538188088996827,0.011799867149803788,0.038987886842242844,0.10143124593851625,0.22177636786131244,0.4256325717455047,0.738920276357947,1.1855969293810293,1.7860678379177504,2.556311206136707,3.5075994620490833,4.646650557486878,5.976050249807351,7.494817204806737,9.199018393150196,11.08237391003141,13.136815264469968,15.35298043886312,17.72064615092149,20.229113373289003,22.867568279886896,25.625429469979228,28.492670217635002,31.460088585110817,34.519498833152454,37.66383146318333,40.887146482969555,44.18457711289593,47.552226432037905,50.98703865060116,54.48666246847125,58.04931871975391,61.67367968093241,65.35876366835723,69.10384595669366,72.90838544215143,76.77196559968806,80.6942479043308,84.67493581515792,88.71374752232647,92.81039584442604,96.96457388089782,101.17594524108442,105.44413787149786,109.7687406791553,114.1493022996179,118.58533148497052,123.0762986911457,127.62163853110034,132.22075282797698,136.87301406099232,141.57776904114968,146.33434269074743,151.14204183004642,156.00015889802242,160.9079755522678,165.86476610886325,170.8698007938618,175.9223487878276,181.0216810519317,186.16707292979095,191.35780652358622,196.59317284635296,201.87247375485228,207.1950236693304,212.56015108784743,217.96719990381436,223.4155305360774,228.90452088130255,234.43356709855837,240.00208423621396,245.60950671112653,251.25528865000624,256.9389041026651,262.6598471365967,268.41763182207274,274.21179211662206,280.0418816574353,285.9074734698974,291.8081596000962,297.7435506787982,303.71327542402673,309.7169800890139,315.75432786197075,321.82499822358614,327.9286862685002,334.06510199513565,340.23396957022356,346.43502657170905,352.6680232150503,358.9327215668972,365.2288947500287,371.5563261431669,377.91480857900353,384.3041435435554,390.7241403797125,397.1746154976447,403.65539159451606,410.1662968857571,416.70716434998474,423.27783098946026,429.87813710783405,436.5079256067684,443.16704130287144,449.85533026631055,456.5726391821979,463.31881473590545,470.09370302322645,476.8971489862311,483.72899587558084,490.58908473992625,497.4772539429804,504.39333870870087,511.33717069499227,518.3085775962078,525.3073827746852,532.3334049214495,539.3864577461437,546.4663496961836,553.5728837050536,560.7058569695811,567.8650607559639,575.0502802342647,582.2612943410004,589.4978756693984,596.7597903868387,604.0467981789055,611.3586522194566,618.695099166015,626.0558791797719,633.440725969397,640.8493668578412,648.2815228712316,655.7369088489564,663.2152335739396,670.7161999221292,678.2395050301511,685.784840480056,693.351892500071,700.940342180246,708.5498657018542,716.1801345794223,723.8308159142106,731.5015726580333,739.192063886214,746.9019450785861,754.6308684073546,762.3784830307319,770.144435391225,777.9283695175053,785.7299273287929,793.5487489407509,801.3844729718762,809.2367368494448,817.1051771140836,824.9894297221082,832.8891303447631,840.80391466361,848.7334186612909,856.6772789069952,864.6351328359592,872.6066190224253,880.5913774454967,888.5890497473786,896.5992794836039,904.6217123647642,912.6559964894785,920.7017825682284,928.7587241378375,936.8264777663702,944.9047032482697,952.993063789636,961.0912261834998,969.1988609751847,977.3156426172835,985.4412496152553,993.5753646624482,1001.7176747655567,1009.8678713602242,1018.0256504170401,1026.190712538042,1034.3627630439507,1042.5415120522966,1050.7266745466914,1058.9179704374505,1067.1151246138447,1075.317866988216,1083.5259325322354,1091.739061305595,1099.9569984773923,1108.179494340531,1116.4063043193971,1124.6371889711318
-0.06482412060301507,,,1.9097536881938917e-17,6.299586912256454e-11,1.1441406855912971e-07,1.0327134749050408e-05,0.00020780059496890618,0.0017735255939285858,0.008855854352896517,0.030933212489958523,0.08413576977565854,0.1907770822642322,0.37741064375414785,0.6722322215788634,1.102578401398323,1.6929635801602414,2.4638030205859676,3.4307792798776178,4.6047203815372635,5.991837304017901,7.59418350060055,9.41022817805374,11.435465601938695,13.663009124819478,16.084139200120234,18.68878962861492,21.46596716805105,24.404108545807855,27.49138664824868,30.71598162088271,34.06632927396994,37.53134941752148,41.100646409037005,44.76466917998432,48.51482000705221,52.34350792996756,56.2441502480687,60.211131181544914,64.23972952381426,68.3260272354933,72.46680934143401,76.65946312353282,80.90188214531591,85.19237849608609,89.52960496227665,93.91248763273472,98.34016865458835,102.81195838915835,107.32729597945858,111.88571725945444,116.48682895110008,121.1302881672468,125.81578633850367,130.54303679178503,135.31176531672975,140.12170315720581,144.9725819557846,149.8641302583903,154.7960712544903,159.76812148596935,164.77999030635272,169.83137991249976,174.9219858043873,180.05149755629824,185.2195998054856,190.42597338308133,195.67029652733103,200.95224613177044,206.2714989912039,211.62773301669546,217.02062839763585,222.44986869449434,227.91514185031926,233.41614111285534,238.9525658620027,244.5241223397969,250.13052428199146,255.7714934518853,261.446760078234,267.15606320006225,272.8991509218277,278.67578058318594,284.4857188476904,290.32874171511776,296.2046344632426,302.11319152192294,308.05421628747314,314.027520880256,320.03292585109335,326.0702598418273,332.13935920415054,338.24006758128877,344.3722354578312,350.5357196808584,356.7303829571358,362.95609333001175,369.2127236397426,375.5001509707493,381.81825608910054,388.16692287336184,394.54603774174984,400.95548907835604,407.3951666610544,413.86496109351793,420.36476324363633,426.8944636904601,433.45395218164333,440.0431171032976,446.6618449638575,453.3100198936492,459.9875231615814,466.69423271029797,473.4300227110431,480.19476313934746,486.98831937254084,493.8105518100127,500.6613155169955,507.54045989292416,514.4478283634543,521.3832581001445,528.3465797634182,535.337617273281,542.3561876058108,549.4021006162392,556.475158888593,563.5751576118665,570.7018844826064,577.8551196337105,585.0346355891655,592.2401972443497,599.471561871475,606.7284791496428,614.0106912189328,621.3179327578655,628.6499310835162,636.0064062734895,643.3870713089133,650.7916322375562,658.2197883560938,665.6712324105633,673.145650813931,680.6427238797185,688.1621260705684,695.703526260626,703.2665880105731,710.8509698541451,718.4563255949521,726.0823046124233,733.728552175672,741.3947097641193,749.0804153937004,756.7853039474899,764.5090075096319,772.251155701435,780.0113760185802,787.7892941683892,795.5845344061034,803.3967198692593,811.2254729091876,819.0704154187529,826.9311691555258,834.8073560595557,842.6985985650481,850.6045199052237,858.5247444097508,866.4588977941594,874.4066074407156,882.3675026702726,890.3412150047026,898.3273784195064,906.3256295863157,914.3356081050084,922.3569567252143,930.3893215570627,938.43235227107,946.4857022867883,954.5490289509697,962.6219937041891,970.7042622367399,978.7955046335775,986.8953955084583,995.0036141274014,1003.1198445216669,1011.2437755903858,1019.3751011931203,1027.513520232516,1035.658736727366,1043.8104598762914,1051.968404112362,1060.1322891489378,1068.3018400170388,1076.476787094539,1084.65686612753,1092.8418182441617,1101.031389961286,1109.2253331842398,1117.423405200113,1125.6253686647713,1133.8309915840541,1142.0400472893732
-0.06180904522613065,,,2.4924602468007343e-18,1.7097416916560524e-11,4.4779746721025394e-08,5.034685088794658e-06,0.0001172823781618643,0.0011113410913365061,0.006002170515115898,0.02228436094618693,0.06364344331574395,0.1501906450795464,0.30717360491108936,0.5627540081422431,0.945564587320875,1.482566288640813,2.197463535818884,3.109728417864038,4.234163312195312,5.580880613892589,7.155571849509779,8.959954571797986,10.992309654049489,13.248045977230428,15.720250418836978,18.40019741550726,21.277804364552242,24.34202753548223,27.581199117951964,30.983310768111714,34.53625297061424,38.22802160118779,42.04690164195209,45.98163310854658,50.02155818306769,54.15674421447836,58.37807624194063,62.67731473041979,67.04711783775369,71.48103119211801,75.97345081864827,80.51956615759333,85.1152902023503,89.7571830289196,94.44237378917039,99.16848492503291,103.93356113569202,108.73600460428878,113.57451719714204,118.44804977647719,123.3557583837874,128.29696681517416,133.27113498404404,138.27783241746351,143.3167162343588,148.38751298713228,153.49000379921958,158.62401229013054,163.7893948404207,168.98603280725644,174.21382635769456,179.4726896327077,184.76254700246662,190.08333020872485,195.43497622431136,200.81742568753026,206.23062179338635,211.67450954368908,217.14903527530763,222.65414640018355,228.18979130275073,233.75591935052276,239.35248098198983,244.9794278430074,250.6367129486731,256.3242908525495,262.0421178090923,267.79015191847395,273.568353245727,279.3766839083799,285.21510812861624,291.08359224747556,296.982104699852,302.9106159500211,308.8690983882209,314.85752618942166,320.8758751359286,326.9241224057861,333.0022463294707,339.1102261166837,345.24804155714855,351.41567269663636,357.6130994920733,363.84030144799783,370.0972572372599,376.38394430864696,382.70033848411174,389.0464135481803,395.4221408320651,401.8274887948932,408.2624226043975,414.7269037192956,421.220889475497,427.7443326781611,434.2971812015783,440.87937759886483,447.4908587220856,454.1315553571012,460.80139187107955,467.5002858770025,474.2281479150336,480.98488115235824,487.77038110254915,494.58453536547603,501.42722338864223,508.29831625076525,515.1976764682846,522.1251578254081,529.0806052281729,536.0638545829381,543.0747326995815,550.1130572195999,557.1786365692184,564.271269937485,571.3907472792663,578.5368493429423,585.7093477225086,592.9080049337168,600.1325745137799,607.3828011440877,614.6584207953069,621.9591608941577,629.2847405110655,636.6348705678653,644.0092540646006,651.4075863244936,658.8295552560023,666.2748416309323,673.7431193774589,681.2340558869096,688.7473123331296,696.2825440032133,703.8394006383841,711.4175267837708,719.0165621458586,726.6361419563667,734.2758973412999,741.9354556939937,749.6144410509108,757.3124744690358,765.0291744037099,772.7641570857899,780.5170368970475,788.2874267427892,796.0749384206844,803.8791829848718,811.6997711044417,819.5363134154679,827.388420865791,835.2557050518321,843.1377785467771,851.0342552194928,858.9447505436584,866.8688818965832,874.8062688473044,882.7565334335629,890.719300427359,898.6941975887949,906.6808559080168,914.678909835064,922.6879974976902,930.7077609063106,938.7378461478006,946.7779035660242,954.827587930651,962.8865585938252,970.9544796348803,979.0310199932944,987.1158535900701,995.208659437783,1003.3091217395299,1011.4169299770768,1019.5317789884685,1027.6533690354372,1035.7814058609292,1043.9156007370668,1052.0556705039285,1060.2013375994618,1068.3523300809413,1076.5083816382787,1084.669231599604,1092.8346249294684,1101.0043122200223,1109.1780496755723,1117.3555990908435,1125.536727823325,1133.721208760073,1141.9088202792702,1150.099346206929,1158.2925757690468
-0.05879396984924623,,,2.5261694417491017e-19,3.884582435761935e-12,1.5232994124872234e-08,2.181975319992496e-06,5.973463399107265e-05,0.0006352191996503743,0.003740646542580483,0.01485434461944596,0.04476916073360102,0.11040549545866751,0.23424327934461672,0.4426756897928137,0.7638636505726487,1.225618551230299,1.8536484507329167,2.670309072651278,3.6938629959001696,4.938174475159728,6.412738232333042,8.122940149449576,10.07046168494951,12.25375871446055,14.668564189150812,17.30838011401317,20.16493712844746,23.228609498865783,26.488780122853843,29.934154789816603,33.55302821549909,37.33350693780408,41.26369626160379,45.33185953533339,49.526557328694246,53.836771443060705,58.252015076231984,62.76242733102997,67.35884867635667,72.03287417663188,76.77688282666975,81.58404339126196,86.4482990634312,91.36433460554463,96.32753029665027,101.33390705088146,106.380066670351,111.46313054208048,116.58067934299899,121.73069559280947,126.91151025752605,132.1217540861237,137.36031396305987,142.62629426937923,147.91898304953713,153.23782265562957,158.58238447530798,163.95234732036081,169.3474790534917,174.7676210483357,180.2126751061698,185.682592486736,191.17736474653543,196.6970161137884,202.24159716304854,207.81117958398747,213.4058518673038,219.0257157559791,224.67088333259255,230.34147463284987,236.0376156924402,241.7594369489337,247.50707193295497,253.2806561935598,259.08032641187197,264.9062196647624,270.75847280692426,276.6372219452405,282.54260198401846,288.4747462236135,294.4337859982764,300.41985034184046,306.4330656722004,312.47355548747805,318.54144006840266,324.6368361827566,330.7598567891058,336.91061073707397,343.08920246400595,349.2957316861949,355.5302930852109,361.7929759893609,368.083864050909,374.40303491991546,380.7505599157676,387.12650369763,393.5309239351726,399.96387098100274,406.42538754630976,412.9155083812156,419.4342599614531,425.98166018278295,432.55771806477657,439.1624334654,445.7957968077687,452.45778882090696,459.14838029438727,465.86753185120085,472.6151937357363,479.3913056218714,486.1957964400009,493.02858422464357,499.88957598336765,506.77866758779055,513.6957436872899,520.6406776459871,527.6133315034375,534.6135559593729,541.6411903827316,548.6960628451101,555.7779901786492,562.8867780582913,570.0222211082038,577.1841030321004,584.3721967670609,591.5862646603704,598.826058668791,606.0913205796065,613.3817822526768,620.6971658826636,628.0371842805151,635.4015411732216,642.7899315207995,650.2020418493806,657.6375505992561,665.0961284866706,672.577438878112,680.0811381758344,687.6068762133,695.1542966592472,702.7230374290343,710.3127311019575,717.9230053431974,725.5534833291117,733.2037841745532,740.8735233609741,748.5623131640522,756.2697630796663,763.9954802470309,771.7390698679012,779.5001356207647,787.2782800690122,795.0731050621373,802.8842121290642,810.7112028627585,818.5536792953654,826.4112442631538,834.283501760634,842.1700572832493,850.070518158167,857.9844938626812,865.9115963298601,873.851440241138,881.8036433055389,889.7678265253911,897.7436144483487,905.7306354056558,913.728521736657,921.7369099992301,929.7554411670186,937.7837608125606,945.8215192771507,953.8683718273738,961.923978798551,969.9880057253697,978.0601234599494,986.1400082776884,994.2273419711676,1002.3218119325143,1010.4231112245494,1018.5309386411135,1026.6449987569788,1034.7650019677205,1042.8906645199816,1051.0217085325264,1059.157862008529,1067.298858839476,1075.4444388011389,1083.594347542017,1091.74833656466,1099.9061632002947,1108.067590577135,1116.2323875827997,1124.4003288211943,1132.5711945642638,1140.7447706989574,1148.9208486697876,1157.0992254173184,1165.2797033129023,1173.4620900900463
-0.05577889447236181,,,1.9401050704227182e-20,7.297720337120317e-13,4.475774515720234e-09,8.384492659684536e-07,2.7450431902238786e-05,0.0003316986840203704,0.002149758493097567,0.009197500861881832,0.02942347536256114,0.0761895713165716,0.16835660710180606,0.32929886999356406,0.5852311687050573,0.963310649254689,1.489876981945042,2.189041440800501,3.081700951212384,4.184962584304081,5.51191558764457,7.0716704640040655,8.869585791696842,10.90761411590665,13.184712257758715,15.697275330638528,18.439565952802106,21.404120017341775,24.58211793173823,27.963715751118865,31.53833448859008,35.2949085135478,39.22209579009422,43.3084541520669,47.54258898498275,51.91327832340163,56.40958104204555,61.020932375128204,65.73722882572702,70.54890235659695,75.44698226301215,80.42314263980109,85.46973379210472,90.5797969651899,95.74706298268667,100.96593645919975,106.2314680063791,111.53931722720601,116.88570933011623,122.26738797923355,127.68156662665311,133.12588013283084,138.59833803757107,144.0972804356059,149.62133706342516,155.16938992227924,160.74053954660548,166.33407486972789,171.94944653042188,177.5862433949425,183.2441720302456,188.92303884772036,194.6227346354245,200.34322120723058,206.08451991307214,211.84670177507098,217.62987903609,223.43419792954316,229.2598325008089,235.10697933092098,240.97585303193966,246.8666824004072,252.77970713055015,258.7151750024119,264.67333947205395,270.65445760139744,276.6587882743873,282.68659065407235,288.7381228420136,294.81364070733684,300.91339685781253,307.03763972969085,313.18661277675983,319.36055374226765,325.55969400014396,331.78425795400085,338.0344624851036,344.31051644097005,350.6126201590374,356.9409650200669,363.29573302744467,369.6770964092881,376.085217241009,382.5202470866111,388.9823266575107,395.47158548809733,401.98814162761784,408.5321013482482,415.10355886947525,421.7025960990617,428.3292823910628,434.98367432145085,441.6658154819899,448.3757362930503,455.1134538361041,461.87897170662694,468.67227988814636,475.49335464813373,482.34215845641205,489.2186399266856,496.12273378175615,503.0543608428863,510.01342804377623,516.999828469291,524.0134414194515,531.0541324985193,538.1217537293826,545.216143693093,552.3371276933884,559.4845179459014,566.6581137916697,573.8577019344381,581.0830567011551,588.3339403249669,595.6101032499062,602.9112844563922,610.2372118065725,617.5876024084394,624.9621629976123,632.3605903355766,639.7825716231308,647.2277849277276,654.6958996233717,662.1865768416673,669.6994699326095,677.2342249336905,684.790481045846,692.367871114825,699.9660221165082,707.5845556447579,715.2230884003744,722.8812326797776,730.558596862065,738.2547858931241,745.9694017655363,753.7020439930677,761.4523100785754,769.2197959742344,777.0040965330661,784.8048059507854,792.6215181970788,800.4538274354925,808.301328431175,816.1636169458018,824.0402901190789,831.9309468362958,839.8351880814707,847.7526172757183,855.6828406005063,863.6254673055785,871.5801100013555,879.5463849356984,887.5239122549999,895.5123162495811,903.5112255834817,911.5202735088043,919.5390980644115,927.5673422600431,935.6046542450185,943.6506874625715,951.7051007898386,959.767558663912,967.8377311943057,975.9152942622591,983.9999296072849,992.0913249013865,1000.1891738114149,1008.2931760500144,1016.4030374156279,1024.5184698220398,1032.6391913179373,1040.7649260969704,1048.8954044987838,1057.0303630015196,1065.1695442062346,1073.3126968137262,1081.4595755942184,1089.609941350354,1097.7635608739436,1105.9202068969028,1114.079658036798,1122.2416987373988,1130.4061192046502,1138.5727153384323,1146.7412886604811,1154.9116462388224,1163.0836006090738,1171.256969692904,1179.4315767140013,1187.6072501118292
-0.05276381909547739,,,1.0870314804824042e-21,1.1078524276504851e-13,1.1184119784929503e-09,2.825359708309108e-07,1.129072178222813e-05,0.00015730986632083902,0.001134440320857824,0.005273937393975867,0.01803090905475494,0.04929815914112016,0.11398339861793078,0.23165987884262876,0.42545999446894534,0.7205524203491451,1.1425404277462894,1.7160262402485629,2.4634754245170285,3.404424200756447,4.55501236817227,5.927792407402494,7.531753541470962,9.372500353198525,11.452532955347355,13.771585669194591,16.326991308103636,19.114047260869167,22.126367132817776,25.356207658483715,28.79476508350383,32.432438481321626,36.259059706248316,40.2640912708386,44.43679448785077,48.766371084225,53.24208219159881,57.853349042774795,62.589839607122286,67.44154464132635,72.3988453413936,77.45257331559483,82.594062368853,87.81519088144566,93.10841345802503,98.46678090824976,103.88394829507726,109.35417153492494,114.87229368908199,120.4337225524453,126.03440139400337,131.67077475324155,137.3397510889753,143.0386638687933,148.7652324225232,154.51752360409495,160.29391503867632,166.09306049328967,171.91385770738555,177.75541885713525,183.61704370148442,189.49819536520803,195.39847864915077,201.3176207152289,207.25545396875697,213.21190094883897,219.18696103552782,225.1806987870555,231.19323372961037,237.22473143403417,243.2753957240025,249.34546189978838,255.43519078567877,261.54486360305197,267.6747774560848,273.82524141317396,279.9965730831977,286.1890956237312,292.4031351227717,298.63901830330354,304.8970705067708,311.17761391748974,317.4809659952596,323.8074380879891,330.15733420018944,336.5309498966312,342.9285713234843,349.3504743319316,355.79692369146534,362.2681723820865,368.76446095629814,375.28601696326217,381.83305442875024,388.4057733855888,395.00435945022593,401.6289834418913,408.27980104135685,414.9569524870501,421.66056230661263,428.39073908246866,435.14757525026266,441.93114692931675,448.74151378446044,455.57871891876044,462.44278879681315,469.3337331983334,476.2515452018641,483.1962011984375,490.16766093504503,497.16586758775225,504.1907478642713,511.2422121357533,518.3201545975118,525.4244534583088,532.5549711577734,539.7115546114237,546.8940354826851,554.1022304811991,561.335941686626,568.5949568970569,575.8790500010468,583.1879813721931,590.5214982851165,597.8793353515832,605.2612149754692,612.6668478251742,620.095933321961,627.548160143268,635.0232067377907,642.5207418535222,650.040425074349,657.5819073652631,665.1448316239666,672.7288332373271,680.3335406410368,687.9585758808698,695.6035551739441,703.2680894684324,710.9517850002172,718.6542438450156,726.3750644645793,734.1138422456193,741.8701700301712,749.6436386362187,757.4338373674211,765.240354510913,773.0627778222007,780.9006949962841,788.7536941241923,796.6213641342415,804.5032952173686,812.3990792360178,820.3083101161271,828.2305842218253,836.1655007125685,844.1126618824946,852.0716734818509,860.0421450204406,868.0236900530853,876.0159264471736,884.0184766324076,892.0309678329634,900.0530322822749,908.0843074207372,916.1244360766269,924.173066630715,932.2298531648244,940.294455594875,948.366539788855,956.4457776701919,964.5318473070454,972.6244329880341,980.7232252849539,988.8279211030022,996.9382237190994,1005.0538428088254,1013.1744944625701,1021.2999011914162,1029.42979192334,1037.563901990262,1045.7019731064856,1053.84375333907,1061.9889970706506,1070.1374649552045,1078.2889238672874,1086.4431468451976,1094.5999130285427,1102.7590075906774,1110.9202216664157,1119.0833522754735,1127.2482022420268,1135.4145801107752,1143.582300059872,1151.751181811096,1159.9210505375763,1168.091736769406,1176.2630762974386,1184.4349100755567,1192.6070841216724,1200.77944941775
-0.04974874371859295,,,4.2223574155207903e-23,1.3156569107271308e-14,2.3223970999843453e-10,8.203756815162314e-08,4.0994945156085356e-06,6.700388355979782e-05,0.000544662185483928,0.0027792409227573294,0.010236827218013474,0.029747602708617312,0.072364262268591,0.15353259392678148,0.29255597458817095,0.5115438936454352,0.8341085948198473,1.284047671301226,1.8841786657642499,2.6554149245278746,3.616110313605667,4.7816593927350315,6.164317088287219,7.773192958739708,9.614374915755747,11.691141857541014,14.004231384885461,16.55213592594899,19.331407243509478,22.336955031584736,25.562329963474667,28.9999851984485,32.6415130948714,36.4778558710681,40.499490355812185,44.6965879328106,49.059151462299056,53.57713149586474,58.24052455104702,63.03945652911749,67.96425440403519,73.00550896537295,78.15413067114973,83.40139971425741,88.73901046457952,94.15910973600508,99.65432796605239,105.21780239635017,110.84319162627024,116.52468135875664,122.2569816444891,128.03531636456614,133.85540601405899,139.71344504074946,145.60607505877095,151.53035521956613,157.48373091081237,163.46400179687325,169.4692900367131,175.49800933593932,181.5488353218438,187.62067758166074,193.71265357836816,199.82406455593238,205.95437346562377,212.1031848845123,218.27022685380828,224.4553345349096,230.65843556271818,236.87953696586186,243.11871352017056,249.37609740315247,255.65186902193858,261.94624889405895,268.2594904686409,274.5918737845351,280.9436998709871,287.3152858054801,293.70696035203673,300.1190601114209,306.55192612229,313.0059008593146,319.48132558061224,325.9785379828614,332.49787012662557,339.03964660104003,345.6041828985861,352.19178397634414,358.80274298231217,365.43734012848233,372.0958416948368,378.77849915057743,385.48554838079775,392.21720900853336,398.9736838034013,405.7551581694825,412.5617997060284,419.3937578355546,426.25116349467555,433.13412888367327,440.0427472714054,446.9770928525913,453.93722065494114,460.9231664938975,467.9349469730285,474.97255952832035,482.0359825147688,489.12517533379446,496.24007860007924,503.38061434649296,510.5466862657674,517.7381799876198,524.9549633899846,532.1968869429896,539.4637840842768,546.7554716242125,554.0717501794813,561.4124046334908,568.7772046219653,576.1659050420354,583.5782465830912,591.0139562775855,598.472748069961,605.9543234017957,613.4583718112799,620.9845715450394,628.5325901803867,636.1020852560068,643.6927049091245,651.3040885172028,658.9358673422454,666.5876651757982,674.259098982812,681.9497795425409,689.6593120847513,697.3872969195426,705.1333300591946,712.8970038304923,720.6779074761084,728.4756277436852,736.2897494613607,744.1198560985883,751.9655303111848,759.8263544696658,767.7019111700108,775.5917837261045,783.4955566432313,791.4128160720461,799.343150242609,807.2861498781187,815.2414085880936,823.2085232408358,831.1870943151051,839.1767262309972,847.1770276601176,855.1876118152035,863.2080967193991,871.2381054554954,879.2772663954498,887.3252134105991,895.381586062986,903.4460297783019,911.5181960009468,919.5977423317821,927.6843326490899,935.7776372134703,943.8773327571437,951.9831025583879,960.0946365017373,968.2116311245782,976.3337896508108,984.4608220122288,992.5924448582678,1000.7283815547733,1008.8683621724258,1017.0121234654592,1025.1594088412812,1033.3099683216162,1041.463558495739,1049.6199424664046,1057.7788897890005,1065.9401764044787,1074.1035845665886,1082.2689027638953,1090.4359256370865,1098.6044538920123,1106.7742942089053,1114.9452591482002,1123.1171670533424,1131.2898419509995,1139.46311344898,1147.6368166322563,1155.8107919573677,1163.9848851455392,1172.1589470747747,1180.332833671205,1188.5064057999314,1196.6795291556066,1204.85207415295,1213.023915817423
-0.046733668341708556,,,1.0639663397265309e-24,1.170816796958079e-15,3.8839128133439716e-11,2.0032621661733558e-08,1.288397875811937e-06,2.521747387176811e-05,0.00023466064716518508,0.0013301593923553542,0.005329352201211622,0.01659015639097979,0.04273960735404808,0.09518814780937172,0.18908466902978194,0.3427572372422492,0.576800542238884,0.9130022750872513,1.3732745468523546,1.978705900376181,2.7487974493709517,3.700904658668171,4.8498774864888485,6.207874869693515,7.78432199367539,9.585977438693915,11.617079625678766,13.879546164570936,16.373204524275575,19.096037166125075,22.044428524582486,25.213404815458354,28.59686057364478,32.187768114203465,35.97836785251779,39.960338702796,44.124948691352394,48.46318656210921,52.965875608395926,57.623771321958934,62.42764475964411,67.36835377969567,72.4369044199373,77.62450459039738,82.92261189338734,88.32297680920911,93.81768181602935,99.3991763930216,105.06030740692302,110.79434416543536,116.59499743500852,122.45643191534293,128.3732719681261,134.340600734355,140.35395308886572,146.4093031283336,152.50304705466058,158.6319823970461,164.79328452352968,170.9844813425336,177.20342700490238,183.4482753036697,189.71745334629074,196.00963595280726,202.3237211204224,208.65880679491804,215.014169103643,221.38924213442803,227.78359928871572,234.1969361939688,240.62905512857472,247.079850889952,253.54929802180132,260.03743930778177,266.5443754349512,273.07025572993297,279.6152698729467,286.1796404988512,292.7636165995138,299.36746764769174,305.9914783688424,312.63594409357415,319.3011666295782,325.987450598344,332.6951001857365,339.4244162644595,346.1756938466062,352.94921983264595,359.74527102534245,366.5641123812443,373.40599547557247,380.2711571592312,387.15981838924756,394.0721832161995,401.0084379142564,407.968750241174,414.9532688171561,421.9621226128398,428.9954205378234,436.05325112217054,443.13568228419405,450.24276117855516,457.3745141193485,464.53094657337726,471.7120432192589,478.91776806837095,486.1480646439558,493.40285621493877,500.6820460812122,507.9855179072954,515.3131361013892,522.6647462369483,530.0401755139428,537.4392332570421,544.8617114479761,552.3073852893536,559.776013797241,567.2673404197961,574.7810936792852,582.316987834803,589.8747235630407,597.4539886544566,605.0544587222487,612.675797921528,620.3176596761613,627.9796874107957,635.6615152856092,643.3627689314397,651.0830661829843,658.8220178078627,666.579228229428,674.354296241297,682.1468157117025,689.95637627585,697.7825640146007,705.6249621179279,713.4831515316939,721.3567115864511,729.2452206070784,737.1482565022063,745.0653973325093,752.9962218570652,760.9403100571259,768.8972436367432,776.8666064998245,784.8479852033317,792.8409693863845,800.8451521756276,808.860130564383,816.8855057718395,824.9208835743001,832.9658746148705,841.0200946895011,849.0831650101974,857.1547124458946,865.234369741507,873.3217757157597,881.4165754384203,889.5184203876165,897.6269685878331,905.7418847295197,913.8628402708513,921.9895135224945,930.1215897161261,938.2587610574943,946.4007267647846,954.5471930930858,962.6978733457034,970.8524878731105,979.0107640602687,987.1724363030718,995.337245974634,1003.5049413821182,1011.6752777148121,1019.8480169840977,1028.0229279559835,1036.1997860767829,1044.3783733925943,1052.5584784631003,1060.7398962702716,1068.9224281224913,1077.1058815546012,1085.2900702243396,1093.474813805632,1101.6599378791673,1109.8452738206304,1118.0306586870213,1126.2159351013752,1134.4009511362392,1142.585560196217,1150.769620899872,1158.952996961259,1167.1355570713454,1175.3171747795375,1183.4977283755586,1191.6771007718455,1199.8551793866739,1208.0318560281466,1216.2070267792444,1224.380591884026
-0.04371859296482411,,,1.5957850138090085e-26,7.380594970013276e-17,5.019377600224755e-12,3.98276759966193e-09,3.413566466660611e-07,8.202370118574009e-06,8.902000436107393e-05,0.0005687403319233829,0.002507582093007706,0.00844196134663996,0.023214902225705263,0.05463892268234047,0.1137974048861918,0.21492085417726808,0.3748922674393767,0.6125021151785617,0.9475883018992569,1.4001776680180555,1.9897121732934329,2.734408257507604,3.65076902219277,4.753248141745995,6.054051437279399,7.563055309549018,9.287818949869258,11.2336678429556,13.40382830713027,15.799595809706407,18.420522976734336,21.264616245426204,24.328532804751955,27.607771761905223,31.09685535141638,34.78949749827695,38.678758203145954,42.757183088557724,47.0169280838476,51.44986968439759,56.04770155198976,60.80201848021257,65.70438897344648,70.7464178902908,75.91980075134522,81.21637134912622,86.62814417254272,92.14735285986785,97.76648546446299,103.47831683935453,109.27593801310172,115.15278211452149,121.10264624798754,127.11970872216828,133.19854116809782,139.33411529686876,145.5218042978946,151.75737912145152,158.03700009456807,164.35720447041086,170.71489060280604,177.10729947300857,183.53199428428263,189.98683879258067,196.4699749705909,202.97980051801866,209.51494664162226,216.0742564413856,222.6567641579763,229.26167546444287,235.88834892304754,242.5362786765061,249.20507840124347,255.894466517687,262.60425262800476,269.3343251338619,276.084639974548,282.85521041815167,289.6460978343746,296.4574033762221,303.2892604985439,310.14182824359966,317.01528522706445,323.90982426187225,330.8256475612651,337.76296246753105,344.72197765654585,351.70289977325643,358.7059304570895,365.7312637202999,372.7790836459153,379.84956237533896,386.9428583587216,394.05911484406806,401.1984585835406,408.3609987376867,415.5468259603582,422.7560116488686,429.9886073455222,437.2446442780394,444.5241330276224,451.82706331447093,459.1534038914703,466.50310253758613,473.8760861431735,481.27226088001527,488.6915124493951,496.13370640196507,503.59868852351946,511.0862852811219,518.5963043242966,526.1285350362432,533.6827491302273,541.2587012865013,548.8561298252598,556.474757411298,564.1142917861733,571.7744265238166,579.45484180567,587.1552052115529,594.8751725226044,602.6143885327812,610.3724878655252,618.1490957923673,625.943829050388,633.7562966555911,641.5861007094354,649.432837195906,657.2960967666945,665.1754655122244,673.0705257164275,680.9808565933598,688.9060350042736,696.8456361514801,704.7992342528712,712.766403188915,720.746717126311,728.7397511151892,736.7450816599179,744.7622872624861,752.7909489383007,760.8306507041009,768.8809800378472,776.9415283105944,785.0118911904684,793.0916690189732,801.1804671599726,809.2778963217577,817.3835728527262,825.497119011258,833.6181632104359,841.7463402383415,849.8812914546772,858.0226649645344,866.17011577016,874.3233059015765,882.4819045269825,890.6455880438219,898.8140401514681,906.9869519064296,915.1640217610762,923.3449555866238,931.5294666816048,939.717275766418,947.9081109650344,956.1017077746617,964.2978090242317,972.4961648225359,980.6965324967981,988.898676522477,997.1023684450251,1005.307386794333,1013.513516992543,1021.7205512558793,1029.9282884911445,1038.1365341874498,1046.3451003037592,1054.5538051527938,1062.7624732817728,1070.9709353504988,1079.1790280072128,1087.3865937626492,1095.5934808626864,1103.7995431599466,1112.0046399846965,1120.2086360153694,1128.4114011489874,1136.6128103717597,1144.8127436301215,1153.01108570241,1161.2077260714216,1169.4025587980116,1177.5954823959214,1185.7863997079976,1193.9752177839152,1202.161847759568,1210.3462047381986,1218.5282076734002,1226.707779254041,1234.8848457912272
-0.04070351758793972,,,,3.0611772860652594e-18,4.746945804943829e-13,6.176319419748408e-10,7.36105503514881e-08,2.2384501837682907e-06,2.8986979301139953e-05,0.00021246656288292017,0.0010455882587870674,0.0038512337159196802,0.011414735591472592,0.028624444727558714,0.06294620336251132,0.12461519869629077,0.2265151758922315,0.3837877325499163,0.6132550310754401,0.9327490851893873,1.3604299128676742,1.9141541506148196,2.610933203016504,3.4665002389732087,4.494990225425284,5.708726902993262,7.118104491725589,8.73154900200883,10.555543355887986,12.594701286236175,14.85187655428591,17.328295969221944,20.023706715073633,22.936530412505082,26.06401806893845,29.40240155814503,32.947038512242166,36.69254851844709,40.63293931360447,44.76172229016139,49.07201709724206,53.55664546898835,58.20821467050599,63.019191150712004,67.98196516253294,73.08890727164095,78.33241782002901,83.70497051156448,89.19915129832431,94.80769364089261,100.52351098740594,106.33972699868592,112.24970369601446,118.24706738836929,124.32573199614922,130.4799192625933,136.70417533059117,142.99338324916542,149.34277112824768,155.7479158498947,162.20474243729663,168.70951935595878,175.2588501588832,181.84966198225533,188.47919145023351,195.14496856087365,201.84479910725727,208.57674614723757,215.33911097906417,222.13041401601342,228.94937588648435,235.79489902111882,242.66604992822326,249.56204230488808,256.48222108454496,263.4260474824956,270.3930850688333,277.382986872649,284.3954835016858,291.43037224688806,298.4875071307859,305.5667898516162,312.6681615708106,319.7915954894145,326.937090158577,334.1046634701621,341.29434727519407,348.50618258031454,355.74021527514293,362.996492346445,370.275058538095,377.5759534188673,384.8992088231222,392.2448466322673,399.6128768675922,407.003296067573,414.4160859250554,421.851212161849,429.30862362018513,436.78825155223427,444.2900090904434,451.8137908828614,459.3594728788751,466.92691225166124,474.5159474463163,482.12639833856366,489.75806649793424,497.41073554193866,505.08417157314295,512.7781236899654,520.4923245630708,528.2264910694003,535.9803249764366,543.7535136697329,551.5457309170702,559.3566376630049,567.1858828479141,575.0331042459555,582.8979293167173,590.7799760656293,598.6788539085267,606.5941645360587,614.5255027739379,622.4724574353289,630.434612161958,638.411546250817,646.4028354636273,654.408052816493,662.4267693474611,670.4585548599574,678.5029786403329,686.5596101480071,694.6280196769222,702.7077789872715,710.7984619066688,718.8996449001368,727.0109076085029,735.1318333549494,743.262009619673,751.401028482726,759.5484870352985,767.7039877598095,775.8671388793002,784.0375546767535,792.2148557850147,800.3986694481389,808.5886297549949,816.7843778460762,824.9855620944847,833.1918382621196,841.4028696321169,849.6183271186286,857.8378893550362,866.0612427617068,874.2880815943992,882.5181079744303,890.7510319016966,898.986571251631,907.2244517571683,915.4644069767496,923.7061782493913,931.9495146378015,940.1941728605013,948.4399172138725,956.6865194850179,964.9337588563066,973.1814218023558,981.4293019803467,989.6772001142776,997.9249238739477,1006.1722877493114,1014.4191129208148,1022.6652271263383,1030.9104645252605,1039.154665560202,1047.3976768169043,1055.6393508827189,1063.8795462041112,1072.1181269435776,1080.3549628363344,1088.5899290471073,1096.8229060273347,1105.0537793730514,1113.282439683717,1121.5087824222135,1129.7327077762284,1137.9541205212013,1146.1729298850146,1154.3890494145655,1162.6023968443637,1170.8128939672604,1179.0204665074223,1187.2250439956222,1195.4265596469443,1203.6249502409291,1211.820156004253,1220.0121204959441,1228.2007904951877,1236.3861158917407,1244.5680495789554
-0.03768844221105527,,,,7.573350436899442e-20,3.0553144053976534e-14,7.055318442437972e-11,1.232604537926544e-08,4.925742681300029e-07,7.82902517485283e-06,6.729802699367556e-05,0.00037621667944716896,0.0015380709066818146,0.004972692644112842,0.013421607331560465,0.03143515427520992,0.0657272085042754,0.12532380740472326,0.22148630001976308,0.3674353207283833,0.5779290307479447,0.868757883695111,1.2562137842450796,1.756579922060669,2.3856736050453424,3.1584611852111943,4.088753239726736,5.1889800395858146,6.470041877092193,7.9412255967885885,9.610177157569654,11.48291974750581,13.563907457656375,15.856105471159562,18.361088902381404,21.07915366525974,24.00943395648012,27.150022046627832,30.498087050314766,34.04999018414763,37.80139472199825,41.747369429490206,45.88248471926801,50.20090112902529,54.6964500030342,59.36270647002797,64.19305497550917,69.18074776271264,74.31895682184513,79.6008199491381,85.01948166752672,90.56812983687267,96.24002879453855,102.02854979518092,107.92719936162965,113.92964593461123,120.02974495805155,126.2215622975846,132.49939570348963,138.85779391592325,145.29157297910746,151.79582937395395,158.3659496782164,164.99761659761168,171.6868113574793,178.429812586845,185.22319194384937,192.06380682868567,198.94879058871302,205.87554065454384,212.84170505143325,219.84516771528897,226.88403301186915,233.95660981661533,241.06139546568656,248.19705984003636,255.36242979605282,262.55647411251806,269.7782890799682,277.02708482789285,284.30217244782006,291.6029519502575,298.92890106938137,306.2795649135512,313.6545464465434,321.0534977748531,328.47611220858846,335.92211705983453,343.3912671381155,350.8833389016683,358.3981252225466,365.9354307238481,373.49506764843795,381.0768522198467,388.68060145776485,396.3061304124017,403.9532497839776,411.6217638955796,419.3114689896176,427.02215182001504,434.75358851389996,442.50554367982363,450.27776973656347,458.0700064461197,465.8819806272672,473.7134060333737,481.5639833768506,489.433400484382,497.3213325681141,505.22744259895416,513.1513817691001,521.0927900317885,529.0512967070656,537.0265211431965,545.0180734240341,553.0255551134006,561.0485600281805,569.0866750324902,577.1394808458706,585.2065528590571,593.2874619514402,601.3817753048577,609.4890572088897,617.6088698533067,625.7407741038176,633.8843302576809,642.0390987762128,650.2046409915987,658.3805197858209,666.5663002398738,674.7615502517817,682.9658411222468,691.1787481070678,699.3998509357324,707.6287342958401,715.864988283265,724.1082088181525,732.3579980270493,740.6139645916493,748.8757240647581,757.1428991542555,765.4151199759027,773.6920242759953,781.9732576248939,790.2584735825772,798.547333837382,806.8395083191713,815.1346752881681,823.4325214007432,831.7327417534354,840.0350399064858,848.3391278881695,856.6447261811927,864.9515636923966,873.2593777069758,881.5679138284225,889.8769259053323,898.1861759461905,906.495434023226,914.8044781663527,923.1130942481973,931.4210758611495,939.7282241873431,948.0343478624208,956.339262833863,964.6427922146847,972.9447661331698,981.2450215795299,989.543402249024,997.8397583847513,1006.1339466172282,1014.4258298037748,1022.7152768672,1031.0021626343448,1039.2863676749039,1047.5677781408724,1055.8462856069457,1064.121786912167,1072.3941840030998,1080.6633837787504,1088.9292979374716,1097.191842826026,1105.4509392909924,1113.706512532647,1121.9584919614563,1130.2068110572932,1138.4514072314741,1146.6922216916678,1154.9291993097838,1163.162288492847,1171.3914410569234,1179.6166121041117,1187.8377599026214,1196.0548457699333,1204.2678339590636,1212.4766915478942,1220.6813883315683,1228.8818967179338,1237.0781916259882,1245.2702503873018,1253.458052650388
-0.03467336683417083,,,,9.787983340152764e-22,1.2131629831989345e-15,5.493570568778391e-12,1.5036441855867888e-09,8.280694704728986e-08,1.6740099834503874e-06,1.734984896608878e-05,0.00011264860614887047,0.0005205247428183863,0.0018636785561058395,0.005483788481295308,0.013830308102307995,0.03083302918012681,0.06218383328807827,0.11547720969187965,0.2001918153453338,0.32752444455403606,0.5101071133258613,0.761646672566077,1.096526565184862,1.529405118647774,2.0748369453148756,2.7469356845630504,3.5590887356009486,4.523728418349734,5.652159334116773,6.954438484382652,8.439302721294855,10.114137081756036,11.984977242318742,14.056539503521112,16.33227219128528,18.81442301507389,21.504117649451917,24.40144554136972,27.505549646032986,30.814717435323658,34.32647109089891,38.03765528587051,41.94452137578587,46.042807166171926,50.327811707719235,54.7944647981838,59.437391050891634,64.25096853182528,69.2293820806537,74.3666715267777,79.65677510046869,85.0935684267652,90.67089957422549,96.3826206988483,102.22261685777003,108.18483255084388,114.26329647409135,120.45214484154955,126.74564347155093,133.13820866251928,139.6244267303316,146.19907196358025,152.85712268772056,159.59377511654674,166.4044547034566,173.28482477785954,180.2307923418354,187.23851100880262,194.30438116178448,201.42504749823286,208.5973941955679,215.8185380020903,223.08581951812783,230.39679308483298,237.7492155191831,245.14103405854667,252.57037378373627,260.03552477905384,267.5349292530107,275.06716880786973,282.63095201476665,290.2251024184164,297.84854706760945,305.5003056420858,313.17948022432284,320.8852457459468,328.61684112278425,336.37356107971,344.154748656158,351.95978837512644,359.7881000523415,367.6391332178129,375.5123621188362,383.4072812714883,391.32340152654467,399.26024661533705,407.21735014122726,415.1942529827328,423.19050107659723,431.20564354652595,439.23923115043203,447.29081501481187,455.35994562977874,463.44617207851724,471.5490414767414,479.6680985991625,487.80288567151655,495.95294230810026,504.1178055762057,512.2970101701721,520.4900886791027,528.696571933527,536.9159894175036,545.1478697338091,553.3917411109277,561.6471319416229,569.9135713438458,578.190589735668,586.4777194168136,594.7744951501951,603.0804547376439,611.3951395847491,619.7180952504111,628.0488719773554,636.387025200431,644.7321160300769,653.0837117088388,661.4413860392691,669.8047197819816,678.1733010229848,686.5467255097957,694.9245969561051,703.3065273150652,711.6921370214964,720.0810552035315,728.4729198643722,736.8673780350261,745.2640858989884,753.6627088899492,762.0629217637098,770.4644086455269,778.8668630541937,787.2699879045637,795.6734954874522,804.0771074342907,812.4805546598619,820.8835772904413,829.285924576273,837.6873547900949,846.0876351127724,854.4865415075901,862.8838585840788,871.2793794525946,879.6729055707199,888.0642465824976,896.453220151461,904.8396517883803,913.2233746745594,921.6042294815269,929.9820641878258,938.3567338936595,946.7281006339874,955.0960331907236,963.4604069045613,971.8211034869471,980.1780108326726,988.5310228335064,996.88003919325,1005.2249652445679,1013.5657117677874,1021.9021948126889,1030.2343355216453,1038.562059956874,1046.8852989300658,1055.203987835333,1063.5180664854954,1071.8274789518023,1080.132173407206,1088.4321019732681,1096.7272205707354,1105.0174887738615,1113.3028696684896,1121.5833297139043,1129.858838608481,1138.1293691591043,1146.394897154358,1154.6554012414451,1162.9108628068202,1171.161265860477,1179.4065969238718,1187.646844921397,1195.8820010753755,1204.1120588045064,1212.3370136256924,1220.5568630591831,1228.7716065369793,1236.9812453143998,1245.1857823847615,1253.385222397086,1261.5795715767551
-0.031658291457286436,,,,5.500915507705918e-24,2.5939890268588677e-17,2.6187137630516657e-13,1.2232107659242954e-10,9.867907159820922e-09,2.656243440448474e-07,3.439722455536687e-06,2.668872476870474e-05,0.00014267557197372106,0.0005768122233288176,0.0018809755901625935,0.005180794130541317,0.01246640084398783,0.026879287039250466,0.05294663033603684,0.09672650781634533,0.16584583401446626,0.26943109684134336,0.4179459249256457,0.6229577867893316,0.8968591169732878,1.2525672004119968,1.7032237264399843,2.2619103480032625,2.9413917999924903,3.7538937407440116,4.710918792844244,5.823101378946483,7.100099851899548,8.55052301223944,10.181887266895558,12.000600282485815,14.01196691394934,16.220213331040892,18.62852556689844,21.239099082750197,24.05319636099723,27.071209958503548,30.29272885743048,33.71660632724879,37.341027851653315,41.16357797474533,45.18130518137867,49.390784149161,53.78817489640045,58.369278503202594,63.12958920603853,68.06434275934419,73.16856102720635,78.43709282102449,83.86465104723067,89.44584628645597,95.17521699959588,101.04725664558507,107.05643808682257,113.19723573098673,119.46414589109177,125.85170582695459,132.3545118584977,138.96723682535887,145.68464702664,152.50161863136202,159.41315342367935,166.41439365472286,173.50063571625347,180.6673423421667,187.91015306454815,195.22489270455054,202.60757774815931,210.0544205359551,217.56183127493532,225.12641795283037,232.7449842961048,240.414525960685,248.1322251768972,255.8954440882102,263.7017170321393,271.54874200452304,279.4343715387874,287.35660321249225,295.3135699718358,303.30353044058444,311.32485935535595,319.376038244493,327.45564644497193,335.5623525303601,343.69490620370436,351.852130692344,360.03291566712375,368.2362106961022,376.461019232645,384.7063931294599,392.97142766331524,401.255257051452,409.55705043275,417.8760082914434,426.211359290985,434.56235749093827,442.9282799165225,451.30842445141053,459.70210802486423,468.1086650652111,476.5274461927967,484.9578171268777,493.3991577823555,501.8508615337702,510.3123346255348,518.7829957089559,527.2622754881497,535.7496164584858,544.2444727226784,552.7463098710601,561.2546049139465,569.7688462552803,578.2885336979554,586.8131784723776,595.3423032808483,603.8754423513655,612.4121414953261,620.9519581644378,629.4944615032471,638.0392323920967,646.5858634826948,655.1339592178359,663.6831358385272,672.233021375183,680.783255622974,689.3334901004405,697.8833879914049,706.4326240703019,714.9808846112225,723.5278672811784,732.0732810182219,740.6168458951787,749.1582929698382,757.697364122522,766.2338118819722,774.7673992405867,783.2978994599762,791.8250958678789,800.3487816474245,808.8687596197385,817.3848420208512,825.8968502738288,834.4046147570359,842.9079745693725,851.4067772932885,859.900878756352,868.3901427920754,876.8744410006718,885.3536525103593,893.8276637397882,902.2963681621131,910.7596660711831,919.2174643503034,927.6696762439414,936.1162211327345,944.5570243121126,952.9920167748113,961.4211349975126,969.8443207318189,978.2615207997395,986.6726868938225,995.0777753820755,1003.4767471177503,1011.8695672540639,1020.2562050639119,1028.63663376461,1037.0108303476568,1045.3787754135392,1053.74045301154,1062.0958504845335,1070.4449583187193,1078.7877699982348,1087.1242818646003,1095.4544929809042,1103.7784050006726,1112.0960220413197,1120.4073505621038,1128.7123992464874,1137.0111788888003,1145.3037022851247,1153.5899841282671,1161.8700409067433,1170.14389080765,1178.4115536233278,1186.6730506616966,1194.9284046601724,1203.17763970304,1211.4207811421907,1219.6578555211092,1227.8888905020099,1236.1139147960223,1244.3329580963161,1252.5460510140722,1260.7532250172073,1268.954512371737
-0.02864321608040199,,,,1.0356641824098653e-26,2.4616669321405963e-19,6.5589677082737836e-15,5.8511283751187745e-12,7.4932660228404e-10,2.852625724110006e-08,4.837041907248247e-07,4.656374419611522e-06,2.969638381146705e-05,0.00013907528599881608,0.0005136122484523839,0.0015738586447343066,0.004153861659875002,0.009710744900922883,0.020543042570149356,0.03998711515537357,0.07256504243097975,0.12406637574366931,0.20155670413057283,0.31331553737090134,0.468713085655231,0.6780397095971817,0.9523034022067146,1.303010256985998,1.7419411599890064,2.280935530146258,2.931690293440261,3.705579735322583,4.613499624481586,5.665737131728992,6.87186660269036,8.240670158596773,9.780081357161482,11.497149669444921,13.398023295790983,15.487947759936647,17.771277773390853,20.25149999399092,22.931264489754366,25.812422936397873,28.896071806591017,32.18259903830805,35.6717328901618,39.362591896874775,43.25373502613081,47.343211305388174,51.6286083343441,56.10709922274108,60.77548759140442,65.63025034331442,70.66757794890098,75.88341200140651,81.27347979757153,86.83332571143686,92.55833917898255,98.44377921628174,104.4847955571999,110.67644669728908,117.01371533691339,123.49152188842459,130.10473681528597,136.848192585275,143.71669594263318,150.70504104854058,157.808023833315,165.0204576718044,172.33719027654078,179.75312151130404,187.26322169046665,194.86254984590536,202.54627141696363,210.30967484253884,218.148186597637,226.05738430747678,234.03300767756951,242.07096708930285,250.1673498122778,258.3184238810673,266.5206397582264,274.7706299660523,283.06520691064355,291.4013591456997,299.77624633570076,308.1871931725128,316.631682491679,325.1073478137001,333.6119655149516,342.1434468054572,350.6998296673274,359.2792708800659,367.88003823572205,376.50050302425376,385.13913284927264,393.79448481786756,402.4651991302729,411.1499930868178,419.8476555148522,428.55704161264106,437.2770681995377,446.0067093569653,454.7449924410619,463.4909944453424,472.24383869015963,481.0026918150056,489.7667610495209,498.53529173944446,507.307565104445,516.0828962057882,524.8606321029714,533.6401501797982,542.420856621766,551.2021850283274,559.9835951430936,568.7645716923424,577.5446233134489,586.3232815665936,595.1001000178065,603.8746533846628,612.6465367368619,621.4153647447498,630.1807709697524,638.9424071914664,647.6999427668865,656.4530640178671,665.2014736434951,673.944890154558,682.6830473277141,691.4156936773832,700.1425919436942,708.8635185951226,717.5782633447076,726.286628678929,734.9884293985332,743.6834921707232,752.3716550922677,761.0527672631697,769.7266883706411,778.3932882831816,787.0524466545953,795.7040525378627,804.3480040087668,812.9842077992128,821.6125789402033,830.2330404144191,838.8455228183582,847.4499640340009,856.0463089099496,864.6345089519838,873.2145220229644,881.7863120520216,890.3498487529296,898.9051073515797,907.4520683224383,915.9907171338735,924.5210440022207,933.0430436544469,941.5567150992705,950.0620614065717,958.5590894949354,967.0478099271545,975.5282367135151,984.0003871226824,992.4642815000001,1000.919943093022,1009.3673978840627,1017.8066744296048,1026.237803706335,1034.6608189636358,1043.0757555823322,1051.4826509394882,1059.8815442790735,1068.2724765883052,1076.655490479462,1085.0306300770008,1093.3979409097847,1101.7574698082324,1110.1092648062256,1118.453375047586,1126.7898506969634,1135.1187428549558,1143.4401034773098,1151.7539852980346,1160.0604417562806,1168.3595269268278,1176.6512954540406,1184.9358024891487,1193.213103630719,1201.4832548681707,1209.7463125282359,1218.002333224204,1226.2513738078605,1234.4934913239879,1242.7287429673208,1250.9571860418562,1259.178877922394,1267.3938760182307,1275.6022377389052
-0.0256281407035176,,,,,7.801569317878011e-22,6.89362612256332e-17,1.3675972799351628e-13,3.0997229096083025e-11,1.8106993959421207e-09,4.283601541341935e-08,5.382440451666032e-07,4.268745664287178e-06,2.397366791063587e-05,0.00010324549723809964,0.0003609248689587318,0.0010677995571909697,0.002758535321707746,0.006373449669616752,0.01341713853500538,0.02611651423215077,0.047560344065287495,0.08180530199736802,0.13393852466461542,0.21009227608335973,0.31741146784356533,0.4639788013265556,0.658704955981843,0.9111925982791683,1.231583252658171,1.6303955466299016,2.118362301591038,2.706272632171932,3.40482382737219,4.2244864473300465,5.175384862246949,6.2671944278441165,7.509055649663831,8.909505032187912,10.476421822356839,12.216989518515447,14.137670800898022,16.24419442468051,18.541552579036694,21.03400723670263,23.725104081175477,26.617692689961498,29.71395176100826,33.01541828756951,36.52301970747469,40.23710817204184,44.157496192915495,48.28349302902787,52.613941263600566,57.147253085008174,61.881445813167986,66.81417619997087,71.94277298087896,77.26426708724111,82.77541887979719,88.47274177605014,94.35252175202127,100.41083241866322,106.64354569597691,113.04633849562123,119.61469622562163,126.34391428202863,133.22909894035575,140.26516916246683,147.44686077602307,154.76873427301686,162.22518713591174,169.8104711852122,177.51871499230833,185.34395097362432,193.28014641295167,201.32123738085926,209.4611643488782,217.69390823444064,226.0135256514114,234.41418226247058,242.8901833113981,251.4360006305425,260.04629564912284,268.71593815091563,277.44002073351766,286.21386908986267,295.033048369778,303.89336597533384,312.79087120684204,321.721852207736,330.6828306623851,339.6705546867553,348.68199032310497,357.71431201160925,366.76489236809886,375.8312915511847,384.91124645763387,394.0026599399977,403.103590203733,412.2122405036114,421.3269492296517,430.4461804462027,439.56851492588316,448.6926417020447,457.8173501489322,466.94152258732174,476.06412740470034,485.18421267259436,494.300900239061,503.4133802715664,512.5209062219521,521.6227901893362,530.718398648319,539.8071485191218,548.8885035513142,557.9619709963944,567.0270985452996,576.0834715084709,585.1307102176429,594.1684676300811,603.1964271175227,612.2143004235468,621.2218257744983,630.2187661304346,639.2049075637824,648.180057754544,657.1440445919561,666.0967148734632,675.0379330927631,683.9675803094693,692.8855530936664,701.7917625393079,710.6861333409635,719.5686029289832,728.4391206586059,737.2976470489717,746.144153068371,754.9786194624244,763.8010361221611,772.6114014892654,781.4097219959856,790.196011537426,798.9702909741278,807.7325876630249,816.4829350150217,825.2213720775626,833.9479431407025,842.6626973652918,851.365688431999,860.0569742099757,868.736616444056,877.4046804594601,886.0612348830354,894.7063513801265,903.3401044062404,911.9625709727028,920.5738304255517,929.1739642369873,937.7630558086909,946.3411902864073,954.9084543851817,963.4649362247128,972.0107251742777,980.5459117067406,989.07058726116,997.5848441135561,1006.0887752554105,1014.5824742794903,1023.0660352726138,1031.5395527150047,1040.00312138587,1048.4568362748978,1056.9007924993407,1065.3350852264027,1073.7598096006463,1082.1750606761511,1090.5809333531718,1098.9775223190575,1107.3649219931644,1115.7432264756555,1124.1125294998294,1132.472924387893,1140.8245040099482,1149.16736074603,1157.5015864510121,1165.8272724222354,1174.1445093697027,1182.453387388691,1190.7539959346534,1199.0464238002758,1207.330759094567,1215.6070892238627,1223.8755008746405,1232.1360799980305,1240.3889117959347,1248.6340807086424,1256.8716704038748,1265.1017637671623,1273.3244428934647,1281.5397890799813
-0.022613065326633153,,,,,5.3390039541920495e-25,2.1539127005446677e-19,1.17599822654535e-15,5.493130680085315e-13,5.5192476189070754e-11,1.9908457682720143e-09,3.5056116722844e-08,3.664327865966811e-07,2.5903180457174493e-06,1.3553182226730493e-05,5.598345833279805e-05,0.00019140019502739608,0.0005611638642629203,0.0014497012387866028,0.0033703000426200686,0.007169539262719394,0.014142678239049135,0.026150077917088538,0.045724284713956675,0.07615856849523642,0.12156996824479854,0.18693267972785316,0.27808041090149926,0.4016787735971998,0.5651706746687156,0.7766989519682417,1.045011201501774,1.3793519497280489,1.7893471515658974,2.284885554732552,2.87600086751746,3.572757984764847,4.385145830384997,5.322978709897706,6.39580746276625,7.612841177941996,8.982879793677244,10.51425754374661,12.214796931704056,14.091772704857428,16.15188515103912,18.40124194468748,20.84534771453061,23.489100485342654,26.336794152727972,29.392126176344544,32.65820971779772,36.13758949969414,39.832260717826905,43.74369039238342,47.87284058693674,52.22019293693594,56.785773892277945,61.56917997278335,66.5696021671023,71.78584840823011,77.21636289700048,82.85924099125127,88.71223849504636,94.77277449790486,101.03792741927734,107.5044245639591,114.16862621883398,121.02650603657995,128.07363006907883,135.3051372512065,142.7157243285511,150.2996381329414,158.05067772640632,165.96220829351728,174.02718781877837,182.2382066361729,190.587538979397,199.06720479717782,207.66903941252696,216.3847681565358,225.20608292101934,234.1247176428813,243.13252001968084,252.22151720506483,261.3839737825934,270.61244089868575,279.89979600128436,289.23927313341375,298.6244841465428,308.04943151414545,317.5085136409992,326.9965236869476,336.50864296918434,346.0404299905624,355.5878060800783,365.14703854021496,374.71472208862696,384.28775926457905,393.8633403614438,403.4389233348156,413.01221404236344,422.58114708437455,432.1438674411067,441.69871304159795,451.2441983482631,460.77899900129114,470.3019375355325,479.81197015701383,489.3081745522923,498.78973868520615,508.2559505326909,517.7061887027687,527.1399138762981,536.5566610131352,545.9560322640888,555.3376905318217,564.7013536263395,574.0467889636673,583.3738087595628,592.682265673465,601.972048861266,611.2430803988159,620.495312041256,629.7287222863298,638.9433137126695,648.1391105667234,657.3161565744742,666.4745129563368,675.6142566257442,684.7354785537957,693.838282284089,702.922782583416,711.9891042154186,721.0373808255762,730.0677539270564,739.0803719779999,748.075389541727,757.0529665222178,766.013267467951,774.9564609378738,783.8827189238804,792.7922163247202,801.685130466748,810.5616406673664,819.4219278374095,828.2661741190674,837.0945625562624,845.9072767946976,854.7045008090224,863.4864186548235,872.2532142433461,881.0050711370149,889.7421723640538,898.4647002505828,907.1728362687705,915.8667608997139,924.5466535098363,933.2126922397001,941.8650539042295,950.5039139034078,959.1294461426078,967.741822961771,976.3412150727314,984.9277915040027,993.5017195524559,1002.0631647413052,1010.6122907839102,1019.149259552905,1027.6742310542377,1036.1873634057065,1044.6888128196317,1053.1787335893177,1061.6572780789918,1070.124596716936,1078.580837991532,1087.026148449976,1095.4606726994439,1103.884553410478,1112.2979313224137,1120.7009452506572,1129.0937320958249,1137.4764268535264,1145.849162627324,1154.2120706411429,1162.5652802537306,1170.9089189739361,1179.243112476913,1187.5679846211451,1195.8836574661746,1204.1902512910078,1212.4878846130553,1220.776674207594,1229.056735127638,1237.3281807241974,1245.591122666838,1253.8456709645106,1262.0919339865939,1270.3300184841048,1278.5600296110463,1286.7820709458435
-0.019597989949748762,,,,,,1.146794816212893e-22,2.3529616025024787e-18,2.82948286250476e-15,5.777982720319931e-13,3.618234454919998e-11,9.90542417589553e-10,1.485621897567816e-08,1.4188537662837517e-07,9.576200647132662e-07,4.920211267785304e-06,2.0323672912429668e-05,7.031020054285868e-05,0.000210194241075088,0.0005563890442091347,0.001329338277001083,0.0029111645644307863,0.005916651358566763,0.01127416439879437,0.020311602677312194,0.03484167585025893,0.05724077325350843,0.09051630890218591,0.13835850415358744,0.20517389017632068,0.2960991823670907,0.41699544947966455,0.5744235743108494,0.7756028310369564,1.0283549757992974,1.3410365780475637,1.722462443165168,2.1818229325123664,2.728597817285379,3.372469046748247,4.123234503709348,4.990724488515603,5.984722339117441,7.11489027473952,8.3907012551747,9.821377383289366,11.415835148266218,13.182637612183884,15.129953481775278,17.265522878351856,19.596629519062322,22.130078948479476,24.872182407572456,27.82874589399968,31.005063950246807,34.40591770979437,38.035576731261806,41.89780413905515,45.9958645388965,50.332534040650586,54.91011145539221,59.73042932752218,64.79486297073193,70.10433522254212,75.65931437787798,81.45980285035367,87.50531461795735,93.79484042607551,100.32680095798897,107.098989607269,114.10850794474231,121.35169831612167,128.8240790905901,136.52028877181752,144.4340453630931,152.55812695525506,160.88437845197973,169.4037476978811,178.10635217329863,186.98157507909977,196.01818732970858,205.20448998618807,214.5284702255955,223.9779632150013,233.54081227253684,243.2050203888796,252.95888739288927,262.7911285748172,272.69097221743857,282.6482350469435,292.65337596525245,302.6975294839426,312.7725210188992,322.8708666411962,332.9857600499696,343.11104950005665,353.24120723404235,363.3712936927489,373.4969184560508,383.6141995280556,393.7197222600869,403.8104989072567,413.883929556748,423.937764946462,433.97007151273993,443.979198862413,453.9637497516068,463.9225525729668,473.85463628701353,483.75920769526783,493.63563092229805,503.4834089583188,513.302167105966,523.0916381734052,532.8516492590198,542.5821099790927,552.2830019981416,561.9543697309606,571.5963120954007,581.2089752050462,590.7925459008527,600.347246030346,609.8733273919643,619.3710672705051,628.8407644973545,638.2827359762604,647.6973136218111,657.0848416636086,666.4456742743399,675.7801734846454,685.0887073518734,694.3716483535419,703.6293719796683,712.8622555010812,722.0706768938137,731.2550138994416,740.4156432110033,749.5529397631258,758.667276119409,767.7590219437013,776.8285435463331,785.876203496168,794.9023602911112,803.9073680802128,812.8915764313945,821.8553301394555,830.7989690696504,839.7228280326423,848.6272366871285,857.5125194668327,866.3789955289365,875.2269787213631,884.056777566592,892.8686952599585,901.6630296806215,910.440073413573,919.200113781257,927.9434328835162,936.6703076447308,945.3810098671447,954.075806289471,962.7549586499952,971.4187237534544,980.0673535410808,988.7010951632302,997.3201910541275,1005.9248790082676,1014.5153922581034,1023.09195955267,1031.6548052368341,1040.204149330923,1048.740207610477,1057.2631916859314,1065.7733090820416,1074.2707633168961,1082.7557539803765,1091.2284768119462,1099.6891237776636,1108.1378831463305,1116.5749395647001,1125.0004741316754,1133.4146644714492,1141.8176848055402,1150.2097060236758,1158.5908957535112,1166.9614184291493,1175.3214353584317,1183.6711047890165,1192.0105819732116,1200.340019231565,1208.6595660152204,1216.9693689670198,1225.2695719813805,1233.5603162629393,1241.8417403839817,1250.1139803406568,1258.3771696080066,1266.6314391938045,1274.87691769124,1283.1137313304423,1291.342004028884
-0.016582914572864316,,,,,,3.9815250034427316e-27,4.9682339984912045e-22,2.1692571567341852e-18,1.1651793690373515e-15,1.5480668145719837e-13,7.73583561677338e-12,1.8983095441746056e-10,2.7326469776640207e-09,2.609833943972903e-08,1.8056685272731823e-07,9.652944910495484e-07,4.184840422972637e-06,1.5267029892209796e-05,4.8236674503705226e-05,0.00013502316653491,0.00034098566776714044,0.0007884007429334707,0.0016891414705921363,0.0033869552534413136,0.006408763923365901,0.01152343360123485,0.01980564300113704,0.0327019195288525,0.052095657435081655,0.08036797448082435,0.12045155825573833,0.1758751342456528,0.2507967821272633,0.3500249661654349,0.4790267728715367,0.6439234215272595,0.8514736027723246,1.10904559242588,1.42457937804729,1.8065402284982155,2.263865241367425,2.8059044322308937,3.4423578971975117,4.183210500118171,5.038665421211191,6.0190777663394,7.134889285728189,8.396565095547905,9.814533142042693,11.399127000357517,13.160532462576263,15.108738243693303,17.25349102179864,19.60425493003085,22.170175532914666,24.96004824780475,27.982291112235465,31.244921745629348,34.75553829418198,38.52130403860221,42.54893509790767,46.84469015498713,51.41436026279294,56.26325559205679,61.39618467585241,66.81742068646476,72.53064897961721,78.53889087701728,84.84440052713273,91.44853454062782,98.35159761861533,105.55267115790261,113.04943538044999,120.83799846603004,128.91274807099518,137.26624114807368,145.88914687828725,154.77025466151645,163.89655458269542,173.25339193988103,182.82469094806447,192.5932364746954,202.54099752898574,212.64947296610387,222.9000389003829,233.2742786479638,243.75427923612395,254.32288296154348,264.9638873820398,275.6621917941475,286.40389217557924,297.1763294707258,307.9680979205204,318.76902096788416,329.57010231420145,340.3634591820201,351.14224397555466,361.90055950624156,372.6333718977712,383.33642430444087,394.0061537027027,404.63961229180103,415.2343944506098,425.78856974407705,436.30062213211426,446.7693952935604,457.19404380836096,467.573989839095,477.908884891441,488.1985762072186,498.4430773407043,508.64254248205805,518.7972441151047,528.9075536261595,538.9739245129986,548.9968778763221,558.9769899086748,568.9148811268775,578.8112071230189,588.6666506356354,598.4819147668572,608.2577171929473,617.9947852352772,627.6938516737207,637.3556512061698,646.9809174597194,656.5703804825739,666.1247646483495,675.6447869157876,685.1311553943851,694.5845681729805,704.0057123741432,713.3952634022398,722.7538843573884,732.082225591279,741.3809243841049,750.6506047246575,759.8918771780917,769.1053388279713,778.2915732810401,787.4511507247399,796.5846280288785,805.6925488840141,814.775443970181,823.8338311504299,832.8682156844718,841.8790904583343,850.8669362265506,859.8322218638895,868.7754046240558,877.6969304031915,886.5972340063034,895.4767394150462,904.3358600555196,913.1749990649628,921.9945495563863,930.7948948803726,939.5764088833811,948.3394561620331,957.0843923129324,965.8115641777014,974.5213100829263,983.2139600748432,991.8898361485813,1000.5492524718876,1009.1925156032501,1017.8199247044025,1026.4317717472034,1035.0283417149167,1043.6099127979483,1052.1767565840787,1060.7291382432904,1069.2673167072703,1077.79154484368,1086.3020696253054,1094.7991322941966,1103.28296852091,1111.7538085589715,1120.2118773946872,1128.657394892417,1137.0905759354423,1145.5116305625418,1153.9207641004002,1162.3181772919797,1170.7040664209596,1179.0786234323716,1187.442036049571,1195.7944878875624,1204.1361585629365,1212.4672238004123,1220.7878555361374,1229.098222017844,1237.3984879019495,1245.688814347729,1253.9693591086186,1262.2402766207672,1270.5017180889238,1278.7538315697252,1286.996762052513,1295.2306515377088
-0.013567839195979925,,,,,,,,7.002056332701984e-23,1.520520152513375e-19,5.987631661144075e-17,7.136173373246766e-15,3.566013018815522e-13,9.284977751794586e-12,1.4641801391726129e-10,1.5570118606375019e-09,1.2080818016093633e-08,7.255631387985725e-08,3.529039875816954e-07,1.4398148839179364e-06,5.066147087015209e-06,1.571852597088035e-05,4.378385810334675e-05,0.00011111446072311628,0.0002600500866100932,0.0005669823692164196,0.0011614515605192902,0.002251522941186289,0.0041558243772518415,0.007342180907024327,0.012472310500900002,0.020451600079919644,0.03248260647930582,0.05012065363430361,0.07532974008683917,0.1105369312537696,0.1586834788760245,0.22327106810252684,0.3084018189448916,0.4188109403371654,0.5598912298009325,0.7377089104323065,0.9590105838217272,1.2312213406190684,1.5624343015775788,1.9613920562389022,2.437460621996896,3.000596663460286,3.6613087928548396,4.430613819970221,5.319988838740016,6.341320031416557,7.506849044762156,8.829117750048015,10.32091214386572,11.995206083417703,13.865105481067081,15.943793511441799,18.244477312062276,20.780336587475432,23.564474457378637,26.609870815241127,29.929338350602105,33.53548111542796,37.44065480655319,41.65692637250845,46.19602779341463,51.06929504443349,56.28757917880078,61.86111359388238,67.79932140898931,74.1105505478888,80.80173182431355,87.87796645071325,95.34206256370973,103.19405364794787,111.43074283087543,120.04532352705215,129.02712682901105,138.36153830596055,148.0301118229728,158.01088753390496,168.27889853403695,178.80682965499264,189.56577606474193,200.52604143515788,211.65791590786577,222.93238245967865,234.32171383473997,245.7999381997072,257.3431671490001,268.92979252415086,280.5405675733795,292.15859309125346,303.7692308434806,315.3599656730081,326.92023514420896,338.4412422442054,349.9157631511727,361.3379588078077,372.70319622440235,384.0078831633943,395.24931811578574,406.4255562121262,417.53529083430175,428.57775013114576,439.55260730232357,450.459903355461,461.2999809883133,472.0734282775125,482.78103092994854,493.423731954232,504.00259772282857,514.518789510805,524.9735397085286,535.3681320096824,545.703884970626,555.9821384218745,566.2042422875207,576.3715474319984,586.4853982152287,596.5471264782011,606.5580467304378,616.5194523420292,626.4326125749943,636.2987703142713,646.1191403806042,655.8949083261555,665.6272296293635,675.3172292188441,684.966001267315,694.5746092059969,704.1440859178865,713.675434075055,723.1696265907668,732.6276071620043,742.050290882017,751.4385649059008,760.793289155072,770.115297048928,779.4053962539908,788.6643694425572,797.8929750543145,807.0919480555852,816.2620006918758,825.4038232302787,834.5180846889594,843.6054335515927,852.6664984650953,861.7018889194101,870.7121959084764,879.6979925717735,888.6598348160887,897.5982619173459,906.5137971024914,915.4069481115719,924.2782077402311,933.1280543629535,941.9569524374364,950.7653529905255,959.5536940861924,968.3224012760635,977.0718880330096,985.8025561683531,994.5147962332187,1003.20898790458,1011.8855003565494,1020.544692617438,1029.186913913129,1037.8125039972604,1046.4217934687547,1055.0151040771668,1063.592749016335,1072.1550332068077,1080.70225356749,1089.2346992769487,1097.7526520247957,1106.2563862535446,1114.746169391354,1123.2222620760062,1131.684918370489,1140.1343859705391,1148.5709064044586,1156.994715225539,1165.406042197381,1173.8051114724212,1182.1921417639294,1190.5673465117422,1198.9309340420114,1207.2831077211677,1215.6240661044626,1223.9540030790108,1232.2731080019598,1240.5815658336808,1248.8795572662893,1257.1672588476852,1265.444843101265,1273.7124786415113,1281.97033028559,1290.2185591611283,1298.4573228103334
-0.010552763819095479,,,,,,,,,1.2442785037291096e-25,2.701992743791159e-22,1.262110682066145e-19,1.928247781457457e-17,1.2741405531784286e-15,4.418383948693429e-14,9.23215269104888e-13,1.2862850876092559e-11,1.289339265208777e-10,9.854371950052039e-10,6.008284637332854e-09,3.028500666460717e-08,1.29854537827755e-07,4.847013829720379e-07,1.6050546708828692e-06,4.789461156872072e-06,1.3047192765836583e-05,3.2804171108208744e-05,7.683164573233056e-05,0.00016895560570603775,0.0003512043601466724,0.0006941140371031531,0.0013109225285197691,0.002376333239598973,0.004150419682878596,0.0070080763764747795,0.011474212400464414,0.018264646999186288,0.028332419208504083,0.04291898276835866,0.06360953875070968,0.0923915735243822,0.13171552736465864,0.1845564238922114,0.2544752437671213,0.345678825827293,0.4630771209439631,0.612336702392941,0.7999295446280684,1.0331762126991724,1.3202827499507035,1.6703707052881283,2.0934998971260197,2.6006836639159294,3.2038964966331647,3.9160740834145726,4.751105918338463,5.72382073344236,6.84996510471017,8.14617565863195,9.629945366355678,11.319584458054017,13.234176521887143,15.39353037112798,17.81812827003408,20.529071098522827,23.548020950050372,26.89714121005961,30.59903243927222,34.67665753082091,39.153239458895236,44.05209904413924,49.39638195129363,55.20861102462337,61.510001003190695,68.31949468817884,75.65252521402827,83.51957430071812,91.92466969729578,100.86402731666902,110.32507159337376,120.28604248022964,130.71631538499912,141.57743878281227,152.8247678724889,164.40947861670853,176.280708053738,188.38758522778778,200.68097577653333,213.11483839280075,225.64716245689493,238.24051079691006,250.86222576611377,263.4843723723732,276.0834936071484,288.6402455491106,301.138967737639,313.5672310174741,325.91539262367183,338.1761777746544,350.344298823104,362.41611699271385,374.3893475885387,386.26280692431277,398.03619767646484,409.7099286272398,421.2849645380512,432.7627019988227,444.1448673964383,455.43343353452207,466.6305518589065,477.73849765891043,488.75962600257225,499.6963365134559,510.5510454037452,521.3261634438235,532.0240787726987,542.647143649556,553.197664397193,563.6778939312376,574.0900263718256,584.4361933287747,594.7184615253808,604.9388314876653,615.0992370764955,625.2015456814506,635.2475589292787,645.2390137875611,655.177583966968,665.064881544032,674.9024587415917,684.691809816436,694.4343730138062,704.1315325566846,713.784620644522,723.3949194415211,732.9636630390899,742.4920393806515,751.981192139965,761.432222546468,770.846191153066,780.2241195433193,789.5669919762312,798.8757569677829,808.1513288091564,817.3945890221784,826.6063877529814,835.78754510524,844.9388524146032,854.0610734661202,863.1549456566185,872.2211811040447,881.2604677058562,890.2734701485357,899.2608308703385,908.2231709792993,917.1610911285453,926.0751723508779,934.9659768545122,943.8340487818588,952.6799149330993,961.5040854562753,970.3070545055417,979.0893008691214,987.8512885685037,996.5934674302749,1005.3162736319613,1014.0201302231831,1022.7054476233351,1031.3726240969813,1040.022046208054,1048.6540892539322,1057.2691176803755,1065.8674854782905,1074.4495365631929,1083.0156051382476,1091.5660160416733,1100.1010850792866,1108.6211193429017,1117.1264175152844,1125.6172701622895,1134.093960012816,1142.5567622271603,1151.0059446543123,1159.441768078713,1167.864486457003,1176.2743471453466,1184.671591116366,1193.0564531714685,1201.4291621381124,1209.789941065372,1218.1390074089409,1226.4765732095264,1234.802845264378,1243.1180252922272,1251.4223100919478,1259.7158916952112,1267.9989575134168,1276.2716904791268,1284.5342691822586,1292.786868001245,1301.0296572294055
-0.007537688442211032,,,,,,,,,,,,4.366319445687315e-25,1.5423814863517326e-22,2.2093084981483396e-20,1.5570827726581154e-18,6.222424821263862e-17,1.5682006222801056e-15,2.703759512235192e-14,3.3973338625870007e-13,3.270440652772884e-12,2.5103109054991284e-11,1.586907059026025e-10,8.483465368911275e-10,3.920025094252145e-09,1.5944519650170447e-08,5.796798783304696e-08,1.90828712339698e-07,5.751341788676479e-07,1.6020327430560352e-06,4.158059386440257e-06,1.0127339458939851e-05,2.3289373699714633e-05,5.0841265156294053e-05,0.00010585853670239275,0.00021110550980714098,0.00040470943182493036,0.0007483153471442171,0.001338433252186744,0.0023217672160846165,0.0039153702688781294,0.006432492590988832,0.010314979341236475,0.016173025982997948,0.02483301317663778,0.03739402240561526,0.05529348167324149,0.08038221360908979,0.11500896303530891,0.16211427496122638,0.22533338474365364,0.309107577137895,0.4188032769091719,0.5608379564312329,0.7428117900446153,0.9736438545072952,1.2637115720901375,1.6249920190465617,2.071203677571897,2.6179471932998015,3.282843711385783,4.085669400228982,5.048484830309254,6.195757953564418,7.554479523153525,9.154269901128947,11.027476319343377,13.209259782862699,15.737670906240274,18.6537137280587,22.00139374930445,25.82773236561243,30.18268484243007,35.11880179637105,40.690332191968835,46.9513423263693,53.95243134678318,61.735873832336154,70.3295598033194,79.74081759861991,89.95176487051428,100.91780629844499,112.5700818094785,124.82138040892814,137.57396359496428,150.72742832620668,164.1851827889555,177.8588888902064,191.6709040647913,205.55513059157255,219.45677864288393,233.331487311533,247.1441312679335,260.867528714072,274.4811801060452,287.97010790118014,301.32382958245955,314.53547301351153,327.6010297437494,340.5187347121788,353.28855756893023,365.9117900053313,378.39071406607036,390.72833773983444,402.9281857801545,414.99413543251984,426.9302883867194,438.740871762272,450.43016223313407,462.00242850463974,473.46188828124525,484.8126766273932,496.0588232478302,507.2042367174092,518.2526941020321,529.2078347301501,540.0731571439572,550.8520184598428,561.5476355355079,572.1630874708903,582.7013190735303,593.1651450007868,603.557254355899,613.8802155658672,624.1364814092987,634.3283940939668,644.4581903087108,654.5280061937527,664.539882188787,674.4957677300731,684.397525777017,694.2469371558583,704.0457047135901,713.795457279423,723.4977534342646,733.1540850910181,742.7658808902836,752.3345094171938,761.8612822460188,771.3474568196601,780.7942391715111,790.2027864972481,799.5742095841457,808.9095751053871,818.2099077866757,827.4761924522204,836.7093759569007,845.9103690111441,855.0800479047169,864.2192561353604,873.3288059478604,882.4094797888654,891.4620316824405,900.487188531084,909.4856513466401,918.4580964152808,927.4051764004805,936.3275213876589,945.2257398739494,954.1004197063563,962.9521289712085,971.781416838063,980.5888143603325,989.3748352354237,998.1399765266235,1006.8847193489461,1015.6095295209994,1024.3148581848045,1033.0011423953708,1041.6688056817352,1050.3182585810512,1058.949899147217,1067.5641134354646,1076.1612759641885,1084.7417501553032,1093.3058887542331,1101.854034230667,1110.3865191610873,1118.9036665940312,1127.4057903990092,1135.8931956000417,1144.3661786934229,1152.825027955089,1161.2700237287197,1169.701438706959,1178.119538197886,1186.5245803807356,1194.916816550859,1203.2964913544345,1211.6638430134535,1220.0191035414398,1228.3624989503496,1236.6942494490809,1245.0145696339248,1253.3236686717376,1261.621750475157,1269.9090138716103,1278.1856527653708,1286.4518562933722,1294.7078089750264,1302.9536908563018
-0.004522613065326642,,,,,,,,,,,,,,,,,6.640264873438209e-27,7.640635244950743e-25,5.18895311633336e-23,2.2604408883897232e-21,6.751421486041847e-20,1.4591564309434368e-18,2.3849073885132726e-17,3.0572487692739173e-16,3.1686074111302295e-15,2.7237238650294598e-14,1.9842157832607704e-13,1.2477607761565263e-12,6.880737879060688e-12,3.372877071449385e-11,1.4871050410088256e-10,5.958163036160529e-10,2.188819498428302e-09,7.431203894882606e-09,2.34791289451172e-08,6.946321976413605e-08,1.934893744609956e-07,5.099300001725556e-07,1.2770674169262716e-06,3.0512006253542615e-06,6.9793480733082374e-06,1.5333100104363865e-05,3.244652372859553e-05,6.630786813940985e-05,0.00013117558410507573,0.00025175180634120305,0.0004696589865405056,0.0008532353620971129,0.0015119988610740574,0.0026175316039732106,0.004433010758008351,0.007354155672453982,0.011964972289411922,0.019112346660538775,0.030004259425935948,0.046337148461490445,0.07045872078660909,0.10557328805706728,0.15599745161531917,0.2274746712028465,0.3275578939288703,0.46606997540418266,0.6556520729353528,0.9124105132364487,1.2566728188327605,1.7138636059247032,2.315510933183138,3.1003933806743773,4.115837669608903,5.419175999315486,7.079371483714491,9.178819112084724,11.815327803722969,15.104270414713154,19.180707684080975,24.200357926325395,30.335688670183323,37.75988910059787,46.612058947284616,56.94871423757033,68.70638600772075,81.70427964804816,95.68883704991148,110.39137788525245,125.56999151345637,141.0276351826172,156.6132807928519,172.2153136821917,187.7531319221416,203.16957962758835,218.42494230847498,233.49242887119294,248.35483319717576,263.0020671505964,277.42932246213184,291.63568735172635,305.62309678316757,319.3955319890209,332.95840928244877,346.31811430220654,359.48164875940796,372.4563644441737,385.2497648872412,397.8693593436117,410.32255708211034,422.6165925689926,434.758474194067,446.7549508155146,458.61249168455004,470.33727632143905,481.9351917060444,493.4118347622575,504.7725185997405,516.0222813415967,527.1658966612551,538.2078853677285,549.1525275505622,560.0038749251465,570.7657631182349,581.4418237088531,592.0354958968372,602.5500377141462,612.9885367262506,623.353920194749,633.6489646898789,643.8763051543051,654.0384434285978,664.1377562550895,674.1765027809461,684.1568315839187,694.0807872456872,703.9503164982671,713.7672739689502,723.5334275487529,733.2504634085742,742.919990686267,752.5435458667312,762.1225968759229,771.658546908478,781.1527380074293,790.6064544132968,800.0209256986855,809.3973297034207,818.7367952841842,828.0404048916394,837.3091969870925,846.544168309859,855.7462760056898,864.9164396258519,874.0555430057562,883.1644360313574,892.2439363011273,901.2948306896363,910.317876821855,919.3138044608124,928.2833168167948,937.2270917822811,946.1457830976011,955.0400214518064,963.9104155229215,972.757552961419,981.5820013205275,990.3843089366931,999.1650057632976,1007.9246041605281,1016.6635996440549,1025.3824715950554,1034.0816839338777,1042.7616857595353,1051.4229119570437,1060.0657837744986,1068.6907093716482,1077.2980843416155,1085.8882922072987,1094.4617048938974,1103.0186831789044,1111.5595771209937,1120.0847264675751,1128.5944610471747,1137.0891011376323,1145.5689578230317,1154.0343333317549,1162.4855213599071,1170.92280738032,1179.3464689379148,1187.7567759321018,1196.1539908869122,1204.5383692094767,1212.9101594374456,1221.2696034758999,1229.6169368243093,1237.952388794004,1246.276182716448,1254.5885361435412,1262.8896610387087,1271.1797639615538,1279.4590462437507,1287.7277041589357,1295.9859290854024,1304.2339076624933
-0.0015075376884421954,,,,,,,,,,,,,,,,,,,,,,,,,,,,,,,,,,,,3.7640511657709123e-26,8.135086035100541e-25,1.4890952486983872e-23,2.3390109878128014e-22,3.190091079987955e-21,3.817995062861285e-20,4.0483746963522607e-19,3.836147615437095e-18,3.2740551003159946e-17,2.534835663658126e-16,1.791878566143813e-15,1.163425821508115e-14,6.975853119128618e-14,3.8819074829558987e-13,2.014033039434527e-12,9.783339944262452e-12,4.466725303466998e-11,1.9236492167217866e-10,7.840302708207786e-10,3.0334687418232955e-09,1.1173229037835594e-08,3.9282132015946e-08,1.3214566838319917e-07,4.2632745326298235e-07,1.3218735920748569e-06,3.946889783281768e-06,1.1369573336503598e-05,3.165272499138249e-05,8.530247476635612e-05,0.0002228729971793919,0.0005653528142433938,0.0013942199617159453,0.0033468880940033773,0.007830067421489041,0.01787271607519889,0.03984509760723231,0.08684628076196403,0.18523720144088157,0.38698321620438664,0.7925166130961564,1.592292514634638,3.140966221070739,6.087448613660964,11.58324586000352,21.22144682981772,35.354397656387704,52.218984421900856,70.16231493824128,88.3834824374616,106.53955305446596,124.47807933746047,142.12801598033053,159.4560299347258,176.44775235985838,193.09911854952526,209.41210283926947,225.39247964320828,241.0485509981328,256.39034723806856,271.42906999878375,286.17667169922606,300.64552399576996,314.84815342647903,328.7970327616889,342.50442015255084,355.98223921338973,369.24199352983123,382.2947094413119,395.15090147280523,407.82055546134086,420.3131251561211,432.6375387992032,444.80221286480173,456.8150707255447,468.68356451401047,480.41469886022213,492.01505551648194,503.49081814771193,514.8477967659011,526.0914514496086,537.2269151075719,548.2590151364269,559.1922938894521,570.0310279221366,580.7792460154143,591.4407460019667,602.0191104376079,612.5177211704898,622.9397728672491,633.2882855583645,643.5661162659355,653.7759697763108,663.9204086182527,674.0018623047233,684.0226358933812,693.9849179176715,703.8907877369957,713.7422223511429,723.5411027208864,733.289219633496,742.9882791489406,752.6399076597379,762.2456565951513,771.8070067952614,781.3253725863308,790.8021055731847,800.2384981759695,809.6357869287348,818.995155558361,828.3177378604789,837.6046203875911,846.8568449635461,856.0754110370622,865.2612778862784,874.4153666849724,883.5385624407096,892.6317158138852,901.6956448261989,910.7311364663218,919.7389481999428,928.7198093907782,937.6744226386672,946.6034650403531,955.5075893781794,964.3874252414715,973.2435800850777,982.076640229159,990.8871718040461,999.6757216436852,1008.4428181309532,1017.1889719978697,1025.914677083513,1034.620411052302,1043.306636075005,1051.9737994748175,1060.6223343405513,1069.2526601089437,1077.865183117883,1086.4602971322763,1095.0383838442003,1103.599813348682,1112.144944595662,1120.674125824177,1129.1876949695557,1137.685980057363,1146.1692995762853,1154.637962834397,1163.0922702991465,1171.5325139219697,1179.9589774483206,1188.3719367139165,1196.7716599278945,1205.15840794359,1213.5324345177428,1221.8939865574105,1230.243304359158,1238.580621834383,1246.9061667279516,1255.220160826607,1263.5228201588566,1271.8143551871647,1280.0949709912454,1288.364867445057,1296.6242393861316,1304.873276778281
0.0015075376884421954,,,,,,,,,,,,,,,,,,,,,,,,,,,,,,,,,,,,3.764051165770943e-26,8.135086035100541e-25,1.489095248698364e-23,2.3390109878128014e-22,3.190091079987955e-21,3.817995062861285e-20,4.0483746963522275e-19,3.836147615437095e-18,3.2740551003159946e-17,2.534835663658126e-16,1.791878566143813e-15,1.163425821508115e-14,6.975853119128533e-14,3.8819074829558987e-13,2.014033039434527e-12,9.783339944262704e-12,4.466725303466998e-11,1.9236492167217794e-10,7.840302708207786e-10,3.0334687418232736e-09,1.117322903783555e-08,3.92821320159454e-08,1.3214566838319917e-07,4.2632745326298235e-07,1.3218735920748569e-06,3.946889783281768e-06,1.1369573336503677e-05,3.165272499138236e-05,8.530247476635481e-05,0.0002228729971793905,0.0005653528142433938,0.0013942199617159453,0.0033468880940033773,0.007830067421489041,0.01787271607519889,0.039845097607232136,0.08684628076196416,0.18523720144088157,0.38698321620438664,0.7925166130961564,1.592292514634638,3.140966221070739,6.087448613660964,11.58324586000352,21.22144682981772,35.354397656387704,52.218984421900856,70.16231493824128,88.3834824374616,106.53955305446596,124.47807933746047,142.12801598033053,159.4560299347258,176.44775235985838,193.09911854952526,209.41210283926947,225.39247964320828,241.0485509981328,256.39034723806856,271.42906999878375,286.17667169922606,300.64552399576996,314.84815342647903,328.7970327616889,342.504420152551,355.98223921338956,369.24199352983123,382.2947094413119,395.15090147280523,407.82055546134086,420.3131251561211,432.6375387992032,444.80221286480173,456.8150707255447,468.68356451401047,480.41469886022213,492.01505551648194,503.49081814771193,514.8477967659011,526.0914514496086,537.2269151075719,548.2590151364269,559.1922938894521,570.0310279221366,580.7792460154143,591.4407460019667,602.0191104376079,612.5177211704898,622.9397728672491,633.2882855583645,643.5661162659355,653.7759697763108,663.9204086182527,674.0018623047233,684.0226358933812,693.9849179176715,703.8907877369957,713.7422223511429,723.5411027208864,733.289219633496,742.9882791489406,752.6399076597379,762.2456565951513,771.8070067952614,781.3253725863308,790.8021055731847,800.2384981759695,809.6357869287348,818.995155558361,828.3177378604789,837.6046203875911,846.8568449635461,856.0754110370622,865.2612778862784,874.4153666849724,883.5385624407096,892.6317158138852,901.6956448261989,910.7311364663218,919.7389481999428,928.7198093907782,937.6744226386672,946.6034650403531,955.5075893781794,964.3874252414715,973.2435800850777,982.076640229159,990.8871718040461,999.6757216436852,1008.4428181309532,1017.1889719978697,1025.914677083513,1034.620411052302,1043.306636075005,1051.9737994748175,1060.6223343405513,1069.2526601089437,1077.865183117883,1086.4602971322763,1095.0383838442003,1103.599813348682,1112.144944595662,1120.674125824177,1129.1876949695557,1137.685980057363,1146.1692995762853,1154.637962834397,1163.0922702991465,1171.5325139219697,1179.9589774483206,1188.3719367139165,1196.7716599278945,1205.15840794359,1213.5324345177428,1221.8939865574105,1230.243304359158,1238.580621834383,1246.9061667279516,1255.220160826607,1263.5228201588566,1271.8143551871647,1280.0949709912454,1288.364867445057,1296.6242393861316,1304.873276778281
0.004522613065326642,,,,,,,,,,,,,,,,,6.640264873438204e-27,7.640635244950638e-25,5.188953116333265e-23,2.260440888389747e-21,6.751421486041917e-20,1.4591564309434077e-18,2.3849073885132683e-17,3.0572487692739355e-16,3.1686074111302106e-15,2.7237238650294598e-14,1.9842157832607704e-13,1.2477607761565263e-12,6.8807378790606724e-12,3.372877071449384e-11,1.4871050410088184e-10,5.95816303616055e-10,2.1888194984283032e-09,7.431203894882657e-09,2.3479128945117264e-08,6.946321976413552e-08,1.9348937446099511e-07,5.099300001725556e-07,1.2770674169262746e-06,3.0512006253542615e-06,6.9793480733082374e-06,1.533310010436389e-05,3.244652372859547e-05,6.630786813940985e-05,0.00013117558410507573,0.00025175180634120137,0.0004696589865405055,0.0008532353620971146,0.001511998861074052,0.0026175316039731993,0.004433010758008345,0.007354155672453982,0.011964972289411922,0.01911234666053873,0.03000425942593607,0.0463371484614905,0.07045872078660913,0.10557328805706728,0.15599745161531892,0.2274746712028465,0.32755789392886875,0.46606997540418266,0.6556520729353528,0.9124105132364445,1.2566728188327605,1.7138636059247159,2.315510933183138,3.1003933806743773,4.115837669608903,5.419175999315486,7.079371483714491,9.178819112084742,11.815327803722969,15.104270414713154,19.180707684080975,24.200357926325395,30.335688670183323,37.75988910059787,46.612058947284616,56.94871423757033,68.70638600772075,81.70427964804828,95.68883704991148,110.39137788525245,125.56999151345637,141.0276351826172,156.6132807928519,172.2153136821917,187.7531319221416,203.16957962758835,218.42494230847498,233.49242887119294,248.35483319717576,263.0020671505964,277.42932246213184,291.63568735172635,305.62309678316757,319.3955319890209,332.95840928244877,346.31811430220654,359.48164875940796,372.4563644441737,385.2497648872412,397.8693593436117,410.32255708211034,422.6165925689926,434.758474194067,446.7549508155146,458.61249168455004,470.33727632143905,481.9351917060444,493.4118347622575,504.7725185997405,516.0222813415967,527.1658966612551,538.2078853677285,549.1525275505622,560.0038749251465,570.765763118235,581.4418237088531,592.0354958968372,602.5500377141462,612.9885367262506,623.353920194749,633.6489646898789,643.8763051543051,654.0384434285978,664.1377562550895,674.1765027809461,684.1568315839187,694.0807872456872,703.9503164982671,713.7672739689502,723.5334275487529,733.2504634085742,742.919990686267,752.5435458667312,762.1225968759229,771.658546908478,781.1527380074293,790.6064544132968,800.0209256986855,809.3973297034207,818.7367952841842,828.0404048916394,837.3091969870925,846.544168309859,855.7462760056898,864.9164396258519,874.0555430057562,883.1644360313574,892.2439363011273,901.2948306896363,910.317876821855,919.3138044608124,928.2833168167948,937.2270917822811,946.1457830976011,955.0400214518064,963.9104155229215,972.757552961419,981.5820013205273,990.3843089366931,999.1650057632976,1007.9246041605281,1016.6635996440549,1025.3824715950554,1034.0816839338777,1042.7616857595353,1051.4229119570437,1060.0657837744986,1068.6907093716482,1077.2980843416155,1085.8882922072987,1094.4617048938974,1103.0186831789051,1111.5595771209937,1120.0847264675751,1128.5944610471747,1137.0891011376323,1145.5689578230317,1154.0343333317549,1162.4855213599071,1170.92280738032,1179.3464689379148,1187.7567759321018,1196.1539908869122,1204.5383692094767,1212.9101594374456,1221.2696034758999,1229.6169368243093,1237.952388794004,1246.276182716448,1254.5885361435412,1262.8896610387087,1271.1797639615538,1279.4590462437507,1287.7277041589357,1295.9859290854024,1304.2339076624933
0.007537688442211032,,,,,,,,,,,,4.366319445687317e-25,1.5423814863517369e-22,2.209308498148355e-20,1.557082772658112e-18,6.222424821263846e-17,1.5682006222800908e-15,2.703759512235195e-14,3.3973338625870007e-13,3.2704406527728535e-12,2.510310905499122e-11,1.58690705902604e-10,8.483465368911208e-10,3.9200250942521025e-09,1.594451965017041e-08,5.796798783304669e-08,1.9082871233969963e-07,5.751341788676479e-07,1.6020327430560344e-06,4.158059386440239e-06,1.0127339458939822e-05,2.328937369971465e-05,5.0841265156293864e-05,0.00010585853670239295,0.00021110550980714017,0.00040470943182493123,0.0007483153471442168,0.001338433252186744,0.0023217672160846165,0.0039153702688781225,0.006432492590988832,0.010314979341236506,0.01617302598299788,0.024833013176637834,0.03739402240561526,0.05529348167324145,0.08038221360908979,0.11500896303530873,0.16211427496122632,0.22533338474365364,0.309107577137895,0.418803276909173,0.5608379564312302,0.7428117900446154,0.9736438545072971,1.263711572090136,1.6249920190465608,2.071203677571897,2.6179471932998046,3.282843711385783,4.08566940022897,5.048484830309247,6.195757953564418,7.554479523153522,9.154269901128947,11.027476319343377,13.209259782862679,15.737670906240263,18.653713728058698,22.00139374930445,25.82773236561243,30.18268484243007,35.11880179637105,40.690332191968835,46.9513423263693,53.95243134678318,61.735873832336154,70.32955980331934,79.74081759861978,89.95176487051468,100.9178062984454,112.5700818094785,124.82138040892814,137.57396359496428,150.72742832620668,164.1851827889555,177.8588888902064,191.6709040647913,205.55513059157195,219.45677864288393,233.331487311533,247.1441312679335,260.8675287140724,274.4811801060452,287.97010790118014,301.32382958245955,314.53547301351153,327.6010297437494,340.5187347121787,353.28855756893023,365.9117900053313,378.39071406607036,390.72833773983444,402.9281857801545,414.99413543251984,426.9302883867194,438.740871762272,450.43016223313407,462.00242850463974,473.46188828124525,484.8126766273932,496.0588232478302,507.2042367174092,518.2526941020321,529.2078347301501,540.0731571439572,550.8520184598428,561.5476355355079,572.1630874708903,582.7013190735303,593.1651450007868,603.557254355899,613.8802155658672,624.1364814092981,634.3283940939668,644.4581903087108,654.5280061937527,664.539882188787,674.4957677300731,684.397525777017,694.2469371558583,704.0457047135901,713.795457279423,723.4977534342646,733.1540850910181,742.7658808902836,752.3345094171938,761.8612822460188,771.3474568196598,780.7942391715111,790.2027864972481,799.5742095841457,808.9095751053871,818.2099077866757,827.4761924522204,836.7093759569008,845.9103690111441,855.0800479047169,864.2192561353604,873.3288059478604,882.4094797888654,891.4620316824405,900.487188531084,909.4856513466401,918.4580964152808,927.4051764004805,936.3275213876589,945.2257398739494,954.1004197063563,962.9521289712078,971.781416838063,980.5888143603323,989.3748352354237,998.1399765266235,1006.8847193489461,1015.6095295209994,1024.3148581848045,1033.0011423953708,1041.6688056817352,1050.3182585810512,1058.949899147217,1067.5641134354646,1076.1612759641882,1084.7417501553032,1093.305888754233,1101.854034230667,1110.3865191610857,1118.9036665940312,1127.4057903990092,1135.8931956000417,1144.3661786934229,1152.825027955089,1161.2700237287197,1169.701438706959,1178.119538197886,1186.5245803807356,1194.916816550859,1203.2964913544345,1211.6638430134535,1220.0191035414398,1228.36249895035,1236.6942494490809,1245.0145696339248,1253.3236686717376,1261.621750475157,1269.9090138716103,1278.1856527653708,1286.4518562933722,1294.7078089750264,1302.9536908563018
0.010552763819095479,,,,,,,,,1.244278503729119e-25,2.701992743791126e-22,1.2621106820661682e-19,1.9282477814574414e-17,1.2741405531784418e-15,4.418383948693402e-14,9.23215269104887e-13,1.2862850876092544e-11,1.2893392652087718e-10,9.854371950052039e-10,6.008284637332824e-09,3.028500666460722e-08,1.2985453782775554e-07,4.847013829720392e-07,1.6050546708828677e-06,4.789461156872077e-06,1.3047192765836609e-05,3.2804171108209015e-05,7.683164573233091e-05,0.00016895560570603818,0.00035120436014667256,0.0006941140371031561,0.001310922528519768,0.0023763332395989657,0.004150419682878596,0.007008076376474766,0.011474212400464414,0.018264646999186274,0.028332419208504083,0.04291898276835837,0.0636095387507098,0.09239157352438214,0.13171552736465902,0.1845564238922114,0.2544752437671215,0.345678825827293,0.4630771209439631,0.612336702392941,0.7999295446280689,1.033176212699174,1.320282749950705,1.6703707052881283,2.0934998971260215,2.60068366391593,3.2038964966331647,3.9160740834145837,4.751105918338454,5.72382073344236,6.84996510471017,8.146175658631964,9.629945366355678,11.319584458054019,13.234176521887143,15.393530371128,17.818128270034066,20.529071098522827,23.54802095005041,26.897141210059576,30.599032439272253,34.67665753082085,39.153239458895236,44.05209904413924,49.39638195129363,55.20861102462337,61.510001003190695,68.31949468817884,75.65252521402827,83.5195743007181,91.92466969729578,100.86402731666902,110.32507159337376,120.28604248022974,130.71631538499875,141.57743878281227,152.8247678724889,164.40947861670853,176.280708053738,188.38758522778778,200.68097577653333,213.11483839280086,225.64716245689493,238.24051079691006,250.86222576611377,263.4843723723732,276.08349360714817,288.6402455491106,301.138967737639,313.5672310174741,325.91539262367183,338.1761777746544,350.344298823104,362.4161169927136,374.3893475885387,386.26280692431277,398.03619767646484,409.70992862723983,421.2849645380512,432.7627019988227,444.1448673964383,455.43343353452207,466.6305518589065,477.73849765891083,488.75962600257225,499.69633651345566,510.5510454037452,521.3261634438235,532.0240787726988,542.647143649556,553.197664397193,563.6778939312378,574.0900263718256,584.4361933287747,594.7184615253808,604.9388314876653,615.0992370764955,625.2015456814506,635.2475589292787,645.2390137875611,655.177583966968,665.064881544032,674.9024587415917,684.691809816436,694.4343730138062,704.1315325566846,713.784620644522,723.3949194415211,732.9636630390899,742.4920393806515,751.981192139965,761.432222546468,770.846191153066,780.2241195433193,789.5669919762312,798.8757569677829,808.1513288091564,817.3945890221784,826.6063877529814,835.78754510524,844.9388524146032,854.0610734661202,863.1549456566185,872.2211811040447,881.2604677058562,890.2734701485357,899.2608308703385,908.2231709792989,917.1610911285453,926.0751723508779,934.9659768545122,943.8340487818588,952.6799149330993,961.5040854562753,970.3070545055417,979.0893008691214,987.8512885685037,996.5934674302749,1005.3162736319613,1014.0201302231831,1022.7054476233351,1031.3726240969813,1040.022046208054,1048.6540892539322,1057.2691176803755,1065.8674854782905,1074.4495365631929,1083.0156051382476,1091.5660160416733,1100.1010850792866,1108.621119342902,1117.1264175152844,1125.6172701622895,1134.093960012816,1142.5567622271603,1151.0059446543123,1159.441768078713,1167.864486457003,1176.2743471453466,1184.671591116365,1193.0564531714688,1201.4291621381124,1209.789941065372,1218.1390074089409,1226.4765732095266,1234.802845264377,1243.1180252922272,1251.4223100919478,1259.7158916952112,1267.9989575134168,1276.2716904791268,1284.5342691822586,1292.786868001245,1301.0296572294055
0.01356783919597987,,,,,,,,7.002056332700742e-23,1.5205201525131092e-19,5.987631661143168e-17,7.136173373245974e-15,3.56601301881514e-13,9.284977751793808e-12,1.4641801391724986e-10,1.5570118606373735e-09,1.2080818016092669e-08,7.255631387985153e-08,3.529039875816696e-07,1.4398148839178337e-06,5.066147087014846e-06,1.571852597087936e-05,4.3783858103344224e-05,0.00011111446072310941,0.0002600500866100792,0.0005669823692163868,0.001161451560519228,0.0022515229411861743,0.004155824377251659,0.007342180907024029,0.012472310500899472,0.02045160007991883,0.03248260647930453,0.050120653634302,0.0753297400868366,0.11053693125376611,0.15868347887601983,0.22327106810252076,0.3084018189448823,0.41881094033715405,0.559891229800919,0.7377089104322868,0.9590105838217012,1.2312213406190398,1.5624343015775441,1.9613920562388598,2.4374606219968538,3.000596663460232,3.6613087928547734,4.430613819970147,5.3199888387399294,6.341320031416442,7.506849044762059,8.829117750047892,10.320912143865584,11.995206083417576,13.865105481066884,15.943793511441624,18.24447731206208,20.78033658747522,23.564474457378385,26.60987081524084,29.929338350601757,33.535481115427665,37.44065480655287,41.65692637250815,46.19602779341421,51.06929504443309,56.28757917880032,61.86111359388194,67.79932140898883,74.11055054788832,80.80173182431311,87.87796645071278,95.34206256370922,103.19405364794751,111.43074283087512,120.04532352705185,129.02712682901054,138.36153830595998,148.0301118229724,158.01088753390442,168.27889853403636,178.80682965499213,189.56577606474121,200.5260414351578,211.6579159078656,222.93238245967808,234.32171383473982,245.79993819970704,257.34316714899956,268.9297925241504,280.54056757337906,292.1585930912535,303.76923084348016,315.35996567300793,326.9202351442087,338.4412422442054,349.91576315117226,361.33795880780747,372.7031962244022,384.00788316339424,395.2493181157856,406.425556212126,417.5352908343015,428.57775013114565,439.55260730232334,450.459903355461,461.2999809883132,472.0734282775125,482.78103092994877,493.42373195423164,504.00259772282874,514.5187895108047,524.9735397085287,535.3681320096821,545.7038849706261,555.9821384218743,566.2042422875207,576.3715474319978,586.4853982152287,596.5471264782011,606.5580467304375,616.5194523420289,626.4326125749941,636.2987703142711,646.1191403806042,655.8949083261556,665.6272296293636,675.3172292188441,684.966001267315,694.5746092059971,704.1440859178865,713.6754340750551,723.1696265907669,732.6276071620042,742.0502908820172,751.4385649059005,760.7932891550724,770.115297048928,779.4053962539912,788.6643694425567,797.8929750543143,807.0919480555848,816.2620006918763,825.4038232302786,834.5180846889591,843.605433551592,852.6664984650952,861.7018889194104,870.7121959084767,879.6979925717739,888.6598348160887,897.5982619173457,906.5137971024914,915.4069481115715,924.2782077402311,933.1280543629534,941.9569524374366,950.7653529905251,959.5536940861917,968.3224012760633,977.0718880330094,985.8025561683536,994.5147962332182,1003.2089879045801,1011.8855003565496,1020.5446926174383,1029.1869139131293,1037.8125039972608,1046.4217934687545,1055.0151040771675,1063.5927490163356,1072.1550332068077,1080.7022535674896,1089.2346992769492,1097.7526520247952,1106.2563862535442,1114.7461693913551,1123.2222620760062,1131.684918370489,1140.134385970539,1148.5709064044586,1156.994715225539,1165.4060421973818,1173.8051114724221,1182.1921417639292,1190.5673465117422,1198.9309340420118,1207.2831077211677,1215.6240661044633,1223.9540030790104,1232.2731080019596,1240.5815658336808,1248.8795572662905,1257.1672588476845,1265.4448431012652,1273.7124786415125,1281.9703302855908,1290.2185591611283,1298.4573228103336
0.016582914572864316,,,,,,3.9815250034427316e-27,4.968233998491201e-22,2.169257156734159e-18,1.1651793690373511e-15,1.5480668145719837e-13,7.73583561677347e-12,1.898309544174589e-10,2.732646977664015e-09,2.609833943972913e-08,1.8056685272731974e-07,9.652944910495467e-07,4.184840422972637e-06,1.5267029892209796e-05,4.823667450370519e-05,0.0001350231665349106,0.000340985667767141,0.0007884007429334734,0.0016891414705921422,0.0033869552534413253,0.006408763923365901,0.01152343360123485,0.01980564300113704,0.03270191952885248,0.0520956574350816,0.08036797448082435,0.12045155825573853,0.17587513424565282,0.2507967821272641,0.3500249661654346,0.4790267728715372,0.6439234215272595,0.8514736027723233,1.109045592425881,1.4245793780472906,1.8065402284982148,2.2638652413674216,2.805904432230899,3.4423578971975117,4.183210500118167,5.038665421211199,6.0190777663394,7.1348892857282005,8.3965650955479,9.814533142042677,11.399127000357517,13.160532462576253,15.108738243693313,17.25349102179864,19.60425493003085,22.170175532914627,24.96004824780475,27.982291112235465,31.244921745629384,34.75553829418196,38.52130403860214,42.54893509790765,46.84469015498706,51.414360262793004,56.263255592056765,61.3961846758525,66.81742068646469,72.53064897961725,78.53889087701727,84.84440052713268,91.44853454062782,98.35159761861537,105.55267115790254,113.04943538044999,120.83799846603004,128.91274807099518,137.26624114807368,145.88914687828716,154.77025466151622,163.89655458269561,173.25339193988106,182.82469094806441,192.59323647469546,202.54099752898574,212.64947296610384,222.90003890038307,233.2742786479638,243.7542792361239,254.32288296154348,264.9638873820396,275.6621917941476,286.40389217557924,297.1763294707256,307.9680979205204,318.76902096788416,329.57010231420145,340.3634591820201,351.14224397555466,361.9005595062415,372.6333718977712,383.336424304441,394.0061537027027,404.63961229180103,415.2343944506098,425.78856974407705,436.30062213211414,446.7693952935604,457.19404380836096,467.573989839095,477.908884891441,488.1985762072186,498.443077340704,508.64254248205805,518.797244115105,528.9075536261595,538.9739245129985,548.9968778763221,558.9769899086748,568.9148811268775,578.8112071230189,588.6666506356354,598.4819147668572,608.2577171929473,617.9947852352772,627.6938516737204,637.3556512061696,646.9809174597194,656.5703804825738,666.1247646483492,675.6447869157877,685.1311553943851,694.5845681729805,704.0057123741432,713.3952634022398,722.7538843573888,732.082225591279,741.3809243841049,750.6506047246575,759.8918771780917,769.1053388279713,778.2915732810403,787.4511507247399,796.5846280288785,805.6925488840141,814.775443970181,823.8338311504299,832.8682156844724,841.8790904583338,850.8669362265505,859.8322218638895,868.7754046240558,877.6969304031915,886.5972340063034,895.4767394150462,904.3358600555196,913.1749990649628,921.9945495563863,930.7948948803726,939.5764088833811,948.3394561620331,957.0843923129327,965.8115641777014,974.5213100829263,983.2139600748432,991.8898361485813,1000.5492524718876,1009.1925156032501,1017.8199247044025,1026.4317717472034,1035.0283417149167,1043.6099127979485,1052.1767565840787,1060.7291382432904,1069.2673167072703,1077.7915448436795,1086.3020696253054,1094.7991322941966,1103.28296852091,1111.7538085589715,1120.2118773946872,1128.657394892417,1137.0905759354423,1145.511630562542,1153.9207641004002,1162.3181772919797,1170.7040664209603,1179.0786234323716,1187.4420360495708,1195.7944878875624,1204.136158562936,1212.4672238004123,1220.7878555361374,1229.098222017844,1237.3984879019495,1245.6888143477288,1253.9693591086186,1262.2402766207672,1270.5017180889236,1278.7538315697252,1286.996762052513,1295.2306515377088
0.019597989949748762,,,,,,1.146794816212893e-22,2.352961602502469e-18,2.8294828625047094e-15,5.777982720319955e-13,3.618234454920038e-11,9.90542417589551e-10,1.4856218975678238e-08,1.4188537662837424e-07,9.576200647132582e-07,4.920211267785258e-06,2.032367291242982e-05,7.031020054285853e-05,0.00021019424107508817,0.0005563890442091338,0.0013293382770010807,0.0029111645644307863,0.00591665135856676,0.011274164398794358,0.020311602677312156,0.03484167585025898,0.0572407732535084,0.09051630890218589,0.13835850415358777,0.20517389017632068,0.2960991823670913,0.41699544947966544,0.5744235743108494,0.7756028310369563,1.0283549757992985,1.341036578047564,1.7224624431651687,2.1818229325123712,2.7285978172853746,3.3724690467482477,4.1232345037093445,4.990724488515607,5.984722339117438,7.11489027473952,8.390701255174694,9.821377383289377,11.415835148266218,13.182637612183896,15.129953481775278,17.265522878351845,19.596629519062322,22.130078948479476,24.87218240757244,27.82874589399966,31.00506395024683,34.40591770979436,38.035576731261806,41.89780413905515,45.9958645388965,50.33253404065057,54.91011145539221,59.73042932752212,64.7948629707319,70.10433522254212,75.65931437787798,81.4598028503537,87.50531461795741,93.79484042607551,100.32680095798904,107.09898960726908,114.10850794474231,121.3516983161217,128.8240790905901,136.5202887718174,144.4340453630931,152.55812695525503,160.88437845197973,169.40374769788133,178.10635217329857,186.98157507909977,196.0181873297087,205.20448998618792,214.52847022559533,223.9779632150013,233.54081227253698,243.2050203888797,252.9588873928891,262.7911285748172,272.69097221743857,282.6482350469437,292.65337596525245,302.69752948394284,312.7725210188992,322.8708666411962,332.98576004996977,343.11104950005665,353.24120723404224,363.3712936927489,373.49691845605076,383.6141995280556,393.7197222600869,403.8104989072567,413.883929556748,423.93776494646175,433.97007151273993,443.979198862413,453.9637497516068,463.9225525729668,473.85463628701325,483.75920769526783,493.63563092229805,503.4834089583188,513.3021671059657,523.0916381734055,532.8516492590197,542.5821099790927,552.2830019981417,561.9543697309607,571.5963120954007,581.2089752050462,590.7925459008529,600.3472460303464,609.8733273919647,619.3710672705048,628.8407644973541,638.28273597626,647.6973136218111,657.084841663609,666.4456742743399,675.7801734846454,685.0887073518734,694.3716483535419,703.6293719796683,712.8622555010812,722.0706768938138,731.2550138994418,740.4156432110035,749.5529397631262,758.667276119409,767.7590219437013,776.8285435463329,785.876203496168,794.9023602911112,803.9073680802126,812.8915764313949,821.8553301394563,830.7989690696504,839.7228280326423,848.627236687129,857.5125194668324,866.3789955289365,875.2269787213631,884.056777566592,892.8686952599587,901.6630296806215,910.440073413573,919.200113781257,927.9434328835162,936.6703076447308,945.3810098671447,954.075806289471,962.7549586499952,971.4187237534544,980.0673535410813,988.7010951632302,997.3201910541275,1005.9248790082676,1014.5153922581034,1023.09195955267,1031.6548052368337,1040.204149330923,1048.740207610477,1057.2631916859318,1065.7733090820416,1074.2707633168961,1082.7557539803765,1091.2284768119462,1099.689123777663,1108.1378831463305,1116.5749395647001,1125.0004741316754,1133.4146644714492,1141.8176848055402,1150.2097060236758,1158.5908957535112,1166.9614184291488,1175.3214353584317,1183.6711047890165,1192.0105819732116,1200.340019231565,1208.6595660152204,1216.9693689670198,1225.2695719813805,1233.560316262939,1241.8417403839817,1250.1139803406568,1258.3771696080064,1266.6314391938045,1274.87691769124,1283.1137313304423,1291.342004028884
0.022613065326633153,,,,,5.3390039541920495e-25,2.1539127005446663e-19,1.1759982265453617e-15,5.493130680085334e-13,5.5192476189071135e-11,1.9908457682720073e-09,3.5056116722844e-08,3.664327865966801e-07,2.5903180457174497e-06,1.3553182226730513e-05,5.598345833279805e-05,0.0001914001950273965,0.0005611638642629193,0.0014497012387866032,0.0033703000426200686,0.0071695392627193905,0.014142678239049158,0.026150077917088534,0.045724284713956655,0.07615856849523642,0.12156996824479875,0.186932679727853,0.27808041090149954,0.4016787735971991,0.5651706746687165,0.776698951968242,1.045011201501772,1.3793519497280484,1.7893471515658939,2.2848855547325537,2.87600086751746,3.572757984764846,4.385145830384997,5.322978709897709,6.39580746276625,7.612841177941996,8.982879793677226,10.51425754374661,12.214796931704056,14.091772704857428,16.15188515103912,18.401241944687484,20.84534771453061,23.489100485342654,26.33679415272795,29.392126176344544,32.65820971779769,36.137589499694094,39.83226071782695,43.74369039238348,47.87284058693674,52.22019293693597,56.785773892277945,61.56917997278333,66.56960216710247,71.78584840823005,77.21636289700048,82.8592409912513,88.7122384950463,94.77277449790492,101.03792741927734,107.50442456395912,114.16862621883398,121.02650603657995,128.0736300690787,135.3051372512065,142.7157243285511,150.2996381329414,158.05067772640635,165.96220829351728,174.02718781877837,182.23820663617283,190.587538979397,199.06720479717782,207.66903941252696,216.3847681565358,225.20608292101912,234.12471764288125,243.13252001968098,252.22151720506483,261.38397378259344,270.6124408986856,279.8997960012845,289.23927313341375,298.6244841465427,308.0494315141454,317.5085136409992,326.9965236869478,336.50864296918434,346.0404299905624,355.5878060800783,365.1470385402153,374.714722088627,384.28775926457894,393.86334036144376,403.4389233348156,413.01221404236367,422.58114708437455,432.1438674411067,441.69871304159824,451.24419834826307,460.77899900129114,470.3019375355324,479.8119701570139,489.3081745522923,498.78973868520603,508.2559505326907,517.7061887027687,527.1399138762981,536.5566610131353,545.9560322640888,555.3376905318217,564.7013536263391,574.0467889636673,583.3738087595626,592.682265673465,601.9720488612663,611.2430803988154,620.4953120412558,629.7287222863299,638.9433137126695,648.1391105667232,657.3161565744739,666.474512956337,675.6142566257441,684.7354785537957,693.838282284089,702.922782583416,711.9891042154186,721.0373808255757,730.0677539270563,739.0803719779999,748.075389541727,757.0529665222177,766.013267467951,774.9564609378742,783.8827189238806,792.7922163247202,801.6851304667479,810.5616406673664,819.4219278374095,828.2661741190674,837.0945625562624,845.9072767946976,854.7045008090224,863.4864186548238,872.2532142433461,881.0050711370151,889.7421723640538,898.4647002505823,907.1728362687705,915.8667608997139,924.5466535098363,933.2126922397003,941.8650539042295,950.5039139034078,959.1294461426078,967.741822961771,976.3412150727314,984.9277915040027,993.5017195524559,1002.0631647413052,1010.6122907839095,1019.1492595529053,1027.6742310542377,1036.1873634057074,1044.688812819632,1053.1787335893177,1061.6572780789918,1070.1245967169364,1078.580837991532,1087.026148449976,1095.4606726994439,1103.884553410478,1112.2979313224141,1120.7009452506572,1129.0937320958242,1137.4764268535264,1145.8491626273235,1154.2120706411429,1162.5652802537306,1170.9089189739354,1179.243112476913,1187.5679846211451,1195.8836574661746,1204.1902512910078,1212.4878846130553,1220.776674207594,1229.056735127638,1237.3281807241974,1245.591122666838,1253.8456709645106,1262.0919339865939,1270.3300184841055,1278.5600296110463,1286.7820709458435
0.0256281407035176,,,,,7.801569317878056e-22,6.893626122563316e-17,1.3675972799351659e-13,3.099722909608269e-11,1.8106993959421218e-09,4.283601541341939e-08,5.382440451666025e-07,4.268745664287158e-06,2.3973667910635916e-05,0.00010324549723809941,0.0003609248689587318,0.0010677995571909678,0.002758535321707735,0.006373449669616757,0.013417138535005337,0.02611651423215076,0.04756034406528776,0.08180530199736827,0.13393852466461514,0.21009227608335973,0.31741146784356533,0.4639788013265554,0.658704955981843,0.91119259827917,1.231583252658171,1.6303955466299016,2.118362301591036,2.706272632171932,3.404823827372198,4.224486447330049,5.175384862246955,6.267194427844126,7.509055649663831,8.909505032187912,10.476421822356839,12.216989518515467,14.137670800898006,16.244194424680533,18.541552579036697,21.034007236702607,23.72510408117544,26.617692689961498,29.71395176100823,33.01541828756953,36.523019707474674,40.23710817204178,44.15749619291548,48.28349302902787,52.61394126360059,57.147253085008195,61.88144581316797,66.81417619997092,71.94277298087891,77.26426708724112,82.77541887979719,88.47274177605006,94.35252175202127,100.41083241866319,106.64354569597691,113.04633849562123,119.61469622562163,126.34391428202869,133.22909894035593,140.26516916246683,147.44686077602316,154.76873427301683,162.22518713591163,169.8104711852123,177.5187149923084,185.34395097362432,193.28014641295175,201.3212373808592,209.4611643488782,217.69390823444064,226.0135256514115,234.41418226247058,242.8901833113981,251.4360006305425,260.04629564912284,268.7159381509157,277.44002073351766,286.21386908986267,295.033048369778,303.89336597533384,312.790871206842,321.7218522077358,330.6828306623851,339.6705546867551,348.68199032310497,357.71431201160925,366.76489236809886,375.8312915511847,384.91124645763387,394.0026599399977,403.10359020373306,412.21224050361144,421.3269492296515,430.4461804462027,439.56851492588316,448.6926417020447,457.8173501489322,466.94152258732174,476.06412740470057,485.18421267259436,494.30090023906087,503.4133802715664,512.5209062219523,521.6227901893362,530.718398648319,539.8071485191216,548.8885035513144,557.9619709963944,567.0270985452995,576.0834715084709,585.1307102176428,594.1684676300807,603.1964271175226,612.2143004235465,621.2218257744983,630.2187661304346,639.2049075637827,648.1800577545441,657.1440445919561,666.0967148734628,675.0379330927634,683.9675803094693,692.8855530936664,701.7917625393079,710.6861333409637,719.5686029289832,728.4391206586059,737.2976470489717,746.144153068371,754.9786194624245,763.8010361221611,772.6114014892654,781.4097219959856,790.196011537426,798.9702909741281,807.7325876630246,816.4829350150212,825.2213720775626,833.9479431407025,842.6626973652916,851.3656884319993,860.0569742099757,868.736616444056,877.4046804594601,886.0612348830355,894.7063513801265,903.3401044062404,911.962570972702,920.5738304255517,929.1739642369868,937.7630558086909,946.341190286407,954.9084543851817,963.4649362247128,972.0107251742777,980.54591170674,989.07058726116,997.5848441135561,1006.088775255411,1014.58247427949,1023.0660352726138,1031.5395527150042,1040.00312138587,1048.4568362748978,1056.9007924993407,1065.3350852264027,1073.7598096006463,1082.1750606761511,1090.5809333531718,1098.9775223190575,1107.3649219931642,1115.7432264756555,1124.1125294998299,1132.472924387893,1140.824504009949,1149.1673607460293,1157.501586451012,1165.8272724222356,1174.1445093697027,1182.453387388691,1190.7539959346534,1199.0464238002758,1207.330759094567,1215.6070892238624,1223.8755008746407,1232.1360799980307,1240.3889117959347,1248.6340807086424,1256.8716704038748,1265.1017637671623,1273.3244428934647,1281.5397890799813
0.02864321608040199,,,,1.0356641824098653e-26,2.4616669321405886e-19,6.5589677082738435e-15,5.851128375118815e-12,7.493266022840414e-10,2.8526257241099987e-08,4.837041907248224e-07,4.656374419611526e-06,2.9696383811466948e-05,0.00013907528599881578,0.0005136122484523833,0.0015738586447343109,0.004153861659875014,0.00971074490092286,0.020543042570149314,0.03998711515537357,0.07256504243097957,0.12406637574366931,0.20155670413057292,0.3133155373709006,0.4687130856552322,0.6780397095971817,0.9523034022067141,1.303010256985998,1.7419411599890064,2.2809355301462544,2.9316902934402527,3.7055797353225763,4.613499624481588,5.665737131728999,6.871866602690359,8.240670158596785,9.780081357161484,11.49714966944492,13.398023295790983,15.487947759936636,17.771277773390864,20.251499993990908,22.931264489754355,25.812422936397887,28.896071806591,32.18259903830806,35.67173289016176,39.362591896874804,43.253735026130805,47.343211305388174,51.628608334344165,56.10709922274112,60.775487591404406,65.63025034331439,70.66757794890104,75.88341200140651,81.27347979757147,86.83332571143691,92.55833917898256,98.44377921628171,104.48479555719979,110.676446697289,117.01371533691339,123.49152188842464,130.10473681528592,136.848192585275,143.71669594263298,150.7050410485406,157.80802383331508,165.02045767180445,172.3371902765406,179.7531215113039,187.26322169046662,194.86254984590536,202.54627141696363,210.30967484253884,218.148186597637,226.05738430747678,234.03300767756957,242.0709670893029,250.1673498122778,258.3184238810673,266.52063975822637,274.7706299660523,283.06520691064355,291.4013591456997,299.7762463357007,308.18719317251293,316.6316824916788,325.1073478137003,333.6119655149516,342.1434468054572,350.69982966732726,359.2792708800659,367.880038235722,376.50050302425376,385.1391328492728,393.7944848178675,402.4651991302728,411.1499930868179,419.847655514852,428.55704161264106,437.27706819953795,446.0067093569655,454.7449924410621,463.4909944453424,472.24383869015963,481.0026918150055,489.76676104952105,498.53529173944435,507.30756510444513,516.0828962057882,524.8606321029714,533.6401501797984,542.420856621766,551.2021850283274,559.9835951430939,568.7645716923425,577.5446233134488,586.3232815665936,595.1001000178064,603.8746533846628,612.6465367368621,621.4153647447498,630.1807709697526,638.9424071914664,647.6999427668865,656.453064017867,665.2014736434951,673.9448901545582,682.6830473277146,691.4156936773834,700.1425919436941,708.8635185951226,717.5782633447076,726.286628678929,734.988429398533,743.6834921707234,752.3716550922677,761.0527672631692,769.7266883706416,778.3932882831817,787.0524466545953,795.7040525378627,804.3480040087665,812.9842077992122,821.6125789402033,830.2330404144195,838.8455228183582,847.4499640340002,856.0463089099501,864.6345089519833,873.2145220229644,881.7863120520216,890.3498487529296,898.9051073515793,907.4520683224385,915.9907171338738,924.5210440022207,933.0430436544467,941.5567150992707,950.0620614065713,958.5590894949352,967.0478099271543,975.5282367135148,984.0003871226826,992.4642815000001,1000.9199430930217,1009.3673978840634,1017.806674429605,1026.237803706335,1034.6608189636356,1043.0757555823322,1051.4826509394877,1059.8815442790735,1068.2724765883052,1076.6554904794616,1085.0306300770008,1093.3979409097847,1101.7574698082326,1110.1092648062254,1118.4533750475855,1126.7898506969634,1135.1187428549558,1143.4401034773095,1151.7539852980342,1160.0604417562806,1168.359526926828,1176.65129545404,1184.9358024891492,1193.213103630719,1201.4832548681707,1209.7463125282359,1218.002333224204,1226.2513738078605,1234.493491323987,1242.7287429673208,1250.9571860418562,1259.1788779223932,1267.3938760182302,1275.6022377389052
0.031658291457286436,,,,5.500915507705947e-24,2.593989026858837e-17,2.618713763051664e-13,1.2232107659242898e-10,9.867907159820992e-09,2.6562434404484743e-07,3.4397224555367e-06,2.6688724768704737e-05,0.00014267557197372106,0.0005768122233288167,0.0018809755901625898,0.005180794130541339,0.012466400843987799,0.026879287039250455,0.052946630336036846,0.09672650781634552,0.1658458340144659,0.26943109684134375,0.4179459249256461,0.6229577867893299,0.8968591169732871,1.2525672004119945,1.7032237264399863,2.261910348003256,2.9413917999924855,3.7538937407440205,4.710918792844246,5.823101378946481,7.100099851899548,8.550523012239443,10.18188726689556,12.000600282485822,14.01196691394934,16.220213331040878,18.62852556689843,21.239099082750204,24.053196360997223,27.071209958503587,30.292728857430454,33.71660632724879,37.341027851653315,41.16357797474533,45.18130518137867,49.39078414916098,53.78817489640047,58.36927850320255,63.12958920603859,68.06434275934419,73.16856102720625,78.43709282102449,83.8646510472306,89.44584628645602,95.1752169995959,101.04725664558507,107.05643808682257,113.19723573098673,119.46414589109177,125.85170582695459,132.35451185849766,138.96723682535887,145.6846470266399,152.50161863136205,159.41315342367935,166.41439365472286,173.50063571625347,180.66734234216662,187.91015306454815,195.22489270455046,202.60757774815931,210.0544205359551,217.56183127493532,225.12641795283037,232.7449842961048,240.41452596068493,248.1322251768972,255.89544408820993,263.7017170321397,271.5487420045229,279.4343715387873,287.35660321249225,295.3135699718358,303.30353044058427,311.32485935535595,319.3760382444927,327.4556464449719,335.56235253035993,343.69490620370436,351.852130692344,360.0329156671236,368.2362106961022,376.461019232645,384.70639312945985,392.97142766331524,401.255257051452,409.5570504327499,417.87600829144327,426.2113592909851,434.56235749093827,442.9282799165225,451.30842445141053,459.7021080248644,468.1086650652113,476.5274461927967,484.9578171268777,493.39915778235525,501.8508615337702,510.3123346255348,518.7829957089558,527.2622754881497,535.7496164584858,544.2444727226783,552.74630987106,561.2546049139465,569.7688462552803,578.2885336979554,586.8131784723776,595.3423032808482,603.8754423513657,612.4121414953261,620.9519581644381,629.4944615032471,638.0392323920967,646.5858634826948,655.1339592178361,663.6831358385268,672.233021375183,680.7832556229741,689.3334901004401,697.8833879914049,706.4326240703019,714.9808846112225,723.5278672811784,732.0732810182217,740.6168458951787,749.1582929698382,757.6973641225225,766.2338118819728,774.767399240587,783.2978994599764,791.8250958678794,800.3487816474245,808.8687596197385,817.3848420208512,825.8968502738282,834.4046147570361,842.9079745693725,851.4067772932885,859.900878756352,868.3901427920754,876.8744410006718,885.3536525103593,893.8276637397882,902.2963681621131,910.7596660711831,919.2174643503034,927.6696762439415,936.1162211327345,944.557024312112,952.9920167748102,961.4211349975126,969.8443207318189,978.2615207997395,986.6726868938225,995.0777753820755,1003.4767471177503,1011.8695672540639,1020.2562050639119,1028.63663376461,1037.0108303476575,1045.3787754135392,1053.7404530115398,1062.0958504845335,1070.4449583187193,1078.7877699982348,1087.1242818646003,1095.4544929809042,1103.7784050006726,1112.09602204132,1120.407350562104,1128.7123992464872,1137.0111788888007,1145.3037022851245,1153.589984128267,1161.870040906743,1170.1438908076505,1178.4115536233278,1186.6730506616973,1194.928404660172,1203.17763970304,1211.4207811421907,1219.6578555211092,1227.88889050201,1236.1139147960232,1244.3329580963161,1252.5460510140722,1260.7532250172076,1268.954512371737
0.03467336683417083,,,,9.787983340152877e-22,1.2131629831989345e-15,5.493570568778349e-12,1.5036441855867925e-09,8.280694704728945e-08,1.674009983450382e-06,1.734984896608886e-05,0.00011264860614886974,0.0005205247428183863,0.0018636785561058399,0.005483788481295331,0.013830308102307962,0.030833029180126797,0.062183833288078354,0.11547720969187987,0.20019181534533392,0.32752444455403595,0.5101071133258613,0.7616466725660757,1.0965265651848646,1.529405118647774,2.074836945314876,2.746935684563047,3.5590887356009486,4.523728418349729,5.6521593341167655,6.954438484382652,8.43930272129484,10.11413708175605,11.984977242318742,14.056539503521154,16.332272191285263,18.81442301507389,21.504117649451924,24.40144554136973,27.505549646032993,30.814717435323605,34.326471090898906,38.0376552858705,41.94452137578587,46.04280716617193,50.327811707719235,54.794464798183846,59.437391050891634,64.25096853182528,69.22938208065374,74.36667152677762,79.65677510046866,85.0935684267652,90.67089957422554,96.38262069884831,102.22261685777003,108.18483255084375,114.26329647409139,120.45214484154943,126.74564347155093,133.13820866251925,139.62442673033163,146.1990719635801,152.85712268772056,159.59377511654674,166.4044547034566,173.28482477785943,180.23079234183533,187.23851100880267,194.30438116178462,201.42504749823289,208.59739419556794,215.8185380020903,223.08581951812795,230.39679308483298,237.7492155191831,245.14103405854675,252.57037378373633,260.0355247790539,267.5349292530107,275.06716880786985,282.63095201476665,290.2251024184164,297.84854706760916,305.50030564208595,313.1794802243227,320.8852457459469,328.61684112278454,336.3735610797102,344.1547486561578,351.9597883751266,359.78810005234146,367.6391332178131,375.5123621188362,383.4072812714885,391.32340152654467,399.2602466153376,407.21735014122726,415.194252982733,423.19050107659706,431.2056435465259,439.23923115043203,447.2908150148122,455.3599456297789,463.4461720785176,471.5490414767414,479.66809859916236,487.80288567151655,495.9529423081005,504.1178055762057,512.2970101701719,520.4900886791027,528.696571933527,536.9159894175033,545.1478697338089,553.3917411109277,561.6471319416225,569.9135713438459,578.1905897356679,586.4777194168134,594.7744951501952,603.0804547376439,611.3951395847491,619.7180952504114,628.0488719773554,636.3870252004309,644.7321160300769,653.0837117088383,661.4413860392692,669.8047197819814,678.1733010229844,686.5467255097956,694.9245969561049,703.3065273150652,711.6921370214972,720.0810552035316,728.4729198643722,736.8673780350259,745.2640858989884,753.6627088899494,762.0629217637096,770.4644086455264,778.8668630541937,787.2699879045634,795.673495487452,804.0771074342907,812.4805546598622,820.8835772904413,829.2859245762729,837.6873547900949,846.0876351127724,854.4865415075905,862.8838585840788,871.2793794525946,879.6729055707199,888.0642465824976,896.453220151461,904.8396517883803,913.2233746745591,921.6042294815269,929.9820641878258,938.3567338936595,946.7281006339874,955.0960331907239,963.4604069045613,971.8211034869471,980.1780108326726,988.5310228335064,996.88003919325,1005.2249652445684,1013.5657117677879,1021.9021948126887,1030.2343355216458,1038.562059956874,1046.8852989300658,1055.203987835333,1063.5180664854954,1071.8274789518014,1080.1321734072058,1088.432101973268,1096.7272205707354,1105.0174887738624,1113.3028696684896,1121.5833297139043,1129.8588386084805,1138.1293691591043,1146.394897154358,1154.6554012414451,1162.9108628068202,1171.1612658604777,1179.4065969238718,1187.646844921397,1195.8820010753755,1204.1120588045071,1212.3370136256924,1220.5568630591838,1228.7716065369793,1236.9812453144002,1245.1857823847608,1253.3852223970864,1261.5795715767551
0.03768844221105527,,,,7.573350436899437e-20,3.055314405397706e-14,7.055318442438024e-11,1.2326045379265436e-08,4.92574268129998e-07,7.82902517485283e-06,6.729802699367604e-05,0.00037621667944716955,0.0015380709066818107,0.004972692644112827,0.013421607331560495,0.031435154275209994,0.0657272085042754,0.12532380740472326,0.2214863000197626,0.3674353207283833,0.5779290307479458,0.868757883695111,1.2562137842450785,1.756579922060669,2.385673605045343,3.1584611852111966,4.088753239726742,5.188980039585816,6.470041877092193,7.9412255967885885,9.610177157569646,11.482919747505811,13.563907457656374,15.856105471159562,18.361088902381404,21.07915366525974,24.00943395648012,27.15002204662784,30.498087050314766,34.04999018414763,37.80139472199822,41.7473694294902,45.882484719268,50.20090112902523,54.6964500030342,59.36270647002794,64.19305497550924,69.18074776271266,74.31895682184519,79.60081994913813,85.01948166752672,90.56812983687267,96.24002879453855,102.02854979518096,107.92719936162969,113.92964593461126,120.02974495805152,126.2215622975846,132.49939570348965,138.85779391592325,145.29157297910757,151.79582937395404,158.36594967821637,164.99761659761168,171.68681135747923,178.429812586845,185.2231919438492,192.06380682868556,198.94879058871302,205.87554065454384,212.84170505143337,219.8451677152891,226.8840330118692,233.95660981661555,241.06139546568656,248.19705984003653,255.36242979605277,262.55647411251806,269.7782890799682,277.0270848278928,284.30217244781994,291.60295195025725,298.92890106938137,306.2795649135512,313.6545464465435,321.0534977748531,328.4761122085885,335.9221170598344,343.3912671381156,350.8833389016682,358.39812522254664,365.93543072384836,373.49506764843767,381.0768522198468,388.68060145776485,396.306130412402,403.9532497839776,411.6217638955796,419.3114689896176,427.02215182001504,434.7535885138997,442.50554367982375,450.27776973656347,458.0700064461199,465.88198062726735,473.7134060333737,481.5639833768503,489.433400484382,497.3213325681141,505.22744259895404,513.1513817691003,521.0927900317882,529.0512967070654,537.0265211431964,545.0180734240344,553.0255551134002,561.0485600281805,569.0866750324901,577.1394808458705,585.2065528590571,593.28746195144,601.3817753048577,609.4890572088896,617.6088698533076,625.7407741038174,633.884330257681,642.0390987762129,650.2046409915986,658.3805197858208,666.566300239874,674.7615502517818,682.9658411222467,691.1787481070678,699.3998509357323,707.6287342958398,715.864988283265,724.1082088181525,732.3579980270493,740.6139645916494,748.8757240647581,757.1428991542552,765.4151199759027,773.6920242759951,781.9732576248939,790.2584735825768,798.5473338373826,806.8395083191709,815.1346752881681,823.4325214007429,831.7327417534359,840.0350399064856,848.3391278881695,856.6447261811924,864.9515636923966,873.259377706976,881.5679138284225,889.8769259053323,898.1861759461902,906.4954340232259,914.8044781663527,923.1130942481974,931.4210758611489,939.7282241873431,948.0343478624206,956.3392628338628,964.6427922146835,972.9447661331699,981.2450215795308,989.543402249024,997.8397583847513,1006.1339466172266,1014.4258298037751,1022.7152768672003,1031.0021626343453,1039.2863676749048,1047.5677781408724,1055.8462856069455,1064.1217869121667,1072.3941840031,1080.6633837787504,1088.9292979374707,1097.1918428260258,1105.4509392909927,1113.7065125326478,1121.9584919614554,1130.2068110572932,1138.4514072314737,1146.6922216916678,1154.9291993097836,1163.162288492847,1171.3914410569237,1179.6166121041124,1187.837759902622,1196.0548457699338,1204.267833959064,1212.4766915478929,1220.6813883315683,1228.8818967179343,1237.0781916259875,1245.2702503873027,1253.4580526503878
0.04070351758793972,,,,3.061177286065273e-18,4.746945804943812e-13,6.176319419748408e-10,7.361055035148771e-08,2.2384501837683064e-06,2.8986979301140258e-05,0.00021246656288292017,0.001045588258787061,0.003851233715919682,0.011414735591472597,0.028624444727558748,0.06294620336251132,0.12461519869629077,0.22651517589223163,0.38378773254991655,0.6132550310754408,0.9327490851893881,1.3604299128676745,1.91415415061482,2.6109332030165087,3.466500238973206,4.49499022542527,5.708726902993266,7.118104491725578,8.731549002008839,10.555543355887984,12.594701286236148,14.851876554285898,17.328295969221962,20.023706715073633,22.936530412505064,26.0640180689385,29.402401558145062,32.94703851224216,36.692548518447104,40.63293931360448,44.761722290161366,49.07201709724201,53.55664546898834,58.208214670505974,63.019191150711976,67.98196516253297,73.08890727164103,78.33241782002895,83.70497051156448,89.19915129832435,94.80769364089265,100.52351098740597,106.33972699868586,112.24970369601446,118.24706738836929,124.3257319961492,130.4799192625933,136.7041753305912,142.99338324916542,149.3427711282478,155.74791584989458,162.20474243729663,168.70951935595878,175.25885015888312,181.84966198225524,188.47919145023357,195.1449685608736,201.8447991072571,208.57674614723751,215.3391109790641,222.13041401601342,228.94937588648455,235.79489902111882,242.66604992822312,249.56204230488802,256.4822210845449,263.42604748249573,270.3930850688332,277.382986872649,284.395483501686,291.430372246888,298.4875071307859,305.56678985161614,312.6681615708106,319.7915954894145,326.93709015857695,334.1046634701622,341.29434727519407,348.50618258031454,355.74021527514293,362.9964923464451,370.27505853809504,377.5759534188674,384.8992088231222,392.2448466322674,399.6128768675922,407.0032960675728,414.4160859250554,421.851212161849,429.30862362018513,436.78825155223416,444.2900090904434,451.8137908828615,459.35947287887535,466.92691225166124,474.51594744631655,482.12639833856366,489.75806649793424,497.41073554193866,505.0841715731428,512.7781236899656,520.4923245630707,528.2264910694003,535.9803249764366,543.7535136697333,551.5457309170702,559.356637663005,567.1858828479141,575.0331042459555,582.8979293167167,590.7799760656293,598.678853908527,606.5941645360587,614.5255027739378,622.4724574353289,630.4346121619583,638.411546250817,646.4028354636271,654.4080528164925,662.4267693474611,670.4585548599575,678.502978640333,686.5596101480072,694.6280196769222,702.7077789872715,710.7984619066688,718.8996449001368,727.0109076085031,735.1318333549492,743.2620096196731,751.4010284827258,759.5484870352986,767.7039877598095,775.8671388793003,784.0375546767535,792.2148557850148,800.3986694481391,808.5886297549955,816.784377846076,824.9855620944847,833.19183826212,841.4028696321169,849.618327118629,857.8378893550362,866.0612427617068,874.2880815943989,882.5181079744306,890.7510319016969,898.986571251631,907.2244517571683,915.4644069767496,923.7061782493915,931.9495146378015,940.1941728605008,948.4399172138725,956.6865194850179,964.9337588563066,973.1814218023567,981.4293019803467,989.6772001142776,997.9249238739477,1006.1722877493112,1014.4191129208152,1022.6652271263383,1030.9104645252605,1039.154665560202,1047.3976768169043,1055.6393508827186,1063.8795462041107,1072.1181269435776,1080.3549628363335,1088.5899290471073,1096.8229060273347,1105.053779373052,1113.2824396837173,1121.5087824222135,1129.7327077762284,1137.9541205212015,1146.1729298850146,1154.3890494145658,1162.6023968443637,1170.8128939672604,1179.0204665074223,1187.2250439956215,1195.4265596469438,1203.6249502409291,1211.820156004253,1220.0121204959441,1228.2007904951877,1236.386115891741,1244.5680495789559
0.04371859296482411,,,1.5957850138089847e-26,7.380594970013173e-17,5.019377600224757e-12,3.982767599661924e-09,3.413566466660631e-07,8.202370118574043e-06,8.902000436107411e-05,0.0005687403319233816,0.0025075820930077035,0.00844196134663996,0.02321490222570515,0.05463892268234049,0.1137974048861918,0.21492085417726806,0.3748922674393763,0.612502115178562,0.9475883018992569,1.4001776680180533,1.9897121732934315,2.7344082575076003,3.650769022192766,4.753248141745994,6.054051437279392,7.563055309549018,9.287818949869258,11.2336678429556,13.40382830713027,15.799595809706393,18.42052297673435,21.264616245426172,24.328532804751944,27.60777176190526,31.09685535141638,34.78949749827695,38.678758203145954,42.7571830885577,47.01692808384764,51.4498696843975,56.04770155198976,60.80201848021252,65.70438897344647,70.74641789029083,75.91980075134522,81.21637134912616,86.62814417254272,92.14735285986787,97.76648546446299,103.47831683935453,109.27593801310172,115.15278211452149,121.10264624798754,127.11970872216831,133.19854116809785,139.33411529686873,145.52180429789465,151.75737912145166,158.03700009456801,164.35720447041092,170.714890602806,177.10729947300862,183.53199428428258,189.98683879258076,196.46997497059104,202.97980051801878,209.51494664162234,216.07425644138544,222.65676415797648,229.2616754644428,235.88834892304752,242.53627867650619,249.20507840124358,255.89446651768688,262.6042526280049,269.3343251338622,276.084639974548,282.8552104181515,289.6460978343746,296.4574033762221,303.2892604985439,310.1418282435997,317.01528522706445,323.90982426187225,330.8256475612651,337.76296246753105,344.72197765654573,351.70289977325643,358.7059304570896,365.73126372029975,372.77908364591565,379.8495623753391,386.9428583587216,394.05911484406806,401.19845858354057,408.36099873768666,415.5468259603582,422.756011648869,429.9886073455222,437.2446442780394,444.5241330276223,451.82706331447076,459.1534038914703,466.503102537586,473.87608614317355,481.27226088001527,488.6915124493951,496.13370640196507,503.59868852351946,511.0862852811219,518.5963043242965,526.1285350362432,533.6827491302274,541.2587012865013,548.8561298252602,556.474757411298,564.1142917861737,571.7744265238164,579.45484180567,587.1552052115529,594.8751725226045,602.6143885327814,610.3724878655252,618.1490957923673,625.9438290503882,633.7562966555915,641.5861007094354,649.432837195906,657.2960967666949,665.1754655122243,673.0705257164278,680.9808565933598,688.9060350042736,696.8456361514801,704.7992342528718,712.7664031889152,720.7467171263111,728.7397511151888,736.7450816599184,744.7622872624858,752.7909489383012,760.8306507041009,768.8809800378472,776.9415283105945,785.0118911904685,793.0916690189736,801.1804671599734,809.2778963217579,817.3835728527262,825.497119011258,833.6181632104359,841.7463402383415,849.8812914546775,858.0226649645346,866.1701157701598,874.3233059015765,882.4819045269828,890.6455880438219,898.8140401514687,906.9869519064297,915.1640217610762,923.3449555866234,931.5294666816048,939.7172757664179,947.9081109650344,956.1017077746609,964.2978090242319,972.4961648225357,980.6965324967979,988.8986765224776,997.1023684450251,1005.3073867943332,1013.513516992543,1021.7205512558791,1029.9282884911452,1038.136534187449,1046.3451003037596,1054.5538051527947,1062.7624732817742,1070.9709353504988,1079.1790280072119,1087.3865937626485,1095.5934808626864,1103.799543159946,1112.0046399846965,1120.2086360153692,1128.411401148988,1136.6128103717597,1144.8127436301215,1153.01108570241,1161.2077260714216,1169.4025587980116,1177.5954823959214,1185.786399707997,1193.9752177839155,1202.1618477595675,1210.3462047381986,1218.5282076734002,1226.7077792540408,1234.8848457912286
0.046733668341708556,,,1.0639663397265294e-24,1.1708167969580843e-15,3.883912813343939e-11,2.0032621661733667e-08,1.2883978758119457e-06,2.5217473871768013e-05,0.00023466064716518465,0.0013301593923553555,0.005329352201211611,0.01659015639097979,0.04273960735404812,0.09518814780937168,0.18908466902978227,0.3427572372422492,0.5768005422388838,0.9130022750872504,1.3732745468523568,1.978705900376181,2.748797449370947,3.7009046586681746,4.8498774864888485,6.207874869693512,7.7843219936753885,9.58597743869389,11.61707962567877,13.879546164570906,16.373204524275586,19.096037166125086,22.044428524582464,25.213404815458375,28.596860573644786,32.187768114203465,35.97836785251776,39.96033870279598,44.12494869135235,48.463186562109186,52.96587560839595,57.62377132195899,62.427644759644096,67.3683537796957,72.43690441993736,77.6245045903974,82.92261189338733,88.32297680920911,93.81768181602935,99.39917639302169,105.06030740692299,110.79434416543538,116.59499743500852,122.45643191534288,128.37327196812612,134.3406007343551,140.35395308886584,146.4093031283335,152.50304705466047,158.6319823970461,164.79328452352965,170.9844813425338,177.2034270049025,183.44827530366973,189.71745334629085,196.00963595280726,202.32372112042228,208.6588067949181,215.0141691036432,221.38924213442806,227.78359928871572,234.1969361939687,240.62905512857458,247.079850889952,253.54929802180146,260.03743930778137,266.54437543495123,273.07025572993325,279.61526987294684,286.1796404988513,292.76361659951385,299.3674676476917,305.9914783688424,312.6359440935742,319.30116662957806,325.9874505983438,332.6951001857364,339.42441626445975,346.1756938466061,352.9492198326457,359.7452710253425,366.5641123812443,373.40599547557247,380.2711571592313,387.1598183892475,394.0721832161995,401.0084379142564,407.9687502411739,414.9532688171561,421.9621226128398,428.9954205378234,436.05325112217054,443.1356822841943,450.24276117855516,457.3745141193485,464.5309465733776,471.7120432192589,478.91776806837106,486.1480646439558,493.4028562149389,500.6820460812122,507.9855179072954,515.3131361013892,522.6647462369482,530.0401755139427,537.4392332570424,544.861711447976,552.3073852893535,559.7760137972409,567.267340419796,574.7810936792848,582.316987834803,589.8747235630404,597.4539886544566,605.0544587222487,612.6757979215278,620.3176596761613,627.9796874107957,635.6615152856093,643.3627689314397,651.0830661829841,658.8220178078627,666.5792282294283,674.354296241297,682.1468157117032,689.95637627585,697.7825640146004,705.6249621179279,713.4831515316937,721.3567115864508,729.2452206070784,737.1482565022063,745.0653973325094,752.9962218570652,760.9403100571265,768.8972436367432,776.8666064998241,784.8479852033319,792.8409693863845,800.8451521756276,808.860130564383,816.8855057718393,824.9208835743,832.9658746148705,841.0200946895008,849.0831650101974,857.1547124458947,865.2343697415073,873.32177571576,881.4165754384203,889.5184203876169,897.6269685878331,905.7418847295188,913.86284027085,921.9895135224943,930.1215897161261,938.2587610574938,946.4007267647846,954.5471930930858,962.6978733457037,970.8524878731104,979.0107640602689,987.1724363030719,995.3372459746348,1003.5049413821184,1011.6752777148121,1019.8480169840996,1028.0229279559837,1036.1997860767824,1044.3783733925943,1052.5584784631,1060.7398962702719,1068.9224281224913,1077.1058815546007,1085.2900702243394,1093.4748138056325,1101.6599378791673,1109.8452738206315,1118.0306586870208,1126.2159351013752,1134.4009511362392,1142.5855601962166,1150.7696208998714,1158.9529969612597,1167.1355570713456,1175.3171747795373,1183.4977283755586,1191.677100771846,1199.8551793866736,1208.0318560281466,1216.2070267792446,1224.380591884025
0.04974874371859295,,,4.2223574155209e-23,1.3156569107271308e-14,2.3223970999843272e-10,8.203756815162258e-08,4.0994945156085356e-06,6.700388355979803e-05,0.0005446621854839267,0.002779240922757331,0.010236827218013451,0.0297476027086174,0.07236426226859106,0.15353259392678145,0.2925559745881706,0.5115438936454352,0.8341085948198473,1.284047671301226,1.8841786657642476,2.6554149245278746,3.616110313605661,4.781659392735034,6.164317088287225,7.77319295873971,9.614374915755745,11.691141857541014,14.004231384885461,16.552135925948964,19.331407243509478,22.336955031584736,25.562329963474678,28.999985198448474,32.6415130948714,36.47785587106812,40.49949035581221,44.696587932810615,49.05915146229902,53.57713149586474,58.240524551047045,63.03945652911747,67.96425440403516,73.00550896537304,78.15413067114976,83.40139971425741,88.73901046457942,94.15910973600509,99.65432796605232,105.21780239635017,110.84319162627024,116.52468135875664,122.25698164448912,128.03531636456617,133.85540601405896,139.71344504074952,145.60607505877095,151.5303552195661,157.48373091081245,163.46400179687336,169.46929003671315,175.49800933593926,181.5488353218438,187.62067758166077,193.7126535783683,199.82406455593238,205.95437346562377,212.1031848845123,218.2702268538084,224.45533453490972,230.65843556271824,236.87953696586186,243.11871352017064,249.37609740315247,255.65186902193875,261.94624889405895,268.25949046864076,274.59187378453504,280.94369987098696,287.31528580548013,293.7069603520368,300.11906011142094,306.5519261222899,313.0059008593146,319.48132558061224,325.9785379828614,332.4978701266257,339.0396466010402,345.6041828985859,352.1917839763443,358.8027429823122,365.4373401284827,372.0958416948366,378.7784991505775,385.4855483807979,392.21720900853313,398.97368380340123,405.75515816948257,412.5617997060282,419.3937578355546,426.25116349467544,433.1341288836734,440.0427472714056,446.9770928525912,453.9372206549413,460.9231664938976,467.9349469730285,474.97255952832035,482.0359825147688,489.1251753337941,496.24007860007924,503.3806143464931,510.5466862657675,517.73817998762,524.9549633899848,532.1968869429893,539.4637840842767,546.7554716242124,554.0717501794815,561.4124046334911,568.7772046219651,576.1659050420354,583.5782465830912,591.0139562775859,598.4727480699605,605.9543234017958,613.4583718112798,620.9845715450398,628.5325901803867,636.1020852560068,643.6927049091245,651.3040885172031,658.9358673422453,666.5876651757984,674.259098982812,681.9497795425414,689.6593120847513,697.387296919543,705.1333300591945,712.8970038304922,720.6779074761087,728.4756277436852,736.289749461361,744.1198560985881,751.9655303111847,759.826354469666,767.7019111700105,775.5917837261053,783.495556643232,791.4128160720461,799.3431502426092,807.2861498781189,815.2414085880933,823.2085232408356,831.1870943151048,839.1767262309961,847.1770276601184,855.1876118152029,863.2080967193987,871.2381054554946,879.2772663954495,887.3252134105985,895.3815860629862,903.446029778301,911.5181960009465,919.5977423317819,927.6843326490897,935.7776372134699,943.8773327571432,951.9831025583879,960.094636501737,968.2116311245782,976.3337896508108,984.4608220122288,992.592444858268,1000.728381554773,1008.8683621724251,1017.0121234654592,1025.1594088412812,1033.3099683216158,1041.4635584957384,1049.6199424664042,1057.7788897890005,1065.9401764044787,1074.1035845665892,1082.2689027638953,1090.4359256370865,1098.6044538920125,1106.7742942089062,1114.9452591481995,1123.117167053343,1131.2898419509993,1139.4631134489796,1147.6368166322563,1155.8107919573679,1163.9848851455388,1172.158947074775,1180.3328336712057,1188.5064057999305,1196.6795291556057,1204.85207415295,1213.0239158174227
0.05276381909547739,,,1.087031480482404e-21,1.1078524276504839e-13,1.1184119784929536e-09,2.8253597083091077e-07,1.1290721782228084e-05,0.0001573098663208382,0.0011344403208578247,0.0052739373939758695,0.018030909054754844,0.04929815914112016,0.11398339861793086,0.23165987884262837,0.42545999446894534,0.7205524203491451,1.1425404277462898,1.7160262402485642,2.4634754245170307,3.404424200756449,4.555012368172268,5.927792407402488,7.531753541470962,9.372500353198525,11.452532955347378,13.771585669194605,16.326991308103633,19.114047260869192,22.126367132817798,25.35620765848372,28.794765083503847,32.432438481321626,36.25905970624833,40.264091270838655,44.43679448785077,48.76637108422498,53.24208219159881,57.85334904277483,62.5898396071223,67.44154464132637,72.39884534139352,77.45257331559482,82.59406236885296,87.81519088144562,93.10841345802508,98.46678090824977,103.8839482950772,109.35417153492489,114.872293689082,120.4337225524453,126.03440139400334,131.67077475324157,137.3397510889753,143.03866386879335,148.76523242252324,154.51752360409492,160.29391503867643,166.09306049328964,171.91385770738563,177.75541885713525,183.61704370148442,189.49819536520806,195.3984786491507,201.317620715229,207.25545396875697,213.21190094883906,219.18696103552796,225.18069878705543,231.19323372961048,237.22473143403406,243.2753957240025,249.34546189978812,255.4351907856787,261.5448636030519,267.6747774560849,273.8252414131739,279.9965730831977,286.1890956237311,292.40313512277186,298.63901830330354,304.8970705067708,311.17761391748996,317.4809659952596,323.8074380879891,330.15733420018955,336.53094989663117,342.9285713234844,349.3504743319316,355.79692369146534,362.2681723820867,368.76446095629825,375.2860169632625,381.83305442875,388.4057733855888,395.00435945022593,401.6289834418913,408.27980104135685,414.9569524870501,421.66056230661246,428.39073908246854,435.1475752502627,441.93114692931675,448.7415137844603,455.57871891876044,462.44278879681315,469.3337331983334,476.2515452018638,483.1962011984376,490.16766093504475,497.16586758775225,504.1907478642713,511.24221213575316,518.3201545975116,525.4244534583088,532.5549711577729,539.7115546114238,546.8940354826854,554.1022304811991,561.335941686626,568.5949568970569,575.8790500010463,583.1879813721931,590.5214982851169,597.8793353515828,605.2612149754694,612.6668478251743,620.095933321961,627.5481601432676,635.0232067377905,642.5207418535226,650.0404250743485,657.5819073652631,665.1448316239664,672.7288332373269,680.3335406410373,687.95857588087,695.6035551739438,703.2680894684324,710.9517850002172,718.6542438450156,726.3750644645793,734.1138422456194,741.8701700301713,749.6436386362187,757.4338373674218,765.240354510913,773.0627778222002,780.9006949962832,788.7536941241922,796.6213641342415,804.5032952173686,812.3990792360178,820.3083101161272,828.2305842218253,836.1655007125692,844.1126618824949,852.0716734818509,860.0421450204401,868.0236900530848,876.0159264471736,884.0184766324076,892.0309678329637,900.0530322822746,908.0843074207369,916.1244360766268,924.173066630715,932.2298531648244,940.2944555948754,948.3665397888553,956.4457776701919,964.5318473070445,972.6244329880341,980.7232252849528,988.8279211030019,996.9382237190999,1005.0538428088261,1013.1744944625706,1021.2999011914169,1029.4297919233409,1037.5639019902626,1045.7019731064854,1053.8437533390704,1061.988997070649,1070.1374649552045,1078.2889238672867,1086.4431468451976,1094.5999130285434,1102.7590075906774,1110.9202216664148,1119.0833522754733,1127.2482022420277,1135.4145801107754,1143.5823000598725,1151.7511818110963,1159.921050537576,1168.0917367694062,1176.2630762974386,1184.4349100755567,1192.6070841216724,1200.77944941775
0.055778894472361784,,,1.9401050704226048e-20,7.297720337119925e-13,4.475774515720069e-09,8.384492659684297e-07,2.74504319022386e-05,0.0003316986840203687,0.002149758493097557,0.009197500861881775,0.029423475362560906,0.0761895713165714,0.16835660710180578,0.3292988699935631,0.585231168705056,0.9633106492546873,1.4898769819450424,2.189041440800496,3.081700951212376,4.184962584304075,5.511915587644557,7.0716704640040575,8.869585791696839,10.907614115906654,13.18471225775871,15.697275330638544,18.439565952802102,21.40412001734176,24.5821179317382,27.963715751118865,31.53833448859005,35.294908513547824,39.22209579009419,43.30845415206689,47.54258898498279,51.913278323401606,56.40958104204548,61.020932375128105,65.73722882572702,70.5489023565969,75.44698226301207,80.42314263980109,85.46973379210465,90.5797969651899,95.74706298268673,100.96593645919975,106.23146800637909,111.5393172272061,116.8857093301162,122.26738797923345,127.68156662665322,133.12588013283076,138.598338037571,144.09728043560594,149.62133706342516,155.16938992227946,160.74053954660545,166.33407486972794,171.949446530422,177.58624339494241,183.2441720302456,188.9230388477204,194.6227346354246,200.34322120723053,206.0845199130718,211.84670177507087,217.6298790360902,223.43419792954325,229.25983250080907,235.10697933092112,240.97585303193924,246.8666824004075,252.77970713055052,258.71517500241197,264.67333947205424,270.6544576013974,276.65878827438735,282.68659065407263,288.73812284201364,294.81364070733696,300.91339685781276,307.0376397296909,313.1866127767599,319.3605537422679,325.5596940001442,331.78425795400096,338.0344624851036,344.3105164409698,350.6126201590375,356.940965020067,363.2957330274449,369.67709640928837,376.0852172410089,382.52024708661156,388.98232665751084,395.47158548809733,401.98814162761784,408.5321013482481,415.1035588694753,421.7025960990621,428.3292823910626,434.9836743214511,441.6658154819901,448.3757362930504,455.1134538361038,461.87897170662717,468.67227988814597,475.4933546481339,482.34215845641205,489.21863992668585,496.1227337817558,503.0543608428865,510.01342804377566,516.9998284692913,524.0134414194513,531.0541324985192,538.1217537293825,545.2161436930935,552.3371276933884,559.4845179459018,566.6581137916697,573.8577019344382,581.0830567011548,588.3339403249669,595.6101032499059,602.9112844563921,610.2372118065729,617.5876024084392,624.9621629976122,632.3605903355772,639.7825716231306,647.2277849277273,654.695899623372,662.1865768416666,669.6994699326094,677.2342249336905,684.7904810458457,692.3678711148248,699.9660221165087,707.5845556447582,715.2230884003749,722.8812326797778,730.5585968620652,738.2547858931242,745.9694017655364,753.7020439930678,761.4523100785755,769.2197959742343,777.0040965330666,784.8048059507855,792.6215181970789,800.4538274354927,808.3013284311747,816.1636169458016,824.0402901190796,831.9309468362959,839.8351880814706,847.7526172757185,855.682840600506,863.6254673055793,871.5801100013555,879.5463849356983,887.5239122550003,895.5123162495814,903.5112255834824,911.5202735088046,919.5390980644111,927.5673422600431,935.6046542450193,943.6506874625719,951.7051007898394,959.767558663912,967.8377311943042,975.9152942622591,983.9999296072847,992.0913249013863,1000.1891738114142,1008.2931760500151,1016.4030374156276,1024.5184698220394,1032.6391913179366,1040.7649260969695,1048.8954044987836,1057.0303630015194,1065.1695442062348,1073.312696813727,1081.4595755942184,1089.6099413503534,1097.763560873943,1105.9202068969034,1114.079658036798,1122.241698737399,1130.4061192046513,1138.572715338432,1146.7412886604798,1154.9116462388222,1163.0836006090738,1171.2569696929047,1179.431576714002,1187.6072501118306
0.05879396984924623,,,2.5261694417491306e-19,3.884582435761935e-12,1.5232994124872254e-08,2.181975319992495e-06,5.9734633991072675e-05,0.0006352191996503762,0.0037406465425804973,0.014854344619445965,0.04476916073360101,0.11040549545866744,0.2342432793446171,0.4426756897928137,0.7638636505726482,1.2256185512302993,1.853648450732913,2.670309072651278,3.6938629959001688,4.9381744751597285,6.412738232333049,8.122940149449576,10.07046168494951,12.25375871446055,14.668564189150803,17.308380114013165,20.164937128447438,23.228609498865776,26.488780122853832,29.934154789816613,33.55302821549909,37.333506937804,41.26369626160379,45.33185953533339,49.52655732869422,53.83677144306073,58.252015076231984,62.76242733103,67.35884867635664,72.03287417663202,76.77688282666975,81.58404339126193,86.44829906343114,91.36433460554467,96.3275302966502,101.3339070508814,106.38006667035104,111.4631305420805,116.58067934299895,121.73069559280955,126.91151025752605,132.12175408612367,137.36031396305987,142.62629426937912,147.91898304953713,153.2378226556296,158.58238447530783,163.95234732036081,169.34747905349175,174.7676210483357,180.21267510616988,185.682592486736,191.17736474653537,196.6970161137884,202.2415971630485,207.81117958398747,213.40585186730382,219.0257157559791,224.67088333259238,230.34147463284992,236.0376156924402,241.7594369489339,247.5070719329552,253.2806561935598,259.0803264118718,264.90621966476243,270.75847280692426,276.63722194524075,282.54260198401835,288.4747462236135,294.4337859982765,300.4198503418408,306.4330656722006,312.4735554874777,318.54144006840255,324.6368361827569,330.75985678910587,336.91061073707374,343.0892024640061,349.29573168619515,355.5302930852106,361.7929759893607,368.083864050909,374.40303491991546,380.7505599157671,387.12650369763,393.5309239351726,399.96387098100263,406.42538754630976,412.9155083812157,419.4342599614531,425.9816601827831,432.5577180647764,439.16243346539983,445.79579680776874,452.45778882090707,459.14838029438727,465.8675318512011,472.6151937357364,479.39130562187154,486.1957964400008,493.02858422464345,499.88957598336765,506.7786675877909,513.6957436872899,520.6406776459874,527.6133315034376,534.6135559593725,541.6411903827313,548.69606284511,555.7779901786494,562.8867780582915,570.0222211082037,577.1841030321,584.3721967670612,591.5862646603703,598.8260586687909,606.0913205796068,613.3817822526768,620.6971658826637,628.0371842805148,635.4015411732215,642.7899315207992,650.2020418493801,657.6375505992563,665.0961284866705,672.5774388781128,680.0811381758348,687.6068762132998,695.1542966592468,702.7230374290348,710.312731101957,717.9230053431972,725.5534833291118,733.2037841745537,740.8735233609739,748.5623131640523,756.2697630796664,763.9954802470306,771.7390698679017,779.5001356207646,787.2782800690118,795.0731050621373,802.8842121290638,810.7112028627585,818.5536792953651,826.4112442631545,834.2835017606332,842.1700572832488,850.0705181581675,857.9844938626808,865.9115963298601,873.8514402411388,881.8036433055391,889.7678265253908,897.743614448349,905.7306354056558,913.7285217366565,921.7369099992309,929.7554411670188,937.78376081256,945.8215192771505,953.8683718273738,961.9239787985521,969.9880057253697,978.0601234599496,986.1400082776888,994.2273419711673,1002.3218119325147,1010.4231112245496,1018.5309386411135,1026.644998756979,1034.7650019677208,1042.8906645199806,1051.0217085325266,1059.1578620085295,1067.2988588394758,1075.4444388011393,1083.594347542016,1091.7483365646608,1099.9061632002947,1108.0675905771361,1116.2323875827983,1124.4003288211943,1132.5711945642631,1140.7447706989576,1148.9208486697876,1157.099225417318,1165.279703312904,1173.4620900900482
0.06180904522613068,,,2.4924602468008603e-18,1.7097416916561315e-11,4.477974672102622e-08,5.034685088794714e-06,0.00011728237816186489,0.0011113410913365129,0.006002170515115936,0.022284360946187035,0.06364344331574405,0.15019064507954677,0.3071736049110895,0.562754008142245,0.9455645873208772,1.4825662886408115,2.1974635358188896,3.1097284178640354,4.234163312195315,5.580880613892585,7.155571849509783,8.959954571797999,10.992309654049485,13.248045977230433,15.720250418837011,18.40019741550723,21.277804364552242,24.342027535482224,27.581199117951968,30.983310768111732,34.536252970614235,38.228021601187734,42.046901641952076,45.98163310854657,50.021558183067675,54.15674421447828,58.37807624194063,62.67731473041979,67.04711783775366,71.48103119211795,75.97345081864816,80.51956615759337,85.11529020235018,89.7571830289196,94.44237378917035,99.16848492503296,103.93356113569187,108.73600460428871,113.57451719714193,118.44804977647709,123.35575838378725,128.2969668151742,133.271134984044,138.2778324174636,143.31671623435875,148.38751298713217,153.49000379921958,158.62401229013042,163.7893948404205,168.9860328072563,174.21382635769464,179.4726896327076,184.76254700246668,190.08333020872485,195.4349762243113,200.81742568752992,206.23062179338618,211.67450954368906,217.14903527530748,222.65414640018352,228.18979130275045,233.75591935052282,239.35248098198946,244.9794278430072,250.63671294867322,256.3242908525495,262.0421178090923,267.79015191847407,273.56835324572666,279.3766839083795,285.2151081286162,291.0835922474757,296.9821046998519,302.9106159500211,308.86909838822055,314.85752618942143,320.8758751359286,326.92412240578625,333.00224632947067,339.11022611668403,345.2480415571484,351.4156726966364,357.6130994920731,363.84030144799783,370.09725723725984,376.3839443086468,382.7003384841117,389.0464135481805,395.4221408320651,401.8274887948929,408.26242260439733,414.7269037192955,421.22088947549673,427.7443326781609,434.29718120157816,440.8793775988642,447.49085872208565,454.1315553571014,460.8013918710794,467.5002858770021,474.22814791503373,480.9848811523584,487.77038110254915,494.5845353654759,501.42722338864223,508.29831625076525,515.1976764682847,522.1251578254078,529.0806052281731,536.0638545829379,543.074732699581,550.1130572195999,557.1786365692185,564.2712699374848,571.3907472792662,578.5368493429418,585.7093477225083,592.9080049337169,600.1325745137801,607.3828011440869,614.6584207953067,621.9591608941566,629.2847405110659,636.6348705678648,644.0092540646008,651.4075863244935,658.8295552560019,666.2748416309329,673.7431193774596,681.2340558869091,688.747312333129,696.2825440032132,703.839400638383,711.4175267837699,719.0165621458594,726.6361419563665,734.2758973413002,741.9354556939929,749.6144410509102,757.312474469036,765.0291744037099,772.7641570857897,780.5170368970471,788.2874267427892,796.0749384206844,803.8791829848717,811.699771104442,819.5363134154674,827.3884208657901,835.2557050518317,843.1377785467776,851.0342552194932,858.944750543659,866.8688818965832,874.8062688473043,882.7565334335633,890.7193004273583,898.6941975887958,906.6808559080165,914.6789098350647,922.6879974976898,930.7077609063106,938.7378461478014,946.777903566023,954.82758793065,962.8865585938254,970.9544796348808,979.0310199932944,987.1158535900703,995.208659437783,1003.3091217395308,1011.4169299770776,1019.5317789884679,1027.653369035438,1035.7814058609297,1043.9156007370675,1052.0556705039273,1060.201337599463,1068.352330080942,1076.5083816382776,1084.6692315996042,1092.834624929468,1101.0043122200232,1109.1780496755732,1117.3555990908417,1125.5367278233252,1133.721208760073,1141.9088202792698,1150.0993462069287,1158.2925757690473
0.06482412060301507,,,1.9097536881938597e-17,6.299586912256436e-11,1.1441406855912979e-07,1.0327134749050386e-05,0.00020780059496890643,0.0017735255939285858,0.008855854352896519,0.030933212489958523,0.08413576977565866,0.19077708226423168,0.3774106437541478,0.6722322215788651,1.1025784013983249,1.6929635801602423,2.4638030205859707,3.430779279877618,4.604720381537264,5.991837304017901,7.594183500600547,9.410228178053734,11.435465601938702,13.663009124819473,16.08413920012025,18.688789628614945,21.465967168051044,24.404108545807873,27.49138664824871,30.715981620882737,34.06632927396992,37.531349417521476,41.10064640903702,44.76466917998433,48.51482000705221,52.34350792996763,56.24415024806867,60.211131181544914,64.23972952381423,68.3260272354933,72.466809341434,76.6594631235328,80.9018821453159,85.19237849608608,89.52960496227665,93.91248763273468,98.34016865458841,102.81195838915836,107.32729597945865,111.88571725945444,116.48682895110011,121.13028816724687,125.81578633850367,130.54303679178497,135.31176531672983,140.12170315720593,144.9725819557846,149.8641302583903,154.7960712544903,159.76812148596932,164.77999030635272,169.8313799124997,174.9219858043873,180.0514975562984,185.21959980548556,190.4259733830813,195.6702965273311,200.95224613177047,206.27149899120406,211.62773301669546,217.02062839763576,222.44986869449434,227.91514185031937,233.41614111285534,238.95256586200284,244.52412233979692,250.13052428199146,255.7714934518853,261.4467600782342,267.1560632000621,272.89915092182764,278.6757805831861,284.4857188476903,290.3287417151176,296.2046344632427,302.11319152192254,308.05421628747314,314.02752088025625,320.03292585109335,326.0702598418273,332.139359204151,338.2400675812889,344.37223545783104,350.53571968085794,356.7303829571356,362.9560933300117,369.2127236397426,375.5001509707494,381.8182560891004,388.16692287336184,394.5460377417496,400.95548907835575,407.39516666105453,413.864961093518,420.36476324363633,426.89446369045976,433.4539521816432,440.0431171032976,446.66184496385773,453.3100198936494,459.9875231615816,466.69423271029757,473.43002271104376,480.1947631393472,486.98831937254073,493.8105518100126,500.6613155169953,507.5404598929237,514.4478283634548,521.3832581001444,528.3465797634178,535.3376172732804,542.3561876058109,549.4021006162391,556.4751588885935,563.5751576118668,570.7018844826065,577.8551196337103,585.0346355891652,592.2401972443497,599.4715618714749,606.7284791496426,614.0106912189325,621.3179327578657,628.6499310835164,636.0064062734895,643.3870713089132,650.7916322375556,658.2197883560935,665.6712324105632,673.1456508139311,680.6427238797186,688.1621260705687,695.7035262606252,703.2665880105735,710.8509698541449,718.4563255949521,726.0823046124231,733.7285521756719,741.3947097641184,749.0804153936997,756.7853039474908,764.5090075096324,772.2511557014345,780.0113760185812,787.7892941683891,795.5845344061031,803.39671986926,811.2254729091875,819.0704154187523,826.931169155526,834.8073560595548,842.6985985650483,850.6045199052234,858.5247444097508,866.4588977941594,874.4066074407144,882.3675026702721,890.3412150047022,898.3273784195069,906.3256295863151,914.3356081050079,922.3569567252146,930.3893215570622,938.4323522710703,946.4857022867883,954.5490289509702,962.6219937041884,970.7042622367394,978.7955046335792,986.8953955084575,995.0036141274031,1003.1198445216671,1011.2437755903862,1019.3751011931198,1027.5135202325157,1035.658736727366,1043.8104598762932,1051.9684041123612,1060.132289148938,1068.3018400170388,1076.47678709454,1084.6568661275303,1092.841818244163,1101.0313899612852,1109.2253331842414,1117.4234052001123,1125.6253686647715,1133.830991584054,1142.0400472893728
0.06783919597989951,,,1.141451547778458e-16,1.9323617436550082e-10,2.5142236405743853e-07,1.8577753259113072e-05,0.0003271292518380472,0.0025381880889968236,0.011799867149803765,0.03898788684224299,0.10143124593851639,0.22177636786131213,0.4256325717455048,0.7389202763579484,1.185596929381026,1.7860678379177504,2.5563112061366993,3.507599462049082,4.64665055748688,5.976050249807347,7.494817204806726,9.199018393150194,11.082373910031395,13.136815264469947,15.352980438863087,17.72064615092148,20.229113373288957,22.86756827988687,25.625429469979224,28.49267021763498,31.460088585110782,34.51949883315246,37.663831463183286,40.88714648296944,44.1845771128959,47.552226432037884,50.98703865060109,54.48666246847118,58.049318719753884,61.673679680932324,65.35876366835716,69.1038459566936,72.90838544215121,76.7719655996879,80.69424790433071,84.67493581515785,88.71374752232646,92.81039584442586,96.96457388089765,101.17594524108432,105.44413787149769,109.76874067915519,114.1493022996179,118.58533148497044,123.07629869114551,127.6216385311002,132.22075282797653,136.8730140609921,141.57776904114934,146.33434269074723,151.1420418300462,156.00015889802228,160.9079755522676,165.86476610886305,170.8698007938617,175.92234878782753,181.02168105193147,186.1670729297907,191.35780652358628,196.59317284635307,201.87247375485185,207.1950236693303,212.5601510878473,217.96719990381433,223.41553053607748,228.90452088130252,234.43356709855811,240.0020842362135,245.6095067111266,251.2552886500063,256.93890410266494,262.6598471365966,268.41763182207256,274.2117921166218,280.04188165743545,285.9074734698974,291.8081596000957,297.74355067879833,303.7132754240273,309.71698008901376,315.75432786197126,321.82499822358596,327.92868626849975,334.0651019951352,340.2339695702238,346.435026571709,352.6680232150499,358.93272156689716,365.22889475002876,371.5563261431668,377.9148085790035,384.3041435435552,390.72414037971225,397.1746154976449,403.65539159451555,410.1662968857568,416.70716434998434,423.27783098945986,429.87813710783377,436.50792560676825,443.1670413028711,449.8553302663103,456.57263918219746,463.31881473590573,470.09370302322606,476.89714898623134,483.72899587558055,490.58908473992625,497.4772539429799,504.39333870870115,511.3371706949917,518.3085775962076,525.3073827746849,532.3334049214499,539.3864577461432,546.4663496961833,553.5728837050535,560.7058569695806,567.8650607559637,575.050280234265,582.2612943409996,589.4978756693977,596.7597903868386,604.046798178905,611.3586522194555,618.6950991660148,626.0558791797721,633.4407259693971,640.8493668578402,648.2815228712317,655.7369088489559,663.2152335739393,670.7161999221289,678.2395050301525,685.7848404800559,693.3518925000718,700.9403421802459,708.5498657018543,716.180134579421,723.8308159142105,731.5015726580327,739.1920638862141,746.9019450785853,754.6308684073542,762.3784830307317,770.1444353912256,777.9283695175054,785.7299273287931,793.5487489407506,801.3844729718759,809.2367368494442,817.1051771140841,824.989429722108,832.8891303447626,840.8039146636097,848.7334186612907,856.6772789069952,864.6351328359589,872.6066190224254,880.5913774454953,888.5890497473789,896.5992794836035,904.6217123647634,912.6559964894778,920.7017825682274,928.7587241378374,936.8264777663702,944.9047032482716,952.9930637896356,961.0912261835,969.1988609751842,977.3156426172837,985.441249615254,993.5753646624474,1001.717674765556,1009.8678713602237,1018.0256504170394,1026.1907125380421,1034.3627630439507,1042.5415120522973,1050.7266745466911,1058.917970437451,1067.1151246138452,1075.3178669882166,1083.525932532235,1091.7390613055936,1099.9569984773914,1108.1794943405314,1116.4063043193976,1124.637188971133
0.0708542713567839,,,5.049444203884563e-16,4.643296339728337e-10,4.452642360299031e-07,2.7396347161152883e-05,0.0004269816642779486,0.0030363346040079755,0.013222236827558603,0.04152122586043472,0.10371518713271378,0.21934548086133315,0.4094497758344902,0.6943352400329693,1.0918697632474128,1.6164375108961653,2.278497155205251,3.084594726728976,4.037672671190435,5.137541801050884,6.381418193655819,7.76446107814241,9.280280531258205,10.92142135818648,12.679857864625694,14.547517833006095,16.51679705281231,18.58098513718602,20.734536293277362,22.97316693275651,25.293807382526527,27.694456952870546,30.173991566060955,32.731961464606464,35.36840241846687,38.083672168117985,40.87831591028366,43.7529600238369,46.708230980192326,49.7446955823743,52.862818669806956,56.06293479309796,59.34523086411923,62.70973729716725,66.15632562012291,69.68471093210586,73.29445791222176,76.98498935377177,80.7555964141613,84.60544994573847,88.5336124129573,92.53905001411604,96.62064471669757,100.77720598840207,105.00748206467578,109.31017064061497,113.68392891269646,118.12738292552974,122.63913620229067,127.21777765550796,131.86188878879997,136.5700502103896,141.34084748665143,146.17287636902842,151.0647474308661,156.01509015242132,161.02255649297177,166.08582398839235,171.20359841149846,176.3746160322119,181.5976455102132,186.87148945350813,192.19498567243443,197.56700815729369,202.98646780526474,208.45231292044647,213.963529508854,219.51914138836926,225.11821013197044,230.7598348609733,236.44315190371722,242.16733433363544,247.93159139969492,253.73516786100473,259.57734323648845,265.45743097964436,271.37477758764805,277.3287616533323,283.318792867953,289.3443109820388,295.40478473110943,301.49971073252095,307.6286123592584,313.7910385960436,319.9865628826915,326.21478194972065,332.47531464922554,338.7678007870159,345.0918999575409,351.44729038616936,357.8336677814455,364.2507442001623,370.6982469277881,377.1759173765566,383.68351000331546,390.22079124902695,396.78753850162803,403.3835390837903,410.0085892669452,416.6624933127946,423.3450625433988,430.0561144407811,436.7954717768904,443.5629617746442,450.35841530062385,457.18166609007216,464.03255000442743,470.91090432191015,477.81656706136033,484.7493763395261,491.70916976194417,498.6957838474639,505.7090534864238,512.7488114324124,519.8148878275076,526.9071097608121,534.0253008600796,541.1692809161113,548.3388655396578,555.5338658503848,562.75408819752,569.9993339116701,577.2693990873194,584.5640743953999,591.8831449253355,599.2263900559119,606.5935833542185,613.9844925019643,621.3988792483308,628.8364993885588,636.2971027673809,643.7804333063956,651.2862290544363,658.8142222599704,666.3641394645049,673.9357016159798,681.5286242010928,689.1426173954642,696.7773862305652,704.4326307762842,712.1080463380175,719.8033236671606,727.5181491842264,735.2522052112571,743.005170217928,750.7767190729413,758.5665233046992,766.3742513687881,774.1995689207502,782.0421390934856,789.9016227781909,797.7776789078042,805.6699647420169,813.578136152899,821.5018479102423,829.4407539657348,837.3945077351875,845.3627623779935,853.3451710730757,861.3413872906755,869.3510650592671,877.3738592270441,885.4094257173853,893.457421777815,901.5175062219679,909.5893396641516,917.6725847461172,925.7669063557332,933.8719718372465,941.9874511928956,950.11301727569,958.2483459731645,966.3931163820023,974.5470109734342,982.7097157493662,990.8809203892007,999.0603183873883,1007.2476071817329,1015.4424882725215,1023.6446673325917,1031.8538543084426,1040.0697635125207,1048.2921137068806,1056.5206281783571,1064.755034805471,1072.9950661172852,1081.2404593444053,1089.4909564623988,1097.7463042278516,1106.0062542073201
0.07386934673366835,,,6.764671727334195e-16,3.551550598561536e-10,2.5733783713352875e-07,1.338304784374953e-05,0.00018646154850611747,0.0012239300911026905,0.005019172323913637,0.015042258462665858,0.03619576822962039,0.0742449879692837,0.1351060903385875,0.2242236998058373,0.3461454200778224,0.5043036948967977,0.7009724164474138,0.937425234037024,1.2144950356124122,1.5335592095042292,1.8974375349278323,2.310741604342223,2.7797190285420994,3.311855887981939,3.9154267068686885,4.5990712735435775,5.371422826082844,6.2407958985701715,7.214938447064551,8.300849968629356,9.50466310291155,10.831581930880333,12.28586722529119,13.870857760687544,15.589017208860845,17.441997549896886,19.430711745196653,21.555410235135692,23.81575741328031,26.210905506307476,28.739564256159266,31.400065500363105,34.19042223472143,37.10838207082613,40.15147521432339,43.31705722204114,46.60234687193107,50.00445951827975,53.52043631722008,57.147269704329915,60.88192549190279,64.72136193360626,68.66254608049344,72.70246772727059,76.83815122235048,81.06666539040158,85.38513179213186,89.79073152408581,94.28071073979278,98.85238505485874,103.50314298071707,108.23044851578784,113.0318430082249,117.90494639133257,122.84745788089228,127.85715621270477,132.93189949001604,138.0696247005571,143.26834695648296,148.52615850297926,153.84122753533342,159.21179685878275,164.636182420533,170.1127717390265,175.64002225167508,181.21645959892712,186.84067585957456,192.51132774968954,198.22713479538305,203.98687748775276,209.78939542684742,215.63358546021223,221.51839982054327,227.44284426617355,233.40597622748388,239.40690296178641,245.4447797189856,251.51880791989976,257.6282333490713,263.7723443636903,269.95047012021405,276.1619788201801,282.40627597670834,288.68280270311817,294.9910340251236,301.3304772179832,307.7006701700019,314.10117977372187,320.53160034609675,326.9915520789083,333.48067952058955,339.998650090597,346.5451526273545,353.11989597073784,359.7226075799869,366.353032187826,373.01093049150813,379.6960778814044,386.4082632076531,393.14728758534363,399.9129632385836,406.7051123837466,413.5235661521062,420.36816355201563,427.2387504706968,434.13517871566046,441.0573050957083,448.0049905414378,454.978099264855,461.97649795926975,469.0000550358344,476.0486399010595,483.12212227146495,490.22037152638563,497.3432560984612,504.49064290126984,511.662396793711,518.858380080648,526.0784520493069,533.3224685409039,540.5902815569505,547.8817388996227,555.1966838456004,562.5349548527298,569.8963852988157,577.280803251876,584.6880312710838,592.1178862376838,599.5701792150604,607.0447153371598,614.5412937244149,622.0597074263002,629.5997433896252,637.1611824516316,644.7437993569496,652.3473627974511,659.9716354739729,667.6163741789348,675.281329898784,682.9662479352461,690.6708680442799,698.3949245917042,706.1381467243762,713.900258555847,721.6809793654044,729.4800238093951,737.2971021437388,745.13192045656,752.9841809098392,760.8535819890415,768.7398187596508,776.6425831295934,784.5615641165277,792.4964481190246,800.4469191906563,808.412659316081,816.3933486882116,824.3886659855935,832.3982886491684,840.4218931576105,848.459155300499,856.5097504485805,864.5733538204612,872.6496407450824,880.738286919387,888.8389686606258,896.951363152793,905.0751486866501,913.2100048933834,921.3556129701536,929.5116558994398,937.6778186596491,945.8537884278327,954.0392547754329,962.2339098522418,970.4374485662232,978.6495687513121,986.8699713277703,995.0983604535079,1003.3344436665935,1011.57793201893,1019.8285402011978,1028.0859866590652,1036.3499937008255,1044.6202875965437,1052.8965986687842,1061.178661375258,1069.4662143833323,1077.7590006367366,1086.0567674146132
0.07688442211055274,,,,,,,,,,,,,,,,,,,,,,,,,,,,,,,,,,,,,,,,,,,,,,,,,,,,,,,,,,,26.43055176262041,38.71189178200044,47.29113394460747,54.752498674230345,61.66947421614295,68.27470958747617,74.6870129803192,80.9753256474908,87.18304951587724,93.33908372737714,99.46346298600692,105.57049722063903,111.67063839461495,117.77164937627366,123.87936704649523,129.99821797528074,136.13157710626837,142.28202343114904,148.45152610257958,154.64158238836964,160.85332154969066,167.08758414088743,173.34498327525554,179.62595245624078,185.93078326028947,192.25965525972165,198.61265994308067,204.98981994497694,211.39110457521397,217.81644240403384,224.26573148464462,230.7388476678867,237.2356513643343,243.7559930361005,250.2997176430527,256.8666682246811,263.4566887638378,270.06962645191317,276.70533345345876,283.3636682511921,290.0444966287348,296.74769241638285,303.4731378396163,310.2207238558239,316.990350167291,323.7819251461616,330.5953656278078,337.430596601698,344.2875508195037,351.1661683349631,358.06639598923044,364.9881868532559,371.93149963724255,378.89629807584384,385.8825502966915,392.89022817875775,399.91930670604086,406.9697633226513,414.0415772906634,421.1347290584836,428.2491996394432,435.38497000515906,442.54202049547007,449.72033024704365,456.9198766423532,464.1406347804711,471.38257697085714,478.64567225126166,485.92988593036563,493.23517915599155,500.5615085093201,507.9088256255076,515.277076840958,522.6662028674309,530.0761384930289,537.5068123100689,544.9581464697065,552.4300564631707,559.9224509293446,567.4352314884097,574.9682926011823,582.5215214537162,590.0947978667425,597.6879942293879,605.3009754566417,612.933598969957,620.5857147003431,628.2571651132719,635.9477852546718,643.6574028172618,651.3858382264501,659.1329047449674,666.8984085954046,674.6821490998013,682.4839188353698,690.3035038054926,698.1406836250185,705.9952317189874,713.8669155337617,721.7554967596913,729.6607315642896,737.5823708349907,745.5201604305308,753.4738414399865,761.4431504485378,769.4278198089937,777.4275779181932,785.442149497339,793.4712558754015,801.514615274696,809.5719430978244,817.6429522151326,825.7273532523143,833.824854874911,841.9351640752287,850.0579864526281,858.1930264927929,866.3399878428339,874.4985735820617,882.668486487897,890.8494292963741,899.0411049567841,907.2432168800253,915.4554691801926,923.6775669091812,931.9092162838906,940.1501249057413,948.4000019722951,956.6585584807498,964.9255074231389,973.2005639730884,981.4834456640244,989.7738725587692,998.0715674104497,1006.376255814717,1014.6876663532927,1023.0055307288685,1031.3295838914028,1039.65956415594,1047.9952133119873,1056.3362767246508,1064.6825034275873
0.07989949748743719,,,,,,,,,,,,,,,,,,,,,,,,,,,,,,,,,,,,,,,,,,,,,,,,,,,,,,,,,,,,,,,,,,,,,,,,,,,,53.77012021371174,71.24642771217619,83.7596479463776,94.44772662526411,104.15425339905,113.24478740969916,121.91407876694232,130.27912071405734,138.41600051249185,146.37708070765615,154.19995710227082,161.91252833417695,169.53605130768773,177.0870770249562,184.5787279473291,192.02156977399383,199.42422357308806,206.7938061574069,214.1362536022471,221.45656328728322,228.7589778997233,236.04712730214146,243.3241392894792,250.59272702512325,257.85525875541043,265.113813891034,272.37022848246875,279.6261323601378,286.8829796629224,294.1420740775103,301.4045898136445,308.6715891172441,315.9440369538087,323.2228133662889,330.5087239099041,337.80250848944644,345.10484886424103,352.41637503596627,359.7376706972073,367.06927788733816,374.4117009772651,381.765410085536,389.1308440089305,396.50841274122655,403.8984996391448,411.3014632870874,418.7176391041172,426.14734073020395,433.5908612234705,441.0484740955741,448.5204342085895,456.0069785534954,463.50832692760946,471.02468252601994,478.5562324598903,486.1031482131768,493.66558604716647,501.2436873616823,508.83757902020295,516.4473736453591,524.0731698904461,531.7150526918024,539.3730935065965,547.0473505380426,554.7378689553703,562.44468110584,570.1678067252401,577.9072531472142,585.6630155137159,593.4350769876817,601.2234089693873,609.0279713173921,616.8487125749754,624.6855702026375,632.5384708171929,640.4073304378079,648.2920547391736,656.1925393119617,664.1086699305489,672.0403228279133,679.9873649775467,687.949654382151,695.9270403687575,703.9193638899604,711.9264578308018,719.9481473208556,727.9842500509928,736.0345765943076,744.0989307306239,752.1771097739859,760.2689049025556,768.3741014902585,776.4924794395798,784.6238135148882,792.7678736756018,800.9244254086526,809.0932300595443,817.27404516148,825.4666247618818,833.6707197457965,841.8860781555718,850.1124455063114,858.3495650965514,866.5971783137121,874.8550249338143,883.1228434150785,891.4003711849473,899.6873449201995,907.9835008197819,916.2885748700585,924.6023031021834,932.924421841359,941.2546679477526,949.5927790488583,957.9384937631992,966.2915519151885,974.6516947410545,983.0186650858095,991.3922075911372,999.7720688742437,1008.1579976976635,1016.5497451300168,1024.9470646978339,1033.3497125284623,1041.757447484181
0.08291457286432158,,,,,,,,,,,,,,,,,,,,,,,,,,,,,,,,,,,,,,,,,,,,,,,,,,,,,,,,,,,,,,,,,,,,,,,,,,,,,,,,,,,,,,,,,,87.56229341311962,106.01947220283249,120.44488023817449,132.98685265358023,144.4113163065716,155.0898887869193,165.2339688369817,174.9763687877002,184.4064372309776,193.5873761991919,202.56564581400588,211.37645609817852,220.0471607582306,228.59945209836027,237.0508346734103,245.4156461453022,253.7057835131143,261.9312316819263,270.10045587276386,278.22069805273674,286.29820431971063,294.33840171623325,302.34603740259655,310.32528940805287,318.27985563754805,326.2130260469149,334.1277416480337,342.02664310761406,349.91211104919796,357.7862996853162,365.65116504786516,373.50848881092793,381.3598984964978,389.2068846919806,397.0508157862619,404.8929506343131,412.73444948428244,420.57638344076554,428.41974268969847,436.26544367162074,444.11433535867883,451.967204765544,459.8247818019146,467.6877435621484,475.55671812468364,483.43228793180856,491.3149928038123,499.20533263641653,507.1037698224852,515.0107314337937,522.9266111933248,530.8517712646432,538.7865438812274,546.7312328357101,554.6861148463314,562.6514408156993,570.6274369950097,578.6143060652447,586.6122281454045,594.6213617365559,602.6418446094432,610.6737946423793,618.717310615352,626.7724729655135,634.8393445085769,642.917971130097,651.0083824500714,659.1105924638628,667.2246001620796,675.3503901316336,683.4879331399619,691.6371867040654,699.7980956457684,707.970592634465,716.1545987182697,724.3500238445175,732.5567673702307,740.7747185631105,749.003757093538,757.2437535178408,765.4945697531273,773.7560595438375,782.0280689200431,790.3104366476452,798.602994670337,806.9055685433402,815.2179778588405,823.5400366629303,831.8715538640189,840.2123336324657,848.5621757913459,856.9208761981369,865.2882271171756,873.6640175827097,882.0480337523946,890.4400592510536,898.8398755045947,907.2472620639218,915.661996918745,924.0838568011634,932.5126174789731,940.9480540385887,949.3899411575759,957.8380533667456,966.2921653017605,974.75205194437,983.2174888531699,991.6882523840444,1000.1641199002951,1008.6448699725639,1017.1302825686463
0.08592964824120602,,,,,,,,,,,,,,,,,,,,,,,,,,,,,,,,,,,,,,,,,,,,,,,,,,,,,,,,,,,,,,,,,,,,,,,,,,,,,,,,,,,,,,,,,,,,,,,,,,,,,57.33922630839872,111.21149695559049,132.94273376297588,149.76631591433272,164.2645923775827,177.369398139098,189.5357206436865,201.0236019203468,211.9970850913024,222.5669588212348,232.8118931389099,242.78994366604084,252.5452819899844,262.1123616199333,271.5186163063073,280.7862742232097,289.93361644384834,298.9758734382507,307.92587848167375,316.79455345549104,325.59127639318297,334.32416388504987,343.00029106901957,351.6258651287188,360.20636365256007,368.74664609016395,377.2510443624036,385.7234371460295,394.1673112451098,402.5858126557927,410.98178933612155,419.35782724714375,427.716280899953,436.0592993821643,444.3888486466772,452.70673068925635,461.0146001237177,469.31397856924895,477.6062671896732,485.8927576649338,494.174641827017,502.45302015381094,510.72890928285057,519.003248680828,527.276906583913,535.5506853060966,543.8253259982699,552.1015129287179,560.3798773454179,568.661000972128,576.9454191829317,585.2336238938913,593.5260662052706,601.8231588233124,610.1252782868748,618.4327670208868,626.7459352358842,635.0650626904333,643.3904003311542,651.7221718232817,660.0605749831454,668.40578312251,676.7579463135837,685.1171925824459,693.4836290377075,701.8573429404115,710.2384027205043,718.6268589448899,727.0227452390499,735.4260791713023,743.8368630956518,752.2550849615213,760.6807190906951,769.1137269239865,777.5540577395609,786.001649344813,794.4564287430495,802.9183127764222,811.3872087462714,819.8630150119164,828.3456215687517,836.8349106065111,845.3307570483445,853.8330290714003,862.3415886094052,870.85629183779,879.376989641797,887.9035280679458,896.4357487592894,904.9734893747278,913.516583992764,922.0648634999558,930.618155964348,939.1762869941934,947.7390800821797,956.3063569354445,964.8779377916156,973.4536417211622,982.0332869162565,990.6166909664454
0.08894472361809047,,,,,,,,,,,,,,,,,,,,,,,,,,,,,,,,,,,,,,,,,,,,,,,,,,,,,,,,,,,,,,,,,,,,,,,,,,,,,,,,,,,,,,,,,,,,,,,,,,,,,,,,,,,,,,,,67.31980272803574,132.8081593878714,157.7050407287191,176.75721101896733,193.04257205654704,207.6674172786497,221.17114300047888,233.86191258124396,245.934164767244,257.5192941233118,268.7106836522206,279.5773198999295,290.17175427788067,300.5350294118315,310.69986946955953,320.6928250883401,330.5357614311964,340.2469184571654,349.84168394795967,359.33316849556934,368.73264076594717,378.0498621578935,387.29334770544136,396.4705720272832,405.58813373689327,414.65188803657304,423.66705465269223,432.6383064500325,441.5698427565886,450.4654504781339,459.32855537919977,468.1622653826898,476.96940734452835,485.7525584581649,494.5140732116113,503.25610663963835,511.98063447290065,520.6894706747362,529.384282767935,538.0666052840658,546.7378516088597,555.3993244573883,564.0522251651269,572.6976619616611,581.3366573607967,589.9701547835394,598.5990245123073,607.2240690604716,615.8460280292066,624.4655825137086,633.0833591120471,641.6999335829041,650.3158341921664,658.9315447831981,667.5475076010615,676.1641258971213,684.7817663372274,693.4007612337076,702.0214106190216,710.6439841767136,719.268723043552,727.8958414949277,736.5255285243937,745.1579493268362,753.7932466937252,762.4315423279685,771.0729380849956,779.7175171460817,788.3653451290758,797.016471141369,805.6709287792064,814.328737077199,822.9899014112948,831.6544143583618,840.3222565149891,848.9933972779891,857.6677955888276,866.3454006439358,875.0261525727182,883.7099830849002,892.3968160887047,901.0865682812162,909.7791497121489,918.4744643222479,927.1724104572746,935.8728813586391,944.5757656315438,953.2809476915107,961.9883081900764
0.09195979899497486,,,,,,,,,,,,,,,,,,,,,,,,,,,,,,,,,,,,,,,,,,,,,,,,,,,,,,,,,,,,,,,,,,,,,,,,,,,,,,,,,,,,,,,,,,,,,,,,,,,,,,,,,,,,,,,,,,,,,,,,,,,140.71676558724002,173.10091465220893,195.81469638745085,214.59863146377972,231.15869902192526,246.26357486769044,260.33316682526663,273.6248204460157,286.3089258375693,298.5047688898327,310.29946061669284,321.7587584824504,332.93364420216955,343.8645226440044,354.5840115442326,365.1188577799614,375.49129133644686,385.72000541021765,395.82088094183865,405.80753216685247,415.69172413374287,425.48369689528516,435.1924205211989,444.82579805405044,454.3908287566387,463.8937406947241,473.3400993701348,482.7348974598678,492.08262950122514,501.38735448537705,510.65274865516767,519.8821503099281,529.0785980427205,538.244863545714,547.3834798965664,556.4967660634894,565.5868482296107,574.6556784285242,583.7050508960689,592.7366164738307,601.7518953435527,610.7522883259106,619.7390869398643,628.7134823880053,637.6765736081921,646.6293745105896,655.5728205019336,664.5077743841692,673.4350317022773,682.3553256059245,691.2693312806305,700.1776699969267,709.0809128195845,717.9795840125734,726.8741641753386,735.7650931314921,744.6527726025239,753.5375686825932,762.4198141356261,771.2998105311792,780.1778302339761,789.0541182602783,797.9288940128502,806.8023529049136,815.6746678823891,824.5459908527366,833.4164540277425,842.2861711869997,851.1552388679455,860.0237374878856,868.8917324027735,877.7592749071611,886.6264031792265,895.4931431744351,904.359509471117,913.2255060711014,922.0911271565354,930.9563578102483
0.09497487437185931,,,,,,,,,,,,,,,,,,,,,,,,,,,,,,,,,,,,,,,,,,,,,,,,,,,,,,,,,,,,,,,,,,,,,,,,,,,,,,,,,,,,,,,,,,,,,,,,,,,,,,,,,,,,,,,,,,,,,,,,,,,,,,,,,,,,,166.57442581532396,199.46709539869929,223.3505262294033,243.2711826231345,260.88073444251296,276.95237552030284,291.91766036382836,306.04480853455743,319.51319012048964,332.44932383952823,344.94614746103565,357.07415027366267,368.88819637585766,380.4319097891696,391.7406043277643,402.84330578517415,413.7641866506697,424.52360843383775,435.1388946777412,445.624914701199,455.9945315236866,466.2589505074096,476.4279942184835,486.51032163775045,496.513604830511,506.44467269812145,516.3096289734128,526.113949857762,535.8625654153451,545.559927896023,555.2100694547794,564.8166512058997,574.3830051469618,583.9121701772879,593.4069231972668,602.8698060848994,612.3031492005221,621.7090919522625,631.0896008616863,640.4464854938752,649.7814125553629,659.0959184139567,668.3914202540677,677.6692260479141,686.9305434955994,696.1764880642188,705.4080902373659,714.6263020697554,723.8320031312887,733.0260059064871,742.2090607166991,751.3818602136199,760.5450434923004,769.6991998637614,778.8448723224413,787.9825607395802,797.1127248096915,806.2357867741811,815.3521339432765,824.4621210350872,833.5660723483488,842.6642837837145,851.7570247267379,860.8445398040773,869.9270505248503,879.0047568124331,888.0778384419269,897.1464563836588
0.0979899497487437,,,,,,,,,,,,,,,,,,,,,,,,,,,,,,,,,,,,,,,,,,,,,,,,,,,,,,,,,,,,,,,,,,,,,,,,,,,,,,,,,,,,,,,,,,,,,,,,,,,,,,,,,,,,,,,,,,,,,,,,,,,,,,,,,,,,,,,,,,,,,,159.19960878055517,206.78226462190844,235.85786431413695,258.91260965226894,278.7826235883652,296.63737979303954,313.0862502132633,328.4917432254291,343.0889989507536,357.04017836372634,370.4623532865313,383.44310315048966,396.0498339289472,408.33564527000163,420.34318472469675,432.10727042291535,443.6567295035056,455.0157199421512,466.204702047969,477.24116631758864,488.1401880584188,498.91485641487753,509.5766107363045,520.1355075111088,530.6004345391746,540.9792844911249,551.2790968477686,561.506174954697,571.6661833038323,581.7642289609902,591.8049301764745,601.7924745540583,611.7306686524494,621.622980510243,631.4725762891444,641.2823520002303,651.0549610969589,660.7928385759669,670.4982221127425,680.1731706682326,689.8195809288217,699.4392018825096,709.0336477853359,718.6044097333619,728.1528660187478,737.6802914284942,747.1878656136288,756.6766806433351,766.1477478403561,775.6020039812325,785.0403169334643,794.463490792169,803.8722705707866,813.267346493194,822.649357928839,832.0188970074904,841.3765119449872,850.7227101092935,860.0579608506873
0.10100502512562815,,,,,,,,,,,,,,,,,,,,,,,,,,,,,,,,,,,,,,,,,,,,,,,,,,,,,,,,,,,,,,,,,,,,,,,,,,,,,,,,,,,,,,,,,,,,,,,,,,,,,,,,,,,,,,,,,,,,,,,,,,,,,,,,,,,,,,,,,,,,,,,,,,,,,,,161.53363257872667,221.26623035173185,253.93351235635396,279.2235186874761,300.76621236313156,319.98271280619167,337.5943860114583,354.0235005889573,369.5409593136277,384.3320915910067,398.52987764750566,412.233316843552,425.5183053567629,438.4444360620277,451.05943949789804,463.4021911210163,475.5048106489658,487.3941661684528,499.09297623299256,510.6206333699352,521.993830125516,533.2270423389423,544.3329073458309,555.3225236210175,566.2056908380214,576.9911041497946,587.6865128817873,598.2988512601042,608.8343469473045,619.2986118061177,629.696718310976,640.0332642787303,650.3124280237043,660.5380156096694,670.7135015382166,680.8420639533084,690.9266152391265,700.9698287273553,710.9741621036117,720.9418779971003,730.8750621617435,740.7756395828064,750.6453887939782,760.4859546431799,770.298859709024,780.0855145395905,789.8472268595424,799.5852098719075,809.3005897604072,818.9944124871066
0.10402010050251254,,,,,,,,,,,,,,,,,,,,,,,,,,,,,,,,,,,,,,,,,,,,,,,,,,,,,,,,,,,,,,,,,,,,,,,,,,,,,,,,,,,,,,,,,,,,,,,,,,,,,,,,,,,,,,,,,,,,,,,,,,,,,,,,,,,,,,,,,,,,,,,,,,,,,,,,,,,,,,,,188.15821519876476,244.9252215904127,278.4507080306797,304.7121736798398,327.1702863800771,347.23265825612316,365.6274792874398,382.785969253426,398.9869487653975,414.42224790735924,429.23010287467395,443.51377150107834,457.35262753432187,470.8091311959588,483.93340058166484,496.7663180117681,509.34170495911485,521.687884273788,533.8288274003072,545.7850132701742,557.5740823772915,569.2113424728936,580.7101648665728,592.082298804788,603.3381236254462,614.4868530420175,625.5367021682314,636.4950252313698,647.3684300003612,658.1628735483187,668.8837429275319,679.5359235545453,690.12385751174,700.6515935213564,711.1228299950802,721.540952298948,731.9090651511284,742.2300209088319,752.5064443638561,762.7407545586256,772.9351840516202
0.10703517587939698,,,,,,,,,,,,,,,,,,,,,,,,,,,,,,,,,,,,,,,,,,,,,,,,,,,,,,,,,,,,,,,,,,,,,,,,,,,,,,,,,,,,,,,,,,,,,,,,,,,,,,,,,,,,,,,,,,,,,,,,,,,,,,,,,,,,,,,,,,,,,,,,,,,,,,,,,,,,,,,,,,,,,,,,,229.37874231101165,276.80479405776,309.04842578500677,335.18255323373245,357.86768106578324,378.2953997069251,397.11432772164994,414.7210493865434,431.3777193881322,447.2676496913176,462.5245880698343,477.24942426003923,491.52032989867195,505.3992238056606,518.9360636139606,532.1717917226273,545.1404157863001,557.8705142521577,570.3863491252708,582.7087038213882,594.8555244443704,606.842417821776,618.6830433842051,630.389425171921,641.9722029166564,653.4408360708828,664.8037710844275,676.0685796744934,687.2420739832926,698.3304031576811,709.3391348722856,720.2733245599736
0.11005025125628137,,,,,,,,,,,,,,,,,,,,,,,,,,,,,,,,,,,,,,,,,,,,,,,,,,,,,,,,,,,,,,,,,,,,,,,,,,,,,,,,,,,,,,,,,,,,,,,,,,,,,,,,,,,,,,,,,,,,,,,,,,,,,,,,,,,,,,,,,,,,,,,,,,,,,,,,,,,,,,,,,,,,,,,,,,,,,,,,,196.9399714971683,274.98464739208407,314.562696137072,344.6439123138671,369.98997298195644,392.4207523312259,412.84889041354114,431.8045970285331,449.62624243677107,466.54441135158214,482.72405529811505,498.28767540582305,513.3289950472825,527.9214786735334,542.123880262983,555.9839919314911,569.5412557217418,582.828631735401,595.8739649725139,608.7010053608923,621.3301823321312,633.7792021580127,646.0635150002162,658.1966846459331
0.11306532663316582,,,,,,,,,,,,,,,,,,,,,,,,,,,,,,,,,,,,,,,,,,,,,,,,,,,,,,,,,,,,,,,,,,,,,,,,,,,,,,,,,,,,,,,,,,,,,,,,,,,,,,,,,,,,,,,,,,,,,,,,,,,,,,,,,,,,,,,,,,,,,,,,,,,,,,,,,,,,,,,,,,,,,,,,,,,,,,,,,,,,,,,,,,274.38767141159116,322.2571926654906,356.2243534794561,384.0783324805494,408.3648109762702,430.27349888457707,450.4675009441577,469.3584809764365,487.2214768219132,504.2503302345392,520.587331663766,536.3403320934361,551.5932239698965,566.4126730766098,580.8526142301238
0.11608040201005027,,,,,,,,,,,,,,,,,,,,,,,,,,,,,,,,,,,,,,,,,,,,,,,,,,,,,,,,,,,,,,,,,,,,,,,,,,,,,,,,,,,,,,,,,,,,,,,,,,,,,,,,,,,,,,,,,,,,,,,,,,,,,,,,,,,,,,,,,,,,,,,,,,,,,,,,,,,,,,,,,,,,,,,,,,,,,,,,,,,,,,,,,,,,,,,,,,277.4759958567352,333.229580948269,370.54825379062595,400.5428003422427,426.42097505098417,449.6102431696266,470.88464205218185
0.11909547738693466,,,,,,,,,,,,,,,,,,,,,,,,,,,,,,,,,,,,,,,,,,,,,,,,,,,,,,,,,,,,,,,,,,,,,,,,,,,,,,,,,,,,,,,,,,,,,,,,,,,,,,,,,,,,,,,,,,,,,,,,,,,,,,,,,,,,,,,,,,,,,,,,,,,,,,,,,,,,,,,,,,,,,,,,,,,,,,,,,,,,,,,,,,,,,,,,,,,,,,,,
0.1221105527638191,,,,,,,,,,,,,,,,,,,,,,,,,,,,,,,,,,,,,,,,,,,,,,,,,,,,,,,,,,,,,,,,,,,,,,,,,,,,,,,,,,,,,,,,,,,,,,,,,,,,,,,,,,,,,,,,,,,,,,,,,,,,,,,,,,,,,,,,,,,,,,,,,,,,,,,,,,,,,,,,,,,,,,,,,,,,,,,,,,,,,,,,,,,,,,,,,,,,,,,,
0.1251256281407035,,,,,,,,,,,,,,,,,,,,,,,,,,,,,,,,,,,,,,,,,,,,,,,,,,,,,,,,,,,,,,,,,,,,,,,,,,,,,,,,,,,,,,,,,,,,,,,,,,,,,,,,,,,,,,,,,,,,,,,,,,,,,,,,,,,,,,,,,,,,,,,,,,,,,,,,,,,,,,,,,,,,,,,,,,,,,,,,,,,,,,,,,,,,,,,,,,,,,,,,
0.12814070351758794,,,,,,,,,,,,,,,,,,,,,,,,,,,,,,,,,,,,,,,,,,,,,,,,,,,,,,,,,,,,,,,,,,,,,,,,,,,,,,,,,,,,,,,,,,,,,,,,,,,,,,,,,,,,,,,,,,,,,,,,,,,,,,,,,,,,,,,,,,,,,,,,,,,,,,,,,,,,,,,,,,,,,,,,,,,,,,,,,,,,,,,,,,,,,,,,,,,,,,,,
0.13115577889447233,,,,,,,,,,,,,,,,,,,,,,,,,,,,,,,,,,,,,,,,,,,,,,,,,,,,,,,,,,,,,,,,,,,,,,,,,,,,,,,,,,,,,,,,,,,,,,,,,,,,,,,,,,,,,,,,,,,,,,,,,,,,,,,,,,,,,,,,,,,,,,,,,,,,,,,,,,,,,,,,,,,,,,,,,,,,,,,,,,,,,,,,,,,,,,,,,,,,,,,,
0.13417085427135678,,,,,,,,,,,,,,,,,,,,,,,,,,,,,,,,,,,,,,,,,,,,,,,,,,,,,,,,,,,,,,,,,,,,,,,,,,,,,,,,,,,,,,,,,,,,,,,,,,,,,,,,,,,,,,,,,,,,,,,,,,,,,,,,,,,,,,,,,,,,,,,,,,,,,,,,,,,,,,,,,,,,,,,,,,,,,,,,,,,,,,,,,,,,,,,,,,,,,,,,
0.13718592964824122,,,,,,,,,,,,,,,,,,,,,,,,,,,,,,,,,,,,,,,,,,,,,,,,,,,,,,,,,,,,,,,,,,,,,,,,,,,,,,,,,,,,,,,,,,,,,,,,,,,,,,,,,,,,,,,,,,,,,,,,,,,,,,,,,,,,,,,,,,,,,,,,,,,,,,,,,,,,,,,,,,,,,,,,,,,,,,,,,,,,,,,,,,,,,,,,,,,,,,,,
0.1402010050251256,,,,,,,,,,,,,,,,,,,,,,,,,,,,,,,,,,,,,,,,,,,,,,,,,,,,,,,,,,,,,,,,,,,,,,,,,,,,,,,,,,,,,,,,,,,,,,,,,,,,,,,,,,,,,,,,,,,,,,,,,,,,,,,,,,,,,,,,,,,,,,,,,,,,,,,,,,,,,,,,,,,,,,,,,,,,,,,,,,,,,,,,,,,,,,,,,,,,,,,,
0.14321608040201006,,,,,,,,,,,,,,,,,,,,,,,,,,,,,,,,,,,,,,,,,,,,,,,,,,,,,,,,,,,,,,,,,,,,,,,,,,,,,,,,,,,,,,,,,,,,,,,,,,,,,,,,,,,,,,,,,,,,,,,,,,,,,,,,,,,,,,,,,,,,,,,,,,,,,,,,,,,,,,,,,,,,,,,,,,,,,,,,,,,,,,,,,,,,,,,,,,,,,,,,
0.14623115577889445,,,,,,,,,,,,,,,,,,,,,,,,,,,,,,,,,,,,,,,,,,,,,,,,,,,,,,,,,,,,,,,,,,,,,,,,,,,,,,,,,,,,,,,,,,,,,,,,,,,,,,,,,,,,,,,,,,,,,,,,,,,,,,,,,,,,,,,,,,,,,,,,,,,,,,,,,,,,,,,,,,,,,,,,,,,,,,,,,,,,,,,,,,,,,,,,,,,,,,,,
0.1492462311557789,,,,,,,,,,,,,,,,,,,,,,,,,,,,,,,,,,,,,,,,,,,,,,,,,,,,,,,,,,,,,,,,,,,,,,,,,,,,,,,,,,,,,,,,,,,,,,,,,,,,,,,,,,,,,,,,,,,,,,,,,,,,,,,,,,,,,,,,,,,,,,,,,,,,,,,,,,,,,,,,,,,,,,,,,,,,,,,,,,,,,,,,,,,,,,,,,,,,,,,,
0.1522613065326633,,,,,,,,,,,,,,,,,,,,,,,,,,,,,,,,,,,,,,,,,,,,,,,,,,,,,,,,,,,,,,,,,,,,,,,,,,,,,,,,,,,,,,,,,,,,,,,,,,,,,,,,,,,,,,,,,,,,,,,,,,,,,,,,,,,,,,,,,,,,,,,,,,,,,,,,,,,,,,,,,,,,,,,,,,,,,,,,,,,,,,,,,,,,,,,,,,,,,,,,
0.15527638190954773,,,,,,,,,,,,,,,,,,,,,,,,,,,,,,,,,,,,,,,,,,,,,,,,,,,,,,,,,,,,,,,,,,,,,,,,,,,,,,,,,,,,,,,,,,,,,,,,,,,,,,,,,,,,,,,,,,,,,,,,,,,,,,,,,,,,,,,,,,,,,,,,,,,,,,,,,,,,,,,,,,,,,,,,,,,,,,,,,,,,,,,,,,,,,,,,,,,,,,,,
0.15829145728643218,,,,,,,,,,,,,,,,,,,,,,,,,,,,,,,,,,,,,,,,,,,,,,,,,,,,,,,,,,,,,,,,,,,,,,,,,,,,,,,,,,,,,,,,,,,,,,,,,,,,,,,,,,,,,,,,,,,,,,,,,,,,,,,,,,,,,,,,,,,,,,,,,,,,,,,,,,,,,,,,,,,,,,,,,,,,,,,,,,,,,,,,,,,,,,,,,,,,,,,,
0.16130653266331657,,,,,,,,,,,,,,,,,,,,,,,,,,,,,,,,,,,,,,,,,,,,,,,,,,,,,,,,,,,,,,,,,,,,,,,,,,,,,,,,,,,,,,,,,,,,,,,,,,,,,,,,,,,,,,,,,,,,,,,,,,,,,,,,,,,,,,,,,,,,,,,,,,,,,,,,,,,,,,,,,,,,,,,,,,,,,,,,,,,,,,,,,,,,,,,,,,,,,,,,
0.16432160804020102,,,,,,,,,,,,,,,,,,,,,,,,,,,,,,,,,,,,,,,,,,,,,,,,,,,,,,,,,,,,,,,,,,,,,,,,,,,,,,,,,,,,,,,,,,,,,,,,,,,,,,,,,,,,,,,,,,,,,,,,,,,,,,,,,,,,,,,,,,,,,,,,,,,,,,,,,,,,,,,,,,,,,,,,,,,,,,,,,,,,,,,,,,,,,,,,,,,,,,,,
0.1673366834170854,,,,,,,,,,,,,,,,,,,,,,,,,,,,,,,,,,,,,,,,,,,,,,,,,,,,,,,,,,,,,,,,,,,,,,,,,,,,,,,,,,,,,,,,,,,,,,,,,,,,,,,,,,,,,,,,,,,,,,,,,,,,,,,,,,,,,,,,,,,,,,,,,,,,,,,,,,,,,,,,,,,,,,,,,,,,,,,,,,,,,,,,,,,,,,,,,,,,,,,,
0.17035175879396985,,,,,,,,,,,,,,,,,,,,,,,,,,,,,,,,,,,,,,,,,,,,,,,,,,,,,,,,,,,,,,,,,,,,,,,,,,,,,,,,,,,,,,,,,,,,,,,,,,,,,,,,,,,,,,,,,,,,,,,,,,,,,,,,,,,,,,,,,,,,,,,,,,,,,,,,,,,,,,,,,,,,,,,,,,,,,,,,,,,,,,,,,,,,,,,,,,,,,,,,
0.17336683417085424,,,,,,,,,,,,,,,,,,,,,,,,,,,,,,,,,,,,,,,,,,,,,,,,,,,,,,,,,,,,,,,,,,,,,,,,,,,,,,,,,,,,,,,,,,,,,,,,,,,,,,,,,,,,,,,,,,,,,,,,,,,,,,,,,,,,,,,,,,,,,,,,,,,,,,,,,,,,,,,,,,,,,,,,,,,,,,,,,,,,,,,,,,,,,,,,,,,,,,,,
0.1763819095477387,,,,,,,,,,,,,,,,,,,,,,,,,,,,,,,,,,,,,,,,,,,,,,,,,,,,,,,,,,,,,,,,,,,,,,,,,,,,,,,,,,,,,,,,,,,,,,,,,,,,,,,,,,,,,,,,,,,,,,,,,,,,,,,,,,,,,,,,,,,,,,,,,,,,,,,,,,,,,,,,,,,,,,,,,,,,,,,,,,,,,,,,,,,,,,,,,,,,,,,,
0.17939698492462308,,,,,,,,,,,,,,,,,,,,,,,,,,,,,,,,,,,,,,,,,,,,,,,,,,,,,,,,,,,,,,,,,,,,,,,,,,,,,,,,,,,,,,,,,,,,,,,,,,,,,,,,,,,,,,,,,,,,,,,,,,,,,,,,,,,,,,,,,,,,,,,,,,,,,,,,,,,,,,,,,,,,,,,,,,,,,,,,,,,,,,,,,,,,,,,,,,,,,,,,
0.18241206030150753,,,,,,,,,,,,,,,,,,,,,,,,,,,,,,,,,,,,,,,,,,,,,,,,,,,,,,,,,,,,,,,,,,,,,,,,,,,,,,,,,,,,,,,,,,,,,,,,,,,,,,,,,,,,,,,,,,,,,,,,,,,,,,,,,,,,,,,,,,,,,,,,,,,,,,,,,,,,,,,,,,,,,,,,,,,,,,,,,,,,,,,,,,,,,,,,,,,,,,,,
0.18542713567839197,,,,,,,,,,,,,,,,,,,,,,,,,,,,,,,,,,,,,,,,,,,,,,,,,,,,,,,,,,,,,,,,,,,,,,,,,,,,,,,,,,,,,,,,,,,,,,,,,,,,,,,,,,,,,,,,,,,,,,,,,,,,,,,,,,,,,,,,,,,,,,,,,,,,,,,,,,,,,,,,,,,,,,,,,,,,,,,,,,,,,,,,,,,,,,,,,,,,,,,,
0.18844221105527637,,,,,,,,,,,,,,,,,,,,,,,,,,,,,,,,,,,,,,,,,,,,,,,,,,,,,,,,,,,,,,,,,,,,,,,,,,,,,,,,,,,,,,,,,,,,,,,,,,,,,,,,,,,,,,,,,,,,,,,,,,,,,,,,,,,,,,,,,,,,,,,,,,,,,,,,,,,,,,,,,,,,,,,,,,,,,,,,,,,,,,,,,,,,,,,,,,,,,,,,
0.1914572864321608,,,,,,,,,,,,,,,,,,,,,,,,,,,,,,,,,,,,,,,,,,,,,,,,,,,,,,,,,,,,,,,,,,,,,,,,,,,,,,,,,,,,,,,,,,,,,,,,,,,,,,,,,,,,,,,,,,,,,,,,,,,,,,,,,,,,,,,,,,,,,,,,,,,,,,,,,,,,,,,,,,,,,,,,,,,,,,,,,,,,,,,,,,,,,,,,,,,,,,,,
0.1944723618090452,,,,,,,,,,,,,,,,,,,,,,,,,,,,,,,,,,,,,,,,,,,,,,,,,,,,,,,,,,,,,,,,,,,,,,,,,,,,,,,,,,,,,,,,,,,,,,,,,,,,,,,,,,,,,,,,,,,,,,,,,,,,,,,,,,,,,,,,,,,,,,,,,,,,,,,,,,,,,,,,,,,,,,,,,,,,,,,,,,,,,,,,,,,,,,,,,,,,,,,,
0.19748743718592965,,,,,,,,,,,,,,,,,,,,,,,,,,,,,,,,,,,,,,,,,,,,,,,,,,,,,,,,,,,,,,,,,,,,,,,,,,,,,,,,,,,,,,,,,,,,,,,,,,,,,,,,,,,,,,,,,,,,,,,,,,,,,,,,,,,,,,,,,,,,,,,,,,,,,,,,,,,,,,,,,,,,,,,,,,,,,,,,,,,,,,,,,,,,,,,,,,,,,,,,
0.2005025125628141,,,,,,,,,,,,,,,,,,,,,,,,,,,,,,,,,,,,,,,,,,,,,,,,,,,,,,,,,,,,,,,,,,,,,,,,,,,,,,,,,,,,,,,,,,,,,,,,,,,,,,,,,,,,,,,,,,,,,,,,,,,,,,,,,,,,,,,,,,,,,,,,,,,,,,,,,,,,,,,,,,,,,,,,,,,,,,,,,,,,,,,,,,,,,,,,,,,,,,,,
0.20351758793969849,,,,,,,,,,,,,,,,,,,,,,,,,,,,,,,,,,,,,,,,,,,,,,,,,,,,,,,,,,,,,,,,,,,,,,,,,,,,,,,,,,,,,,,,,,,,,,,,,,,,,,,,,,,,,,,,,,,,,,,,,,,,,,,,,,,,,,,,,,,,,,,,,,,,,,,,,,,,,,,,,,,,,,,,,,,,,,,,,,,,,,,,,,,,,,,,,,,,,,,,
0.20653266331658288,,,,,,,,,,,,,,,,,,,,,,,,,,,,,,,,,,,,,,,,,,,,,,,,,,,,,,,,,,,,,,,,,,,,,,,,,,,,,,,,,,,,,,,,,,,,,,,,,,,,,,,,,,,,,,,,,,,,,,,,,,,,,,,,,,,,,,,,,,,,,,,,,,,,,,,,,,,,,,,,,,,,,,,,,,,,,,,,,,,,,,,,,,,,,,,,,,,,,,,,
0.20954773869346738,,,,,,,,,,,,,,,,,,,,,,,,,,,,,,,,,,,,,,,,,,,,,,,,,,,,,,,,,,,,,,,,,,,,,,,,,,,,,,,,,,,,,,,,,,,,,,,,,,,,,,,,,,,,,,,,,,,,,,,,,,,,,,,,,,,,,,,,,,,,,,,,,,,,,,,,,,,,,,,,,,,,,,,,,,,,,,,,,,,,,,,,,,,,,,,,,,,,,,,,
0.21256281407035177,,,,,,,,,,,,,,,,,,,,,,,,,,,,,,,,,,,,,,,,,,,,,,,,,,,,,,,,,,,,,,,,,,,,,,,,,,,,,,,,,,,,,,,,,,,,,,,,,,,,,,,,,,,,,,,,,,,,,,,,,,,,,,,,,,,,,,,,,,,,,,,,,,,,,,,,,,,,,,,,,,,,,,,,,,,,,,,,,,,,,,,,,,,,,,,,,,,,,,,,
0.21557788944723616,,,,,,,,,,,,,,,,,,,,,,,,,,,,,,,,,,,,,,,,,,,,,,,,,,,,,,,,,,,,,,,,,,,,,,,,,,,,,,,,,,,,,,,,,,,,,,,,,,,,,,,,,,,,,,,,,,,,,,,,,,,,,,,,,,,,,,,,,,,,,,,,,,,,,,,,,,,,,,,,,,,,,,,,,,,,,,,,,,,,,,,,,,,,,,,,,,,,,,,,
0.21859296482412055,,,,,,,,,,,,,,,,,,,,,,,,,,,,,,,,,,,,,,,,,,,,,,,,,,,,,,,,,,,,,,,,,,,,,,,,,,,,,,,,,,,,,,,,,,,,,,,,,,,,,,,,,,,,,,,,,,,,,,,,,,,,,,,,,,,,,,,,,,,,,,,,,,,,,,,,,,,,,,,,,,,,,,,,,,,,,,,,,,,,,,,,,,,,,,,,,,,,,,,,
0.22160804020100505,,,,,,,,,,,,,,,,,,,,,,,,,,,,,,,,,,,,,,,,,,,,,,,,,,,,,,,,,,,,,,,,,,,,,,,,,,,,,,,,,,,,,,,,,,,,,,,,,,,,,,,,,,,,,,,,,,,,,,,,,,,,,,,,,,,,,,,,,,,,,,,,,,,,,,,,,,,,,,,,,,,,,,,,,,,,,,,,,,,,,,,,,,,,,,,,,,,,,,,,
0.22462311557788944,,,,,,,,,,,,,,,,,,,,,,,,,,,,,,,,,,,,,,,,,,,,,,,,,,,,,,,,,,,,,,,,,,,,,,,,,,,,,,,,,,,,,,,,,,,,,,,,,,,,,,,,,,,,,,,,,,,,,,,,,,,,,,,,,,,,,,,,,,,,,,,,,,,,,,,,,,,,,,,,,,,,,,,,,,,,,,,,,,,,,,,,,,,,,,,,,,,,,,,,
0.22763819095477383,,,,,,,,,,,,,,,,,,,,,,,,,,,,,,,,,,,,,,,,,,,,,,,,,,,,,,,,,,,,,,,,,,,,,,,,,,,,,,,,,,,,,,,,,,,,,,,,,,,,,,,,,,,,,,,,,,,,,,,,,,,,,,,,,,,,,,,,,,,,,,,,,,,,,,,,,,,,,,,,,,,,,,,,,,,,,,,,,,,,,,,,,,,,,,,,,,,,,,,,
0.23065326633165834,,,,,,,,,,,,,,,,,,,,,,,,,,,,,,,,,,,,,,,,,,,,,,,,,,,,,,,,,,,,,,,,,,,,,,,,,,,,,,,,,,,,,,,,,,,,,,,,,,,,,,,,,,,,,,,,,,,,,,,,,,,,,,,,,,,,,,,,,,,,,,,,,,,,,,,,,,,,,,,,,,,,,,,,,,,,,,,,,,,,,,,,,,,,,,,,,,,,,,,,
0.23366834170854273,,,,,,,,,,,,,,,,,,,,,,,,,,,,,,,,,,,,,,,,,,,,,,,,,,,,,,,,,,,,,,,,,,,,,,,,,,,,,,,,,,,,,,,,,,,,,,,,,,,,,,,,,,,,,,,,,,,,,,,,,,,,,,,,,,,,,,,,,,,,,,,,,,,,,,,,,,,,,,,,,,,,,,,,,,,,,,,,,,,,,,,,,,,,,,,,,,,,,,,,
0.23668341708542712,,,,,,,,,,,,,,,,,,,,,,,,,,,,,,,,,,,,,,,,,,,,,,,,,,,,,,,,,,,,,,,,,,,,,,,,,,,,,,,,,,,,,,,,,,,,,,,,,,,,,,,,,,,,,,,,,,,,,,,,,,,,,,,,,,,,,,,,,,,,,,,,,,,,,,,,,,,,,,,,,,,,,,,,,,,,,,,,,,,,,,,,,,,,,,,,,,,,,,,,
0.2396984924623115,,,,,,,,,,,,,,,,,,,,,,,,,,,,,,,,,,,,,,,,,,,,,,,,,,,,,,,,,,,,,,,,,,,,,,,,,,,,,,,,,,,,,,,,,,,,,,,,,,,,,,,,,,,,,,,,,,,,,,,,,,,,,,,,,,,,,,,,,,,,,,,,,,,,,,,,,,,,,,,,,,,,,,,,,,,,,,,,,,,,,,,,,,,,,,,,,,,,,,,,
0.242713567839196,,,,,,,,,,,,,,,,,,,,,,,,,,,,,,,,,,,,,,,,,,,,,,,,,,,,,,,,,,,,,,,,,,,,,,,,,,,,,,,,,,,,,,,,,,,,,,,,,,,,,,,,,,,,,,,,,,,,,,,,,,,,,,,,,,,,,,,,,,,,,,,,,,,,,,,,,,,,,,,,,,,,,,,,,,,,,,,,,,,,,,,,,,,,,,,,,,,,,,,,
0.2457286432160804,,,,,,,,,,,,,,,,,,,,,,,,,,,,,,,,,,,,,,,,,,,,,,,,,,,,,,,,,,,,,,,,,,,,,,,,,,,,,,,,,,,,,,,,,,,,,,,,,,,,,,,,,,,,,,,,,,,,,,,,,,,,,,,,,,,,,,,,,,,,,,,,,,,,,,,,,,,,,,,,,,,,,,,,,,,,,,,,,,,,,,,,,,,,,,,,,,,,,,,,
0.2487437185929648,,,,,,,,,,,,,,,,,,,,,,,,,,,,,,,,,,,,,,,,,,,,,,,,,,,,,,,,,,,,,,,,,,,,,,,,,,,,,,,,,,,,,,,,,,,,,,,,,,,,,,,,,,,,,,,,,,,,,,,,,,,,,,,,,,,,,,,,,,,,,,,,,,,,,,,,,,,,,,,,,,,,,,,,,,,,,,,,,,,,,,,,,,,,,,,,,,,,,,,,
0.2517587939698492,,,,,,,,,,,,,,,,,,,,,,,,,,,,,,,,,,,,,,,,,,,,,,,,,,,,,,,,,,,,,,,,,,,,,,,,,,,,,,,,,,,,,,,,,,,,,,,,,,,,,,,,,,,,,,,,,,,,,,,,,,,,,,,,,,,,,,,,,,,,,,,,,,,,,,,,,,,,,,,,,,,,,,,,,,,,,,,,,,,,,,,,,,,,,,,,,,,,,,,,
0.2547738693467337,,,,,,,,,,,,,,,,,,,,,,,,,,,,,,,,,,,,,,,,,,,,,,,,,,,,,,,,,,,,,,,,,,,,,,,,,,,,,,,,,,,,,,,,,,,,,,,,,,,,,,,,,,,,,,,,,,,,,,,,,,,,,,,,,,,,,,,,,,,,,,,,,,,,,,,,,,,,,,,,,,,,,,,,,,,,,,,,,,,,,,,,,,,,,,,,,,,,,,,,
0.2577889447236181,,,,,,,,,,,,,,,,,,,,,,,,,,,,,,,,,,,,,,,,,,,,,,,,,,,,,,,,,,,,,,,,,,,,,,,,,,,,,,,,,,,,,,,,,,,,,,,,,,,,,,,,,,,,,,,,,,,,,,,,,,,,,,,,,,,,,,,,,,,,,,,,,,,,,,,,,,,,,,,,,,,,,,,,,,,,,,,,,,,,,,,,,,,,,,,,,,,,,,,,
0.26080402010050246,,,,,,,,,,,,,,,,,,,,,,,,,,,,,,,,,,,,,,,,,,,,,,,,,,,,,,,,,,,,,,,,,,,,,,,,,,,,,,,,,,,,,,,,,,,,,,,,,,,,,,,,,,,,,,,,,,,,,,,,,,,,,,,,,,,,,,,,,,,,,,,,,,,,,,,,,,,,,,,,,,,,,,,,,,,,,,,,,,,,,,,,,,,,,,,,,,,,,,,,
0.26381909547738697,,,,,,,,,,,,,,,,,,,,,,,,,,,,,,,,,,,,,,,,,,,,,,,,,,,,,,,,,,,,,,,,,,,,,,,,,,,,,,,,,,,,,,,,,,,,,,,,,,,,,,,,,,,,,,,,,,,,,,,,,,,,,,,,,,,,,,,,,,,,,,,,,,,,,,,,,,,,,,,,,,,,,,,,,,,,,,,,,,,,,,,,,,,,,,,,,,,,,,,,
0.26683417085427136,,,,,,,,,,,,,,,,,,,,,,,,,,,,,,,,,,,,,,,,,,,,,,,,,,,,,,,,,,,,,,,,,,,,,,,,,,,,,,,,,,,,,,,,,,,,,,,,,,,,,,,,,,,,,,,,,,,,,,,,,,,,,,,,,,,,,,,,,,,,,,,,,,,,,,,,,,,,,,,,,,,,,,,,,,,,,,,,,,,,,,,,,,,,,,,,,,,,,,,,
0.26984924623115575,,,,,,,,,,,,,,,,,,,,,,,,,,,,,,,,,,,,,,,,,,,,,,,,,,,,,,,,,,,,,,,,,,,,,,,,,,,,,,,,,,,,,,,,,,,,,,,,,,,,,,,,,,,,,,,,,,,,,,,,,,,,,,,,,,,,,,,,,,,,,,,,,,,,,,,,,,,,,,,,,,,,,,,,,,,,,,,,,,,,,,,,,,,,,,,,,,,,,,,,
0.27286432160804014,,,,,,,,,,,,,,,,,,,,,,,,,,,,,,,,,,,,,,,,,,,,,,,,,,,,,,,,,,,,,,,,,,,,,,,,,,,,,,,,,,,,,,,,,,,,,,,,,,,,,,,,,,,,,,,,,,,,,,,,,,,,,,,,,,,,,,,,,,,,,,,,,,,,,,,,,,,,,,,,,,,,,,,,,,,,,,,,,,,,,,,,,,,,,,,,,,,,,,,,
0.27587939698492464,,,,,,,,,,,,,,,,,,,,,,,,,,,,,,,,,,,,,,,,,,,,,,,,,,,,,,,,,,,,,,,,,,,,,,,,,,,,,,,,,,,,,,,,,,,,,,,,,,,,,,,,,,,,,,,,,,,,,,,,,,,,,,,,,,,,,,,,,,,,,,,,,,,,,,,,,,,,,,,,,,,,,,,,,,,,,,,,,,,,,,,,,,,,,,,,,,,,,,,,
0.27889447236180903,,,,,,,,,,,,,,,,,,,,,,,,,,,,,,,,,,,,,,,,,,,,,,,,,,,,,,,,,,,,,,,,,,,,,,,,,,,,,,,,,,,,,,,,,,,,,,,,,,,,,,,,,,,,,,,,,,,,,,,,,,,,,,,,,,,,,,,,,,,,,,,,,,,,,,,,,,,,,,,,,,,,,,,,,,,,,,,,,,,,,,,,,,,,,,,,,,,,,,,,
0.2819095477386934,,,,,,,,,,,,,,,,,,,,,,,,,,,,,,,,,,,,,,,,,,,,,,,,,,,,,,,,,,,,,,,,,,,,,,,,,,,,,,,,,,,,,,,,,,,,,,,,,,,,,,,,,,,,,,,,,,,,,,,,,,,,,,,,,,,,,,,,,,,,,,,,,,,,,,,,,,,,,,,,,,,,,,,,,,,,,,,,,,,,,,,,,,,,,,,,,,,,,,,,
0.2849246231155779,,,,,,,,,,,,,,,,,,,,,,,,,,,,,,,,,,,,,,,,,,,,,,,,,,,,,,,,,,,,,,,,,,,,,,,,,,,,,,,,,,,,,,,,,,,,,,,,,,,,,,,,,,,,,,,,,,,,,,,,,,,,,,,,,,,,,,,,,,,,,,,,,,,,,,,,,,,,,,,,,,,,,,,,,,,,,,,,,,,,,,,,,,,,,,,,,,,,,,,,
0.2879396984924623,,,,,,,,,,,,,,,,,,,,,,,,,,,,,,,,,,,,,,,,,,,,,,,,,,,,,,,,,,,,,,,,,,,,,,,,,,,,,,,,,,,,,,,,,,,,,,,,,,,,,,,,,,,,,,,,,,,,,,,,,,,,,,,,,,,,,,,,,,,,,,,,,,,,,,,,,,,,,,,,,,,,,,,,,,,,,,,,,,,,,,,,,,,,,,,,,,,,,,,,
0.2909547738693467,,,,,,,,,,,,,,,,,,,,,,,,,,,,,,,,,,,,,,,,,,,,,,,,,,,,,,,,,,,,,,,,,,,,,,,,,,,,,,,,,,,,,,,,,,,,,,,,,,,,,,,,,,,,,,,,,,,,,,,,,,,,,,,,,,,,,,,,,,,,,,,,,,,,,,,,,,,,,,,,,,,,,,,,,,,,,,,,,,,,,,,,,,,,,,,,,,,,,,,,
0.2939698492462311,,,,,,,,,,,,,,,,,,,,,,,,,,,,,,,,,,,,,,,,,,,,,,,,,,,,,,,,,,,,,,,,,,,,,,,,,,,,,,,,,,,,,,,,,,,,,,,,,,,,,,,,,,,,,,,,,,,,,,,,,,,,,,,,,,,,,,,,,,,,,,,,,,,,,,,,,,,,,,,,,,,,,,,,,,,,,,,,,,,,,,,,,,,,,,,,,,,,,,,,
0.2969849246231156,,,,,,,,,,,,,,,,,,,,,,,,,,,,,,,,,,,,,,,,,,,,,,,,,,,,,,,,,,,,,,,,,,,,,,,,,,,,,,,,,,,,,,,,,,,,,,,,,,,,,,,,,,,,,,,,,,,,,,,,,,,,,,,,,,,,,,,,,,,,,,,,,,,,,,,,,,,,,,,,,,,,,,,,,,,,,,,,,,,,,,,,,,,,,,,,,,,,,,,,
0.3,,,,,,,,,,,,,,,,,,,,,,,,,,,,,,,,,,,,,,,,,,,,,,,,,,,,,,,,,,,,,,,,,,,,,,,,,,,,,,,,,,,,,,,,,,,,,,,,,,,,,,,,,,,,,,,,,,,,,,,,,,,,,,,,,,,,,,,,,,,,,,,,,,,,,,,,,,,,,,,,,,,,,,,,,,,,,,,,,,,,,,,,,,,,,,,,,,,,,,,,
