$E_D / mev$,0.0,2.0202020202020203,4.040404040404041,6.06060606060606,8.080808080808081,10.1010101010101,12.12121212121212,14.14141414141414,16.161616161616163,18.18181818181818,20.2020202020202,22.22222222222222,24.24242424242424,26.26262626262626,28.28282828282828,30.3030303030303,32.323232323232325,34.34343434343434,36.36363636363636,38.38383838383838,40.4040404040404,42.424242424242415,44.44444444444444,46.464646464646464,48.48484848484848,50.505050505050505,52.52525252525252,54.54545454545455,56.56565656565656,58.58585858585859,60.6060606060606,62.62626262626262,64.64646464646465,66.66666666666666,68.68686868686868,70.7070707070707,72.72727272727272,74.74747474747474,76.76767676767676,78.78787878787878,80.8080808080808,82.82828282828282,84.84848484848483,86.86868686868685,88.88888888888889,90.90909090909089,92.92929292929293,94.94949494949495,96.96969696969695,98.98989898989899,101.01010101010101,103.03030303030302,105.05050505050504,107.07070707070707,109.0909090909091,111.1111111111111,113.13131313131312,115.15151515151514,117.17171717171718,119.19191919191918,121.2121212121212,123.23232323232321,125.25252525252525,127.27272727272727,129.2929292929293,131.31313131313132,133.33333333333331,135.35353535353536,137.37373737373736,139.3939393939394,141.4141414141414,143.43434343434345,145.45454545454544,147.47474747474746,149.49494949494948,151.5151515151515,153.53535353535352,155.55555555555554,157.57575757575756,159.59595959595958,161.6161616161616,163.63636363636363,165.65656565656565,167.67676767676767,169.69696969696966,171.7171717171717,173.7373737373737,175.75757575757575,177.77777777777777,179.79797979797976,181.81818181818178,183.8383838383838,185.85858585858585,187.87878787878788,189.8989898989899,191.91919191919192,193.9393939393939,195.95959595959593,197.97979797979798,199.99999999999997
149.99999999999997,,,,,,,,,,,,,,,,,,,,,,,,,,,,,,,,,,,,,,,,,,,,,,,,,,,,,,,,,,,,,,,,,,,,,,,,,,,,,,,,,,,,,,,,,,,,,,,,,,,,
150.50505050505046,,,,,,,,,,,,,,,,,,,,,,,,,,,,,,,,,,,,,,,,,,,,,,,,,,,,,,,,,,,,,,,,,,,,,,,,,,,,,,,,,,,,,,,,,,,,,,,,,,,,
151.01010101010098,,,,,,,,,,,,,,,,,,,,,,,,,,,,,,,,,,,,,,,,,,,,,,,,,,,,,,,,,,,,,,,,,,,,,,,,,,,,,,,,,,,,,,,,,,,,,,,,,,,,
151.51515151515147,,,,,,,,,,,,,,,,,,,,,,,,,,,,,,,,,,,,,,,,,,,,,,,,,,,,,,,,,,,,,,,,,,,,,,,,,,,,,,,,,,,,,,,,,,,,,,,,,,,,
152.020202020202,,,,,,,,,,,,,,,,,,,,,,,,,,,,,,,,,,,,,,,,,,,,,,,,,,,,,,,,,,,,,,,,,,,,,,,,,,,,,,,,,,,,,,,,,,,,,,,,,,,,
152.5252525252525,,,,,,,,,,,,,,,,,,,,,,,,,,,,,,,,,,,,,,,,,,,,,,,,,,,,,,,,,,,,,,,,,,,,,,,,,,,,,,,,,,,,,,,,,,,,,,,,,,,,
153.030303030303,,,,,,,,,,,,,,,,,,,,,,,,,,,,,,,,,,,,,,,,,,,,,,,,,,,,,,,,,,,,,,,,,,,,,,,,,,,,,,,,,,,,,,,,,,,,,,,,,,,,
153.53535353535352,,,,,,,,,,,,,,,,,,,,,,,,,,,,,,,,,,,,,,,,,,,,,,,,,,,,,,,,,,,,,,,,,,,,,,,,,,,,,,,,,,,,,,,,,,,,,,,,,,20.13648144702309,27.934340933201824,33.13273904489756
154.040404040404,,,,,,,,,,,,,,,,,,,,,,,,,,,,,,,,,,,,,,,,,,,,,,,,,,,,,,,,,,,,,,,,,,,,,,,,,,,,,,,,,,,,,,,,,,,,,,,18.168493203875492,25.883538047867805,30.904511881187194,35.1108102402437,38.90480017462745,42.44943261547622
154.5454545454545,,,,,,,,,,,,,,,,,,,,,,,,,,,,,,,,,,,,,,,,,,,,,,,,,,,,,,,,,,,,,,,,,,,,,,,,,,,,,,,,,,,,,,,,,,,,17.005418943765054,24.197203143618648,28.945375271994344,32.94632908084515,36.56969892307628,39.96578770655024,43.212011113656274,46.353871258638286,49.42049207689674
155.05050505050502,,,,,,,,,,,,,,,,,,,,,,,,,,,,,,,,,,,,,,,,,,,,,,,,,,,,,,,,,,,,,,,,,,,,,,,,,,,,,,,,,,,,,,,,,16.583475051433098,22.874753098796607,27.26026642544278,31.010413474256584,34.433966997911554,37.660326576706744,40.75713330395945,43.764480594004986,46.70815940276222,49.60574225864569,52.469721542917355,55.30927115919668
155.55555555555551,,,,,,,,,,,,,,,,,,,,,,,,,,,,,,,,,,,,,,,,,,,,,,,,,,,,,,,,,,,,,,,,,,,,,,,,,,,,,,,,,,,,,,16.6165171864175,21.87920111996298,25.837824841099124,29.30016237837162,32.49869369764305,35.536382649799414,38.46860976115273,41.32876615087381,44.13856515425444,46.91290355626683,49.66241580148504,52.394927724686916,55.11633652510492,57.83117021197064,60.542957796462396
156.06060606060603,,,,,,,,,,,,,,,,,,,,,,,,,,,,,,,,,,,,,,,,,,,,,,,,,,,,,,,,,,,,,,,,,,,,,,,,,,,,,,,,,,,16.833256566543955,21.14502685584204,24.650400999919615,27.802063749139762,30.757428647536923,33.591627594579435,36.34675887006051,39.048855401497775,41.71512703338423,44.35750937854772,46.98458126981297,49.60267942616699,52.21658448712728,54.829963036893616,57.44566333273522,60.065919485802155,62.692496253741645,65.32679410501586
156.56565656565655,,,,,,,,,,,,,,,,,,,,,,,,,,,,,,,,,,,,,,,,,,,,,,,,,,,,,,,,,,,,,,,,,,,,,,,,,,,,,,,12.147425551719259,17.075091433195762,20.595323015445786,23.65786911969033,26.4927616613556,29.196025064408754,31.817606410339046,34.38693003930829,36.92278255307551,39.43784897181475,41.94105017234804,44.438853593181655,46.93605730266915,49.436283667704494,51.94230338022042,54.45625559900514,56.97980192372481,59.51423679633508,62.0605683761324,64.61957890308155,67.19187049766997,69.77790041954925
157.07070707070704,,,,,,,,,,,,,,,,,,,,,,,,,,,,,,,,,,,,,,,,,,,,,,,,,,,,,,,,,,,,,,,,,,,,,,,,,,,7.906618073847829,13.84875687004899,17.265369903298886,20.157535194768474,22.813717370531563,25.34142887885088,27.793484085761822,30.19989537474903,32.57933778539626,34.94416935591873,37.30293417010117,39.66173173599874,42.025020545583004,44.39611624896542,46.77751450076963,49.17110797135705,51.57833675917284,54.00029539852857,56.43781071523468,58.891499601495845,61.361812593699455,63.84906729670393,66.35347431399869,68.8751576345683,71.41417082398215,73.97051000804349
157.57575757575756,,,,,,,,,,,,,,,,,,,,,,,,,,,,,,,,,,,,,,,,,,,,,,,,,,,,,,,,,,,,,,,,,,,,,,,6.10037223411038,11.707376427197035,14.767213457550636,17.36865676489776,19.771599659595076,22.071005759616323,24.313014564490352,26.52362558760862,28.71889215543905,30.909352831022098,33.10222930621754,35.30262402748835,37.514220730084055,39.739717609548876,41.98110743632913,44.23986550392804,46.517079700847965,48.81354293090612,51.12982028665593,53.46629884412731,55.823225217744884,58.20073431778643,60.59887167030259,63.01761094923184,65.45686789573362,67.91651147526046,70.39637289704073,72.89625296154546,75.41592808656499,77.9551552796394
158.08080808080805,,,,,,,,,,,,,,,,,,,,,,,,,,,,,,,,,,,,,,,,,,,,,,,,,,,,,,,,,,,,,,,,,,,7.294874501562608,10.62482547974775,13.086287141539023,15.286029067586432,17.367892855758132,19.391209510469118,21.386476257300345,23.371416715977993,25.357162362956423,27.35107802952305,29.35821304005337,31.382112609901196,33.42530203417339,35.4895909097928,37.57627247344832,39.686258847841295,41.82017554351217,43.97842917433815,46.16125704722014,48.368764173803086,50.60095135902252,52.85773683384615,55.138973134743345,57.44446042774626,59.77395713515807,62.12718848880651,64.50385347091112,66.9036304871943,69.32618203341083,71.77115855525683,74.2382016565609,76.72694677669755,79.23702543272496,81.76806710216496
158.58585858585855,,,,,,,,,,,,,,,,,,,,,,,,,,,,,,,,,,,,,,,,,,,,,,,,,,,,,,,,,,,,,,5.337421430255259,8.132044412464744,10.181538943848476,12.030163541407555,13.797061126375969,15.53015292442824,17.253686509747354,18.98157027305034,20.72242557844292,22.481871945398446,24.26369180087986,26.070478032014726,27.904018729593222,29.765538147567902,31.655854229893684,33.57548533772616,35.52472477782473,37.503694213109455,39.5123828090659,41.550676494576514,43.61838021469694,45.71523511385134,47.84093198516635,49.99512192392697,52.17742485662547,54.3874364335981,56.62473364387709,58.88887943337533,61.17942649597481,63.495920452142656,65.8379024783597,68.20491151754695,70.59648613389534,73.01216607385278,75.45149358154575,77.91401450780657,80.39927924481387,82.90684351269225,85.43626901989728
159.09090909090907,,,,,,,,,,,,,,,,,,,,,,,,,,,,,,,,,,,,,,,,,,,,,,,,,,,,,,,,3.505325361799767,5.587406705147296,7.135846677014981,8.559765871391006,9.944009826407903,11.32212672557387,12.710895449152167,14.119834471489936,15.554767074083687,17.019422564937422,18.516248351352267,20.046859904740455,21.6123076080742,23.21324381281874,24.85003217466689,26.52282193002925,28.231599987629053,29.976228481877733,31.756472505176685,33.57202102620565,35.42250296643565,37.30749976195917,39.22655532412371,41.17918404027758,43.16487727413758,45.18310869997831,47.23333871785731,49.31501813575799,51.42759125968347,53.57049850074534,55.743178584200336,57.94507042751772,60.17561474100307,62.434255394117876,64.72044058263523,67.03362382534509,69.37326481443431,71.73883013919698,74.12979390003885,76.5456382268964,78.98585371419526,81.44993978271876,83.9374049773454,86.44776720837211,88.98055394321622
159.59595959595958,,,,,,,,,,,,,,,,,,,,,,,,,,,,,,,,,,,,,,,,,,,,,,,,2.1959102083394475,3.192238709525748,4.0764369424982965,4.9454405810136315,5.8277719175176586,6.736077506967978,7.67711217715587,8.654881829593139,9.671911280988018,10.729841903088486,11.82974600521874,12.9723065556809,14.15792698472866,15.386802082782841,16.65896599539186,17.974326081211345,19.332687679861227,20.733772819763896,22.177234752298574,23.662669524222885,25.18962538961437,26.757610604656094,28.36609998198119,30.014540477837027,31.702355990399433,33.42895153992396,35.19371691230767,36.99602986575398,38.835258960403834,40.71076606371871,42.62190857376327,44.56804139498245,46.54851869537523,48.56269546936357,50.6099289273664,52.6895797299201,54.8010130821459,56.943599705224756,59.116716676872095,61.31974821236058,63.552086294708715,65.81313126389735,68.10229231233876,70.4189879139929,72.7626461905633,75.13270522099018,77.52861329918966,79.94982914522461,82.39582207423027,84.86607212719262,87.36007016729415,89.877317945226,92.41732813655497
160.10101010101008,,,9.295952834633512e-26,6.863883305753885e-17,1.865124733355156e-12,8.534747464119922e-10,5.0681081189956686e-08,9.370061465055252e-07,8.354392327726526e-06,4.580763439795255e-05,0.00017871304851104907,0.0005443527327374135,0.0013771582911575133,0.003020448246775995,0.00592150561445843,0.010612347417858903,0.017681469596692267,0.027742276342495233,0.041402813828532024,0.05923980863475405,0.08177848750973989,0.10947867950340096,0.14272960087036393,0.18186644042959327,0.22723021819006609,0.27926700189154186,0.33862599121790504,0.40621993673974177,0.4832423677200862,0.5711550232020071,0.6716592525671953,0.7866591641782216,0.9182199466377707,1.0685232721632212,1.2398217145275432,1.4343944116965845,1.65450615838775,1.9023716370774013,2.180125769254073,2.4898004294032416,2.833307181512491,3.212425337650632,3.628794484582597,4.083910620907701,4.579125130867154,5.115645941217181,5.6945403317429,6.316738981045637,6.983040920876508,7.694119144455072,8.450526669583152,9.25270289935324,10.100980155387425,10.995590283157913,11.93667124851767,12.92427366006063,13.95836716485243,15.03884667568761,16.16553839710076,17.338205625022326,18.55655430152557,19.820238311729604,21.128864514674536,22.481997504016086,23.879164097782247,25.31985755917534,26.803541552832336,28.329653842638017,29.89760973879011,31.506805302870774,33.15662032054428,34.846421052058304,36.57556277116898,38.34339210319939,40.14924917319321,41.99246957475782,43.87238617037675,45.78833073346115,47.739635442261836,49.725634235236456,51.74566403753744,53.79906586705619,55.88518582900531,58.00337600685982,60.152995257402054,62.33340991708786,64.54399442654835,66.7841318796319,69.05321450299074,71.3506440718367,73.67583226712377,76.02820097910059,78.40718256159167,80.81222004179176,83.24276728875533,85.69828914493552,88.17826152379685,90.68217147676435,93.20951723241092,95.75980821054178
160.6060606060606,,,2.2824331909738826e-25,1.685287711191573e-16,4.579436527319549e-12,2.0955346090088025e-09,1.2443714369056082e-07,2.3006290661913628e-06,2.0512520532782574e-05,0.00011247138083612468,0.00043879374265114385,0.0013365480299859555,0.003381333628600214,0.0074160997293098154,0.014539059303984274,0.0260564725440758,0.04341327219553916,0.0681155481777083,0.10165623488307943,0.1454513677549433,0.20079052705643233,0.26880223571361717,0.3504332383045151,0.4464396082084127,0.5573873720344394,0.683661468440927,0.8254865674550066,0.9829700865000588,1.1561755718886635,1.3452181709864317,1.550358114702607,1.7720685126924782,2.0110671896529735,2.2683159951580616,2.5449976940701826,2.84248075523098,3.162279590814123,3.506014742694732,3.875375278025294,4.2720843536523185,4.697868277338609,5.1544291419893655,5.6434210290282305,6.166429750006442,6.72495606790485,7.320402295724757,7.954062113359077,8.627113384132082,9.340613699785974,10.095498343897631,10.892580341927761,11.732552261385392,12.61598943565329,13.543354306489137,14.51500160958051,15.531184160830847,16.592059036074243,17.69769397090924,18.848073839155585,20.043107097070113,21.28263210553361,22.566423263792025,23.894196906396868,25.26561692952921,26.680300125131044,28.13782121046087,29.637717548398765,31.17949355932125,32.76262483002212,34.386561927966056,36.050733931761506,37.75455169014764,39.49741082277176,41.27869447678978,43.09777585310429,44.954020516556106,46.84678850371362,48.77543624172011,50.73931829120204,52.73778892548808,54.77020355826578,56.835920033129796,58.9342997672929,61.064708815269995,63.226518768538604,65.41910759334202,67.64186035877466,69.8941698814684,72.17543729132497,74.48507252490514,76.82249475262002,79.18713274541649,81.5784251862364,83.99582093117306,86.43877922462471,88.90676987312763,91.3992733810277,93.91578105210517,96.45579506012993,99.01882849145534
161.1111111111111,,,3.097760715023227e-25,2.2873037799685877e-16,6.215296301934418e-12,2.8440984885909766e-09,1.6888840240262777e-07,3.1224564947933824e-06,2.7839973815596208e-05,0.0001526482468343001,0.0005955390165889817,0.0018139878080136096,0.0045892087972112475,0.010065268280800165,0.019732681299669052,0.03536432844489917,0.05892129927386047,0.09244768699545329,0.13796972989321205,0.19740929757105466,0.2725166323044426,0.3648233863741232,0.4756144990580158,0.6059161220894073,0.7564963088903378,0.9278752688294759,1.1203428179225798,1.3339834256790026,1.5687143463196982,1.8243446928528742,2.100656406173056,2.397495297369234,2.714852966701731,3.052923889271579,3.412131834380615,3.7931288475772327,4.196774632471119,4.62410465566907,5.076293583458822,5.554618414820513,6.060423777645386,6.59509055282101,7.160008219427136,7.756550607695153,8.386057026013697,9.049812072162478,9.749034622875724,10.484865013106935,11.25835661758293,12.070469455511622,12.922065896303701,13.813908236451157,14.746657918060924,15.720876162375935,16.737025798438967,17.795474077412763,18.89649627707463,20.040279917615468,21.2269294282852,22.456471123705384,23.728858367951887,25.043976823237287,26.401649697512156,27.801642921375255,29.243670199089898,30.727397891121377,32.25244969653708,33.81841111285312,35.42483365870787,37.071238851044264,38.75712193370528,40.48195535837442,42.24519202219678,44.046268268440706,45.88460665890823,47.75961852763582,49.67070632650664,51.61726577385086,53.59868781736358,55.6143604225521,57.66367019823551,59.746003869562394,61.86074960953061,64.00729823894112,66.18504430454148,68.39338704454237,70.63173125019804,72.8994880316308,75.19607549557733,77.52091934224003,79.87345338795228,82.25312001990252,84.65937058872896,87.09166574437481,89.54947572020016,92.03228057002242,94.53957036210757,97.07084533464331,99.62561601555313,102.20340331061787
161.6161616161616,,,3.7449078024536124e-25,2.765139905947214e-16,7.513721606318857e-12,3.438253500090439e-09,2.0417054578626037e-07,3.774762728917374e-06,3.365596789206855e-05,0.00018453769131628118,0.0007199518991488793,0.002192944426869679,0.005547931364878007,0.012167983645652978,0.023854996870508627,0.042752220621676745,0.07123043181201129,0.11176075113388367,0.16679271432223683,0.23864968496646766,0.329447545017319,0.44103792120684293,0.5749741869554963,0.7324968652945801,0.9145344602748247,1.1217157962905,1.3543904168252228,1.6126546940476698,1.8963839700771183,2.2052752139971425,2.5389063603997233,2.8968132504611828,3.2785753994667455,3.6838954757434865,4.112658831958685,4.564966419350396,5.041141942664912,5.541718881500026,6.067414488883221,6.6190971423339455,7.19775176184523,7.804446303260951,8.44030098294769,9.106460970237134,9.804072729427741,10.534263896070932,11.298126435636902,12.096702786316822,12.930974686069636,13.801854400807079,14.710178092346984,15.656701085159447,16.64209480856712,17.66694520576553,18.731752413940043,19.836931531783552,20.98281430266186,22.169651553998452,23.397616246332188,24.666806998892785,25.977251972247625,27.32891300236173,28.721689893805813,30.155424793090027,31.629906575076,33.14487518702918,34.70002590503249,36.29501346693656,37.929456054005534,39.60293910069154,41.31501891796385,43.065226120956346,44.85306885567228,46.67803582346152,48.53959910448255,50.437216783826265,52.37033538567414,54.33839212220712,56.34081696497443,58.37703454690974,60.44646590413972,62.548530065983,64.68264550266707,66.84823143941992,69.04470904578133,71.27150250862901,73.5280399971146,75.81375452736135,78.12808473439719,80.47047555841013,82.84037885201919,85.23725391485773,87.66056796137433,90.10979652738064,92.58442382050099,95.08394301932802,97.6078565257504,100.15567617464286,102.72692340446831,105.32112939304048
162.1212121212121,,,4.300519636965377e-25,3.17538884580585e-16,8.628492080230352e-12,3.948368684621607e-09,2.344622318521318e-07,4.334803978340392e-06,3.864932288215085e-05,0.00021191655632909047,0.0008267672912886322,0.0025182998001573448,0.006371048110600621,0.013973281952494754,0.027394234489338497,0.04909513771925145,0.08179850797831183,0.1283420928504442,0.19153885251209035,0.2740568555203282,0.37832590585240883,0.5064723461425793,0.660280015465634,0.8411734866075675,1.050219020691944,1.288138733878812,1.5553339501024557,1.8519144964914152,2.177732165827378,2.532419456367247,2.915438092015463,3.326141989182404,3.7638538822131467,4.227947012252694,4.717919015955922,5.233446962320069,5.774418274314683,6.3409383375792086,6.933319543643209,7.552057901853453,8.197802913314929,8.871325100864468,9.573484146207898,10.305199366845416,11.067423383055688,11.861119254937716,12.687241037473466,13.546717530770916,14.440438930825588,15.36924606995671,16.333921947558622,17.33518527480848,18.373685782767353,19.450001067878926,20.56463477076038,21.718015903286595,22.910499155761762,24.142366030878588,25.41382666522893,26.725022211705554,28.076027668952346,29.46685505561385,30.89745683886515,32.3677295375466,33.87751743079401,35.42661631284602,37.01477724386878,38.641710255034134,40.30708797370815,42.010549141409555,43.751702003358446,45.53012755348219,47.34538262365253,49.19700280956149,51.08450522909686,53.00739111176838,54.965148220005794,56.95725310721788,58.98317320092565,61.042368763475785,63.134294657369495,65.25840200098402,67.41413967399167,69.60095569574518,71.81829848161024,74.06561798457692,76.34236672937244,78.6480007461269,80.9819804104307,83.34377119636525,85.73284434880989,88.14867748102347,90.59075510319393,93.05856908733617,95.55161907358709,98.0694128226781,100.61146651900779,103.17730502848428,105.76646211500619,108.37848061923826
162.6262626262626,,,4.7965463384979375e-25,3.5416417148149765e-16,9.623711920400709e-12,4.40377790499413e-09,2.615053655469283e-07,4.834785073806998e-06,4.3107178621467646e-05,0.00023635924681988417,0.0009221275470371804,0.0028087632903376425,0.007105891861211888,0.015584975780770342,0.030553915858527465,0.05475782531979853,0.09123323855226186,0.1431452120914715,0.21363115605843572,0.3056668769948807,0.42196243516181237,0.564889427909867,0.7364374442898131,0.9381953688917932,1.1713524465762006,1.4367140828661606,1.7347278800037413,2.0655161709765046,2.4289123754015547,2.824500404776481,3.251659343496858,3.709617883032314,4.1975213467321995,4.714508338005728,5.259787985096266,5.832706642377458,6.432795554674379,7.059796142406464,7.713664420278073,8.394559046085169,9.102818451718912,9.838932053515908,10.603509421276524,11.397250053349541,12.220915349238094,13.075303587577906,13.961228194381697,14.87949926978332,15.830908169826841,16.816214861572202,17.836137746912502,18.891345657570117,19.982451744946395,21.11000901473616,22.274507282679266,23.476371352330666,24.715960237550664,25.99356727159334,27.309420961473624,28.66368646086254,30.05646755174274,31.48780902448875,32.95769938320464,34.46607378105209,36.01281712617956,37.59776729474372,39.220718399669806,40.881424071012,42.57960071079204,44.31493069167435,46.08706547434866,47.89562862391948,49.74021870982093,51.620412077885646,53.535765486532895,55.48581860197846,57.47009634982184,59.488111122430915,61.53936484323579,63.62335089045214,65.73955588366442,67.88746133802061,70.06654519073808,72.27628320570022,74.5161502618983,76.7856215317553,79.08417355544024,81.41128521727296,83.76643863024579,86.14911993456288,88.55882001592558,90.99503514909198,93.45726757201594,95.94502599562,98.45782605403252,100.99519069982317,103.55665054854974,106.14174417665485,108.75001837650592,111.38102837212334
163.1313131313131,,,5.249936280216948e-25,3.8764127390793073e-16,1.0533386064835876e-11,4.820041705401071e-09,2.862239639044687e-07,5.291789503274433e-06,4.718185231866933e-05,0.00025870092718280736,0.0010092909611490648,0.003074259531724817,0.00777757095476482,0.017058133916287913,0.033442001817213816,0.05993376764963235,0.09985699193458518,0.15667590580054927,0.2338244807048043,0.33455980906852967,0.46184811756427097,0.618285177001767,0.8060486408432063,1.0268775818018196,1.2820736572149292,1.5725184029219592,1.8987017285682146,2.2607574932948338,2.6585029962796236,3.09148060712279,3.5590020819463675,4.060198781993221,4.594081626542076,5.159611319255563,5.755773780361514,6.381651598848953,7.036482175801145,7.7196965552159025,8.430937507927053,9.170059211958487,9.93711295353145,10.732323752694553,11.556062256503747,12.408815225216133,13.291156871893927,14.203722414441021,15.147184524974287,16.12223291897522,17.12955702712496,18.169831564106858,19.243704715473775,20.351788651581884,21.4946520803639,22.67281457088793,23.8867424051206,25.13684574164508,26.423476900088716,27.74692959753742,29.1074389880955,30.505182374347594,31.940280474687682,33.412799144125145,34.92275145819664,36.47010008045213,38.05475984377154,39.67660048465982,41.33544947776971,43.03109492525179,44.76328846235737,46.53174814647083,48.336161302746774,50.17618730387781,52.05146026626735,53.96159164856934,55.906172741982516,57.88477704461765,59.896962514786196,61.94227370021618,64.02024374202111,66.13039625379758,68.27224707727436,70.44530591748773,72.64907786040774,74.88306477738992,77.14676662077716,79.4396826154984,81.76131235169085,84.11115678349299,86.488719139206,88.89350574799566,91.3250267882361,93.78279696248356,96.26633610392027,98.77516971894276,101.30882947036744,103.86685360554037,106.4487873334137,109.05418315444876,111.68260114698077,114.33360921347051
163.63636363636363,,,5.670954739471351e-25,4.1872815252377956e-16,1.1378110597677456e-11,5.206584784027458e-09,3.091776848395097e-07,5.716164380310991e-06,5.0965599341050026e-05,0.00027944743913201894,0.0010902310150320944,0.00332079966903486,0.008401292989724847,0.01842611037844968,0.036123882001648226,0.0647401540829729,0.10786501996503567,0.1692405246723866,0.25257602688516595,0.36138982143899645,0.4988860114524339,0.6678685354859162,0.8706896838460443,1.109227994122377,1.3848895100178982,1.6986264621021436,2.0509680479294077,2.4420588516126314,2.871701398117347,3.339400495299783,3.844408810256958,4.385775601492019,4.962402207781556,5.573106629300223,6.216695233507445,6.8920349473021005,7.598117234627733,8.334106579998613,9.099369826190692,9.893486599156429,10.716243844477413,11.567618797159845,12.44775477346088,13.356933510573858,14.295546839548095,15.26406955388816,16.263034574346836,17.29301094861166,18.354584846109578,19.448343474528315,20.574861714900386,21.734691211443884,22.928351634529538,24.15632384179093,25.419044681801772,26.71690320912249,28.050238105324123,29.419336124704063,30.82443140594375,32.265705510454744,33.74328806561839,35.2572579062547,36.807644620949965,38.39443042156236,40.017552264575436,41.67690416217388,43.37233962912439,45.103674219051435,46.87068810998823,48.67312870559102,50.51071322318383,52.3831312449388,54.29004721262763,56.23110285017043,58.205919501542944,60.21410037451711,62.25523268324902,64.32888968491712,66.43463260749122,68.57201246733189,70.74057177644526,72.93984614091052,75.16936575195552,77.4286567728265,79.71724262456256,82.03464517446125,84.380385831282,86.75398655146203,89.15497076075617,91.58286419577492,94.03719566990006,96.5174977680286,99.02330747450183,101.55416673847323,104.10962298083724,106.68922954668213,109.29254610707245,111.91913901378199,114.56858161042416,117.24045450324287
164.14141414141412,,,6.066373325363343e-25,4.47924804854611e-16,1.2171471964234403e-11,5.569624252126482e-09,3.307357131611098e-07,6.114735298153282e-06,5.45192770095366e-05,0.0002989324670096777,0.0011662495385400139,0.0035523490234614864,0.008987089834460248,0.019710907532131564,0.03864269144229599,0.0692542899470462,0.11538612277984191,0.18104115648891253,0.2701873921578592,0.3865884447196578,0.5336718297483811,0.71443699599128,0.9314002518698795,1.1865711197393982,1.4814536824933764,1.8170665668684955,2.1939758696822516,2.6123362535593198,3.0719364303797585,3.572246318995659,4.112464617095427,4.691567654139381,5.30836244698813,5.961546984704747,6.649777904137303,7.371741335614672,8.126219567112162,8.912145996782026,9.728643290218997,10.575043184363333,11.4508894843695,12.355927708448734,13.290085494927176,14.253447639054826,15.246228902657894,16.268746877860725,17.32139639181843,18.404626303136546,19.518919078962824,20.664773233658405,21.842688521284725,23.053153670661512,24.296636404969934,25.57357547641564,26.884374455333855,28.229397032468896,29.608963616948202,31.023349036961807,32.47278117357064,33.95744037941767,35.477459553137415,37.03292475697925,38.62387627977189,40.250310060108426,41.91217939578418,43.609396875282556,45.34183647584715,47.109335779972746,48.91169826943568,50.748695661464666,52.62007025733248,54.52553727828444,56.464787167954384,58.437487844161694,60.44328688627838,62.48181364725466,64.55268128192446,66.65548868541222,68.789822337365,70.95525804939403,73.15136261427598,75.37769535722246,77.6338095895707,79.91925396692224,82.23357375388153,84.57631199822976,86.94701061773704,89.34521140310646,91.77045694074941,94.22229145922326,96.70026160324379,99.2039171391892,101.73281159599853,104.28650284530852,106.86455362458591,109.46653200689865,112.09201182084873,114.74057302404857,117.41180203336843,120.10529201503607
164.64646464646464,,,6.440935085747971e-25,4.755814449035915e-16,1.2922986538715168e-11,5.913514770087962e-09,3.511566375463876e-07,6.492283117124466e-06,5.7885511707070656e-05,0.00031738973383087867,0.0012382583742757687,0.0037716850307679276,0.00954198812530267,0.0209279365261654,0.04102864327206924,0.07353032232604545,0.12251051604802829,0.19221934989281642,0.28686982494505,0.410457936533548,0.5666228285313899,0.7585491474543739,0.9889085685077221,1.259834689864092,1.5729244624143481,1.929259406917127,2.3294405732127648,2.773632172472482,3.261609854036487,3.7928106474126473,4.366382843175965,4.981235886348697,5.636092436121258,6.3295456811148085,7.06012339118086,7.8263564971750785,8.62684643896612,9.460324164406037,10.325694941060597,11.222066046585336,12.14875750513997,13.105298334230046,14.091411924370266,15.106994346798645,16.152088927675802,17.226859688113215,18.33156547467412,19.46653592994841,20.63214992862466,21.82881673157341,23.05695986539592,24.317003587273224,25.609361716156698,26.93442857824251,28.2925718096338,29.684126770694157,31.10939234609551,32.56862792764848,34.0620514003586,35.58983797432745,37.15211972533927,38.74898572498795,40.3804826570368,42.046615830535444,43.74735051224186,45.48261351150548,47.252294959639876,49.05625023426308,50.89430198571174,52.766242229075274,54.67183447076739,56.61081584338984,58.582899226895776,60.58777533781259,62.62511477158836,64.69456998602814,66.79577721632197,68.92835831438366,71.09192250716644,73.28606807003635,75.51038391343974,77.76445108099328,80.04784415959313,82.36013260194095,84.70088196304694,87.06965505271137,89.46601300644782,91.88951627765776,94.33972555412304,96.81620260208327,99.31851104126513,101.84621705431263,104.39889003409183,106.97610317231845,109.57743399291779,112.20246483345157,114.85078327785197,117.52198254360115,120.21566182636533,122.93142660497232
165.15151515151513,,,6.79811365824628e-25,5.019545567788045e-16,1.3639623769297878e-11,6.241445534163161e-09,3.706298390074761e-07,6.852309166938536e-06,6.10955214594784e-05,0.0003349904099044711,0.001306925322881835,0.0039808417847591645,0.010071133917337813,0.022088483930268563,0.043303864500100715,0.07760790659201126,0.12930427047274778,0.20287877000608884,0.3027780359738335,0.4332196594651735,0.5980445911085299,0.8006140802709104,1.0437479584609983,1.329698141384814,1.6601501379807864,2.03624544415678,2.458618440640599,2.9274424445224776,3.4424806570640403,4.003138813947619,4.608517488881708,5.257463542879769,5.948622164696419,6.680492333097315,7.451487908020586,8.260003691565165,9.104482264133512,9.9834752691674,10.895693075964811,11.840038923068073,12.81562652043482,13.821782572762881,14.858037225783626,15.924105995886395,17.0198665735493,18.14533331608577,19.300631532109136,20.485972979513647,21.701633434020025,22.947932759900002,24.22521761848661,25.53384675949756,26.874178728132204,28.24656176406144,29.651325647118213,31.08877524584507,32.55918553864726,34.06279789727645,35.599817444578925,37.17041132062239,38.77470771216406,40.41279551938068,42.08472455064056,43.79050615089571,45.530114182326365,47.303486286804954,49.11052536995353,50.95110125469124,52.82505245977479,54.73218806524327,56.672289632346306,58.645113150490566,60.650390988094514,62.68783382805275,64.75713257186625,66.85796019942137,68.98997357396556,71.15281518406307,73.34611481628697,75.5694911538476,77.82255329846708,80.1049022129571,82.4161320840947,84.75583160557713,87.12358518183727,89.51897405404851,91.94157735014221,94.39097306104321,96.86673894565173,99.36845336729762,101.89569606458012,104.44804885960308,107.02509630667826,109.6264262845849,112.25163053547091,114.90030515342578,117.57205102571052,120.26647422952931,122.98318638714886,125.72180498205857
165.65656565656565,,,7.140542322490499e-25,5.272385748210194e-16,1.4326667026132838e-11,6.555834196173394e-09,3.892988826687146e-07,7.197467720174481e-06,6.41729718900315e-05,0.0003518642552627801,0.0013727566277225373,0.004181361282290531,0.010578428309296417,0.02320110581740336,0.04548512907183327,0.08151710451440518,0.13581747264099758,0.21309800282697,0.31802930766960136,0.45504142308541173,0.6281687727252185,0.8409419158826853,1.0963227221659588,1.3966765388184197,1.7437737757675673,2.1388134273601014,2.582461828795277,3.07490102722179,3.6158822931083177,4.204781392220027,4.8406533306722785,5.522285641684887,6.2482510561348334,7.0169619904708975,7.826729380642319,8.675826329621033,9.562553778842194,10.485302844645007,11.44260788938853,12.433185830217203,13.45595969878665,14.510066971988675,15.594854995698174,16.709866712814506,17.8548200198047,19.029583688331776,20.234152168723202,21.468620934468678,22.733163442791113,24.02801032182825,25.353431055231923,26.70971820428876,28.09717406286091,29.516099558431733,30.966785173708008,32.44950365239618,33.96450425889117,35.51200837724022,37.092206254665555,38.70525471637527,40.35127569926745,42.030355471636064,43.74254442358529,45.48785732868438,47.26627399072813,49.07774020199568,50.92216894935017,52.79944181375115,54.70941051654812,56.651898572713975,58.62670301709482,60.633596174910586,62.672327452232885,64.74262512609444,66.84419811730773,68.97673773206633,71.13991936100643,73.33340412671646,75.55684047240655,77.80986568687452,80.09210736116376,82.40318477484453,84.74271021006787,87.11029019280603,89.50552666137946,91.9280180630086,94.37736037964847,96.85314808480837,99.35497503335903,101.88243528662304,104.43512387522574,107.01263750232445,109.61457518992351,112.24053887103865,114.8901339304835,117.5629696970358,120.25865988971356,122.97682302082268,125.71708275836781,128.47906825034036
166.16161616161614,,,7.4702730234079715e-25,5.515850091708055e-16,1.498823329775993e-11,6.858564676239163e-09,4.0727563957141127e-07,7.529827080247635e-06,6.713630409250502e-05,0.00036811238352940016,0.0014361467715990424,0.004374445102052099,0.011066911175793307,0.02427246938334212,0.04758550784099082,0.08528134129110779,0.14208915179937226,0.22293828535492344,0.33271503066148767,0.4760539905693149,0.6571758873713287,0.8797743119265506,1.146947904874547,1.461171238720998,1.8242964760780693,2.237577977569947,2.701712847930418,3.2168915407029948,3.7828538394363074,4.398946666017327,5.064181243374401,5.777288364562235,6.536772120063181,7.340964079197955,8.18808051617513,9.076283924917897,10.003747225905903,10.968716319713955,11.969565444139652,13.004840537541682,14.073287881608287,15.173867701538802,16.305754357121856,17.468325914219164,18.66114626193515,19.88394274930381,21.136581810632524,22.419044437373365,23.731402770154286,25.07379859448646,26.446424148353238,27.84950538319204,29.283287643577353,30.74802362378901,32.24396340190297,33.77134632793584,35.33039454004938,36.92130789268822,38.54426009755169,40.19939589803814,41.88682911822147,43.606641447162225,45.35888183710838,47.143566411099,48.96067878916229,50.81017075554508,52.69196320009847,54.60594727662899,56.55198572926139,58.529914345035685,60.53954349717535,62.58065974884558,64.65302749190462,66.75639059921357,68.89047407260703,71.054985671703,73.24961751143935,75.47404761830163,77.72794143794255,80.01095328741722,82.32272774804242,84.66290099531757,87.03110206380762,89.4269540457401,91.85007522287349,94.30008013184624,96.77658056379457,99.27918649943499,101.80750698121442,104.36115092439452,106.9397278691667,109.54284867606593,112.17012616705586,114.82117571474468,117.49561578222703,120.1930684160495,122.91315969479363,125.65552013572285,128.4197850618918,131.2055949320501
166.66666666666663,,,7.788941082383862e-25,5.751146075708561e-16,1.5627603665625135e-11,7.151138386092427e-09,4.246492666339938e-07,7.851035605270099e-06,7.000021490787605e-05,0.000383815378365251,0.0014974101420994013,0.0045610508559489026,0.011539005179735752,0.02530788812619231,0.049615417774267534,0.08891928590207028,0.14815041275502033,0.2324484211186098,0.34690803975885465,0.49636157512766144,0.6852097977404874,0.9173038602249363,1.1958745855109214,1.523502106799769,1.9021175965419728,2.333028924070907,2.81696293132171,3.354118196214223,3.9442234013318855,4.586597599903395,5.280209751846115,6.02373604315725,6.815614945817581,7.6541015906871674,8.537323947160504,9.46334255662409,10.430213196959604,11.436049112575015,12.479077803955416,13.55768751273814,14.670460142637086,15.816189571353448,16.993886324401625,18.202770939263704,19.442258957435406,20.711940484675235,22.011556883328062,23.340976613647076,24.700171673588237,26.089195583388257,27.508163458947994,28.957234420184538,30.436596375110827,31.946453088811054,33.487013369714845,35.058482167755066,36.661053366226675,38.29490405309076,39.960190070211674,41.65704265665742,43.385566021680944,45.145835702050086,46.937897577224575,48.76176743205569,50.617430972135914,52.50484420991125,54.42393415136716,56.37459972312997,58.35671288856134,60.37011990897773,62.41464271265428,64.49008033992097,66.5962104375482,68.73279077984988,70.89956079763941,73.09624309910119,75.32254497015856,77.57815984299849,79.86276872485254,82.17604158005683,84.51763866023315,86.88721177875091,89.28440552673645,91.70885842887353,94.16020403805486,96.63807196862442,99.1420888685632,101.67187933138635,104.22706674896772,106.80727410678819,109.41212472335854,112.04124293575784,114.69425473336564,117.37078834196512,120.07047476044802,122.79294825239529,125.53784679478792,128.30481248610914,131.09349191604463,133.9035364989404
167.17171717171715,,,8.097874431264866e-25,5.979254209828502e-16,1.6247442470970412e-11,7.434774519240873e-09,4.414921620384766e-07,8.162431813825939e-06,7.277663863288919e-05,0.0003990386762354174,0.001556802031825334,0.0047419561549414836,0.011996677599546304,0.02631167677335781,0.051583317775949815,0.09244609814564364,0.15402651358211708,0.24166804011667256,0.36066747911562064,0.5160488011623704,0.7123873248604145,0.9536869513901185,1.243306648051055,1.5839288840603065,1.9775614281041585,2.425564023633953,2.9286923413720722,3.487152835438618,4.100663426839963,4.768516155232275,5.489639037286889,6.262655458878373,7.085940743539735,7.957677083584904,8.875909141577432,9.838602366478087,10.843704172432943,11.889205516393526,12.973198484085716,14.093925128547289,15.249813949816051,16.43950237211635,17.661845574844808,18.915913531391016,20.200978917420912,21.516498737856036,22.862092279452398,24.23751752663858,25.642647641093255,27.077448601652694,28.54195867958695,30.036270100863707,31.560513014997245,33.11484173538994,34.699423119959484,36.31442690886145,37.96001781282957,39.636349142331895,41.343557775908955,43.08176028097674,44.85105001798984,46.65149507796848,48.48313692121335,50.34598960230372,52.24003948176402,54.16524533857705,56.12153880979222,58.1088250931686,60.12698386497958,62.17587034845269,64.2553165243657,66.36513241975524,68.50510746500157,70.67501188941368,72.87459813603746,75.103602279582,77.36174543290383,79.64873513139635,81.9642666857496,84.30802449582589,86.67968331988233,89.07890949472923,91.50536210359549,93.95869408945892,96.43855331243856,98.94458355060353,101.47642544407992,104.03371738290619,106.61609633946551,109.22319864665636,111.85466072324604,114.51011974804644,117.18921428471393,119.8915848590984,122.61687449113276,125.36472918330703,128.13479836779166,130.9267353142697,133.7401975005147,136.57484694772194
167.67676767676767,,,8.398168619533971e-25,6.20098341847944e-16,1.6849947806128504e-11,7.71047891527373e-09,4.5786405463228885e-07,8.465119989179379e-06,7.547542111078416e-05,0.0004138362624890804,0.0016145330582094245,0.0049178025312278315,0.012441551447896576,0.027287394992471257,0.05349618647640665,0.09587428491699962,0.15973829230390185,0.2506298372590833,0.37404214289877596,0.5351854841485145,0.7388048465530394,0.9890526083118447,1.2894122976036415,1.6426658578863953,2.0508955121091836,2.515511427209578,3.037297296511986,3.616467230091705,4.252728688446473,4.945347455047229,5.693211764723626,6.494893765450873,7.348707704680862,8.252765686474707,9.20503307685314,10.203385749183294,11.245669910504656,12.329762847453633,13.453630844882479,14.61537975471777,15.813294404422136,17.04586472269441,18.311798384850704,19.610021363001987,20.93966873633974,22.3000684741533,23.690720796706643,25.111275336146814,26.561507824273164,28.041297539072666,29.550606309736043,31.08945953558223,32.65792941944818,34.25612043897236,35.8841569653886,37.542172872098966,39.23030294164259,40.94867586836244,42.69740865719934,44.476602230302845,46.28633806939715,48.12667573922665,49.99765115548199,51.899275477532704,53.831534522027184,55.79438860754402,57.78777275301306,59.81159716362621,61.865747947544826,63.950088015022814,66.06445811875099,68.2086780004766,70.38254761406012,72.58584840048215,74.81834459304689,77.07978453576096,79.36990200003517,81.68841748765283,84.03503951016351,86.4094658367328,88.81138470412078,91.24047598386689,93.6964123029671,96.17886011532988,98.68748072224692,101.22193124074522,103.78186551941087,106.36693500174508,108.97678953755646,111.61107814325051,114.2694497121622,116.9515536763022,119.65704062106833,122.38556285460265,125.13677493356701,127.91033414718055,130.70590096138474,133.52313942502462,136.36171753991954,139.22130759667766
168.18181818181816,,,8.690739845522482e-25,6.417010198039566e-16,1.743695791640641e-11,7.979092749003739e-09,4.738148950915141e-07,8.760023633720588e-06,7.81047963337361e-05,0.0004282532845995667,0.0016707793587585787,0.005089126492547649,0.012874984036025668,0.028238019702292953,0.055359860042889744,0.09921430562266409,0.16530317556999197,0.2593611550115112,0.38707283724142927,0.5538300101543759,0.7645429627442449,1.023508731699003,1.3343322026217004,1.6998922349342516,2.1223435910339408,2.6031455645539183,3.143109150737833,3.7424559187191617,4.40088313757238,5.117631010903468,5.891549024441384,6.721159459891059,7.6047172642222,8.540266826820327,9.525697496274681,10.558800069867802,11.637325439982282,12.75904443284361,13.921805730145346,15.123587669342824,16.362540037498906,17.637013368365402,18.94557505841259,20.28701323669469,21.660330421386032,23.06472950450725,24.499594630269097,25.964469240577614,27.459033116600025,28.98307976815647,30.536495086946395,32.119237820188786,33.7313221460532,35.3728024356608,37.04376015443383,38.74429277404872,40.474504521332506,42.23449877112225,44.024371887235425,45.84420832376401,47.694076812128564,49.574027475948945,51.484089732937306,53.42427085988282,55.39455511263922,57.3949033074296,59.42525278268945,61.485517672063224,63.57558942914353,65.69533755321254,67.84461047279666,70.02323655010245,72.23102517569939,74.4677679264376,76.73323976504501,79.02720026253283,81.34939482800779,83.69955593305316,86.07740432013667,88.48265018647403,90.9149943364635,93.37412929727485,95.8597403933728,98.37150677691993,100.90910241177235,103.47219700966363,106.06045691777135,108.67354595740443,111.3111262140163,113.97285877911187,116.65840444281484,119.3674243529976,122.09958059793698,124.85453678787177,127.63195856311788,130.4315140747325,133.2528744246425,136.09571406906264,138.9597111869319,141.8445480150759
168.68686868686868,,,8.976363399277214e-25,6.627907001973062e-16,1.8010028331037837e-11,8.241327825327783e-09,4.893869518511299e-07,9.047924218216549e-06,8.067173193307663e-05,0.00044232794650734435,0.001725689981613467,0.005256382033519119,0.013298123925179095,0.029166069981292026,0.057179277058711814,0.10247501104691513,0.1707359098702152,0.26788513065883346,0.39979409242794983,0.5720317856634323,0.7896698773566003,1.057146627487204,1.3781853972145597,1.7557596604663839,2.1920949964992196,2.688698659032367,3.2464082968897223,3.865452761136044,4.545519371470797,5.285823359658971,6.085176388264771,6.94205209137341,7.854647662519641,8.820941791378766,9.838750537211693,10.905783340543389,12.019700677920255,13.178172988358385,14.378938371490108,15.619855224721034,16.898945959130984,18.214429035102466,19.56473821482459,20.94852954447474,22.364677771107587,23.812264540079585,25.290560866982982,26.799006179735315,28.3371858384523,29.904808588961473,31.501684973245247,33.12770734994751,34.78283188684491,36.46706267217114,38.180437943200396,39.92301833475445,41.694876994311315,43.496091382312216,45.326736568018234,47.18687983435987,49.0765764164584,50.99586621315401,52.944771327213054,54.923294306463866,56.93141697543904,58.96909974909487,61.03628137753151,63.13287899404209,65.25878845958997,67.4138849172649,69.59802352296428,71.81104031146457,74.05275316582288,76.32296286214577,78.62145416649676,80.9479969643585,83.30234740628495,85.6842490561372,88.09343403067959,90.52962412134737,92.99253189076668,95.48186173805695,97.99731092835921,100.53857058295843,103.10532662746098,105.6972606962035,108.31405099176317,110.95537309900868,113.62090075359937,116.31030656523534,119.02326269628078,121.75944149664552,124.51851609601613,127.30016095468686,130.10405237437524,132.9298689704786,135.77729210730436,138.64600629783564,141.53569956961286,144.4460637983091
169.19191919191917,,,9.25570213734279e-25,6.834163265851292e-16,1.8570488994533065e-11,8.497792722336477e-09,5.046163635265385e-07,9.329489883601109e-06,8.318218508579306e-05,0.00045609291177136014,0.00177939235977188,0.00541995730991065,0.01371195311085917,0.030073699588126408,0.058958659910399,0.10566396842262799,0.17604910314062297,0.2762215460885783,0.41223543111902355,0.5898330521710379,0.8142439032974521,1.0900443603146315,1.4210736530207762,1.8103977879668267,2.2603116030249657,2.7723692566942897,3.3474344648999983,3.9857432004055817,4.686973052476571,5.450314830844894,6.274543210671765,7.158084271262241,8.099078818865035,9.09544158220342,10.14491763686934,11.245138180312095,12.393677384331228,13.588110450562944,14.826070937076231,16.105303924232068,17.42371126123399,18.779385952653566,20.17063422972285,21.595985430886877,23.054191072195202,24.544215241033612,26.06521871031528,27.616539064885053,29.19766880487048,30.808232970563083,32.447967409122164,34.11669842832179,35.814324277505484,37.54079866537617,39.29611636008904,41.08030080788554,42.89339363900077,44.73544589378814,46.60651078628886,48.50663782217068,50.43586809562479,52.39423060274662,54.38173942423413,56.398391646191,58.44416590263034,60.51902144457486,62.62289763081987,64.75571379394022,66.91736938746268,69.10774437654217,71.32669981833091,73.57407859299418,75.84970625086814,78.15339194679666,80.48492943714098,82.8440981188472,85.23066409330649,87.64438124061131,90.08499229228835,92.5522298927027,95.04581764114025,97.56547110817516,100.11089882119259,102.68180321514897,105.27788154558415,107.89882676173907,110.54432833832783,113.2140730651063,115.90774579387146,118.62503014293641,121.36560915946478,124.12916594032485,126.9153842123472,129.7239488730452,132.55454649299006,135.4068657811399,138.28059801449413,141.17543743348384,144.09108160454963,147.02723175135444
169.69696969696966,,,9.529327974974526e-25,7.036201276623211e-16,1.9119487388273803e-11,8.749012523618452e-09,5.195343106583248e-07,9.605297104509081e-06,8.564129566783736e-05,0.00046957636263974,0.0018319964429297994,0.005580187224058932,0.014117318862677952,0.030962766794306183,0.06070165168608809,0.10878770678824164,0.1812536335583199,0.28438746919185776,0.42442232558334203,0.6072702558071322,0.8383153531746733,1.1222692846610782,1.4630847790135904,1.8639184829749114,2.32713307658888,2.8543286638613345,3.446394494745628,4.103573517934177,4.825533791391337,5.611442202432561,6.460037197441375,7.369698288272858,8.33851111337597,9.364327961885207,10.444824902072602,11.577557526168356,12.760017182534922,13.989688230832789,15.264104908005333,16.580904785403995,17.937875218175193,19.332989738771925,20.764432649873356,22.23061158944196,23.730159133922786,25.261925350836236,26.824963581084955,28.418511717097,30.04197097402973,31.6948837866452,33.376912015227646,35.08781631598132,36.82743717751825,38.59567790028484,40.39248961166746,42.217858288101304,44.07179367709971,45.95431996750986,47.86546803448517,49.80526908029455,51.773749496741104,53.77092678572893,55.796806388535714,57.85137928961049,59.934620276044555,62.04648674853161,64.1869179929487,66.35583483458822,68.55313960682116,70.77871637687396,73.03243137888154,75.31413361210006,77.62365556837966,79.96081405847441,82.32541111146833,84.7172349256458,87.13606085261674,89.58165239949709,92.053762236512,94.55213319959216,97.07649927942074,99.62658659002804,102.20211431136806,104.80279560155074,107.42833847537736,110.07844664669217,112.75282033279434,115.45115701976444,118.17315218807369,120.91849999827822,123.68689393695003,126.47802742329768,129.2915943771547,132.1272897492172,134.98481001454664,137.86385363047813,140.76412146015414,143.685317162962,146.62714755319092,149.58932292824844
170.20202020202018,,,9.797738379204293e-25,7.234388350660615e-16,1.9658021621957727e-11,8.995443960781195e-09,5.341679149063018e-07,9.875847313856783e-06,8.805353447936305e-05,0.0004828028127780974,0.0018835978682439638,0.005737363082884396,0.01451495815818096,0.03183488797359284,0.06241142124269154,0.11185190527432477,0.18635896324991272,0.29239774607226904,0.436376932274794,0.6243750983801024,0.8619279902260744,1.1538799872352967,1.5042951537629217,1.9164190490986952,2.392680902356328,2.9347258873040754,3.5434683011569303,4.219157935810028,4.961453499361166,5.769498412874154,6.641995585856524,7.577278860190844,8.573379804633987,9.628089615478022,10.739017069232641,11.903644412574998,13.119383144012575,14.383630556619147,15.693826098301066,17.047504940162465,18.442345356165674,19.876206821037517,21.347156850102373,22.85348603975075,24.393712074418595,25.966574384726858,27.57102160510242,29.20619405090074,30.871403236704555,32.5661101127608,34.28990330469425,36.042478267343924,37.823617941998684,39.63317525028056,41.47105756671901,43.337213177318134,45.23161964294505,47.15427393262024,49.1051841637586,51.08436277603497,53.09182096672934,55.12756422394309,57.19158880656548,59.28387903429587,61.404405265963995,63.553122458683205,65.72996921454441,67.93486723299439,70.16772109919607,72.42841834785754,74.71682975096344,77.03280978532786,79.37619724245351,81.74681594884684,84.1444755698302,86.5689724741022,89.02009063991134,91.49760258682556,94.00127031974556,96.53084627408202,99.08607425303798,101.66669034952075,104.272423846743,106.90299809274102,109.55813134510554,112.23753758310926,114.94092728516921,117.66800817021713,120.41848590209581,123.19206475654086,125.98844825068376,128.80733973532008,131.6484429504388,134.51146254470893,137.3961045597832,140.3020768804012,143.22908965137347,146.1768556625925,149.14509070326713,152.13351388660013
170.70707070707067,,,1.0061369213177219e-24,7.429046317666873e-16,2.0186966204256552e-11,9.237487206022843e-09,5.48540939316351e-07,1.0141579849545701e-05,9.042281867847305e-05,0.0004957937401993088,0.0019342804296323295,0.005891740119277372,0.014905516711203425,0.03269147933590841,0.06409074502076402,0.11486153973428699,0.1913733825983435,0.30026538436437855,0.4481186638998637,0.6411753559013775,0.8851201582644258,1.1849277996552559,1.5447716974892525,1.9679847403429795,2.4570615213626072,3.013691481526413,3.6388135193314106,4.332684147903173,5.09495289208659,5.924740124582377,6.820713851702424,7.781163065272966,8.804066260281669,9.887154744099261,11.027971507327281,12.223927406746721,13.472356651902277,14.770572732166372,16.115924258420375,17.50584850897738,18.93791951452033,20.409887595868895,21.919708199107085,23.46555921037782,25.04584723346671,26.65920428855222,28.304476937161574,29.980709992350175,31.687126838934752,33.42310808671662,35.18816990912653,36.981943051638666,38.80415316873174,40.65460288268692,42.53315575449675,44.4397222115454,46.37424737733174,48.33670068683857,50.327067136238774,52.34534000023331,54.39151484799724,56.465584694665196,58.5675361361817,60.69734632879516,62.85498068864376,65.04039120165612,67.25351524678292,69.49427484881573,71.76257628796087,74.05831000356513,76.38135073827213,78.73155787667312,81.10877593929641,83.51283519864911,85.94355238909479,88.40073148672113,90.88416453910787,93.39363252814826,95.92890625180408,98.48974721315722,101.07590850700713,103.68713569614562,106.32316767086046,108.98373748650974,111.66857317509877,114.37739852771645,117.10993384546661,119.86589665720142,122.64500240291535,125.44696508213727,128.2714978670365,131.1183136802939,133.98712573804994,136.87764805845512,139.78959593652752,142.72268638615563,145.6766385501863,148.65117407962714,151.64601748303627,154.66089644722234
171.2121212121212,,,1.0320604871335878e-24,7.620459004237886e-16,2.0707092377881052e-11,9.475495177391233e-09,5.626743408862118e-07,1.040288217047172e-05,9.275260286750948e-05,0.0005085680866952888,0.001984118026247717,0.006043543427075476,0.015289563986780373,0.03353378985869781,0.06574207160619355,0.11782099845537235,0.1963042030206312,0.30800185570239336,0.4596646408195209,0.6576955244651732,0.9079256732910986,1.2154579920686095,1.584573428170371,2.0186907435325985,2.5203688056037707,3.0913405845618858,3.7325691700411285,4.444317684341816,5.22622662216009,6.0773936921277585,6.996452579824622,7.981648179319612,9.030906820412833,10.14190100670859,11.312109277689148,12.538872808848552,13.819450743522852,15.151075604163271,16.531008625842635,17.956593183265372,19.4253033965214,20.934784878773634,22.482885337948776,24.067673974704572,25.687449896646463,27.340740784430515,29.026293664129653,30.74305987057652,32.49017621594957,34.266944119684695,36.07280811010568,37.9073347491989,39.770192704922266,41.66113442262257,43.579979633897764,45.526600784933024,47.500910357442756,49.50284998513188,51.53238122719134,53.589477839789595,55.67411938047737,57.786285983759306,59.92595415500842,62.09309344279528,64.28766386233792,66.50961395793048,68.75887940480297,71.03538206384356,73.33902941397416,75.66971429727,78.02731492102839,80.41169506900218,82.82270448099658,85.26017936609873,87.72394302005392,90.21380652183211,92.72956948834069,95.2710208695345,97.83793976916743,100.43009627876216,103.04725231458067,105.68916244916609,108.3555747305663,111.04623148368157,113.7608700930152,116.49922373736467,119.26102215177724,122.04599228483289,124.85385897984368,127.68434560108923,130.53717463060414,133.41206823165066,136.30874877901925,139.22693935651648,142.16636422219534,145.1267492420216,148.10782229279485,151.10931363522423,154.13095625812963,157.1724861947866
171.71717171717168,,,1.0575786372032294e-24,7.80887820921034e-16,2.1219084356436168e-11,9.7097809687132e-09,5.765867117695567e-07,1.0660098013622054e-05,9.504595182219441e-05,0.0005211426566150631,0.0020331762182872774,0.0061929726999204685,0.015667605189963213,0.03436292758142377,0.06736757327983317,0.12073417453121943,0.20115791089378965,0.31561733723038415,0.4710300515082931,0.6739573359603697,0.9303745354187786,1.2455107262165757,1.623752704037041,2.068603761209168,2.5826860343066413,3.167775341959009,3.8248585866147864,4.554205396390594,5.355447377051134,6.22765992762994,7.169442950083871,8.17899793352803,9.254199875585222,10.392663461010029,11.59180397151817,12.848894407022984,14.161120788163696,15.525637150974928,16.939620399031895,18.400323544686735,19.905124685686566,21.451568763825495,23.03739972650723,24.66058182793336,26.319310047525203,28.012010644580727,29.73733354862409,31.494138585142668,33.281477528197534,35.098573757727564,36.944800980797226,38.81966212881837,40.722769216891436,42.65382467284921,44.6126044219276,46.59894284654036,48.61271962278927,50.65384835695185,52.72226689715709,54.817929169856654,56.94079838221166,59.09084142022471,61.26802432110899,63.47230862666205,65.70364854068772,67.96198874447987,70.24726277894162,72.5593919027098,74.89828434869646,77.26383491190617,79.6559248106966,82.07442177185943,84.51918029708273,86.99004207461627,89.48683650537417,92.00938131740615,94.55748324669351,97.13093876570314,99.72953484414063,102.3530497288475,105.00125373204757,107.67391001898379,110.37077538760929,113.09160103436672,115.83613330126185,118.60411440043266,121.39528311326323,124.20937546180986,127.0461253509141,129.90526517988351,132.78652642305462,135.68964017890485,138.61433768767657,141.560350817721,144.5274125209641,147.51525725805863,150.52362139391306,153.55224356438492,156.60086501500263,159.66922991263527
172.2222222222222,,,1.0827217888568989e-24,7.994528526031901e-16,2.1723552428279576e-11,9.940623845859755e-09,5.902946353467232e-07,1.0913533977222589e-05,9.730559918710101e-05,0.000533532438696147,0.0020815134824597394,0.006340206055724697,0.01604009094136365,0.035179880826376735,0.06896918762031101,0.12360454043429311,0.20594029177976322,0.3231209065115777,0.4822284433838302,0.6899801742724565,0.9524935034236397,1.275121824601375,1.66235622631888,2.1177832890950232,2.644087488866298,3.243086863037809,3.9157917769372927,4.6624782688902355,5.482769186359493,6.375717946639971,7.339891164778093,8.373447564998827,9.474211579664507,10.639740973876712,11.867388846516418,13.154361359277193,14.497773121249129,15.894701862956609,17.342242845204005,18.837561871118655,20.377944512799335,21.960838709584497,23.58388830357847,25.244956076020948,26.942136040637575,28.673755804872336,30.438370541278935,32.234750475864494,34.06186385111627,35.91885715310701,37.80503410210245,39.71983457301283,41.66281428950953,43.63362585309665,45.63200143964532,47.65773732035719,49.71068023768284,51.79071558052078,53.89775724847933,56.03173906425479,58.19260757909073,60.38031611454268,62.594819888008324,64.83607208023717,67.10402071437554,69.39860622950508,71.71975964462472,74.06740122155664,76.44143954688913,78.84177096364662,81.26827929285446,83.72083579355812,86.19929931723313,88.703516618955,91.23332279328818,93.78854180769925,96.36898711044051,98.97446229353014,101.60476179441491,104.25967162268253,106.93897010038633,109.64242860652625,112.36981231788315,115.12088093983628,117.89538942200345,120.6930886545795,123.51372614212971,126.35704665233821,129.22279283784636,132.11070582984314,135.02052580252078,137.95199250788022,140.90484578067927,143.87882601358262,146.87367460276073,149.889134364392,152.9249499226144,155.980868069625,159.0566380986753,162.15201211079847
172.7272727272727,,,1.1075172071519712e-24,8.177611272497256e-16,2.2221043635026e-11,1.016827413322519e-08,6.038129763935332e-07,1.1163464885444149e-05,9.953399530796896e-05,0.0005457508683310022,0.0021291822354256424,0.006485403153302999,0.01640742516190743,0.035985535491888536,0.07054865140692695,0.12643520876917594,0.210656531658725,0.3305207003637013,0.4932719599089446,0.7057814144546677,0.9743065629588944,1.3043233972890784,1.7004258564036296,2.1662826571240466,2.7046397525862083,3.317356815081741,4.005467348320168,4.769253712182574,5.608330116958642,6.521728302227748,7.507982056647672,8.565207932568164,9.691180505672216,10.883401446469259,12.139162645587902,13.455604622822115,14.8297720920775,16.25866840590861,17.739309566606508,19.268776983928674,20.844266855490766,22.463133457686737,24.122923888730117,25.821402684089954,27.556565860024964,29.32664499784059,31.13010275385387,32.96562160291709,34.832087730317376,36.728571863655716,38.654308576248106,40.60867527666036,42.59117178146631,44.60140108419145,46.63905169796513,48.70388176629079,50.795705001602656,52.91437841755798,55.059791760221344,57.2318585071325,59.430508285946445,61.655680558135415,63.90731941737906,66.18536935976137,68.48977189440193,70.82046287556355,73.1773704500759,75.56041352633481,77.96950068278932,80.4045294445048,82.86538586601506,85.35194436723417,87.86406777674847,90.40160754341794,92.96440408297396,95.55228723124719,98.16507678006545,100.80258307545667,103.46460766107234,106.15094395247195,108.86137793025308,111.59568884204435,114.35364990509711,117.13502900269175,119.9395893688329,122.76709025678512,125.61728758790625,128.48993457801927,131.38478233921444,134.30158045552827,137.24007753141555,140.20002171231656,143.1811611769507,146.18324460123944,149.20602159397095,152.2492431045376,155.31266180316766,158.39603243424565,161.49911214337828,164.62166077894048
173.23232323232318,,,1.1319894424548465e-24,8.35830772226724e-16,2.2712050551217062e-11,1.0392957231247431e-08,6.171551196503636e-07,1.1410138199148037e-05,0.00010173334655784564,0.0005578100431955765,0.0021762296748076304,0.006628707754781467,0.016769971555485503,0.03678068927085069,0.07210752849380044,0.12922898222893375,0.21531130016032723,0.33782404544902433,0.5041715354579651,0.7213767015846729,0.9958353115073333,1.3331443572555588,1.737999287682388,2.2141498853488417,2.7644027792979613,3.390658734038796,4.093974090078198,4.874637446457609,5.732254488870666,6.665835561732437,7.673882055288275,8.754468900790107,9.905321473952391,11.123886110936743,12.40739438277834,13.752922244415624,15.157445866417541,16.61789593557842,18.131211318097467,19.69439155233234,21.304546307131496,22.958939239905135,24.655023798631273,26.390469272134403,28.163176464438372,29.971283418108797,31.8131624164269,33.68740996840384,35.592831641129685,37.528423524811956,39.493351886663824,41.48693227064279,43.50860898929092,45.55793566963192,47.634557274483505,49.738193830490275,51.86862595182074,54.02568214762196,56.209227834114465,58.41915593166137,60.6553789043229,62.91782209225412,65.20641818736168,67.521102709757,69.86181035258555,72.22847207470079,74.62101283309175,77.03934985924543,79.48339139525304,81.95303581622272,84.44817107530305,86.96867441632871,89.5144123068173,92.08524055080943,94.68100454695566,97.30153966237857,99.94667169731302,102.61621741929922,105.3099851490786,108.02777538313377,110.76938144026965,113.53459012171783,116.32318237603725,119.13493396160985,121.96961610084053,124.82699612127995,127.70683807983666,130.6089033670546,133.5329512891067,136.47873962573948,139.44602516288504,142.4345641990664,145.44411302506956,148.4744283766153,151.52526786006106,154.59639035126176,157.68755636797013,160.79852841622588,163.92907131131048,167.07895247391625
173.73737373737373,,,1.1561606931469511e-24,8.53678178195307e-16,2.319701856153257e-11,1.0614876946434197e-08,6.303331675662771e-07,1.165377767183167e-05,0.00010390564793378626,0.0005697209019783362,0.0022226984766007527,0.006770249849518672,0.017128058982244357,0.0375660634335009,0.07364723291386226,0.13198839500169363,0.21990881955213523,0.3450375665174226,0.5149370568650753,0.7367801819030158,1.0170992774594168,1.3616108475419935,1.7751106024687453,2.261428393382076,2.8234307791068134,3.4630591109310838,4.181392285289961,4.978725063649392,5.854654711951206,6.8081704425898755,7.837741645944784,8.941402144870157,10.11682872536964,11.361413092349673,12.672327311573067,14.04658374838895,15.481091242012182,16.97270934159786,18.518301673686402,20.114788170380756,21.75919454694291,23.44869662031364,25.180657037950652,26.952652630234038,28.762491602048158,30.6082208122885,32.48812421885709,34.40071408655365,36.344716765537775,38.31905481205912,40.32282702536636,42.35528769433266,44.415826045495734,46.503946600462754,48.619250906624096,50.76142090872071,52.93020407944105,55.125400319622614,57.34685056534128,59.5944269934904,61.8680246909773,64.16755464186122,66.49293788510357,68.84410070081624,71.22097069195215,73.62347363956407,76.0515310217976,78.50505809885831,80.98396247776931,83.48814308152612,86.01748945709765,88.57188136556273,91.151188605536,93.75527102796065,96.38397870637029,99.0371522320895,101.71462310826567,104.41621422072582,107.14174036696947,109.8910088275713,112.66381996678653,115.45996785130473,118.27924087795508,121.12142240274568,123.98629136497395,126.87362290129701,129.78318894563546,132.71475881161757,135.66809975498123,138.64297751395102,141.63915682611224,144.6564019207395,147.69447698586026,150.75314660972134,153.83217619643722,156.93133235593632,160.0503832684143,163.18909902366585,166.34725193577364,169.52461683372147
174.24242424242425,,,1.180051108513634e-24,8.713182228598605e-16,2.3676351937929976e-11,1.0834218272273096e-08,6.433581054332555e-07,1.1894586402677941e-05,0.0001060527102779871,0.0005814933736356327,0.002268627377449825,0.0069101474277691085,0.01748198594580279,0.038342312673280005,0.07516904817306319,0.13471574734887562,0.2244529223511821,0.35216727679915816,0.5255774983271734,0.7520046958342892,1.038116186572211,1.389746597968675,1.8117907368268595,2.3081575928438554,2.8817729580708575,3.534618299104637,4.267794806235942,5.08160333175881,5.975632819688211,6.9488515959252934,7.99969742282843,9.126163493058021,10.325878571326186,11.596180383571308,12.934182239710335,14.336833803191038,15.800977674112989,17.323403633948146,18.900901770176322,20.53031444871046,22.208585766336398,23.93280623937967,25.70025034218395,27.508405039881442,29.3549883898994,31.237958296191728,33.15551234594004,35.10608021766428,37.088310406449885,39.10105301775472,41.143340215083334,43.21436564631459,45.31346388170452,47.44009061500728,49.59380413255831,51.77424835343877,53.981137587985,56.214243047763524,58.47338106150161,60.75840289983096,63.06918608240416,65.40562702615199,67.76763488990338,70.15512647403183,72.56802204171068,75.00624193880155,77.46970390097944,79.95832094853581,82.47199978078773,85.01063959282202,87.5741312472223,90.16235674238361,92.77518892702018,95.4124914175267,98.07411868106277,100.7599162526481,103.46972105921463,106.20336182768851,108.96065955764146,111.74142804209481,114.54547442265822,117.37259976741274,120.22259966186763,123.09526480495236,125.99038160340477,128.90773275911994,131.8470978450287,134.80825386595237,137.79097580161368,140.7950371296025,143.82021032663266,146.86626734686925,149.93298007642505,153.0201207636198,156.12746242455822,159.25477922409445,162.40184683225306,165.56844275639003,168.75434664948008,171.9593405950213
174.74747474747474,,,1.2036790434344285e-24,8.887644589730885e-16,2.415041894970093e-11,1.105114972753638e-08,6.562399402421694e-07,1.2132749403758101e-05,0.00010817618316966836,0.0005931365028950167,0.002314051664285778,0.0070485079721046544,0.01783202436637001,0.03911003337793312,0.07667414347399629,0.137413134680825,0.2289470997676421,0.3592186540126933,0.5361010348390074,0.7670619402918063,1.0589021860255334,1.4175732250835995,1.8480678720380712,2.35437338553033,2.939474140179608,3.6053912771029886,4.353248035514689,5.18335129161372,6.095281758920463,7.0879871063217825,8.159873815686009,9.308894896302112,10.532631622128566,11.828368346951656,13.193160317141292,14.62389530598858,16.117350663457934,17.670247636776065,19.279304304578027,20.941287308830006,22.653061249493334,24.411633667287514,26.214193288145186,28.05813962506096,29.941102888379113,31.860954135660464,33.81580644790641,35.80400851209629,37.82413228956559,39.87495649581526,41.95544748230612,44.06473887170131,46.20211101657185,48.366971074091204,50.55883424077267,52.777306485087635,55.02206895395081,57.29286410940184,59.58948356565611,61.91175754754954,64.25954583639451,66.63273009304245,69.0312073905346,71.4548848315182,73.90367511181255,76.37749290699537,78.87625196924033,81.39986283318288,83.94823104096383,86.52125580737633,89.11882905602415,91.74083476644793,94.38714858030461,97.05763762185805,99.75216049443773,102.4705674199558,105.21270049350622,107.97839402917995,110.76747497687145,113.57976339295824,116.41507295042989,119.273211476329,122.15398150635802,125.05718084819132,127.98260314647843,130.93003844376423,133.89927373260429,136.89009349505412,139.90228022647088,142.93561494121738,145.9898776584223,149.0648478663148,152.16030496432472,155.27602868201498,158.41179947463158,161.56739889501912,164.74260994193858,167.93721738495447,171.15100806620296,174.38377117944518
175.25252525252523,,,1.227061273913384e-24,9.060292734888959e-16,2.4619556187843066e-11,1.126582533512217e-08,6.689878181885164e-07,1.2368435772520874e-05,0.00011027757428197592,0.0006046585564622545,0.00235900358867852,0.0071854297195056505,0.018178422773749706,0.03986977063469871,0.07816358744517854,0.14008247216200617,0.23339454269973972,0.3661967046868468,0.5465151381874218,0.7819626060277571,1.0794720340289237,1.4451104859926656,1.883967765087145,2.4001085849877133,2.9965752936871763,3.675428294253866,4.43781264553525,5.284041184999644,6.213686481257855,7.225675760994836,8.318384550896758,9.489726095053795,10.737234672781048,12.05814183153917,13.449445395797998,14.907971993856526,16.430434625566512,18.013487118286758,19.65377692343811,21.34799662692711,23.09293326333868,24.885513529162722,26.722842641724668,28.602234908599804,30.521234851865117,32.47762867712096,34.46944673674064,36.49495825862102,38.55265995055058,40.64126017483245,42.75966028401225,44.90693449055142,47.08230937430864,49.28514385842805,51.51491023533661,53.771176614457254,56.053590996147065,58.361867050936006,60.69577159251692,63.0551136728333,65.4397351895489,67.84950287558202,70.28430153195356,72.74402836518425,75.22858829594259,77.73789011442831,80.27184336851472,82.83035588190988,85.41333181080327,88.02067015821035,90.65226367523083,93.30799808758633,95.98775159399273,98.69139459032476,101.41878957989633,104.16979123590694,106.9442465870361,109.7419953014491,112.56287004819434,115.40669691818718,118.27329588972876,121.16248132588976,124.07406249312614,127.00784409224036,129.96362679429882,132.94120777539408,135.9403812452334,138.96093896546114,142.00267075442218,145.06536497575854,148.1488090086677,151.2527896985411,154.37709378644837,157.52150831691756,160.68582102337885,163.86982069100094,167.0732974968313,170.29604332732637,173.5378520734907,176.79851990395383
175.75757575757575,,,1.2502131805560126e-24,9.231240230348717e-16,2.508407224629671e-11,1.1478386306569883e-08,6.816101247032667e-07,1.2601800541180956e-05,0.00011235826589764094,0.0006160671134327854,0.002403512719571625,0.007321002735775082,0.018521409025465153,0.04062202419139807,0.0796383598284765,0.14272551565680577,0.23779817663254807,0.3731060189158257,0.5568266586689006,0.7967164945559826,1.0998392612294465,1.4723764944398683,1.9195140305773233,2.445393275387988,3.0531139791803135,3.7447754202276085,4.521544262082621,5.383739244754881,6.330924872181644,7.3620081302080695,8.475333895281064,9.668776038223697,10.939822308343995,12.28565197552094,13.70320603870378,15.18925066849736,16.740435334944976,18.353347458151976,20.02456511303684,21.750708343227394,23.52848837958248,25.35475303096097,27.22652607706225,29.141038713119237,31.095751799356837,33.08836857570188,35.11683835975052,37.17935239171749,39.27433336462157,41.400420299205415,43.556450349707134,45.74143893061694,47.95455929825807,50.1951224534162,52.462557982612104,54.75639624230136,57.07625211898109,59.42181046641513,61.792813226580684,64.18904817531839,66.61033919215426,69.05653792992585,71.52751674900674,74.02316277910934,76.54337297581748,79.08805004688526,81.65709913329701,84.25042514095762,86.867930629912,89.50951417866345,92.17506915118271,94.86448280340355,97.57763567431579,100.31440121424569,103.0746456094113,105.85822776772096,108.66499943577908,111.4948054214825,114.34748390040234,117.22286678744436,120.12078015812229,123.04104470622438,125.98347622675718,128.94788611485248,131.93408187286877,134.9418676192362,137.97104459372977,141.02141165481038,144.09276576549874,147.18490246498374,150.2976163234977,153.43070137925056,156.58395155542036,159.75716105673698,162.95012474481672,166.16263849187695,169.39449951264154,172.64550667443012,175.91546078556917,179.2041648623826
176.26262626262624,,,1.2731489056200783e-24,9.400591498771938e-16,2.5544250873014517e-11,1.1688962483979574e-08,6.941145700765324e-07,1.2832986259762471e-05,0.00011441952899565647,0.0006273691426823451,0.002447606245205524,0.007455309835199197,0.018861192633427042,0.041367253559393816,0.08109936148323613,0.14534387965880866,0.24216069150989256,0.37995081722923557,0.5670418950384156,0.8113326182358782,1.1200163088746917,1.4993879057677562,1.9547283818149213,2.490255118720389,3.1091247331104865,3.813475015465881,4.604494032308907,5.482506371078457,6.447068546341429,7.497067492100598,8.630817720771601,9.846154097740369,11.14051827811338,12.511037749156554,13.954597240024814,15.467903098620711,17.047542018510725,18.690035933039308,20.391894677154898,22.14966712939221,23.959990326619607,25.819634988683443,27.72554537446527,29.674871517929375,31.66499252014241,33.69353043929975,35.7583551717384,37.85758138177764,39.98955894516594,42.15285852658658,44.3462538687133,46.5687021957188,48.81932389187748,51.09738235451898,53.40226467289102,55.73346356951143,58.09056086376376,60.4732125823957,62.88113574068632,65.31409674868674,67.77190135135544,70.25438598451503,72.76141041528282,75.2928515319837,77.84859815138635,80.42854671806,83.03259777997648,85.66065313497548,88.31261355352466,90.98837699377866,93.68783723497309,96.41088286440554,99.15739656173494,101.92725463178812,104.72032674381121,107.53647584099679,110.37555818927261,113.23742353884809,116.12191537593,119.02887124539478,121.95812312813715,124.90949785932322,127.88281757594933,130.87790018395881,133.8945598367658,136.9326074184721,139.99185102573844,143.07209644471556,146.17314761787907,149.2948070988467,152.43687649203287,155.59915687572877,158.7814492067932,161.98355470600345,165.2052752232622,168.44641358215458,171.70677390355928,174.98616190822486,178.2843851983625,181.60125351844292
176.76767676767676,,,1.2958814881456576e-24,9.568442816941981e-16,2.6000353681715313e-11,1.1897673580641347e-08,7.065082631291039e-07,1.3062124358151545e-05,0.00011646253541510217,0.0006385710694538937,0.002491309232902987,0.007588427371831107,0.019197966765798873,0.042105882404172394,0.08254742299399286,0.14793905271696944,0.24648456743666744,0.3867349909187371,0.5771666546933975,0.82581928638496,1.140014647685736,1.5261600760577085,1.9896308382821586,2.5347196190989116,3.1646393977862624,3.8815661359276463,4.686709113448294,5.5803987134252475,6.562183531816109,7.63093062838452,8.784924420459793,10.021961113590532,11.339436677977542,12.734427282373446,14.20376190544584,15.744087660429921,17.351929157693235,19.023743684809702,20.755973871848255,22.545098688045282,24.387682449816676,26.280420443632934,28.22017918334455,30.204029361551644,32.229270107248354,34.29344398409254,36.39434300374505,38.53000660847285,40.69871301318063,42.89896548540099,45.12947512790001,47.389141576122235,49.67703279444343,51.9923649011074,54.33448270580404,56.70284142708729,59.09698987671831,61.516555257679,63.9612296176112,66.43075792542089,68.92492768955303,71.44356000644908,73.98650191199003,76.55361990322248,79.14479449913277,81.75991571521682,84.39887933526607,87.06158387386314,89.74792813364967,92.4578092718948,95.19112130088061,97.94775395590534,100.72759187321762,103.53051402775932,106.35639338748307,109.20509674695631,112.0764847082679,114.97041178184953,117.88672658383265,120.82527211003566,123.78588606967095,126.7684012644603,129.77264600112386,132.79844452668414,135.84561747901628,138.91398234423124,142.0033539159322,145.1135447510605,148.24436561836623,151.39562593632888,154.56713419772416,157.75869837894663,160.97012633233868,164.20122616034075,167.45180657055684,170.72167721111356,174.01064898592816,177.31853434969827,180.64514758259415,183.9903050447694
177.27272727272725,,,1.3184229807780559e-24,9.734883178376416e-16,2.6452622493001792e-11,1.2104630253621172e-08,7.187977749045602e-07,1.3289336323656666e-05,0.00011848836833890763,0.0006496788329254323,0.002534644853662114,0.007720425923598428,0.019531909977713507,0.04283830234125257,0.08398331211215694,0.15051241077277722,0.2507720968996601,0.3934621369026163,0.5872063057058503,0.8401841797258421,1.1598448806329131,1.5527071997147044,2.0242399050008393,2.5788103512711067,3.2196874066687022,3.9490848830170706,4.76823309532345,5.677468173585371,6.6763308617141925,7.763668512297675,8.937735700564984,10.196290297300676,11.536682972636514,12.955939012580224,14.450832130226457,16.017950753845934,17.65375804713901,19.35464742345706,21.116995253358336,22.93721174438805,24.811789843718284,26.737350930430896,28.710685420108266,30.72878636260875,32.788874593954986,34.888414779083014,37.02512250800812,39.196963298565045,41.402144820803635,43.639103876968015,45.9064896856057,48.20314488769148,50.52808547912236,52.8804806274221,55.259633087797724,57.66496071465877,60.09597938282597,62.552287486964616,65.03355207890394,67.5394966241339,70.06989030589628,72.62453877223336,75.20327620321169,77.80595856815683,80.4324579428048,83.08265776125288,85.75644888558406,88.45372638565577,91.17438693185031,93.91832671391604,96.68543980894967,99.47561693093456,102.28874450272211,105.12470399910626,107.98337151653985,110.86461753114054,113.7683068152643,116.69429846165842,119.64244605920639,122.61259788609135,125.60459721610871,128.61828265599738,131.65348852271904,134.71004524774062,137.7877797990169,140.8865161132901,144.0060755324855,147.14627723899707,150.30693868569688,153.48787601702088,156.68890447853374,159.90983881255357,163.15049363812855,166.41068381398722,169.6902247834435,172.98893290052226,176.30662573683122,179.64312236890026,182.99824364589068,186.37181243773497
177.77777777777774,,,1.3407845512279556e-24,9.899995042465018e-16,2.6901281375684075e-11,1.2309935035265927e-08,7.309891939838867e-07,1.3514734724025717e-05,0.00012049803142481011,0.0006606979362055987,0.002577634577207873,0.007851370886412096,0.019863187714335734,0.04356487623272311,0.08540774021889666,0.15306522874252187,0.255025404065308,0.400135588004343,0.5971658220107043,0.8544344150445067,1.1795168321895042,1.5790424289735585,2.058572728307643,2.622549159063624,3.2742960321400134,4.016064707482156,4.849106367282437,5.773762842587933,6.789567087937508,7.895346906043838,9.089327268230434,10.369228016580065,11.732354883365966,13.175682681534921,14.695930314056001,16.289628033615376,17.953178148917264,19.682910907056993,21.475137284700892,23.326199778630247,25.232521207837614,27.19065045238609,29.197303358064467,31.249396918469927,33.344075254889916,35.478726643106135,37.65099164428346,39.8587630951286,42.10017919697842,44.37361119152082,46.67764715208006,49.01107331105197,51.37285414521258,53.7621122025971,56.17810841497747,58.62022342089216,61.08794023891172,63.58082848183221,66.0985301891038,68.64074727249427,71.20723051351105,73.79777001503794,76.41218698906303,79.05032675309987,81.7120528065525,84.39724186222698,87.10577971545482,89.8375578424495,92.5924706295197,95.37041314493625,98.17127937513325,100.99496085625935,103.84134564062543,106.71031754546937,109.6017556383941,112.51553392006942,115.45152117025674,118.40958092808194,121.38957158125214,124.39134654379377,127.41475450299369,130.4596397209799,133.52584237752544,136.61319894312427,139.72154257297464,142.85070351409416,146.00050951902742,149.17078626069932,152.36135774400475,155.5720467102252,158.80267503156074,162.05306409312578,165.32303516058155,168.61240973188134,171.9210098719925,175.2486585297567,178.59517983631048,181.96039938471117,185.34414449060174,188.7462444338567
178.28282828282826,,,1.3629765707560088e-24,1.0063854987830505e-15,2.7346538416153238e-11,1.2513683145610494e-08,7.430881747284243e-07,1.3738424097668309e-05,0.00012249245675140968,0.0006716334899371797,0.0026202983421068954,0.007981322992344726,0.020191953621761592,0.044285941062425636,0.08682136796173734,0.15559869061916254,0.25924646161108184,0.40675843936482375,0.6070498228155776,0.8685766015776224,1.1990396261760405,1.6051779780159303,2.0926452317123547,2.6659563284691417,3.3284906015953597,4.082536674460808,4.929366438222418,5.869327381750027,6.901944729270824,8.02602688185139,9.239769431390648,10.540854479649884,11.926543162289667,13.393760204754377,14.939170127111002,16.559245483052013,18.25032827399847,20.008686233318468,21.830565738258713,23.712242539155234,25.650070468564042,27.64052720887009,29.680255456155248,31.766097630430288,33.89512262226388,36.06464374648453,38.272227861267105,40.51569631294405,42.793118871379086,45.1028020952773,47.44327363452284,49.813263889573456,52.211686264419264,54.63761702026964,57.09027550155026,59.56900528643074,62.07325662679287,64.6025703899236,67.15656359689362,69.73491656639516,72.33736161283981,74.96367320847904,77.61365949630172,80.28715502929424,82.98401460885141,85.70410809802658,88.44731609182807,91.21352633542082,94.0026307907889,96.81452326238833,99.64909750217737,102.50624572365093,105.38585746317288,108.28781873476579,111.2120114315769,114.15831293360608,117.12659588645764,120.11672812195701,123.12857269379435,126.16198800695928,129.21682802199572,132.29294251802315,135.39017740102577,138.50837504591104,141.64737466264637,144.80701267831992,147.98712312826578,151.1875380506727,154.4080878796415,157.64860183318336,160.90890829266263,164.18883517121208,167.4882102690257,170.80686161389198,174.14461778571066,177.50130822404668,180.87676351805445,184.2708156783289,187.6832983904335,191.11404725002384
178.78787878787875,,,1.3850086916739128e-24,1.0226534284447711e-15,2.7788587277458317e-11,1.2715963203765244e-08,7.550999795223381e-07,1.396050173804979e-05,0.00012447251178291733,0.0006824902504785232,0.0026626547047263627,0.008110338763341505,0.020518350694895653,0.04500181045349948,0.08822481019021794,0.15811389831788364,0.2634371054623758,0.4133335715423035,0.6168626071120098,0.8826168903906179,1.2184217539224516,1.631125214410128,2.1264722348609704,2.709050739194164,3.382294686661486,4.148529695565628,5.009048216815141,5.964203356336551,7.013512663744626,8.155765278254352,9.38912762401944,10.711244334469388,12.11933227036482,13.610266432885512,15.180657360695644,16.82692035438385,18.5453376171157,20.332114971126448,22.18343492503693,24.095507369267427,26.064618201900117,28.087175111566573,30.159748964830214,32.27910899572886,34.44225025905799,36.64641246050705,38.88909001731157,41.16803392568068,43.48124652312078,45.82697053597253,48.20367389487107,50.61003173505372,53.0449068299856,55.50732948735471,57.99647770413751,60.5116581598718,63.05228843716157,65.61788070307504,68.20802696392144,70.82238591600094,73.46067135154655,76.12264203711077,78.80809295623632,81.5168477951734,84.24875254615704,87.00367010457443,89.78147574210898,92.5820533460759,95.4052923245148,98.25108508640749,101.11932501612819,104.00990487044223,106.92271553511867,109.85764508613083,112.81457810721871,115.79339522311791,118.79397281150857,121.8161828636117,124.85989296667147,127.92496638559369,131.01126222438896,134.11863565088277,137.24693817063215,140.3960179381313,143.56572009522387,146.7558871282206,149.96635923655683,153.1969747071695,156.44757028922652,159.7179815656131,163.00804331739337,166.31758987864507,169.6464554794156,172.99447457503103,176.3614821603799,179.74731406812532,183.15180725007917,186.57480004122388,190.01613240603155,193.47564616698222
179.29292929292927,,,1.4068899153667982e-24,1.0388099396481527e-15,2.8227608561891943e-11,1.2916857853169484e-08,7.670295159027145e-07,1.4181058376755763e-05,0.00012643900548963173,0.0006932726534625086,0.002704720970161272,0.008238470910021839,0.020842512286363045,0.04571277688118844,0.08961864029399129,0.16061187945068608,0.2675990477465607,0.41986367088365095,0.6266081840062019,0.896561017776913,1.2376711341824391,1.6568947391275126,2.1600675580970887,2.751849997869997,3.435730269508701,4.2140707328724805,5.088184257808503,6.05842952882866,7.124316473498807,8.284615101105796,9.537462867830843,10.880467195420279,12.310800973294356,13.825289820837078,15.4204906731029,17.09276199536585,18.83832666658669,20.653329155567402,22.533888775974354,24.476150374754205,26.47633288615434,28.53077512016847,30.635977343579395,32.78863689988264,34.985676323915676,37.22426299064791,39.501820077701375,41.81602932276453,44.16482659302465,46.54639160636737,48.95913326055328,51.40167198173399,53.87282035046864,56.37156305375071,58.89703698396512,61.44851208903693,64.02537338663,66.62710439692073,69.25327212383226,71.90351362116212,74.57752411335144,77.27504659580265,79.99586281185493,82.73978548854032,85.5066517075275,88.29631728838034,91.1086520662277,93.94353595352366,96.80085568455868,99.68050215102215,102.58236824645304,105.50634714675199,108.45233096223912,111.42020970579999,114.40987052704395,117.42119717070685,120.45406962224662,123.50836390888296,126.58395202884077,129.680701985399,132.7984779057219,135.9371402273946,139.0965459381063,142.27654885612765,145.47699994110923,148.6977476263216,151.93863816509992,155.19951598471513,158.48022404316893,161.78060418403857,165.10049748601588,168.43974460416942,171.79818610056046,175.17566276231167,178.572015905629,181.98708766463,185.42072126413066,188.87276127574506,192.3430538569788,195.83144697302257
179.79797979797976,,,1.4286286525220912e-24,1.054861242586591e-15,2.866377101948847e-11,1.3116444313270607e-08,7.788813693096898e-07,1.4400178790536229e-05,0.00012839269374662613,0.0007039848433972889,0.002746513307718771,0.008365768683443643,0.02116456299644349,0.04641911362467579,0.09100339402938011,0.16309359418421615,0.271733888218783,0.4263512474045355,0.6362902994743569,0.9104143435392192,1.2567951659756191,1.6824964573816927,2.1934441146923076,2.794370555549625,3.488817889549308,4.279184978852663,5.166804979281335,6.152042117605577,7.234398748976091,8.412625877321949,9.684832179487703,11.048588107879118,12.501022867163,14.03891301805377,15.658762247845724,17.356872578489824,19.129408007030655,20.972452166054357,22.88206179642999,24.854317454838863,26.885372008608936,28.971496423010088,31.10912150958981,33.29487393729058,35.5256049567777,37.798410823532485,40.11064461917328,42.45991986767649,44.844106891912844,47.26132319888168,49.70991932192158,52.188461523194775,54.69571262253259,57.230612017975304,59.79225574223425,62.379877183071294,64.99282890363816,67.63056583776971,70.29263000735239,72.97863681201832,75.68826287153765,78.42123535360915,81.17732268959388,83.95632656384656,86.75807505510416,89.58241680800138,92.4292161169419,95.29834881156881,98.18969884170922,101.1031554690803,104.03861098215357,106.99595886084516,109.975092324635,112.97590320739509,115.99828110865485,119.04211277765623,122.10728169253366,125.19366780202958,128.30114740169742,131.42959312050303,134.5788739971918,137.74885562877793,140.93940037611682,144.1503676137623,147.38161401324732,150.63299385062865,153.90435933036562,157.19556091944074,160.50644768562856,163.83686763625508,167.1866680523214,170.55569581651653,173.94379773140486,177.35082082623174,180.77661265065362,184.22102155414413,187.68389695012226,191.1650895641178,194.66445166552225,198.1818372826269
180.3030303030303,,,1.4502327761386878e-24,1.0708131504828738e-15,2.9097232613109743e-11,1.3314794866878283e-08,7.906598320720776e-07,1.4617942337687182e-05,0.0001303342841117895,0.0007146306998652354,0.0027880468531289557,0.008492278186429933,0.021484619460702965,0.04712107649454826,0.09237957290598432,0.16555994130917526,0.2758431243743502,0.4327986506795644,0.6459124600417179,0.924181884869959,1.2758007753607086,1.7079396412245293,2.226613992473778,2.8366278116978334,3.541576773271718,4.34389601561971,5.244938854922618,6.245075025888697,7.343799358144735,8.539843967950564,9.831288931025188,11.215667959381188,12.690066843648024,14.251213390955286,15.895558376238693,17.619347746424847,19.41868702994434,21.28959950372148,23.228079911489623,25.23014521563456,27.291883046374643,29.409497483989483,31.57935095214148,33.79800058355988,36.06222750964168,38.36905801298211,40.71577616780318,43.099928284380695,45.519320032262826,47.97200747923007,50.45628344462327,52.97066056051429,55.513852312050275,58.08475313827237,60.68241845848027,63.306045275390034,65.9549538133989,68.62857048703597,71.3264123637565,74.04807318512212,76.79321093741748,79.56153691232788,82.35280616580239,85.16680926444693,88.00336520010929,90.86231535180265,93.74351837745408,96.64684592437163,99.5721790556738,102.51940529861523,105.48841623117218,108.47910553060606,111.49136741825161,114.52509544164204,117.58018154283907,120.65651536841939,123.7539837824539,126.87247054906183,130.0118561557242,133.17201775258124,136.352829186459,139.55416111143106,142.7758811603845,146.0178541643494,149.27994240835557,152.56200591421504,155.86390274231846,159.185489305471,162.52662068919372,165.88715097368654,169.26693355350443,172.66582145159308,176.08366762553777,179.52032526256534,182.97564806328958,186.4494905115691,189.94170812992397,193.452157719709,196.98069758545782,200.52718774310338
180.8080808080808,,,1.4717096688411229e-24,1.0866711144449624e-15,2.9528141465850085e-11,1.3511977295079134e-08,8.023689291424814e-07,1.4834423432158633e-05,0.00013226444006807133,0.000725213860783226,0.002829335799292675,0.008618042649983405,0.021802791049270232,0.04781890536653065,0.09374764719356214,0.1680117636291201,0.2799281604271391,0.439208083923985,0.6554779538063323,0.9378683464324475,1.294694456960901,1.7332329851358954,2.259588526298127,2.8786362065254,3.594024949513311,4.408225956318709,5.322612584748652,6.337560045015374,7.452555685534293,8.66631284613392,9.976883169847119,11.381763844680306,12.877997503062549,14.462263486727943,16.13095997466692,17.880277185127582,19.706262564720756,21.604879481947815,23.572061216934873,25.60376178180907,27.696004338407025,29.84492697375197,32.04682471950501,34.298186239323535,36.59572364300848,38.93639432621372,41.31741439218203,43.736263894441834,46.19068470632809,48.67867220265787,51.198462121322635,53.74851398647026,56.32749236825789,58.934247074224224,61.56779315719632,64.22729141294022,66.91202984749896,69.62140642894003,72.35491330449811,75.11212256088307,77.89267352953257,80.6962615854564,83.5226283535142,86.37155321530311,89.24284599965875,92.1363407371249,95.05189036123375,97.98936224533165,100.94863447118324,103.92959273543924,106.93212780749525,109.95613346324556,113.00150482657799,116.06813705909678,119.15592434581681,122.26475913127571,125.394531566494,128.54512913252415,131.71643641101664,134.9083349763371,138.12070338736618,141.35341726023697,144.606349405983,147.8793700194197,151.1723469076232,154.48514574811963,157.81763036842477,161.16966303984233,164.54110477963738,167.93181565655416,171.34165509556573,174.77048217841707,178.21815593714211,181.68453563826466,185.16948105575833,188.67285273181596,192.19451222300208,195.73432233269398,199.2921473279109,202.8678531406053
181.31313131313132,,,1.4930662647323101e-24,1.1024402545050144e-15,2.995663670446927e-11,1.3708055261651573e-08,8.140124410157973e-07,1.504969196897808e-05,0.00013418378480139064,0.0007357377431171589,0.0028703934770966,0.008743102679447704,0.02211918048963052,0.04851282554736155,0.09510805859976998,0.17044985275945762,0.2839903153053092,0.44558161654007034,0.664989869161772,0.9514781471496327,1.313482310944808,1.7583846555317246,2.292378362593092,2.920409303204966,3.6461793521246326,4.472195571042605,5.399851247135272,6.429527035449334,7.560702845100628,8.792073344648555,10.121661903700245,11.546929390847977,13.064875522198527,14.672131446423851,16.365043045251724,18.139745134262384,19.99222744068856,21.918393841470987,23.9141166483753,25.975287520083576,28.097865863026968,30.277924600331257,32.51169230153468,34.79559016228116,37.12626230543461,39.500598268489554,41.91574717050592,44.36912372397567,46.85840683033291,49.38153189285208,51.936678182629436,54.52225262636878,57.136871292017666,59.77933968018236,62.44863272424537,65.1438751934788,67.86432299998856,70.60934574341987,73.3784106910022,76.17106828435828,78.98693918560919,81.82570281953011,84.68708733143758,87.57086085794586,90.4768239960689,93.40480335235672,96.35464605540346,99.32621512004417,102.31938555984543,105.33404115147421,108.37007176529414,111.42737118435335,114.50583534305493,117.60536092477699,120.72584426516808,123.86718051458816,127.02926301921686,130.2119828857472,133.41522869932948,136.6388863686235,139.88283907547316,143.14696730990454,146.43114897393596,149.73525954007718,153.0591722524975,156.40275836062528,159.7658873765103,163.1484273486096,166.55024514581908,169.9712067465681,173.4111775286168,176.87002255602184,180.34760686023975,183.84379571298095,187.35845488884942,190.89145091620148,194.44265131493657,198.01192482084636,201.59914159442985,205.20417341561338
181.8181818181818,,,1.514309087278048e-24,1.1181253873399669e-15,3.038284921266312e-11,1.3903088658527032e-08,8.255939241977629e-07,1.5263813701827942e-05,0.00013609290457485787,0.0007462055613824037,0.00291123242759111,0.008867496474355663,0.02243388442280399,0.049203048994665724,0.096461222661694,0.17287495341354409,0.28803082979234435,0.45192119532060465,0.6744511115185428,0.9650154441293624,1.3321700760544546,1.7834023349790549,2.3249935170002503,2.96195986131126,3.698055911643034,4.535824399279691,5.4766784345991395,6.521004088473411,7.668273870348297,8.917163876985239,10.265669355187216,11.711215047626926,13.250757982820714,14.8808813738736,16.597879087285357,18.397830843093196,20.276668989138145,22.230238299909708,24.254350579158967,26.344835685873747,28.497589933112145,30.708621852143704,32.974094419280945,35.2903623016903,37.654002610986275,40.06183800141242,42.51095154743747,44.9986934967416,47.522680571477764,50.08078890046049,52.671141885164715,55.292094353270535,57.94221427616913,60.620263168720854,63.32517609146061,66.05604196942467,68.81208474865008,71.59264574303171,74.39716738546649,77.22517848826986,80.07628103615373,82.95013847670315,85.84646543397368,88.7650187464303,91.70558971734461,94.66799746049907,97.65208322577962,100.65770559221595,103.684736424657,106.73305749755986,109.80255769851975,112.89313073307697,116.00467326091454,119.1370834016704,122.29025955607108,125.46409949489149,128.65849967437816,131.87335474221968,135.1085572029905,138.36399721623778,141.63956250411795,144.93513834873576,148.2506076621771,151.58585111468494,154.9407473085589,158.3151729872002,161.70900327032618,165.12211190774195,168.55437154525214,172.00565399731104,175.47583052189253,178.96477209382508,182.4723496734483,185.9984344681012,189.5428981842981,193.10561326900725,196.68645313865815,200.28529239494813,203.9020070265346,207.536474596767
182.3232323232323,,,1.5354442825875614e-24,1.133731051098118e-15,3.080690230562618e-11,1.4097133914328646e-08,8.371167295357623e-07,1.5476850582127134e-05,0.00013799235175020275,0.0007566203442121885,0.00295186446662833,0.008991260025315273,0.022746993901450407,0.04988977540941263,0.09780753088758612,0.17528776724075876,0.2920508729222207,0.45822865448323535,0.6838644182788803,0.9784841540907002,1.3507631591835505,1.8082932617930414,2.3574434259970025,3.0032999025840352,3.749669637410573,4.599130850633513,5.553116375396732,6.6120176709592,7.775299884587308,9.041620635337239,10.408947189695844,11.874668347455097,13.435698665911053,15.088573666075092,16.82953546569934,18.654608978769893,20.559669493000936,22.540503044014898,24.592861356029065,26.712513002803583,28.895291819324303,31.13714266433055,33.4341637333817,35.7826440474454,38.17909462734504,40.62027216804923,43.103194594294436,45.62514852733483,48.183689272051,50.776634356243754,53.402051891418566,56.05824509279401,58.74373423338836,61.45723715973471,64.19764930522443,66.96402393421982,69.75555315749307,72.57155008998078,75.41143238087544,78.27470723449146,81.1609579559442,84.06983199481738,87.00103041847647,89.95429872043847,92.92941885462638,95.9262023799075,98.94448460012012,101.98411958728576,105.04497598370804,108.12693348570485,111.22987992076355,114.35370883862261,117.49831754536419,120.66360551770808,123.8494731422123,127.05582073094351,130.28254777136465,133.52955237371486,136.79673088405727,140.0839776354949,143.39118481384529,146.71824241738594,150.06503829316674,153.43145823490343,156.81738612964386,160.2227041422839,163.64729292864834,167.0910318692558,170.5537993171064,174.03547285388325,177.53592954985973,181.05504622358112,184.5926996980731,188.14876705089083,191.7231258558097,195.31565441444008,198.92623197634512,202.55473894659588,206.20105707994074,209.86506966103818
182.82828282828282,,,1.5564776497732199e-24,1.14926152768913e-15,3.122891233581492e-11,1.4290244271538192e-08,8.485840186973258e-07,1.5688861063301928e-05,0.00013988264750114894,0.0007669849492325451,0.0029923007428991157,0.009114427290789874,0.023058594837106566,0.050573193216818586,0.09914735267989279,0.17768895627337986,0.2960515477215295,0.4645057246798394,0.6932323722829072,0.991887972602264,1.369266661935345,1.8330642655904807,2.3897369932471526,3.0444407699775042,3.801034691293211,4.662132295240572,5.6291860427062295,6.702592755375493,7.88181025380467,9.165477768375544,10.551534720053324,12.037334138938084,13.6197483157993,15.295265309845819,17.06007574191207,18.910149992969117,20.841306590612646,22.84927317175709,24.929741780350202,27.078420183378668,29.291080310231763,31.563604017848355,33.89202548125506,36.27256890414353,38.70168008520082,41.17605063612783,43.692634184197686,46.24865452643741,48.84160628296858,51.469249030881045,54.129596154315266,56.82089973194109,59.54163272482008,62.29046962862446,65.06626649262616,67.8680411049285,70.69495387431347,73.54628980720322,76.42144182420823,79.3198955480266,82.24121560745904,85.18503343899933,88.15103652377034,91.13895896955457,94.148573331257,97.17968355671405,100.23211894238612,103.3057289882239,106.40037904609297,109.51594666425197,112.6523185387251,115.8093879911245,118.98705290100153,122.18521402890823,125.4037736738929,128.64263461606149,131.90169930107848,135.18086922907392,138.48004451539828,141.79912359504587,145.13800304643863,148.49657751363083,151.87473970894675,155.2723804806255,158.6893889322785,162.12565258289197,165.58105755778084,169.05548880234394,172.5488303117213,176.06096537052656,179.59177679776695,183.1411471928527,186.7089591793004,190.29509564330303,193.8994399649149,197.52187623994317,201.1622894911084,204.82056586729152,208.49659283003382,212.19025932661344
183.33333333333331,,,1.5774146680717003e-24,1.1647208628486021e-15,3.164898923810479e-11,1.4482470035983549e-08,8.599987788865191e-07,1.589990037472713e-05,0.00014176428425537472,0.0007773020764546089,0.003032551790174762,0.009237030356220937,0.02336876840274971,0.05125348044926856,0.10048103706620333,0.18007914602829725,0.30003389637803374,0.47075404110599545,0.7025574139104819,1.0052303913989074,1.3876854045276599,1.8577217992919794,2.4218826313216315,3.085393180810815,3.8521644540412843,4.7248451451658005,5.704907252904045,6.7927529368029935,7.9878327242718346,9.28876754124672,10.693469090738148,12.199254796999645,13.802954877951702,15.501010148844642,17.289559971633977,19.16452045188736,21.121653639215825,23.156629090333016,25.265079541360024,27.44265239793136,29.685058216931818,31.988116479408998,34.34779805157931,36.76026309907504,39.22189301849988,41.72931516899379,44.279419692194324,46.86936832847261,49.49659571719248,52.15880411275699,54.85395271754466,57.58024293355038,60.336100800938354,63.12015776518302,65.93123073694741,68.76830221294342,71.63050103528353,74.51708419554322,77.42741994494591,80.36097235562202,83.31728738840889,86.29598045695455,89.2967254321308,92.31924500058427,95.36330227454535,98.4286935400843,101.51524203073559,104.62279261495483,107.75120729194103,110.9003613976148,114.07014043080554,117.26043741827962,120.47115074571235,123.7021823897996,126.95343649427208,130.22481823952307,133.516232961863,136.82758548407077,140.15877962394066,143.50971785199206,146.8803010734188,150.27042851280015,153.67999768309824,157.108904423079,160.55704298957852,164.0243061929969,167.5105855661244,171.0157715578791,174.53975374481521,178.0824210543675,181.64366199475091,185.22336488727322,188.82141809746471,192.43771026217422,196.07213051014972,199.7245686741773,203.39491549323247,207.08306280338945,210.7889037165372,214.5123327862762
183.83838383838383,,,1.5982605214537993e-24,1.180112884241249e-15,3.2067237021711294e-11,1.4673858801928384e-08,8.713638364075437e-07,1.611002076881832e-05,0.00014363772789804206,0.0007875742803542352,0.003072627574439689,0.009359099577595705,0.02367759139600898,0.05193080554293076,0.10180891426103064,0.18245892830612956,0.30399890490398895,0.4769751508120184,0.7118418520015123,1.0185147140056532,1.406023947361408,1.8822719679967945,2.453888299341002,3.1261672747232856,3.9030715851622673,4.787284927838905,5.780298754233148,6.882520538511541,8.093393546692168,9.411520479968852,10.834785444084803,12.360470412491416,13.985363713497234,15.705859124492262,17.51804497356483,19.41778333401947,21.40078004294623,23.462646875338805,25.598957607232357,27.805299697957334,30.07732282871972,32.410784689146254,34.80159350341103,37.2458461318304,39.73986034343705,42.28020003268895,44.8636926290084,47.487438550558366,50.14881313255651,52.84546191285577,55.5752904412412,58.33644989513988,61.12731976382457,63.94648875324653,66.79273487266629,69.66500551309353,72.56239808695521,75.48414166748236,78.4295798993875,81.39815533956865,84.38939529394884,87.40289914859237,90.43832714504609,93.4953905191051,96.57384290153382,99.67347287148904,102.79409754930633,105.93555711787324,109.09771016682078,112.28042976076573,115.48360014090572,118.70711397771676,121.95087010090342,125.21477164084321,128.49872452333653,131.8026362664738,135.1264150347794,138.46996891150982,141.833205355083,145.21603081013424,148.61835044768452,152.0400680123955,155.48108575795158,158.94130445427675,162.42062345261277,165.91894079650666,169.43615336850087,172.9721570638367,176.52684698379196,180.10011764240838,183.69186318134263,187.3019775884217,190.930354916201,194.5768894974963,198.2414761553231,201.9240104052518,205.6243886484639,209.34250835426397,213.07826823101362,216.8315683847513
184.34343434343432,,,1.6190201206088555e-24,1.1954412178300856e-15,3.248375421502618e-11,1.4864455655630177e-08,8.826818685551401e-07,1.631927174452072e-05,0.0001455034197640955,0.0007978039807976485,0.0031125375365153207,0.009480663711274227,0.02398513656760338,0.05260532805812815,0.1031312970778885,0.18482886372220744,0.3079475073531403,0.4831705193481029,0.7210878737301921,1.03174406986628,1.4242866105242096,1.9067205550895876,2.485761537015137,3.1667726570397985,3.9537680770632844,4.84946635246217,5.855378306986801,6.971916707432838,8.198517588472855,9.533765501967094,10.975517070581363,12.521018963653297,14.167017793255363,15.909860493834294,17.745584572377457,19.669998299433004,21.678751549454553,23.767398595630738,25.931454578814762,28.16644739912901,30.467966325460516,32.83170780215595,35.253518036293116,37.72943127230046,40.25570238322021,42.82883254640055,45.445587215920305,48.10300619050496,50.798406151424665,53.529376504982636,56.29376966133151,59.089687012287065,61.91546186460165,64.76964047986046,67.65096220883825,70.55833952011001,73.49083853471723,76.44766050652407,79.42812453993614,82.43165171588748,85.45775070283615,88.50600485895049,91.57606078265725,94.66761823362665,97.78042132766312,100.91425089681805,104.06891790300061,107.24425779450063,110.44012569951092,113.65639236039891,116.89294069626487,120.14966297384292,123.42645840671325,126.72323122139152,130.03988906802343,133.37634174465887,136.732500186414,140.10827567961766,143.5035792661981,146.91832130814743,150.35241118594806,153.80575710840264,157.27826601442004,160.76984355003643,164.2803941063058,167.8098209057727,171.35802612701156,174.92491105827273,178.510376272625,182.1143218181295,185.73664741761027,189.37725267339945,193.03603727329013,196.7129011944451,200.40774490266477,204.12046954486846,207.85097713303975,211.59917071827326,215.36495455385037,219.1482342465351
184.84848484848484,,,1.6396981232236528e-24,1.210709302712736e-15,3.289863426873634e-11,1.5054303359811706e-08,8.939554146671817e-07,1.6527700249830736e-05,0.0001473617784441703,0.0008079934729423477,0.003152290630686696,0.009601750031645474,0.024291472919049015,0.053277199332175555,0.10444848220950137,0.18718948400029561,0.31188058964237403,0.4893415367031778,0.7302975535535887,1.0449214271473577,1.4424774914662226,1.931073045909203,2.517509495491724,3.2072184380707376,4.004265304117637,4.911403370193035,5.9301627561739565,7.060961500682513,8.303228435468675,9.65553003439598,11.115695545076374,12.680936471500582,14.347957873507708,16.113060026980328,17.972229818923818,19.921221933800986,21.955630518740048,24.070952607723154,26.26264501029398,28.526176428562756,30.85707615156567,33.25097988899064,35.7036724168652,38.21112601259861,40.76953334465007,43.37533358257409,46.02523090729712,48.716205170605896,51.445515024527374,54.21069430838979,57.00954278979635,59.84011250226477,62.700690928199734,65.58978218158992,68.50608718858537,71.4484836802671,74.41600662559314,77.40782956018786,80.42324711735304,83.46165894493788,86.52255509533988,89.60550290317842,92.71013531402072,95.83614059111525,98.98325330642133,102.15124650945756,105.33992496325216,108.54911933723206,111.77868125103531,115.02847906955076,118.29839435710203,121.58831890685639,124.89815226980679,128.2277997157025,131.57717056591787,134.94617684529248,138.3347322064396,141.7427510858335,145.17014805622614,148.61683734456827,152.0827324887336,155.56774610994466,159.07178978097488,162.5947739729727,166.1366080661613,169.69720041178098,173.27645843445325,176.87428876574842,180.49059740109413,184.12528987336364,187.77827143751034,191.4494472614899,195.13872261952494,198.84600308435384,202.57119471578113,206.31420424322636,210.0749392404999,213.85330829133994,217.6492211445688,221.46258885802052
185.35353535353534,,,1.660298952135248e-24,1.2259204045940318e-15,3.331196592192111e-11,1.5243442521162466e-08,9.051868860528405e-07,1.6735350865713465e-05,0.00014921320142431734,0.000818144936228202,0.003191895359777737,0.00972238443797377,0.024596665972898807,0.053946563072236574,0.1057607513897856,0.18954129405564946,0.31579899302228787,0.4954895228075658,0.7394728613387562,1.0580496043659635,1.4606004810517412,1.9553346492318935,2.5491389653720606,3.247513268801525,4.054574067223798,4.973109228797283,6.004668097509504,7.149673964133439,8.407548484379193,9.776840121583572,11.255350850472723,12.840257140941961,14.528222655687292,16.31550118640473,18.198029190216022,20.171507970047028,22.231476167302674,24.373373823282318,26.592599700477237,28.884563640319115,31.24473535583693,33.6686902997235,36.15215236677229,38.69103247832175,41.28146175179053,43.91981802217849,46.60274486645237,49.32716283294295,52.09027314482273,54.889554618998474,57.72275486217573,60.5878769653914,63.48316293758659,66.40707503464377,69.3582759914529,72.33560898503687,75.33807797228933,78.36482887357502,81.41513192299138,84.48836538153681,87.58400071062945,90.7015892296842,93.84075022608933,97.0011604506487,100.18254490706052,103.3846688313808,106.60733075181204,109.85035651916546,113.11359420191022,116.39690974573524,119.70018330490421,123.02330616070235,126.36617815046137,129.728705538643,133.1107992690797,136.51237354454258,139.9333446863114,143.3736302322982,146.83314823755185,150.3118167456879,153.80955340393479,157.32627519817353,160.86189828755968,164.41633792114675,167.98950842138117,171.5813232214916,175.19169494565682,178.820535522455,182.46775632350494,186.13326832043285,189.81698225431106,193.51880881272513,197.23865881028775,200.9764433691932,204.7320740969704,208.5054632590691,212.29652394440527,216.10517022232835,219.93131728981328,223.77488160796116
185.85858585858583,,,1.6808268119527822e-24,1.2410776280450475e-15,3.3723833535167274e-11,1.5431911742809285e-08,9.163785750336395e-07,1.694226597345672e-05,0.00015105806657815535,0.0008282604425589411,0.0032313598070769283,0.00984259155162808,0.024900778018756488,0.054613555894796655,0.10706837245159768,0.19188477389040096,0.31970351723517854,0.5016157324592195,0.7486156697570052,1.0711312809702203,1.4786592781652124,1.979510316827174,2.580656402197841,3.287665373367677,4.104704634351071,5.034596522380321,6.0789095374604445,7.238072203913639,8.511499026824353,9.897720522800029,11.394511490282207,12.999013489156692,14.707848931653716,16.51722529009945,18.423028771379435,20.420907489988643,22.506344790319066,24.674723952448467,26.92138595790231,29.24168210260191,31.631022900892248,34.08492399551064,36.599048916056404,39.169247803226654,41.791590841332585,44.46239516992079,47.178244399818766,49.9360003917237,52.73280751669338,55.566090094635136,58.433544037860656,61.33312389941642,64.26302655765829,67.2216726946652,70.20768708456578,73.21987853276062,76.257220124557,79.31883026962149,82.40395487716685,85.51195087052673,88.64227114895768,91.79445102853946,94.96809613723838,98.16287170152266,101.37849313662856,104.61471783846571,107.87133806874425,111.14817482418287,114.44507258373694,117.7618948334193,121.09852027540451,124.4548396359634,127.83075299487832,131.2261675669485,134.64099587380358,138.0751542513574,141.52856164475438,145.00113864860901,148.49280675566573,152.00348778176888,155.5331034392592,159.0815750346333,162.64882326958798,166.23476812742842,169.8393288293403,173.4624238472008,177.10397096151624,180.76388735471852,184.44208973149915,188.1384944590931,191.85301772150922,195.58557568265633,199.33608465406704,203.10446126371411,206.8906226228997,210.6944864888304,214.51597142087633,218.35499692891912,222.21148361252284,226.0853532899628
186.36363636363635,,,1.7012857041934897e-24,1.2561839276794066e-15,3.4134317394659205e-11,1.561974776325457e-08,9.275326632501282e-07,1.7148485907242173e-05,0.00015289673352720642,0.0008383419637609535,0.003270691665430237,0.009962394804699582,0.02520386833750655,0.05527830781747542,0.10837160029089996,0.19422038032156436,0.3235949233940995,0.5077213598466969,0.7577277610256552,1.084169006985222,1.4966574030271849,2.003604761283603,2.612067949697902,3.3276825786616158,4.154666777504188,5.095877236725606,6.152901547989665,7.326173451582975,8.615100325993833,10.018194801390374,11.533204591235771,13.157236462697927,14.886871716142759,16.718271660316162,18.64727242158142,20.66946910821941,22.780289964207512,24.975061725758398,27.249067842583894,29.59760135968483,32.016013945414485,34.499761851116276,37.04444872567628,39.64586447134915,42.300018923690665,45.003169133610044,47.75183935378324,50.54283334659724,53.373239185123886,56.24042719903924,59.142042058040985,62.075990170531526,65.04042361918837,68.03372179132799,71.05447172780038,74.10144804361605,77.17359309320355,80.26999788142314,83.38988406913137,86.53258729390414,89.69754192481092,92.8842672901711,96.092355360963,99.32145983132618,102.57128651181249,105.84158493553944,109.13214107011052,112.44277102673604,115.77331566056462,119.12363596149468,122.49360914159848,125.88312533299114,129.2920848179782,132.72039572124717,136.1679721014576,139.63473238672606,143.12059810506275,146.62549286680706,150.14934156149286,153.6920697363963,157.25360312829739,160.833867323765,164.4327875266133,168.0502884140813,171.6862940658548,175.34072795227024,179.01351296998334,182.70457151507154,186.4138255850198,190.14119690226528,193.8866070531767,197.64997763717946,201.43123042165192,205.23028749892208,209.04707144226174,212.88150545839034,216.73351353439168,220.6030205773889,224.48995254564983,228.39423657008655
186.86868686868684,,,1.7216794411084842e-24,1.2712421183610594e-15,3.454349398758773e-11,1.5806985583320174e-08,9.386512290897856e-07,1.7354049093495843e-05,0.0001547295448833492,0.000848391378395744,0.003309898263822399,0.01008181652098685,0.02550599340612233,0.055940942708223196,0.10967067774739966,0.19654854855928683,0.32747393661242086,0.5138075426749443,0.7668108330654648,1.0971652118236355,1.5145982093561081,2.0276224722902922,2.6433794610088928,3.367572341373636,4.2044698064844,5.156962790704242,6.226657916554328,7.413994123676291,8.718371686654065,10.138285406183252,11.671455997004747,13.314955544375048,15.06532436773846,16.918677759418834,18.870801925519803,20.917239140031757,23.053362731642554,25.274443096836215,27.575706386854463,29.95238767122291,32.39978010209442,34.91328093143261,37.48843438247679,40.120970629898096,42.80683971337088,45.54223917137139,48.32363447804394,51.147771861392926,54.01168362893308,56.91268661017115,59.848374665594484,62.81660644538261,65.81548956218292,68.84336238227574,71.89877443757052,74.98046633254019,78.0873498314608,81.21848864138462,84.3730802531919,87.5504390733854,90.74998097561121,93.97120931936063,97.2137024246016,100.47710244883065,103.76110558546485,107.06545348600838,110.38992580019455,113.73433372908495,117.09851446483059,120.48232647736641,123.88564545154996,127.30836088998788,130.75037324134377,134.21159150347071,137.6919312349779,141.19131291889144,144.70966062868885,148.24690095300377,151.80296214074716,155.37777343326002,158.9712645544532,162.58336533371505,166.21400543976839,169.86311420659837,173.5306205351956,177.21645285711628,180.92053914784154,184.64280697964284,188.3831836051571,192.14159606417152,195.91797130726744,199.71223633089926,203.52431831942343,207.35414479020056,211.20164373865262,215.06674378063187,218.9493742899498,222.84946552932723,226.76694877337755,230.70175642253625
187.37373737373736,,,1.742011658330575e-24,1.2862548845447648e-15,3.495143625987205e-11,1.5993658582273435e-08,9.497362546933004e-07,1.7558992178386217e-05,0.0001565568273856724,0.0008584104779929769,0.003348986591693724,0.010200877990041076,0.02580720708505613,0.05660157869631287,0.11096583641295792,0.1988696936508703,0.3313412484097437,0.519875365940194,0.7758665051342208,1.1101222123445238,1.5324848954961885,2.051567731533578,2.674596518097797,3.407341772733122,4.254122599779266,5.217864074162556,6.30019179185575,7.501549876162662,8.821331519201106,10.258013745975857,11.80929035394928,13.47219885108963,15.243238699555436,17.118479314182178,19.09365713207587,21.1642617550695,23.32561177085894,25.572921427866312,27.901359797459122,30.306104231277867,32.78238967373036,35.32555474466511,37.931084669148376,40.59465037590785,43.312142631734034,46.07970000994592,48.89372975872118,51.750921111522544,54.64825112166014,57.582983587128446,60.55266199070246,63.555097587949604,66.58835384330995,69.65072837040543,72.74073341329317,75.85707574422325,78.99863667787682,82.16445273143783,85.35369730584227,88.56566363348377,91.79974913026392,95.05544120881241,98.33230454739966,101.62996976603839,104.94812343213562,108.28649930039218,111.64487068257063,115.02304383986304,118.42085229215316,121.83815194296295,125.27481692520524,128.73073608023404,132.20580999047746,135.69994849377372,139.21306861509984,142.74509285855765,146.29594780910253,149.86556299959017,153.45387000419655,157.0608017242013,160.68629183650694,164.330274379171,167.99268345163887,171.67345301039555,175.37251674339618,179.0898080089418,182.82525982668295,186.57880491020538,190.35037573213415,194.13990461411137,197.9473238350439,201.7725657520987,205.6155629297723,209.4762482730773,213.35455516159172,217.25041758164284,221.16377025439462,225.09454875802024,229.04268964251946,233.00813053603025
187.87878787878785,,,1.762285826467976e-24,1.3012247888345732e-15,3.535821384485855e-11,1.617979862426512e-08,9.607896322191508e-07,1.7763350144676524e-05,0.0001583788929420394,0.0008684009727833529,0.003387963321226892,0.010319599535061503,0.026107560789981655,0.05726032854904199,0.11225729735669694,0.20118421180421192,0.3351975189169107,0.5259258653896302,0.7848963229899972,1.1230422202438175,1.5503205146154537,2.0754446263498423,2.7057244495608463,3.4469976611837745,4.303633632873071,5.278591482646028,6.373515725753681,7.588855654372686,8.923997398364943,10.377400257798882,11.946731189706973,13.628993223489589,15.42064508068051,17.31771042971074,19.31587608136983,21.41057911815109,23.597083550764008,25.87054765959292,28.226083640806998,30.658811369112925,33.16390786972754,35.73665347453148,38.37247481209629,41.0669840192764,43.8160130849056,46.615642136972426,49.462220724572646,52.35238160320193,55.28304706328315,58.25142832709573,61.25501890553676,64.2915830247124,67.35914031088922,70.45594788804489,73.58048093013356,76.73141255382414,79.90759376442234,83.10803399781504,86.33188264677425,89.57841182847481,92.84700054137238,96.13712027612533,99.44832208174552,102.78022504321716,106.13250609644851,109.50489108760101,112.89714697385061,116.30907505904759,119.74050515878014,123.19129059344274,126.66130391398399,130.15043327219303,133.6585793550744,137.18565281063417,140.7315720999655,144.29626171769112,147.87965072949024,151.4816715815486,155.10225914231873,158.74134994195197,162.39888157920032,166.07479226956013,169.76902051185832,173.48150485359866,177.21218373803973,180.9609954183416,184.72787792617177,188.51276908394073,192.3156065514126,196.13632789879085,199.9748706995207,203.8311726371555,207.70517162139626,211.59680590931183,215.50601422832514,219.43273589815902,223.3769109494254,227.3384802369796,231.31738554651767,235.31356969322502
188.38383838383834,,,1.782505261746689e-24,1.3161542798427484e-15,3.576389327872093e-11,1.636543615603352e-08,9.718131696571533e-07,1.7967156418992558e-05,0.00016019603958599595,0.0008783644968409287,0.0034268348278062174,0.010438000575211336,0.026407103649450835,0.05791730001739639,0.11354527182958073,0.20349248160270555,0.33904337890019376,0.5319600306973279,0.7939017636309686,1.1359273488340538,1.5681079840684673,2.099257062258642,2.736768346962186,3.486546493199207,4.353011004235366,5.339154949275493,6.446641711774374,7.675925738824429,9.026386117103936,10.496464469583419,12.083800985336369,13.78536430826486,15.597572529293823,17.516403694015864,19.53749512140208,21.656231518545233,23.867822473456577,26.167370467391155,28.5499310130556,31.010566733212386,33.544397004922175,36.14664419355414,38.81267670903357,41.53804832451215,44.31853271926779,47.150152069774514,50.02919872844585,52.95224946721675,55.91617228558911,58.91812626829389,61.95555535025757,65.02617708113817,68.12796755053805,71.25914365117154,74.41814370122997,77.6036073366494,80.81435539312993,84.04937033431081,87.30777762787052,90.58882833672556,93.8918830845262,97.21639746756873,100.56190892100132,103.9280250003464,107.31441300774738,110.72079087237509,114.14691918352216,117.59259427064396,121.0576422250892,124.5419137619809,128.04527982650194,131.56762785583965,135.10886110971313,138.66888353742834,142.2476224913633,145.8450019351426,149.46095338748262,153.0954121800237,156.74831644746442,160.41960632065505,164.1092232918825,167.81710972560612,171.5432084913742,175.28746269882654,179.0498155173791,182.83021006559434,186.62858935733755,190.44489629360598,194.27907369059267,198.13106433581675,202.00081106543948,205.8882568569106,209.79334493195304,213.716018865745,217.65622269878924,221.61390104856727,225.58899921858665,229.5814633028578,233.5912402842314,237.61827812534145
188.88888888888889,,,1.8026731357918025e-24,1.331045699414124e-15,3.616853819646766e-11,1.655060029673911e-08,9.82808596162762e-07,1.8170442970449523e-05,0.00016200855235568867,0.0008883026131082338,0.00346560720891247,0.010556099682914148,0.026705882649848925,0.058572596154173456,0.1148299618609527,0.20579486512226305,0.3428794316223769,0.537978808384321,0.8028842396533207,1.1487796192804736,1.5858500940027982,2.123008774486007,2.767733079857033,3.525994472421442,4.402262459215808,5.399563974054992,6.519581220481445,7.762773787269289,9.128513736134803,10.615225057778412,12.22052124164798,13.94133663384561,15.774048798287533,17.71459027416664,19.75854901528368,21.901257488832652,24.13787100512634,26.463436404773187,28.87295269651462,31.361425462636788,33.92391668246006,36.55559105928332,39.25175913846429,42.00791673324614,44.81977965669491,47.68331260291354,50.5947512067102,53.55061672965941,56.54772333369622,59.58317838843222,62.654376638077444,65.7589892921865,68.89494920422366,72.0604332864732,75.25384321223977,78.4737853096777,81.71905038394694,84.98859403610489,88.2815178927718,91.59705202538615,94.93453872765873,98.29341773169506,101.67321287695579,105.07352019802161,108.49399736406514,111.9343543819419,115.39434546293275,118.8737619482274,122.37242618817521,125.89018627365655,129.4269115234386,132.9824886381953,136.55681843933337,140.1498131184203,143.76139393052648,147.39148927198323,151.04003308977565,154.7069635759853,158.39222210633,162.0957523869202,165.81749977794013,169.55741076693533,173.31543256803906,177.09151282658948,180.88559941137538,184.69764027918154,188.5275833984303,192.3753767205719,196.24096818951412,200.12430578075674,204.025337563152,207.944011777279,211.8802769253104,215.8340818681013,219.80537592588735,223.79410897959752,227.80023157030132,231.8236949947694,235.86445139550287,239.92245384392774
189.3939393939394,,,1.822792484643162e-24,1.3459012892774722e-15,3.6572209512675175e-11,1.673531892068539e-08,9.937775669693007e-07,1.8373240401467855e-05,0.00016381670410378578,0.0008982168176324857,0.0035042863010231653,0.010673914636613206,0.02700394276887166,0.05922631560655332,0.1161115608460373,0.20809170895988577,0.34670625455646814,0.5439831045074296,0.8118451032640965,1.1616009663425815,1.603549515286415,2.146703338575358,2.798623309623516,3.5653475372840493,4.451395412048936,5.459827650859054,6.5923452320677,7.849412873934369,9.230395629587523,10.73369990040609,12.356912540282249,14.09693368004049,15.950100454105286,17.912300004827586,19.979071040014876,22.145693914357015,24.407269796685714,26.75879003554078,29.19519730368372,31.71144033961587,34.30252396225765,36.96355549506585,39.689787952721915,42.47665956933956,45.31982871144821,48.21520303653704,51.15896191859106,54.14757156179295,57.177792725957104,60.24668147279547,63.35158372638154,66.49012468923593,69.66019426517285,72.85992963374692,76.08769603074546,79.3420666475465,82.62180239702843,85.92583212752476,89.25323370978276,92.60321628809928,95.97510387318093,99.3683203654964,102.78237602963698,106.21685539055193,109.67140648814906,113.14573140462687,116.63957796614945,120.15273251481058,123.68501364624402,127.23626681114882,130.8063596842403,134.395178210753,138.00262324796617,141.62860772680983,145.27305426610135,148.93589317915092,152.61706081921727,156.316498216526,160.0341499652437,163.76996332390624,167.52388749747348,171.29587307315828,175.08587158592027,178.89383519265834,182.71971643696546,186.56346808880244,190.42504304555624,194.30439428294275,198.20147484573974,202.11623786985575,206.04863662849195,209.9986245961672,213.966155525418,217.95118353173697,221.95366318304363,225.97354959060192,230.01079849882538,234.06536637186787,238.13721047530422,242.22628895153858
189.8989898989899,,,1.8428662170584675e-24,1.3607231971830544e-15,3.6974965588191324e-11,1.6919618733598804e-08,1.0047216679176088e-06,1.8575578031521534e-05,0.0001656207562441318,0.00090810854376152,0.0035428776964260924,0.010791462469428135,0.027301327098612993,0.05987855288614054,0.11739025407217443,0.21038334518217305,0.3505244009661091,0.5499737871388155,0.8207856499820952,1.1743932436689486,1.621208806816262,2.1703441801724352,2.8294435022249815,3.604611377261692,4.500416966136267,5.519954692319269,6.664944266402826,7.935855524415316,9.332046527052613,10.851906125987556,12.492994600035143,14.252177942319516,16.12575294944458,18.109561469903692,20.19909307752045,22.38957613415693,24.676057794979744,27.053474055658413,29.516711410095738,32.06066193718016,34.68027351640505,37.37059635692153,40.12682625611345,42.94434422821172,45.818751590443654,48.74589938716146,51.721911167276666,54.74319851096814,57.80646919422772,60.90872836339553,64.04727348160135,67.21968406557536,70.42380735083084,73.657741025867,76.9198140927877,80.20856677505958,83.52273023091361,86.86120666572698,90.22305028048432,93.60744935816113,97.01370967530397,100.4412393355483,103.88953505191355,107.35816985368866,110.84678215799192,114.35506612286792,117.8827631851451,121.42965467990214,124.99555543725207,128.58030825467625,132.18377914808525,135.80585329120368,139.44643156010366,143.1054276072215,146.7827653966575,150.47837713975053,154.1922015766765,157.92418255609292,161.67426787056718,165.442408310679,169.2285569054363,173.03266832061598,176.8546983904887,180.69460376153782,184.55234162967886,188.42786955498715,192.32114534014582,196.23212696076777,200.1607725373845,204.10704034039597,208.07088882054668,212.05227665857024,216.05116282864782,220.0675066711427,224.1012679707912,228.15240703717618,232.2208847848358,236.30666281084535,240.40970346810667,244.52996993292737
190.4040404040404,,,1.8628971221889243e-24,1.3755134825652898e-15,3.737686238408583e-11,1.7103525343074648e-08,1.0156424196391875e-06,1.877748397447552e-05,0.00016742095944133974,0.0009179791659042978,0.003581386757132405,0.010908759514078508,0.027598076959230704,0.06052939861824677,0.11866621920779201,0.2126700922012303,0.35433440136482813,0.5559516886557379,0.8297071220535883,1.1871582286864626,1.6388304222682757,2.193934584061312,2.8601979399811417,3.643791447883607,4.549333932795026,5.579953452805924,6.737388410782196,8.022113749601484,9.43348055244554,10.969860158723487,12.628786328876807,14.407090991144841,16.30103069039478,18.306402077943424,20.418645698759814,22.63293803417633,24.944272345495214,27.347529405804565,29.837539677004578,32.40913875041986,35.05721777272113,37.776770087528234,40.56293456954292,43.41103535184039,46.31661707840546,49.27547458285377,52.283676004468845,55.337578714309686,58.433837906275734,61.569408189672046,64.74153891411243,67.94776535794576,71.18588895582468,74.45397154831612,77.75030496855314,81.07339663887808,84.42194809942103,87.79483502251242,91.19108802619068,94.60987459925167,98.05048233471577,101.51230357629174,104.99482151107487,108.49759768918587,112.02026091406768,115.56249742283042,119.12404226151229,122.70467175303922,126.30419695398778,129.92245799836573,133.55931923128568,137.21466504162584,140.88839630987172,144.58042739476915,148.29068358985353,152.01909898810877,155.76561469978617,159.53017737471743,163.312737986219,167.11325083886194,170.93167276723548,174.76796249676684,178.62208014163375,182.49398681796467,186.3836443534677,190.29101507714932,194.21606167509694,198.15874710015498,202.11903452510086,206.09688733042725,210.0922691190567,214.1051437515495,218.1354753962657,222.18322858983578,226.2483683040218,230.3308600156931,234.4306697771965,238.5477642848826,242.68211094396202,246.83367792822375
190.9090909090909,,,1.8828878766732185e-24,1.3902741217826827e-15,3.777795360399948e-11,1.728706332371495e-08,1.0265412814243605e-06,1.8978985210099907e-05,0.00016921755424833832,0.0009278300030270409,0.0036198186289313075,0.01102582144443246,0.027894232004055663,0.06117893977241778,0.11993962675429157,0.21495225558463305,0.35813676486544627,0.5619176078579099,0.8386107116147852,1.199897627121823,1.6564167163378567,2.2174777025200805,2.8908907324672755,3.6828929846020744,4.598152848576022,5.6398319496801745,6.809687345586416,8.108199075786093,9.534711259932564,11.08757776027335,12.764305872023867,14.56169352684071,16.47595709852014,18.50284813184766,20.637758241487184,22.87581213345114,25.211949287334875,27.640995375454274,30.15772496484932,32.75691731990008,35.43340704754142,38.18213085890715,40.998170982840925,43.87679499073036,46.813491209284024,49.80399864370826,52.844330419855645,55.930790096711156,59.059980671918765,62.22880658237833,65.43446940019975,68.67445819688703,71.94653568668957,75.24872128006905,78.5792721090764,81.93666295942619,85.31956588876432,88.7268301461562,92.15746285413603,95.61061077567949,99.08554337255575,102.58163726743275,106.09836214935424,109.63526810815993,113.19197434524948,116.76815918261289,120.3635512766856,123.97792193577195,127.61107843756905,131.26285824501983,134.93312402309158,138.62175936509894,142.32866514414482,146.05375641263305,149.79695978018478,153.55821120749528,157.33745416044383,161.13463807512596,164.9497170902013,168.7826490084169,172.6333944536083,176.50191619400456,180.38817860628095,184.29214725818682,188.21378859051734,192.15306968178862,196.10995808126282,200.0844216979289,204.07642873480933,208.08594765948538,212.11294720301677,216.15739638063536,220.21926452855868,224.29852135213994,228.39513698134812,232.509082030195,236.64032765732216,240.7888456254305,244.95460835766352,249.1375889894286
191.4141414141414,,,1.902841051206316e-24,1.4050070129678141e-15,3.8178290825936e-11,1.7470256277441455e-08,1.0374196548037165e-06,1.9180107650287917e-05,0.00017101077169682545,0.0009376623218904043,0.0036581782539393862,0.011142663313971731,0.02818983031691361,0.06182725987589069,0.12121064046451901,0.2172301288053908,0.3619319804301295,0.5678723119280366,0.8474975636156474,1.2126130771873773,1.6739699505214587,2.2409765630576084,2.921525826598989,3.721921015649,4.646879991309469,5.699597882970126,6.881850368040382,8.19412257304422,9.635751667197136,11.205074068439577,12.899570656513832,14.716005430398955,16.65055466834421,18.698924893433084,20.856458882255325,23.11822966393129,25.479123041160744,27.933909699257224,30.477308438322535,33.10404234562184,35.80888966870555,38.5867307044444,41.43259129589894,44.341682754010805,47.30943742514346,50.33153884934124,53.40394551683598,56.52290755451498,59.6849761343138,62.88700587211951,66.12615088747344,69.39985547432417,72.70584047993242,76.04208651743798,79.40681507535558,82.79846846527931,86.21568939666624,89.65730080495689,93.12228640515762,96.6097723038766,100.11900988543408,103.64936009221009,107.20027914516633,110.77130569503119,114.36204935519206,117.9721805408171,121.6014215224583,125.2495385938869,128.91633525114176,132.60164628106506,136.3053326616712,140.02727718250262,143.767380699962,147.5255589498929,151.30173984704382,155.09586120822544,158.90786884278126,162.73771496037003,166.58535685179484,170.45075580421408,174.33387621641356,178.23468488453096,182.15315043220454,186.0892428625823,190.04293321256435,194.0141932923847,198.0029954958099,202.0093126683593,206.0331180226768,210.074385091737,214.13308771190492,218.20920002906064,222.30269652199883,226.4135520382114,230.54174183792853,234.68724164295497,238.8500276874256,243.03007676809702,247.22736629222302,251.44187432144477
191.91919191919192,,,1.9227591166312132e-24,1.4197139805250343e-15,3.857792362447609e-11,1.7653126889416057e-08,1.0482788868686273e-06,1.9380876200445987e-05,0.00017280083384672726,0.0009474773400507348,0.0036964703823081186,0.011259299591477243,0.028484908502353412,0.06247443921148111,0.1224794177293332,0.21950399393724515,0.36572051802817307,0.5738165382494084,0.8563687785334081,1.2253061534647556,1.6914922984720444,2.2644340755862884,2.952107015983212,3.7608803739460135,4.695521394978018,5.759258653614631,6.953886414240082,8.279894881459848,9.736614286281497,11.32236363303323,13.034597432464071,14.87004581058108,16.824845020643757,18.894656643286016,21.074774703169968,23.360220644426434,25.74582669072738,28.22630864639315,30.796329663788878,33.45055679269271,36.183712089609564,38.99061964139464,41.86624914959197,44.80575594870167,47.80451672364513,50.858159894328246,53.96258967568957,57.11400312611817,60.308899947681006,63.54408527386122,66.81666608582267,70.12404218496141,73.46389280485305,76.83415998232151,80.23302975195433,83.65891211132607,87.11042055498001,90.58635181403841,94.08566628438714,97.60746948670402,101.15099478308592,104.71558747812185,108.30069035665719,111.9058306536452,115.53060841078725,119.1746861471032,122.83777975340814,126.51965051148169,130.22009813538676,133.9389547332854,137.67607959186594,141.4313546911005,145.20468086374535,148.99597452119997,152.80516487466602,156.63219158770764,160.47700280314808,164.33955349363262,168.21980409094368,172.1177193548928,176.03326744683167,179.9664191777579,183.91714740451104,187.88542655109333,191.87123223515474,195.87454098238192,199.89533001382455,203.9335770932802,207.98926042367538,212.06235858287903,216.15285049084605,220.26071540110763,224.38593291070498,228.52848298354755,232.68834598296604,236.8655027099102,241.05993444383017,245.27162298379164,249.5005506878075,253.74670050876563
192.4242424242424,,,1.9426444495916084e-24,1.4343967793046723e-15,3.8976899684222856e-11,1.7835696979944362e-08,1.0591202733530318e-06,1.958131481648799e-05,0.0001745879542837353,0.0009572762286352342,0.0037346995830928012,0.011375744194101273,0.02877950176940119,0.06312055500127763,0.12374610994469129,0.2217741223054641,0.3695028297116888,0.579750996093079,0.8652254148903407,1.237978370503978,1.7089858509737725,2.287853039080091,2.982637949598197,3.7997757081629007,4.744082863522826,5.818821380396839,7.02580407959894,8.365526235471012,9.837311152214644,11.439460449162539,13.169402311405008,15.023833047639958,16.998848951918127,19.090066736309144,21.292731753854255,23.60181394935391,26.01209205856539,28.51822710351869,31.114826699720236,33.79650198942965,36.55791899510095,39.3938457846283,42.29919614737429,45.26906970908465,48.298787794964746,51.38392403266982,54.520328705264724,57.70414615061488,60.93182494261141,64.20012105859622,67.50609464512723,70.84710128755398,74.22077885239806,77.62503101620415,81.0580085455824,84.51808928203084,88.00385763718208,91.51408424679369,95.04770627636768,98.60380873198734,102.18160701006667,105.78043082154461,109.39970954900569,113.03895903702924,116.69776977414863,120.37579639618366,124.07274842268824,127.78838212834893,131.52249344729918,135.274911808799,139.0454948061784,142.83412360635307,146.64069901376408,150.46513810971766,154.30737139538198,158.1673403738495,162.0449955135144,165.9402945414526,169.85320102121176,173.78368317538516,177.73171291732228,181.69726506157053,185.68031668607867,189.68084662275342,193.69883505613856,197.73426321254314,201.78711312442212,205.85736745687473,209.94500938494565,214.05002251200455,218.17239082089554,222.31209865074263,226.46913069335793,230.64347200412166,234.83510802299918,239.0440246020558,243.27020803642029,247.51364509618648,251.7743230571684,256.05222972883263
192.9292929292929,,,1.9624993377856296e-24,1.449057098481797e-15,3.937526490516856e-11,1.801798755271149e-08,1.0699450614999222e-06,1.978144655776171e-05,0.00017637233861256342,0.0009670601149844196,0.0037728702543529443,0.011492010518155783,0.02907364400939384,0.0637656815773534,0.12501086283239538,0.2240407750597558,0.3732793506148623,0.5856763681858193,0.8740684915938084,1.2506311861740158,1.7264526205637727,2.3112361477621266,3.013122139860165,3.838611492994207,4.792569983674124,5.87829291568125,7.097611637849297,8.451026486494627,9.937853849617886,11.556377988173018,13.304000801896937,15.177384833952532,17.17258648036337,19.285177653356904,21.51035510903492,23.843037372513752,26.277949776318742,28.809698651856205,31.43283618074706,34.14191771854274,36.93155339989535,39.79645545238177,42.73148196834302,45.7316771170223,48.792307149391505,51.908891212209376,55.077225984151305,58.29340341548197,61.55382127999753,64.8551867132396,68.19451332082701,71.56911274029271,74.97658171120285,78.41478576084646,81.88184057051568,85.37609198105261,88.89609545197554,92.44059563220488,96.00850654585872,99.5988927565561,103.21095175279152,106.8439976975455,110.49744660678542,114.17080296208987,117.86364771943587,121.57562764657442,125.30644590250883,129.05585376199392,132.82364338355552,136.60964151959578,140.41370407030365,144.23571138827367,148.0755642471486,151.93318039463523,155.8084916174761,159.70144125310696,163.61198208960215,167.5400746017377,171.48568547756437,175.4487863943451,179.42935300857465,183.42736412869138,187.44280104321427,191.4756469805111,195.5258866795736,199.59350605383383,203.678491932528,207.7808318662473,211.90051398508643,216.0375268995256,220.19185963552874,224.36350159660057,228.552442546615,232.75867260816668,236.9821822720036,241.22296241381076,245.48100431522246,249.75629968646814,254.04884068852192,258.35861995301156
193.43434343434342,,,1.9823259848548003e-24,1.4636965651671598e-15,3.9773063500816766e-11,1.8200018839665653e-08,1.0807544527233636e-06,1.9981293636365986e-05,0.00017815418487519095,0.0009768300849534919,0.0038109866325502146,0.011608111467869128,0.029367367868399177,0.06440989054059702,0.12627381676541044,0.22630420378587437,0.3770504998837383,0.5915933121692599,0.8828989901134626,1.2632660047773396,1.743894545832516,2.334585996861651,3.0435629701285825,3.877392038720791,4.84098813688886,5.937679860127163,7.169317058721784,8.536405123976923,10.038253537458791,11.673129226432437,13.438407842669184,15.330718211824513,17.346076888646916,19.48001104926144,21.72766892212097,24.083917686496424,26.543429350187953,29.100755638920745,31.75039339586537,34.48684230198519,37.30465674025715,40.19849326468153,43.16315447248641,46.19362931397492,49.28512923591782,52.43311919983872,55.63334259221147,58.88183929421139,62.174956594525064,65.50935308971836,68.8819961283432,72.2901536602865,75.73138153186495,79.20350732732356,82.70461182166082,86.23300900831246,89.78722552411735,93.36598013919854,96.96816382547334,100.59282077694057,104.23913063308079,107.90639205605804,111.59400773257,115.3014708104437,119.0283527357197,122.77429242530303,126.53898669050433,130.32218181548558,134.1236661896723,137.94326389283606,141.7808291344043,145.6362414535206,149.5094015926455,153.40022796443438,157.3086536388196,161.23462378434795,165.17809350472479,169.13902601768172,173.11739113012297,177.11316396761495,181.12632392257336,185.1568537892167,189.20473905758112,193.26996734244227,197.3525279261153,201.4524113968965,205.56960936734913,209.70411425881926,213.8559191403858,218.025017612172,222.21140372433197,226.41507192430228,230.63601702599502,234.87423419557075,239.1297189492386,243.40246715926983,247.69247506501466,251.9997392862623,256.3242568367513,260.6660251360317
193.9393939393939,,,2.0021265149369008e-24,1.4783167477660044e-15,4.0170338089516526e-11,1.8381810342819547e-08,1.0915496050928696e-06,2.018087746301632e-05,0.00017993368397060806,0.0009865871852639257,0.003849052801257974,0.011724059481363179,0.02966070481466967,0.0650532509086578,0.12753510705093624,0.22856465097215867,0.38081668154229076,0.5975024619575712,0.8917178565091747,1.2758841799515586,1.7613134954293708,2.357905087976473,3.0739637016971075,3.916121500115775,4.889342510470094,5.9969885759709305,7.24092802441192,8.621671295000922,10.138520972108072,11.789726672143075,13.572637833480481,15.483849608704082,17.519338763749985,19.67458779760031,21.944696475109776,24.32448069799533,26.808559221887982,29.391429245331395,32.067532361289864,34.83131267999605,37.67726895921969,40.60000223505178,43.59425979876447,46.65497560541422,49.77730655290348,52.956663698246864,56.188737433255525,59.46951587471161,62.79529612857195,66.16268854413234,69.56861448725151,73.01029847249654,76.48525568042636,79.99127595356164,83.52640533628069,87.08892612550682,90.67733626348442,94.29032874904128,97.92677159118776,101.58568868779008,105.26624188926992,108.96771440549495,112.68949563285273,116.4310674164626,120.19199171696776,123.97189961966022,127.77048160307986,131.58747897222955,135.42267635604713,139.27589516799995,143.1469879312155,147.0358333743094,150.9423322101912,154.8664035169874,158.80798164735748,162.76701359967447,166.74345679081532,170.73727717864227,174.74844768492872,178.7769468787663,182.82275788280373,186.88586747039332,190.96626532542467,195.0639434403357,199.17889563087707,203.31111714910404,207.46060437852185,211.62735459749504,215.8113657989358,220.01263655598032,224.23116592480224,228.46695337700166,232.7199987551122,236.99030224574165,241.2778643656976,245.58268595718621,249.9047681887981,254.24411255955278,258.60072090373615,262.97459539469304
194.44444444444443,,,2.0219029769118767e-24,1.4929191591175344e-15,4.0567129779657715e-11,1.8563380873231413e-08,1.1023316356477681e-06,2.038021868984972e-05,0.00018171102003427186,0.000996332425541466,0.00388707269954288,0.01183986655688704,0.02995368520153567,0.06569582925389608,0.12879486420225394,0.23082235052060973,0.38457828529992744,0.6034044290063744,0.9005260033220037,1.2884870173750371,1.7787112718392821,2.381195834072886,3.1043274803118357,3.954803884749113,4.937638107935223,6.056225200455108,7.312451944937984,8.706833822569253,10.238666528839296,11.906182390342794,13.70670466392755,15.63679487001634,17.692390034119015,19.868928032392045,22.161460225122205,24.564751299386693,27.07336682548915,29.681749547112627,32.384285888388156,35.17536448481304,38.04942858628753,41.00102385605355,44.0248424566051,47.115763558240715,50.268889751345434,53.479578454896426,56.74346734957739,60.05649307921559,63.41490285728535,66.8152590667758,70.25443735602151,73.72961904896134,77.23827888169896,80.778169151878,84.34730134528776,87.94392621097413,91.56651312330459,95.21372941671505,98.88442022666494,102.57758922894409,106.29238054584819,110.0280619847629,113.7840096950458,117.5596942435092,121.35466814013665,125.16855465698302,129.00103795672567,132.8518543786592,136.72078480187315,140.60764798187938,144.51229476197062,148.43460306513316,152.37447357829546,156.331826047469,160.30659610950005,164.2987325926899,168.30819522708248,172.33495270893812,176.37898107267412,180.44026232765705,184.51878332253645,188.6145348045239,192.72751064500858,196.8577072065721,201.00512282965954,205.16975742005022,209.35161212079953,213.55068905446757,217.76699112348322,222.00052185812197,226.25128530308817,230.5192859349831,234.80452860407345,239.10701849475188,243.42676109994537,247.7637622054585,252.11802787703863,256.4895644743465,260.8783786085455,265.2844771765526
194.94949494949495,,,2.0416573483640887e-24,1.5075052594170617e-15,4.096347824917252e-11,1.874474858739904e-08,1.1131016225574973e-06,2.0579337250368576e-05,0.00018348637079428182,0.001006066780279919,0.003925050129145184,0.011955544274650787,0.03024633832614077,0.06633768983214682,0.13005321419116792,0.2330775281941739,0.3883356873099441,0.6092998034939658,0.9093243113392975,1.3010757772923989,1.796089614660999,2.404460564153247,3.134657342256496,3.993443060739202,4.985879758694084,6.11539565698709,7.3838959724684585,8.7919012226703,10.338700221897328,12.022508026241905,13.840621740270619,15.789569289628973,17.86524800434163,20.06305118705416,22.37798184783979,24.804753516876143,27.337878640475328,29.97174557384917,32.70068564709721,35.51903210948542,38.4211728117001,41.401598179153495,44.45494541134669,47.576039091795195,50.75992773133728,54.001915363846905,57.29758722899731,60.64282877637232,64.0338376055297,67.46712840374175,70.93953135806396,74.44818483906916,77.99052335377783,81.56426184707001,85.16737741490704,88.798089404737,92.45483874836762,96.13626722211987,99.84119717725339,103.56861214204127,107.31763857249865,111.08752892456351,114.87764613694765,118.68744954926358,122.51648223226975,126.36435967337198,130.23075973820417,134.11541381574577,138.01809904783292,141.93863154231767,145.87686047105382,149.83266295819723,153.8059396701281,157.79661102505398,161.80461394683775,165.82989909632693,169.8724285175482,173.93217364544105,178.00911362627042,182.10323390786988,186.21452506203332,190.34298180586032,194.48860219310365,198.6513869501169,202.8313389343665,207.02846269631885,211.24276412809192,215.47425018445608,219.72292866379982,223.98880803834612,228.27189732444452,232.57220598506532,236.8897438577779,241.2245211024849,245.57654816406787,249.94583574583874,254.33239479036226,258.7362364647681,263.1573721481752,267.5958134192714
195.45454545454547,,,2.061391539285706e-24,1.5220764589524678e-15,4.1359421819867724e-11,1.8925931021221906e-08,1.1238606071409409e-06,2.0778252396773247e-05,0.00018525990790413342,0.0010157911906657905,0.003962988762036209,0.01207110381919786,0.03053869248425303,0.06697889470306485,0.13131027868388917,0.23533040203944108,0.3920892508509,0.6151891554269997,0.9181136312439407,1.3136516768743287,1.8134502042809642,2.4277015276168084,3.164956220037435,4.0320427639959044,5.034072127091976,6.174505666586723,7.455267014719632,8.876881720224096,10.438631723249793,12.138714827028767,13.974402010563388,15.94218763940868,18.037929387559146,20.25697603078895,22.594282278091676,25.04451055548439,27.602120241320414,30.26144536302652,33.01676222518134,35.862348772178734,38.79253755588703,41.801763889371884,44.88461016410638,48.035846562828496,51.250467732265186,54.52372456098687,57.85115010499642,61.22857888612807,64.65215915734206,68.11835817076006,71.62396089975529,75.16606299157127,78.7420589336939,82.34962650579195,85.98670857944663,89.65149324446847,93.34239311400579,97.05802451187559,100.797187094432,104.55884431744794,108.3421050333384,112.14620639878434,115.97049818798196,119.81442854094908,123.67753112741904,127.55941367216289,131.45974776443228,135.37825986015756,139.31472337839836,143.2689517915228,147.24079261020069,151.2301221683859,155.23684111921244,159.26087055875004,163.30214870320233,167.3606280493975,171.43627295813553,175.52905760477063,179.63896424804568,183.76598177382948,187.91010447548712,192.07133103726946,196.24966369129885,200.44510752240208,204.65766989837994,208.88736000626474,213.13418847759095,217.39816708811298,221.67930851930268,225.97762617074707,230.29313401409078,234.62584648050236,238.9757783748101,243.34294481046882,247.72736116039826,252.12904301951002,256.54800617539433,260.9842665842282,265.43784034945537,269.90874370122793
195.95959595959596,,,2.0811073955430548e-24,1.5366341206607713e-15,4.1754997526827513e-11,1.9106945121860925e-08,1.1346095957543524e-06,2.0976982734860137e-05,0.0001870317972540436,0.0010255065662850326,0.004000892146857612,0.01218655599954761,0.030830775021244122,0.06761950384260246,0.13256617526165584,0.2375811827820295,0.3958393270312088,0.6210730356740364,0.9268947851569195,1.3262158924247005,1.8307946645038857,2.4509208983386896,3.1952269477393362,4.07060660499496,5.082219720867631,6.233560758191962,7.526571747479038,8.961783264001344,10.538470380125592,12.254813662264416,14.108057988125443,16.094664194169233,18.2104503357539,20.45072070261843,22.81038174782874,25.28404484112679,27.86611634385835,30.55087601085703,33.332545183659825,36.20534657632412,39.163557534432556,42.20155837511997,45.313876826509706,48.49522884525132,51.740555417232365,55.045054513187395,58.40420725048033,61.81379747795789,65.26992435846742,68.76900795986525,72.30778828105568,75.8833184689988,79.49295319537705,83.1343332578997,86.80536746584653,90.5042127930648,94.22925365651747,97.9790810324235,101.75247197143531,105.54836993222803,109.36586622708694,113.20418276671352,117.06265620545855,120.94072352120682,124.8379090141378,128.75381267290575,132.68809983281514,136.64049203581843,140.61075899449426,144.5987115597128,148.604195593007,152.62708664859755,156.66728537501197,160.72471355431668,164.799310701177,168.89103115381758,172.99984159406864,177.1257189408201,181.26864856730612,185.42862279829848,189.60563964838752,193.799701767379,198.0108155628462,202.2389904737804,206.48423837256504,210.74657307550189,215.02600994466732,219.32256556626027,223.6362574925745,227.96710403651537,232.31512410913717,236.68033709202606,241.0627627375508,245.46242109101155,249.87933242963544,254.31351721414316,258.764996049271,263.23378965024693,267.7199188127057,272.2234043839774
196.46464646464648,,,2.1008067021135105e-24,1.5511795625222569e-15,4.215024118358772e-11,1.9287807277453482e-08,1.1453495615592052e-06,2.117554625671366e-05,0.00018880219926231212,0.001035213786720819,0.004038763715198712,0.012301911268182513,0.031122612381984986,0.06825957524842144,0.1338210176272735,0.23983007419675234,0.3995862553600657,0.6269519769331375,0.9356685680814851,1.3387695614468769,1.848124565613346,2.4741207784884938,3.2254722658138633,4.10913807512019,5.130326899071541,6.292566278359302,7.59781662633273,9.046613540568872,10.63822523143431,12.370815042976377,14.24160177385212,16.247012758584834,18.382826468140415,20.644302743247067,23.026299821617634,25.523378060003612,28.12989084869472,30.840063719864176,33.64806310870022,36.54805656693647,39.534266318904656,42.60101779359748,45.74278419068065,48.95422740460464,52.23023495215054,55.565952101839315,58.95680826565487,62.39853686294692,65.88718821249975,69.4191354394336,72.99107379927364,76.60001415483126,80.24327156038501,83.91845001035371,87.62342441061641,91.35632075845359,95.11549539566921,98.89951405507352,102.7071312706794,106.53727057981234,110.38900581882528,114.26154370674942,118.15420782402165,122.06642402529394,125.9977072742284,129.94764985153427,133.9159108627144,137.90220695655825,141.90630415721068,145.9280107097787,149.96717084050894,154.02365933567606,158.09737685027912,162.18824586130353,166.29620718998805,170.42121702280014,174.56324436825903,178.72226889329238,182.89827908894335,187.09127072096092,191.30124552598716,195.52821011885783,199.77217508067997,204.03315420122877,208.31116385255703,212.60622247372189,216.91835014915657,221.24756826558544,225.5938992344085,229.9573662682743,234.33799320215854,238.73580435061612,243.15082439409173,247.5830782882145,252.03259119091393,256.4993884029878,260.98349531843496,265.48493738147295,270.00374004767093,274.53992874706887
196.96969696969697,,,2.1204911861276184e-24,1.5657140598040274e-15,4.254518744300904e-11,1.9468533345034137e-08,1.1560814461787776e-06,2.1373960371330597e-05,0.0001905712691484001,0.0010449137030507758,0.004076606787437806,0.012417179738840942,0.03141423015209885,0.06889916503858981,0.1350749157986703,0.2420772734544864,0.40333036434828357,0.6328264946387157,0.9444357492564032,1.3513137845800152,1.8654414270040724,2.4973032021099177,3.255694826123916,4.147640552606631,5.178397879486049,6.351527400383732,7.669007897654375,9.131379987401928,10.737905023152468,12.486729139556932,14.375045075167598,16.399246689769946,18.555072897744083,20.837739124920365,23.242055430011753,25.762531195514665,28.393466881887367,31.12903384347361,33.96334366024814,36.89050878337313,39.90469639386498,43.00017713208929,46.17136979484447,49.4128823679752,52.71954907990323,56.08646270120153,59.509001160458645,62.98284768018853,66.50400397110634,70.06879644808684,73.6738758464904,77.31621095451193,80.99307740187405,84.70204255423333,88.44094756972193,92.2078876061861,96.0011910498601,99.81939849357896,103.66124204360746,107.52562539196784,111.4116049639556,115.31837234221506,119.24523808040719,123.19161695023038,127.15701461337041,131.1410156723572,135.1432730286881,139.16349846048647,143.2014543232039,147.256946273679,151.32981691801737,155.419940288736,159.5272170591718,163.65157041212922,167.79294248494605,171.95129132059034,176.1265882613069,180.31881572786412,184.527965333659,188.75403628866573,192.997034053474,197.2569692084394,201.53385650722112,205.8277140878494,210.13856281791752,214.4664257534269,218.81132769361167,223.1732948163565,227.552354380929,231.94853448655417,236.36186387697768,240.79237178253516,245.24008779248237,249.7050417513924,254.18726367435468,258.6867836765136,263.20363191318705,267.73783852740394,272.2894336022325,276.85844711572065
197.4747474747475,,,2.140162519718044e-24,1.5802388472013955e-15,4.293986985450152e-11,1.9649138676695773e-08,1.1668061612518043e-06,2.1572241933346345e-05,0.00019233915718904827,0.0010546071392512789,0.004114424578220936,0.01253237120320508,0.03170565310394474,0.06953832754418579,0.1363279762904217,0.24432297144752793,0.40707197204575807,0.6386970878119677,0.9531970734252423,1.363849627415113,1.8827467196855427,2.520470138472077,3.285897195939902,4.186117308114663,5.226436745584863,6.410449132821144,7.740151608908614,9.216089805133302,10.837518222754557,12.60256579851905,14.508399228633891,16.551378919502483,18.727204256339558,21.03104627942942,23.457666900735397,26.00152456288117,28.656866833101187,31.417810927837767,34.2784136176407,37.23273230891366,40.274879210346796,43.399070265470215,46.5996699848849,49.871232589609534,53.20853918994896,56.606630251942946,60.060832431955355,63.566778977167196,67.12042321877185,70.71804508290904,74.35625100110558,78.03196789001686,81.74243214234717,85.48517466535822,89.25800302192968,93.05898166536574,96.88641114447479,100.73880701478143,104.61487904348748,108.5135111536181,112.43374242491552,116.37474935984422,120.33582953357809,124.31638667646368,128.31591718420196,132.3339980124452,136.37027588607526,140.42445773666958,144.49630227243532,148.5856125806998,152.69222966492913,156.8160268188675,160.9569047479967,165.1147873532575,169.2896180990217,173.48135689439337,177.68997742368518,181.915464868546,186.15781397044208,190.4170273879096,194.69311430840486,198.98608927923564,203.2959712264948,207.62278263474406,211.96654886369188,216.32729758111424,220.7050582940548,225.09986196268386,229.51174068331466,233.9407274289258,238.38685583715517,242.85016003713827,247.33067450781456,251.82843396138665,256.3434732465698,260.8758272670724,265.42553091147477,269.99261899126327,274.5771261843439,279.1790869817871
197.97979797979798,,,2.1598223226963407e-24,1.5947551206286273e-15,4.333432091766592e-11,1.9829638144150112e-08,1.1775245898910275e-06,2.177040726999937e-05,0.000194106008958701,0.0010642948935158493,0.004152220201604985,0.0126474951465666,0.03199690523436747,0.07017711539619688,0.13758030228416787,0.24656735309494562,0.4108113865503194,0.644564239859273,0.961953262027873,1.3763781221998916,1.900041868640743,2.5436234952280397,3.3160818622367705,4.22457150996277,5.274447453065965,6.469336327504624,7.811253618336583,9.300749969082942,10.937073032760273,12.718334558290469,14.641675214796754,16.70342197491355,18.89923471786055,21.224240124399287,23.67315198802571,26.24037784164752,28.920112391426898,31.70641875109428,34.59329892242689,37.574755317113116,40.64484523606431,43.79773001019769,47.02771997214619,50.32931571251605,53.69724538369963,57.12649733023496,60.612347137056986,64.15037828975062,67.73649595246144,71.36693378239428,75.03825411396951,78.7473421889802,82.49139534562154,86.26790819897909,90.07465486607924,93.90966922836134,97.77122411390715,101.65781014280915,105.56811483166395,109.5010024110207,113.45549468115975,117.43075312144884,121.42606237796487,125.44081518257504,129.47449870238165,133.52668227894438,137.59700648945818,141.6851734446444,145.7909382283482,149.91410137922998,154.05450231650028,158.21201361199394,162.38653601858252,166.57799416905615,170.78633286713574,175.01151389900645,179.25351330063577,183.51231902277326,187.78792894176092,192.0803491700791,196.3895926259198,200.71567782585785,205.05862786910882,209.41846958576144,213.7952328248746,218.18894986140418,222.59965490371505,227.02738368581424,231.4721731305969,235.93406107225746,240.4130860276625,244.90928700791483,249.42270336258989,253.95337465022334,258.50134052957566,263.06664066703087,267.6493146562053,272.2494019464697,276.86694177762547,281.5019731184495
198.48484848484847,,,2.1794721650634274e-24,1.6092640394434013e-15,4.372857213276014e-11,2.0010046161803228e-08,1.1882375880535997e-06,2.1968472206465018e-05,0.00019587196555540556,0.0010739777394934435,0.004189996675889837,0.012762560762545451,0.032288009802311,0.07081557960726882,0.1388319937887253,0.2488105976266201,0.41454890648581944,0.650428419322312,0.9707050143199624,1.388900269440489,1.9173282550332413,2.566765121368634,3.346251235515257,4.2630062290440005,5.322433835990172,6.528193687074408,7.882319604031409,9.38536724008057,11.03657740346262,12.834044663984521,14.774883676870111,16.85538799792614,19.071178020394935,21.41733608799051,23.88852790017972,26.479110106218208,29.18322457903399,31.994880360260844,34.90802471860171,37.916605115577084,41.01462400259215,44.196188175052306,47.45555388778096,50.78716822637009,54.1857065359836,57.646105212715256,61.16358896091273,64.73369170643137,68.3522706565682,72.01551340449922,75.71993838926497,79.46238936859466,83.2400248034243,87.0503031789551,90.89096531271184,94.76001464475704,98.6556963977039,102.57647635729587,106.5210198777207,110.4881715737624,114.47693603287514,118.48645976924519,122.5160145502944,126.56498215350534,130.63284055611342,134.7191515198008,138.82354950449067,142.94573182732702,147.08544997205848,151.24250195105776,155.41672561924412,159.6079928448786,163.8162044448395,168.0412857988605,172.2831830636406,176.54185991464234,180.81729475026182,185.1094782996806,189.41841158197855,193.74410416992174,198.0865727172081,202.44583971281443,206.82193243050676,211.21488204556982,215.6247228942372,220.0514918545682,224.49522783020106,228.95597132090236,233.43376406598202,237.92864874853873,242.44066875016605,246.9698679471897,251.51629054080195,256.07998091453686,260.66098351352207,265.2593427407669,269.8751028664857,274.50830794708475,279.1590017509935,283.8272276890014
198.989898989899,,,2.1991135693750385e-24,1.623766727823321e-15,4.412265404809352e-11,2.0190376708463947e-08,1.1989459858295732e-06,2.2166452089672997e-05,0.00019763716381331867,0.0010836564274534608,0.0042277569281645305,0.0128775769669304,0.03257898936383483,0.07145376964838158,0.14008314779064304,0.2510528788677378,0.4182848214517022,0.656290080583436,0.9794530084256707,1.4014170394079524,1.9346072182881084,2.5898968100085735,3.3764076534307708,4.3014244434489965,5.370399612552996,6.587025772056953,7.953355072498322,9.46994817464355,11.136039044896885,12.949705081327405,14.908034936430127,17.00728876353456,19.24304748685578,21.6103491321245,24.10381132546043,26.71773985457309,29.446223782816908,32.28321810592171,35.222615390440176,38.25830818698392,41.38424414973554,44.59447560885863,47.88320483375347,51.24482552199293,54.67396035287212,58.16549393761871,61.71460028127716,65.31676394332477,68.96779437347975,72.6638333001489,76.40135546106076,80.17716331463082,83.9883766169936,87.83241788180548,91.70699477045062,95.61008040993384,99.53989253123221,103.49487218601367,107.47366265397413,111.47508901099862,115.49813869886079,119.54194332526862,123.60576183044108,127.68896508119,131.79102190957744,135.91148652834116,140.04998731360942,144.20621681734048,148.37992294959338,152.5709012197049,156.77898793997971,161.00405429477837,165.24600118298397,169.5047547476851,173.7802625134447,178.07249005839586,182.38141815526146,186.70704032205103,191.0493607294262,195.40839241769484,199.7841557816659,204.1766772866106,208.5859883829717,213.01212459149357,217.45512473394746,221.91503028787702,226.39188484653252,230.88573366767415,235.39662329710086,239.92460125467767,244.46971577232284,249.0320155748841,253.61154969612076,258.20836732314393,262.8225176636189,267.45404983092413,272.1030127431664,276.7694550326196,281.45342496270314,286.1549703500988
199.49494949494948,,,2.2187480129663757e-24,1.6382642765933442e-15,4.451659630467705e-11,2.0370643347754104e-08,1.2096505886547818e-06,2.2364361810769257e-05,0.00019940173650222703,0.00109333168538116,0.00426550379857563,0.012992552410704383,0.0328698658050657,0.07209173352122383,0.14133385839589588,0.25329436546361267,0.422019412446078,0.6621496645294952,0.9881979023283627,1.4139293735553171,1.9518800580484377,2.6130203010057067,3.406553384208558,4.339829042816805,5.418348390516646,6.645837007527574,8.024365366694292,9.554499134555739,11.235465438103963,13.065324509757506,15.041139008494106,17.15913569700653,19.414856044473147,21.8032937743422,24.319018456477217,26.95628503529074,29.709129784176522,32.571453674873915,35.537094598104794,38.59989022774318,41.753733467291305,44.99262224540356,48.310704931086356,51.70232194263472,55.16204342612924,58.68470236234822,62.26542222913818,65.89963840403554,69.58311277007083,73.31194138251223,77.08255546512076,80.89171635594602,84.73650527403092,88.61430891598802,92.52280192748294,96.45992724865523,100.42387523124792,104.41306229231706,108.426109724684,112.46182314233003,116.51917290896743,120.59727578528134,124.69537793670587,128.81283936889253,132.94911980067997,137.10376594212488,141.27640011562295,145.46671013825934,149.67444037354824,153.8993838529043,158.14137536894913,162.40028544319316,166.6760150758378,170.968491191,175.27766269719586,179.60349708976258,183.94597752872716,188.3051003323135,192.68087283254954,197.07331154539207,201.48244061314836,205.90829048198242,210.35089678175876,214.81029937950598,219.28654158137027,223.77966946116243,228.28973129641187,232.8167770953647,237.36085820056994,241.9220269566382,246.50033643146486,251.09584018169832,255.7085920507932,260.3386460191248,264.9860560216183,269.65087585925795,274.33315906902624,279.032958827532,283.75032785912623,288.4853183497982
200.0,,,2.2383769300459048e-24,1.6527577447346787e-15,4.4910427678235445e-11,2.0550859247349156e-08,1.2203521784528286e-06,2.2562215826168486e-05,0.00020116581251646882,0.001103004220012197,0.004303240044366348,0.013107495492312481,0.03316066037323442,0.07272951782622136,0.142584216963332,0.2555352211477119,0.42575295226421467,0.6680075991770481,0.9969403348036584,1.4264381858529618,1.9691480360183908,2.6361372834282424,3.4366906298602267,4.378222832432639,5.4662836723261865,6.704631689385549,8.095355673605626,9.639026295888803,11.334863845740468,13.180911394759047,15.17420561572276,17.31093989008551,19.58661624309482,21.99618410839098,24.53416501314822,27.194763073001116,29.9719617870702,32.85960812087638,35.851485311182806,38.94137618440073,42.123118934384486,45.390657145753266,48.73808536508007,52.1596908322972,55.64999128452118,59.203768217732375,62.816094745866394,66.4823572403733,70.19827020040452,73.95988419234186,77.76358710678412,81.60609933478678,85.48446372132297,89.39603129673115,93.33844382849962,97.30961419399253,101.30770547671173,105.33110955774235,109.37842583033874,113.4484405236744,117.54010699146323,121.65252720753806,125.78493461589345,129.93667840695625,134.10720923349447,138.2960663365136,142.50286602060805,146.72729139968152,150.96908331934833,155.22803235953165,159.503971817439,163.7967715740916,168.10633275158625,172.43258307395217,176.77547285090316,181.13497151059823,185.51106461436405,189.903751292982,194.31304205049858,198.738956887431,203.18152370069566,207.6407769225936,212.11675636573295,216.6095062447475,221.1190743494158,225.64551134694807,230.18887019409522,234.74920564228486,239.3265738212123,243.9210318882781,248.53263773300628,253.1614497270642,257.80752651185,262.47092681674906,267.1517093021792,271.8499324224113,276.5656543039293,281.29893263573405,286.0498245685888,290.818386620698
