$E_D / meV$,0.0,1.4924623115577889,2.9849246231155777,4.477386934673366,5.969849246231155,7.462311557788944,8.954773869346733,10.447236180904522,11.93969849246231,13.4321608040201,14.924623115577887,16.417085427135678,17.909547738693465,19.402010050251256,20.894472361809044,22.386934673366827,23.87939698492462,25.371859296482413,26.8643216080402,28.356783919597987,29.849246231155774,31.34170854271357,32.834170854271356,34.326633165829136,35.81909547738693,37.311557788944725,38.80402010050251,40.29648241206029,41.78894472361809,43.28140703517588,44.773869346733655,46.26633165829145,47.75879396984924,49.25125628140704,50.743718592964825,52.236180904522605,53.7286432160804,55.22110552763819,56.713567839195974,58.20603015075376,59.69849246231155,61.19095477386934,62.68341708542714,64.17587939698491,65.66834170854271,67.16080402010051,68.65326633165827,70.14572864321607,71.63819095477386,73.13065326633166,74.62311557788945,76.11557788944724,77.60804020100502,79.10050251256281,80.59296482412059,82.08542713567839,83.57788944723617,85.07035175879398,86.56281407035176,88.05527638190955,89.54773869346731,91.04020100502512,92.5326633165829,94.0251256281407,95.51758793969849,97.01005025125627,98.50251256281408,99.99497487437185,101.48743718592965,102.97989949748744,104.47236180904521,105.96482412060301,107.4572864321608,108.94974874371857,110.44221105527637,111.93467336683416,113.42713567839195,114.91959798994975,116.41206030150752,117.90452261306532,119.3969849246231,120.88944723618089,122.38190954773869,123.87437185929647,125.36683417085428,126.85929648241206,128.35175879396982,129.84422110552762,131.33668341708542,132.8291457286432,134.32160804020103,135.81407035175877,137.30653266331655,138.79899497487438,140.29145728643215,141.78391959798995,143.27638190954772,144.76884422110552,146.26130653266333,147.75376884422107,149.2462311557789,150.73869346733667,152.23115577889448,153.72361809045225,155.21608040201005,156.70854271356782,158.20100502512562,159.6934673366834,161.18592964824117,162.678391959799,164.17085427135677,165.66331658291458,167.15577889447235,168.64824120603012,170.14070351758795,171.6331658291457,173.12562814070353,174.6180904522613,176.1105527638191,177.60301507537687,179.09547738693462,180.58793969849248,182.08040201005025,183.57286432160802,185.0653266331658,186.55778894472357,188.0502512562814,189.54271356783917,191.03517587939697,192.52763819095475,194.02010050251255,195.51256281407035,197.00502512562815,198.49748743718592,199.9899497487437,201.4824120603015,202.9748743718593,204.4673366834171,205.95979899497488,207.45226130653262,208.94472361809042,210.4371859296482,211.92964824120602,213.4221105527638,214.9145728643216,216.40703517587937,217.89949748743715,219.39195979899498,220.88442211055275,222.37688442211055,223.86934673366832,225.36180904522612,226.8542713567839,228.34673366834173,229.8391959798995,231.33165829145725,232.82412060301505,234.31658291457282,235.80904522613065,237.30150753768842,238.7939698492462,240.286432160804,241.77889447236177,243.2713567839196,244.76381909547737,246.25628140703517,247.74874371859295,249.24120603015072,250.73366834170855,252.22613065326632,253.71859296482413,255.21105527638187,256.70351758793964,258.19597989949744,259.68844221105525,261.18090452261305,262.67336683417085,264.1658291457286,265.6582914572864,267.15075376884425,268.64321608040206,270.13567839195974,271.62814070351754,273.12060301507535,274.6130653266331,276.10552763819095,277.59798994974875,279.09045226130655,280.5829145728643,282.0753768844221,283.5678391959799,285.06030150753764,286.55276381909545,288.04522613065325,289.53768844221105,291.03015075376885,292.52261306532665,294.0150753768844,295.50753768844214,297.0
149.99999999999997,,,,,,,,,,,,,,,,,,,,,,,,,,,,,,,,,,,,,,,,,,,,,,,,,,,,,,,,,,,,,,,,,,,,,,,,,,,,,,,,,,,,,,,,,,,,,,,,,,,,,,,,,,,,,,,,,,,,,,,,,,,,,,,,,,,,,,,,,,,,,,,,,,,,,,,,,,,,,,,,,,,,,,,,,,,,,,,,,,0.7138538205016778,7.763964506566234,14.735303006194252,21.62918218915991,28.446885911540278,35.18966981279508,41.85876208671423,48.45536422722097,54.98065174999422,61.435774890843184,67.82185928213494,74.14000661089213,80.3912952707055,86.57678103927135,92.6974978432884,98.75445870153993,104.74865694848731,110.68106782328573,116.55265046355399,122.36435028157054,128.1171016391585,133.81183069032414,139.4494582355259
150.251256281407,,,,,,,,,,,,,,,,,,,,,,,,,,,,,,,,,,,,,,,,,,,,,,,,,,,,,,,,,,,,,,,,,,,,,,,,,,,,,,,,,,,,,,,,,,,,,,,,,,,,,,,,,,,,,,,,,,,,,,,,,,,,,,,,,,,,,,,,,,,,,,,,,,,,,,,,,,,,,,,,,,,,,,,,,,,,,,,,,,2.8170926076707663,9.867203293735075,16.83854179336317,23.732420976328758,30.55012469870939,37.292908599964136,43.96200087388335,50.558603014390066,57.08389053716642,63.539013678079314,69.92509807010039,76.2432454041273,82.49453409086078,88.68001996467615,94.800737102171,100.8576988537844,106.85189918996292,112.78431443585562,118.65590541533881,124.46761996087471,130.22039568674552,135.91516288203456,141.552847361995
150.50251256281405,,,,,,,,,,,,,,,,,,,,,,,,,,,,,,,,,,,,,,,,,,,,,,,,,,,,,,,,,,,,,,,,,,,,,,,,,,,,,,,,,,,,,,,,,,,,,,,,,,,,,,,,,,,,,,,,,,,,,,,,,,,,,,,,,,,,,,,,,,,,,,,,,,,,,,,,,,,,,,,,,,,,,,,,,,,,,,,,,,4.920331394839882,11.970442080904641,18.941780580532484,25.83565976349814,32.65336348587836,39.39614738713354,46.06523966105245,52.66184180155957,59.18712932434408,65.64225246540144,72.02833685883762,78.3464842019688,84.59777293125468,90.78325896022298,96.90397656272633,102.9609395053039,108.95514252601666,114.88756321977837,120.75916433080585,126.57089638753705,132.3237005603261,138.01851158783742,143.6562606079127
150.75376884422107,,,,,,,,,,,,,,,,,,,,,,,,,,,,,,,,,,,,,,,,,,,,,,,,,,,,,,,,,,,,,,,,,,,,,,,,,,,,,,,,,,,,,,,,,,,,,,,,,,,,,,,,,,,,,,,,,,,,,,,,,,,,,,,,,,,,,,,,,,,,,,,,,,,,,,,,,,,,,,,,,,,,,,,,,,,,,,,,,,7.023570182009038,14.073680868073547,21.045019367701745,27.93889855066731,34.75660227304755,41.49938617430262,48.16847844822171,54.76508058872927,61.290368111535855,67.74549125290241,74.13157564897358,80.44972300735184,86.70101180226727,92.88649805551627,99.00721629622267,105.0641808059332,111.05838723891314,116.9908146610219,122.86242798645806,128.6741807271515,134.42701791967207,140.1218790675201,145.75970093402822
151.00502512562812,,,,,,,,,,,,,,,,,,,,,,,,,,,,,,,,,,,,,,,,,,,,,,,,,,,,,,,,,,,,,,,,,,,,,,,,,,,,,,,,,,,,,,,,,,,,,,,,,,,,,,,,,,,,,,,,,,,,,,,,,,,,,,,,,,,,,,,,,,,,,,,,,,,,,,,,,,,,,,,,,,,,,,,,,,,,,,,,,1.996583388954226,9.126808969178176,16.17691965524275,23.14825815487073,30.042137337836312,36.85984106021664,43.602624961471854,50.27171723539081,56.86831937590076,63.39360689875988,69.84873004075789,76.23481444155722,82.55296182474262,88.80425071860633,94.98973729020398,101.11045639390923,107.16742294065428,113.16163366687854,119.09406932765329,124.96569727133725,130.77747429103076,136.53034960434164,142.22526779371054,147.86317154423128
151.25628140703515,,,,,,,,,,,,,,,,,,,,,,,,,,,,,,,,,,,,,,,,,,,,,,,,,,,,,,,,,,,,,,,,,,,,,,,,,,,,,,,,,,,,,,,,,,,,,,,,,,,,,,,,,,,,,,,,,,,,,,,,,,,,,,,,,,,,,,,,,,,,,,,,,,,,,,,,,,,,,,,,,,,,,,,,,,,,,,,,,4.099822176123348,11.230047756347483,18.280158442411924,25.251496942040013,32.14537612500556,38.9630798473861,45.705863748640915,52.37495602256032,58.971558163076814,65.49684568605579,71.95196882928559,78.33805323828459,84.65620066077098,90.90748970070119,97.09297671654939,103.21369697112819,109.27066613544686,115.26488221165891,121.19732787883655,127.06897319699493,132.88077854656626,138.6336976437992,144.32868046116135,149.96667589349116
151.5075376884422,,,,,,,,,,,,,,,,,,,,,,,,,,,,,,,,,,,,,,,,,,,,,,,,,,,,,,,,,,,,,,,,,,,,,,,,,,,,,,,,,,,,,,,,,,,,,,,,,,,,,,,,,,,,,,,,,,,,,,,,,,,,,,,,,,,,,,,,,,,,,,,,,,,,,,,,,,,,,,,,,,,,,,,,,,,,,,,,,6.203060963292426,13.333286543516493,20.383397229581085,27.354735729209356,34.24861491217477,41.066318634555046,47.809102535810084,54.47819480972997,61.074796950263476,67.6000844735017,74.05520761903793,80.44129204181579,86.75943952505264,93.01072877641354,99.19621640244074,105.31693817193765,111.37391066365778,117.36813334652444,123.30059107414071,129.17225690759258,134.98409512750945,140.73706426725627,146.43211999558034,152.07021769521234
151.75879396984922,,,,,,,,,,,,,,,,,,,,,,,,,,,,,,,,,,,,,,,,,,,,,,,,,,,,,,,,,,,,,,,,,,,,,,,,,,,,,,,,,,,,,,,,,,,,,,,,,,,,,,,,,,,,,,,,,,,,,,,,,,,,,,,,,,,,,,,,,,,,,,,,,,,,,,,,,,,,,,,,,,,,,,,,,,,,,,,,1.094585877892063,8.306299750461536,15.436525330685624,22.4866360167501,29.457974516378307,36.35185369934395,43.16955742172412,49.912341322979124,56.581433596900574,63.178035737476314,69.70332326124787,76.15844641094324,82.54453085621395,88.8626784312371,95.11396798310258,101.29945643486201,107.42018017425741,113.47715685287464,119.47138762468843,125.40385978310259,131.27554969006138,137.08742584411115,142.84045191317944,148.53558956196866,154.17380092796796
152.01005025125627,,,,,,,,,,,,,,,,,,,,,,,,,,,,,,,,,,,,,,,,,,,,,,,,,,,,,,,,,,,,,,,,,,,,,,,,,,,,,,,,,,,,,,,,,,,,,,,,,,,,,,,,,,,,,,,,,,,,,,,,,,,,,,,,,,,,,,,,,,,,,,,,,,,,,,,,,,,,,,,,,,,,,,,,,,,,,,,,3.1978246650610065,10.409538537630796,17.53976411785471,24.589874803919404,31.56121330354763,38.45509248651306,45.272796208893396,52.015580110148676,58.68467238407494,65.28127452474718,71.8065620495666,78.2616852065097,84.64776968752747,90.96591739832124,97.21720737007512,103.40269692384362,109.52342319552534,115.58040509226929,121.57464568808561,127.5071349949812,133.37885298425482,139.19077269305106,144.94386323840558,150.63909257241284,156.2774298415942
152.2613065326633,,,,,,,,,,,,,,,,,,,,,,,,,,,,,,,,,,,,,,,,,,,,,,,,,,,,,,,,,,,,,,,,,,,,,,,,,,,,,,,,,,,,,,,,,,,,,,,,,,,,,,,,,,,,,,,,,,,,,,,,,,,,,,,,,,,,,,,,,,,,,,,,,,,,,,,,,,,,,,,,,,,,,,,,,,,,,,,,5.30106345223025,12.512777324799913,19.64300290502384,26.693113591088448,33.66445209071662,40.55833127368234,47.37603499606248,54.118818897317915,60.787911171257335,67.38451331214131,73.90980083893552,80.36492400811282,86.7510085445525,93.06915645226034,99.32044700145305,105.50593800690974,111.6266674988634,117.68365584038855,123.67790827645487,129.6104178286433,135.48216839303183,141.29413786710083,147.04730112681847,152.74263269331522,158.3811089626235
152.51256281407032,,,,,,,,,,,,,,,,,,,,,,,,,,,,,,,,,,,,,,,,,,,,,,,,,,,,,,,,,,,,,,,,,,,,,,,,,,,,,,,,,,,,,,,,,,,,,,,,,,,,,,,,,,,,,,,,,,,,,,,,,,,,,,,,,,,,,,,,,,,,,,,,,,,,,,,,,,,,,,,,,,,,,,,,,,,,,,,0.10969510392632056,7.404302239399305,14.616016111969024,21.74624169219311,28.796352378257776,35.767690877885855,42.66157006085129,49.47927378323163,56.22205768448832,62.89114995846018,69.4877520997827,76.01303963016133,82.46816281939483,88.85424743980936,95.17239562791802,101.42368695948943,107.60917985403181,113.72991339973795,119.78690963334732,125.78117623668544,131.71370954251222,137.5854976922044,143.39752376446378,149.15076869754586,154.8462138520153,160.48484309904484
152.76381909547734,,,,,,,,,,,,,,,,,,,,,,,,,,,,,,,,,,,,,,,,,,,,,,,,,,,,,,,,,,,,,,,,,,,,,,,,,,,,,,,,,,,,,,,,,,,,,,,,,,,,,,,,,,,,,,,,,,,,,,,,,,,,,,,,,,,,,,,,,,,,,,,,,,,,,,,,,,,,,,,,,,,,,,,,,,,,,,,2.2129338910953997,9.507541026568369,16.71925489913816,23.849480479362136,30.89959116542688,37.870929665054796,44.76480884802044,51.58251257040078,58.32529647166102,64.99438874570845,71.59099088790094,78.11627842456218,84.57140164579845,90.95748639076662,97.27563497138591,103.5269273483464,109.71242267308301,115.83316127308265,121.89016709337798,127.88445053234962,133.8170115445193,139.68884284028638,145.50093299773602,151.25426931262706,156.94984024279023,162.58863734438245
153.0150753768844,,,,,,,,,,,,,,,,,,,,,,,,,,,,,,,,,,,,,,,,,,,,,,,,,,,,,,,,,,,,,,,,,,,,,,,,,,,,,,,,,,,,,,,,,,,,,,,,,,,,,,,,,,,,,,,,,,,,,,,,,,,,,,,,,,,,,,,,,,,,,,,,,,,,,,,,,,,,,,,,,,,,,,,,,,,,,,,4.316172678264558,11.610779813737528,18.822493686307148,25.95271926653131,33.00282995259618,39.974168452224134,46.8680476351898,53.685751357570275,60.42853525883991,67.09762753305489,73.69422967690036,80.21951722422637,86.67464049526791,93.06072542135024,99.37887454270322,105.63016829835725,111.81566671578986,117.93641156085953,123.99342893769365,129.9877322533747,135.92032540199295,141.7922059879899,147.60436840244617,153.3578065841353,159.05351633221125,164.69249708108742
153.26633165829142,,,,,,,,,,,,,,,,,,,,,,,,,,,,,,,,,,,,,,,,,,,,,,,,,,,,,,,,,,,,,,,,,,,,,,,,,,,,,,,,,,,,,,,,,,,,,,,,,,,,,,,,,,,,,,,,,,,,,,,,,,,,,,,,,,,,,,,,,,,,,,,,,,,,,,,,,,,,,,,,,,,,,,,,,,,,,,,6.419411465433586,13.714018600906629,20.92573247347635,28.055958053700607,35.10606873976514,42.077407239393274,48.971286422358745,55.78899014474016,62.531774046033874,69.20086632060053,75.79746846746892,82.32275603236947,88.77787937914778,95.16396456377144,101.48211441900705,107.73340997077491,113.91891228416675,120.03966478002339,126.09669598760179,132.0910226257823,138.02365285141892,143.8955894874071,149.70783304512483,155.4613843807072,161.15724686384414,166.7964279832418
153.51758793969847,,,,,,,,,,,,,,,,,,,,,,,,,,,,,,,,,,,,,,,,,,,,,,,,,,,,,,,,,,,,,,,,,,,,,,,,,,,,,,,,,,,,,,,,,,,,,,,,,,,,,,,,,,,,,,,,,,,,,,,,,,,,,,,,,,,,,,,,,,,,,,,,,,,,,,,,,,,,,,,,,,,,,,,,,,,,,,1.1437123988010123,8.522650252602935,15.817257388075566,23.028971260645445,30.159196840869704,37.20930752693418,44.18064602656227,51.07452520952812,57.892228931911596,64.63501283326298,71.30410510853285,77.90070726073851,84.42599485382024,90.88111831331724,97.2672038607095,103.58535469812988,109.83665256301765,116.02215973741157,122.14292153083768,128.19996917782058,134.19432302144142,140.1269958080225,145.9989959008338,151.8113302308673,157.56500683346758,163.26103686228436,168.9004360185888
153.7688442211055,,,,,,,,,,,,,,,,,,,,,,,,,,,,,,,,,,,,,,,,,,,,,,,,,,,,,,,,,,,,,,,,,,,,,,,,,,,,,,,,,,,,,,,,,,,,,,,,,,,,,,,,,,,,,,,,,,,,,,,,,,,,,,,,,,,,,,,,,,,,,,,,,,,,,,,,,,,,,,,,,,,,,,,,,,,,,,3.246951185970118,10.62588903977225,17.92049617524493,25.132210047814716,32.26243562803891,39.312546314103514,46.28388481373156,53.17776399669729,59.99546771908775,66.73825162056774,73.40734389718865,80.00394605851301,86.52923369565717,92.98435731959161,99.37044336787667,105.688595502664,111.93989631439347,118.12540949922828,124.2461825055045,130.30324956593248,136.29763496776664,142.23035637510105,148.10242800918158,153.91486351036477,159.66867834132938,165.36489163652325,171.00452744988428
154.02010050251255,,,,,,,,,,,,,,,,,,,,,,,,,,,,,,,,,,,,,,,,,,,,,,,,,,,,,,,,,,,,,,,,,,,,,,,,,,,,,,,,,,,,,,,,,,,,,,,,,,,,,,,,,,,,,,,,,,,,,,,,,,,,,,,,,,,,,,,,,,,,,,,,,,,,,,,,,,,,,,,,,,,,,,,,,,,,,,5.350189973139087,12.729127826941095,20.02373496241393,27.235448834983874,34.36567441520811,41.41578510127282,48.38712360090077,55.281002783867116,62.09870650627493,68.84149040802815,75.51058268714141,82.107184863588,88.63247256802966,95.08759642742434,101.47368315699403,107.7918369845028,114.04314151230129,120.2286620655512,126.34944849704995,132.40653834191767,138.40096015730134,144.33373685306526,150.2058888199407,156.01843668635817,161.77240357565424,167.46881678264674,173.10870883559136
154.27135678391957,,,,,,,,,,,,,,,,,,,,,,,,,,,,,,,,,,,,,,,,,,,,,,,,,,,,,,,,,,,,,,,,,,,,,,,,,,,,,,,,,,,,,,,,,,,,,,,,,,,,,,,,,,,,,,,,,,,,,,,,,,,,,,,,,,,,,,,,,,,,,,,,,,,,,,,,,,,,,,,,,,,,,,,,,,,,,,7.45342876030827,14.832366614110335,22.12697374958297,29.338687622153,36.46891320237726,43.51902388844166,50.49036238806987,57.38424157103768,64.20194529348763,70.94472919579493,77.61382147934569,84.210423680184,90.73571148520051,97.19083567594755,103.57692331920245,109.8950793298583,116.14638849888718,122.33191801262437,128.45272040841604,134.50983683770934,140.50430045713495,146.43713974813264,152.30938157464877,158.12205381950852,163.87618748426286,169.57281818586839,175.2129870299339
154.52261306532662,,,,,,,,,,,,,,,,,,,,,,,,,,,,,,,,,,,,,,,,,,,,,,,,,,,,,,,,,,,,,,,,,,,,,,,,,,,,,,,,,,,,,,,,,,,,,,,,,,,,,,,,,,,,,,,,,,,,,,,,,,,,,,,,,,,,,,,,,,,,,,,,,,,,,,,,,,,,,,,,,,,,,,,,,,,,,2.0919280907241324,9.556667547477563,16.93560540127944,24.230212536752425,31.441926409322345,38.57215198954647,45.62226267561114,52.593601175238916,59.48748035821166,66.30518408075665,73.04796798414033,79.71706027533283,86.31366251451941,92.83895046683304,99.29407511637628,105.6801639689218,111.99832276475613,118.2496376781228,124.4351780053915,130.555999261698,136.61314653670405,142.60765791808433,148.54056778062863,154.41290975584855,160.2257192336566,165.9800352947973,171.67690202190803,177.31736918231792
154.77386934673365,,,,,,,,,,,,,,,,,,,,,,,,,,,,,,,,,,,,,,,,,,,,,,,,,,,,,,,,,,,,,,,,,,,,,,,,,,,,,,,,,,,,,,,,,,,,,,,,,,,,,,,,,,,,,,,,,,,,,,,,,,,,,,,,,,,,,,,,,,,,,,,,,,,,,,,,,,,,,,,,,,,,,,,,,,,,,4.1951668778933024,11.659906334646362,19.03884418844861,26.333451323921498,33.54516519649157,40.675390776715645,47.72550146277991,54.6968399624087,61.59071914539283,68.40842286814441,75.1512067735347,81.82029907749245,88.4169013755551,94.94218953957005,101.39731481480518,107.7834052481717,114.10156756099329,120.35288952328098,126.53844280614776,132.65928620746962,138.71646908317587,144.7110347836039,150.64402389285155,156.51647709348504,162.32943752046182,168.0839525174268,173.78107475772617,179.42186273615246
155.02512562814067,,,,,,,,,,,,,,,,,,,,,,,,,,,,,,,,,,,,,,,,,,,,,,,,,,,,,,,,,,,,,,,,,,,,,,,,,,,,,,,,,,,,,,,,,,,,,,,,,,,,,,,,,,,,,,,,,,,,,,,,,,,,,,,,,,,,,,,,,,,,,,,,,,,,,,,,,,,,,,,,,,,,,,,,,,,,,6.298405665062471,13.76314512181568,21.14208297561765,28.43669011109064,35.64840398366068,42.77862956388462,49.82874024994922,56.80007874957846,63.69395793259261,70.51166165576835,77.25444556476559,83.92353788945616,90.52014027593907,97.04542873892481,103.50055485542468,109.88664733135944,116.20481404254295,122.4561445847704,128.64171328340416,134.76258253414167,140.81980629152991,146.81443349835808,152.7475112564717,158.62008757073576,164.43321354340853,170.18794494691127,175.88534315162772,181.52647542708578
155.27638190954772,,,,,,,,,,,,,,,,,,,,,,,,,,,,,,,,,,,,,,,,,,,,,,,,,,,,,,,,,,,,,,,,,,,,,,,,,,,,,,,,,,,,,,,,,,,,,,,,,,,,,,,,,,,,,,,,,,,,,,,,,,,,,,,,,,,,,,,,,,,,,,,,,,,,,,,,,,,,,,,,,,,,,,,,,,,,0.8495981012477547,8.40164445223162,15.866383908984862,23.245321762786993,30.539928898259827,37.751642770829804,44.88186835105392,51.931979037118545,58.90331753675075,65.79719671983324,72.61490044384347,79.357684359109,86.02677671660592,92.62337923318732,99.14866811152044,105.60379534416847,111.98989043053099,118.30806259238166,124.55940349827965,130.74499042090642,136.86588967729082,142.92316015534735,148.91785671642248,154.85103327941727,160.7237454292483,166.5370524411788,172.29201866401795,177.9897142527551,183.63121528068194
155.52763819095475,,,,,,,,,,,,,,,,,,,,,,,,,,,,,,,,,,,,,,,,,,,,,,,,,,,,,,,,,,,,,,,,,,,,,,,,,,,,,,,,,,,,,,,,,,,,,,,,,,,,,,,,,,,,,,,,,,,,,,,,,,,,,,,,,,,,,,,,,,,,,,,,,,,,,,,,,,,,,,,,,,,,,,,,,,,,2.952836888416778,10.504883239400762,17.969622696153962,25.348560549956286,32.64316768542901,39.854881557998795,46.985107138223036,54.035217824287926,61.006556323928216,67.90043550716115,74.71813923274607,81.46092315857238,88.13001556674294,94.7266182711274,101.25190771770345,107.70703641280625,114.09313480107745,120.41131365971194,126.66266699319235,132.848275326752,138.96920922890087,145.02653285616285,151.0213073090696,156.95459361224033,162.82745517377404,168.6409596303877,174.3961800363133,180.09419539998703,185.73609060956835
155.77889447236177,,,,,,,,,,,,,,,,,,,,,,,,,,,,,,,,,,,,,,,,,,,,,,,,,,,,,,,,,,,,,,,,,,,,,,,,,,,,,,,,,,,,,,,,,,,,,,,,,,,,,,,,,,,,,,,,,,,,,,,,,,,,,,,,,,,,,,,,,,,,,,,,,,,,,,,,,,,,,,,,,,,,,,,,,,,,5.056075675585909,12.608122026570047,20.072861483323035,27.451799337125166,34.74640647259843,41.95812034516784,49.08834592539215,56.13845661145727,63.109795111117656,70.00367429466581,76.82137802311324,83.56416196622826,90.23325445093708,96.82985742164246,103.3551476345601,109.81027822349404,116.19638074788382,122.51456776753882,128.7659359012179,134.95156924255156,141.07254294646793,147.1299267719352,153.1247883720996,159.05819615391903,164.93122157618888,170.7449408076889,176.500435718338,182.19879422026864,187.8411100100749
156.03015075376882,,,,,,,,,,,,,,,,,,,,,,,,,,,,,,,,,,,,,,,,,,,,,,,,,,,,,,,,,,,,,,,,,,,,,,,,,,,,,,,,,,,,,,,,,,,,,,,,,,,,,,,,,,,,,,,,,,,,,,,,,,,,,,,,,,,,,,,,,,,,,,,,,,,,,,,,,,,,,,,,,,,,,,,,,,,,7.159314462755255,14.711360813739113,22.176100270492324,29.555038124294487,36.849645259767236,44.06135913233742,51.191584712561365,58.241695398628636,65.21303389833616,72.10691308251266,78.92461681598733,85.6674007866634,92.33649338459425,98.9330967267441,105.45838795934341,111.91352097377356,118.29962863189387,124.61782552056766,130.86921116519028,137.05487355257588,143.17589276190478,149.2333444851558,155.22830323268303,161.1618450570905,167.03504967889197,172.84900195125064,178.60479265118175,184.30351862639262,189.94628235839932
156.28140703517585,,,,,,,,,,,,,,,,,,,,,,,,,,,,,,,,,,,,,,,,,,,,,,,,,,,,,,,,,,,,,,,,,,,,,,,,,,,,,,,,,,,,,,,,,,,,,,,,,,,,,,,,,,,,,,,,,,,,,,,,,,,,,,,,,,,,,,,,,,,,,,,,,,,,,,,,,,,,,,,,,,,,,,,,,,,1.6216592948107222,9.262553249924057,16.814599600908164,24.279339057661332,31.6582769114636,38.95288404693652,46.16459791950637,53.294823499730505,60.34493418580251,67.31627268561645,74.21015187099597,81.02785561302262,87.77063962656864,94.43973238877204,101.03633624099851,107.56162881333624,114.01676490202047,120.4028788770695,126.72108761337223,132.97249384797294,139.1581897928323,145.27926079020267,151.3367887905614,157.33185545569842,163.26554473269326,169.13894479758756,174.95314932162051,180.7092580614793,186.40837681426063,192.05161680632057
156.5326633165829,,,,,,,,,,,,,,,,,,,,,,,,,,,,,,,,,,,,,,,,,,,,,,,,,,,,,,,,,,,,,,,,,,,,,,,,,,,,,,,,,,,,,,,,,,,,,,,,,,,,,,,,,,,,,,,,,,,,,,,,,,,,,,,,,,,,,,,,,,,,,,,,,,,,,,,,,,,,,,,,,,,,,,,,,,,3.7248980819796977,11.365792037093126,18.917838388077453,26.382577844830607,33.76151569863288,41.05612283410585,48.267836706675496,55.39806228690007,62.448172972985,69.41951147302518,76.31339066061904,83.13109441677344,89.87387849549664,96.54297149177333,103.13957603433427,109.66487034615355,116.12001029332522,122.50613197770771,128.82435483879084,135.07578514142477,141.26151966001814,147.38264933779985,153.4402627024153,159.43544884952462,165.36929985401937,171.24291252344955,177.0573894619839,182.81383945984595,188.5133772596471,194.15712277649794
156.78391959798992,,,,,,,,,,,,,,,,,,,,,,,,,,,,,,,,,,,,,,,,,,,,,,,,,,,,,,,,,,,,,,,,,,,,,,,,,,,,,,,,,,,,,,,,,,,,,,,,,,,,,,,,,,,,,,,,,,,,,,,,,,,,,,,,,,,,,,,,,,,,,,,,,,,,,,,,,,,,,,,,,,,,,,,,,,,5.828136869148976,13.469030824262518,21.0210771752467,28.48581663200003,35.864754485802024,43.159361621274726,50.3710754938446,57.50130107407013,64.5514117601868,71.52275026068604,78.41662945221536,85.23433323108402,91.97711740682027,98.64621073104898,105.24281619525296,111.76811274048413,118.22325748579192,124.60938850608036,130.92762809649793,137.17908637536453,143.36486502029427,149.48606091060915,155.5437694613154,161.53908747128276,167.47311536015556,173.3469587246714,179.16172919784108,184.91854463877783,190.6185287144954,196.2628099573776
157.03517587939697,,,,,,,,,,,,,,,,,,,,,,,,,,,,,,,,,,,,,,,,,,,,,,,,,,,,,,,,,,,,,,,,,,,,,,,,,,,,,,,,,,,,,,,,,,,,,,,,,,,,,,,,,,,,,,,,,,,,,,,,,,,,,,,,,,,,,,,,,,,,,,,,,,,,,,,,,,,,,,,,,,,,,,,,,,0.20005692067092146,7.931375656318177,15.572269611431778,23.124315962415697,30.589055419169053,37.9679932729711,45.26260040844408,52.474314281013726,59.60453986124244,66.65465054743107,73.62598904882262,80.51986824712132,87.33757206160297,94.08035637891511,100.74945015543503,107.34605683444991,113.87135621727211,120.32650687722403,126.71264912035066,133.030908401696,139.28239902648176,145.46822791783458,151.58949822167207,157.64731254051688,163.6427756315062,169.5769964588261,175.4510895474189,181.2661756361084,187.02338167003842,192.72384020277372,198.36868829774014
157.286432160804,,,,,,,,,,,,,,,,,,,,,,,,,,,,,,,,,,,,,,,,,,,,,,,,,,,,,,,,,,,,,,,,,,,,,,,,,,,,,,,,,,,,,,,,,,,,,,,,,,,,,,,,,,,,,,,,,,,,,,,,,,,,,,,,,,,,,,,,,,,,,,,,,,,,,,,,,,,,,,,,,,,,,,,,,,2.303295707839997,10.034614443487142,17.67550839860091,25.227554749584623,32.69229420633816,40.07123206014007,47.365839195613205,54.57755306818308,61.707778648419556,68.75788933476483,75.72922783782366,82.62310704742087,89.44081091645297,96.18359543660782,102.85268982775409,109.4492980888647,115.9746010413248,122.42975893217528,128.81591457272958,135.1341968938831,141.38572472714472,147.57161058310047,153.6929641983936,159.75089565172877,165.74651789823218,171.6809486286309,177.55531141619065,183.37073616367826,189.1283589015594,194.82932101591936,200.47476800092025
157.53768844221102,,,,,,,,,,,,,,,,,,,,,,,,,,,,,,,,,,,,,,,,,,,,,,,,,,,,,,,,,,,,,,,,,,,,,,,,,,,,,,,,,,,,,,,,,,,,,,,,,,,,,,,,,,,,,,,,,,,,,,,,,,,,,,,,,,,,,,,,,,,,,,,,,,,,,,,,,,,,,,,,,,,,,,,,,,4.406534495008917,12.137853230656136,19.778747185769777,27.330793536753742,34.795532993507024,42.17447084730938,49.4690779827822,56.6807918553527,63.81101743560934,70.86112812227907,77.83246662834017,84.72634585627898,91.54404980707776,98.28683461290501,104.9559298277986,111.55254012616074,118.07784752733473,124.53301418932244,130.91918571781412,137.23749484563496,143.4890652740434,149.6750154407961,155.79646198933023,161.85452275037707,167.85031910050543,173.78497762068696,179.65963103360323,185.4754184454472,191.23348495387873,196.93498070789818,202.58105951872145
157.78894472361807,,,,,,,,,,,,,,,,,,,,,,,,,,,,,,,,,,,,,,,,,,,,,,,,,,,,,,,,,,,,,,,,,,,,,,,,,,,,,,,,,,,,,,,,,,,,,,,,,,,,,,,,,,,,,,,,,,,,,,,,,,,,,,,,,,,,,,,,,,,,,,,,,,,,,,,,,,,,,,,,,,,,,,,,,,6.509773282178106,14.241092017825585,21.88198597293907,29.43403232392313,36.89877178067662,44.27770963447864,51.57231676995143,58.784030642523675,65.91425622282712,72.96436691013874,79.93570542142918,86.82958467838495,93.64728874930177,100.39007395104608,107.05917025571112,113.65578314963267,120.18109604628764,126.63627326912722,133.02246352106462,139.3408036713498,145.59242263663248,151.77844511746682,157.8999949705099,163.9581980403162,169.9541843312935,175.88908945968106,181.76405537962222,187.58023042184087,193.3387687161483,199.04082908991055,204.68757354506084
158.0402010050251,,,,,,,,,,,,,,,,,,,,,,,,,,,,,,,,,,,,,,,,,,,,,,,,,,,,,,,,,,,,,,,,,,,,,,,,,,,,,,,,,,,,,,,,,,,,,,,,,,,,,,,,,,,,,,,,,,,,,,,,,,,,,,,,,,,,,,,,,,,,,,,,,,,,,,,,,,,,,,,,,,,,,,,,,0.7896538249425548,8.613012069347194,16.344330804994733,23.98522476010814,31.537271111092338,39.00201056784555,46.380948421647595,53.67555555712059,60.887269429697625,68.01749501010578,75.06760569863567,82.0389442187566,88.93282352053653,95.75052776462513,102.49331350689133,109.16241123577741,115.75902740353312,122.2843470322334,128.73953688174078,135.12574906736836,141.44412493590875,147.69579896531465,153.88190244870137,160.0035667512414,166.06192597797303,172.05811894981463,177.99329044434535,183.86859171024784,189.68518030586227,195.44421934173133,201.14687622476922,206.79432100936853
158.29145728643212,,,,,,,,,,,,,,,,,,,,,,,,,,,,,,,,,,,,,,,,,,,,,,,,,,,,,,,,,,,,,,,,,,,,,,,,,,,,,,,,,,,,,,,,,,,,,,,,,,,,,,,,,,,,,,,,,,,,,,,,,,,,,,,,,,,,,,,,,,,,,,,,,,,,,,,,,,,,,,,,,,,,,,,,,2.8928926121117864,10.716250856516618,18.447569592163664,26.088463547277325,33.64050989826147,41.1052493550148,48.48418720881665,55.778794344289786,62.99050821687903,70.12073379750838,77.17084448826618,84.14218302287803,91.03606239238076,97.85376688179139,104.59655335168006,111.26565292063638,117.86227317880932,124.38760098939152,130.8428058351087,137.22904356963653,143.54746036319563,149.79919659933142,155.98539048591223,162.10718117941502,168.165711275928,174.16212858328268,180.09758714736873,185.97324755569048,191.79027657968422,197.54984624342327,203.25313242098358,208.90131306977085
158.54271356783917,,,,,,,,,,,,,,,,,,,,,,,,,,,,,,,,,,,,,,,,,,,,,,,,,,,,,,,,,,,,,,,,,,,,,,,,,,,,,,,,,,,,,,,,,,,,,,,,,,,,,,,,,,,,,,,,,,,,,,,,,,,,,,,,,,,,,,,,,,,,,,,,,,,,,,,,,,,,,,,,,,,,,,,,,4.996131399280874,12.819489643685754,20.550808379332913,28.191702334446813,35.74374868543062,43.20848814218402,50.587425995985946,57.88203313146008,65.09374700407841,72.22397258515372,79.27408327984728,86.24542183761866,93.13930130735125,99.9570061386467,106.69979357516755,113.36889549590911,119.96552081922722,126.49085849954457,132.9460810432255,139.33234837738448,145.65081184443076,151.90261807431364,158.0889125026511,164.2108423462619,170.26955890591526,176.2662191280747,182.20198641476279,188.07803071804517,193.89552799081397,199.65565908832411,205.35960822656733,211.00856110608177
158.7939698492462,,,,,,,,,,,,,,,,,,,,,,,,,,,,,,,,,,,,,,,,,,,,,,,,,,,,,,,,,,,,,,,,,,,,,,,,,,,,,,,,,,,,,,,,,,,,,,,,,,,,,,,,,,,,,,,,,,,,,,,,,,,,,,,,,,,,,,,,,,,,,,,,,,,,,,,,,,,,,,,,,,,,,,,,,7.09937018644992,14.92272843085489,22.65404716650212,30.294941121615906,37.84698747259979,45.31172692935299,52.6906647831552,59.9852719186319,67.19698579131719,74.32721137325522,81.37732207468156,88.34866066856966,95.24254028381924,102.06024558432482,108.80303428915359,115.47213918523633,122.0687707278573,128.59412022968917,135.04936353448903,141.43566498524197,147.75418144627204,154.00606612945793,160.19247200045518,166.31455459057096,172.37347410125435,178.37039675033404,184.30649536469372,190.1829492684945,196.0009435478558,201.76166779238238,207.46631442260968,213.11607671262956
159.04522613065325,,,,,,,,,,,,,,,,,,,,,,,,,,,,,,,,,,,,,,,,,,,,,,,,,,,,,,,,,,,,,,,,,,,,,,,,,,,,,,,,,,,,,,,,,,,,,,,,,,,,,,,,,,,,,,,,,,,,,,,,,,,,,,,,,,,,,,,,,,,,,,,,,,,,,,,,,,,,,,,,,,,,,,,,1.2855578161071872,9.202608973618997,17.025967218023776,24.757285953671083,32.39817990878512,39.95022625976897,47.414965716522225,54.7939035703245,62.08851070580791,69.30022457863828,76.43045016218086,83.4805608747917,90.45189952373487,97.34577934649519,104.16348528177075,110.90627563142357,117.57538425572679,124.17202337389826,130.69738693989717,137.1526544601128,143.53899504134912,149.85757141864065,156.10954371430074,162.2960727141859,168.41832250235151,174.47746235871,180.47466788602202,186.41112138581232,192.28801154406574,198.10653251590253,203.86788251464912,209.57326201662644,215.22387169094537
159.29648241206027,,,,,,,,,,,,,,,,,,,,,,,,,,,,,,,,,,,,,,,,,,,,,,,,,,,,,,,,,,,,,,,,,,,,,,,,,,,,,,,,,,,,,,,,,,,,,,,,,,,,,,,,,,,,,,,,,,,,,,,,,,,,,,,,,,,,,,,,,,,,,,,,,,,,,,,,,,,,,,,,,,,,,,,,3.388796603276207,11.305847760788263,19.129206005193115,26.86052474084054,34.501418695954094,42.053465046938044,49.51820450369145,56.897142357494,64.19174949299506,71.40346336612406,78.53368895254626,85.58379968323683,92.55513841434556,99.44901852810537,106.2667253106373,113.00951777008856,119.67863102378459,126.27527929980076,132.80065949134143,139.2559551025328,145.64234035558437,151.96098420222975,158.2130539950512,164.3997186168548,170.5221509259362,176.58152943978897,182.57903924042844,188.51587213508614,194.39322614396474,200.2123044115761,205.97431365126036,211.6804622357231,217.33195804233296
159.54773869346732,,,,,,,,,,,,,,,,,,,,,,,,,,,,,,,,,,,,,,,,,,,,,,,,,,,,,,,,,,,,,,,,,,,,,,,,,,,,,,,,,,,,,,,,,,,,,,,,,,,,,,,,,,,,,,,,,,,,,,,,,,,,,,,,,,,,,,,,,,,,,,,,,,,,,,,,,,,,,,,,,,,,,,,,5.4920353904455235,13.409086547957276,21.232444792362113,28.963763528009643,36.604657483123205,44.15670383410728,51.62144329086061,59.000381144664246,66.29498828020638,73.50670215392564,80.63692774534668,87.68703850453336,94.65837735587407,101.55225787136607,108.36996577054958,115.11276090833577,121.78187986130504,128.3785391286519,134.90393885443936,141.35926688377086,147.7457029075828,154.06442243566391,160.31660036046998,166.50341392391832,172.62604496252555,178.6856813714845,184.68351778716507,190.62075553517434,196.49860192551017,202.31826899774688,208.08097182917865,213.78792651959085,219.4403479603468
159.79899497487435,,,,,,,,,,,,,,,,,,,,,,,,,,,,,,,,,,,,,,,,,,,,,,,,,,,,,,,,,,,,,,,,,,,,,,,,,,,,,,,,,,,,,,,,,,,,,,,,,,,,,,,,,,,,,,,,,,,,,,,,,,,,,,,,,,,,,,,,,,,,,,,,,,,,,,,,,,,,,,,,,,,,,,,,7.595274177614501,15.512325335126475,23.33568357953146,31.067002315178797,38.70789627029233,46.25994262127647,53.724682078029595,61.103619931837386,68.39822706747024,75.60994094230821,82.74016654214758,89.79027734520723,96.76161636927499,103.65549743128561,110.47320678476906,117.216005289573,123.88513120220844,130.48180357178805,137.00722611706837,143.46259137370163,149.8490848545008,156.16788896227055,162.4201864272644,168.60716309703656,174.73000997217835,180.78992444647443,186.78811076665548,192.72577977135458,198.60414799970076,204.4244362779652,210.18786789971927,215.89566651336457,221.54905382319768
160.0502512562814,,,,,,,,,,,,,,,,,,,,,,,,,,,,,,,,,,,,,,,,,,,,,,,,,,,,,,,,,,,,,,,,,,,,,,,,,,,,,,,,,,,,,,,,,,,,,,,,,,,,,,,,,,,,,,,,,,,,,,,,,,,,,,,,,,,,,,,,,,,,,,,,,,,,,,,,,,,,,,,,,,,,,,,1.6860756487482196,9.698512964783886,17.615564122295694,25.438922366700606,33.170241102348115,40.81113505746138,48.36318140844562,55.82792086519899,63.20685871901647,70.50146585484204,77.71317973172364,84.84340534534387,91.89351621449663,98.86485548248062,105.75873727781024,112.57644850424651,119.31925120295816,125.98838554928292,132.58507343658394,139.11052249280198,145.5659302981764,151.952488538488,158.2713868364364,164.52381604498555,170.71097084728984,176.83405157524655,182.8942652227961,188.89282568414308,194.8309532880338,200.70987372643506,206.53081649061977,212.29501293188463,218.00369406036125,223.65808818610742
160.30150753768842,,,,,,,,,,,,,,,,,,,,,,,,,,,,,,,,,,,,,,,,,,,,,,,,,,,,,,,,,,,,,,,,,,,,,,,,,,,,,,,,,,,,,,,,,,,,,,,,,,,,,,,,,,,,,,,,,,,,,,,,,,,,,,,,,,,,,,,,,,,,,,,,,,,,,,,,,,,,,,,,,,,,,,,3.789314435917132,11.801751751952768,19.718802909464983,27.542161153869763,35.27347988951712,42.9143738446306,50.46642019561485,57.931159652368805,65.31009750621,72.60470464242447,79.81641852291213,86.94664415851415,93.99675512523166,100.96809473217134,107.8619774988318,114.67969111207363,121.42249898929511,128.09164348129895,134.68834963437726,141.21382932911757,147.66928554695625,154.05591649382814,160.3749193295309,166.6274933004117,172.8148421378478,178.93817565327151,184.99871052300455,190.99767030724036,196.93628478486605,202.81578870941277,208.6374201028553,214.40241820553567,220.1120211947222,225.76746377363196
160.55276381909545,,,,,,,,,,,,,,,,,,,,,,,,,,,,,,,,,,,,,,,,,,,,,,,,,,,,,,,,,,,,,,,,,,,,,,,,,,,,,,,,,,,,,,,,,,,,,,,,,,,,,,,,,,,,,,,,,,,,,,,,,,,,,,,,,,,,,,,,,,,,,,,,,,,,,,,,,,,,,,,,,,,,,,,5.892553223086135,13.904990539121814,21.822041696633917,29.645399941038754,37.37671867668618,45.017612631799686,52.56965898278371,60.03439843953979,67.41333629343583,74.70794343040309,81.9196573170564,89.04988298688075,96.09999409492342,103.0713341658569,109.96521820356831,116.78293482832396,123.52574904727005,130.1949056603604,136.7916331884832,143.31714811553482,149.7726591814201,156.15937145371885,162.47848993536036,168.73122252141746,174.91878218609946,181.04238834934574,187.10326743283898,193.10265266303924,199.041783212501,204.92190279074524,210.74425780427725,216.51009520441698,222.22066013398353,227.87719347197074
160.8040201005025,,,,,,,,,,,,,,,,,,,,,,,,,,,,,,,,,,,,,,,,,,,,,,,,,,,,,,,,,,,,,,,,,,,,,,,,,,,,,,,,,,,,,,,,,,,,,,,,,,,,,,,,,,,,,,,,,,,,,,,,,,,,,,,,,,,,,,,,,,,,,,,,,,,,,,,,,,,,,,,,,,,,,,,7.995792010255313,16.008229326290984,23.925280483803075,31.748638728208068,39.47995746385555,47.120851418969,54.672897769953174,62.13763722671443,69.51657508072891,76.81118221909875,84.02289611599099,91.15312183790832,98.20323314708054,105.17457384427479,112.06845952632904,118.88617991527542,125.62900184000439,132.29817283945144,138.89492524225,145.42048049162867,151.8760534419978,158.2628563566578,164.58210237514646,170.83500828030785,177.0227964652399,183.14669606795752,189.20794329941393,195.20778103480816,201.14745776799163,207.02822604529737,212.85134050046358,218.61805560906708,224.3296232715943,229.98729032128242
161.05527638190952,,,,,,,,,,,,,,,,,,,,,,,,,,,,,,,,,,,,,,,,,,,,,,,,,,,,,,,,,,,,,,,,,,,,,,,,,,,,,,,,,,,,,,,,,,,,,,,,,,,,,,,,,,,,,,,,,,,,,,,,,,,,,,,,,,,,,,,,,,,,,,,,,,,,,,,,,,,,,,,,,,,,,,1.9894730290732414,10.099030797424595,18.111468113460255,26.028519270972392,33.851877515377126,41.58319625102461,49.22409020613826,56.77613655712216,64.24087601389661,71.6198138681571,78.91442100904855,86.12613492248897,93.25636072206132,100.30647231278701,107.27781384413946,114.17170163066316,120.98942668299667,127.7322579018887,134.40144587013222,140.99822706711026,147.5238282548811,153.97947075529896,160.36637435240638,166.68576060201067,172.938855396627,179.1268907053291,185.25110547432712,191.31274572895236,197.3130639582981,203.2533178898801,209.13476877478698,214.9586793063061,220.72631128962504,226.4389231693926,232.09776750801586
161.30653266331655,,,,,,,,,,,,,,,,,,,,,,,,,,,,,,,,,,,,,,,,,,,,,,,,,,,,,,,,,,,,,,,,,,,,,,,,,,,,,,,,,,,,,,,,,,,,,,,,,,,,,,,,,,,,,,,,,,,,,,,,,,,,,,,,,,,,,,,,,,,,,,,,,,,,,,,,,,,,,,,,,,,,,,4.092711816242256,12.202269584593578,20.214706900629373,28.13175805814134,35.95511630254653,43.6864350381938,51.3273289933073,58.87937534429235,66.34411480109794,73.72305265584568,81.01765980112216,88.2293737406472,95.35959965374205,102.40971163255983,109.38105426124405,116.27494471389275,123.09267549528188,129.83551784566606,136.50472571034695,143.10154007058102,149.6271933683265,156.08291374090007,162.46992880752182,168.78946880495502,175.04276893943572,181.23107089382665,187.35562349326108,193.41768258409036,199.41851021768232,205.35937325299653,211.24154150166942,217.06628553921448,222.8348742985675,228.54857255007406,234.20863835728284
161.5577889447236,,,,,,,,,,,,,,,,,,,,,,,,,,,,,,,,,,,,,,,,,,,,,,,,,,,,,,,,,,,,,,,,,,,,,,,,,,,,,,,,,,,,,,,,,,,,,,,,,,,,,,,,,,,,,,,,,,,,,,,,,,,,,,,,,,,,,,,,,,,,,,,,,,,,,,,,,,,,,,,,,,,,,,6.195950603411361,14.30550837176306,22.317945687798737,30.234996845310643,38.058355089715796,45.789673825363096,53.43056778047651,60.98261413146445,68.44735358833925,75.82629144401595,83.12089859668986,90.33261257638436,97.46283865244233,104.51295115851268,111.48429521393263,118.37818901202121,125.19592677590205,131.93878236972503,138.60801343229008,145.2048658041677,151.73057796794973,158.18638521776435,164.5735233104178,170.89323141233143,177.1467542290628,183.33534327561566,189.46025730753203,195.52276198076729,201.5241288411576,207.46563376298798,213.34855496282876,219.17417071219035,224.94375686338367,230.65858428965504,236.3199163252805
161.80904522613062,,,,,,,,,,,,,,,,,,,,,,,,,,,,,,,,,,,,,,,,,,,,,,,,,,,,,,,,,,,,,,,,,,,,,,,,,,,,,,,,,,,,,,,,,,,,,,,,,,,,,,,,,,,,,,,,,,,,,,,,,,,,,,,,,,,,,,,,,,,,,,,,,,,,,,,,,,,,,,,,,,,,,0.09073457627365782,8.299189390580331,16.40874715893193,24.421184474967934,32.33823563247988,40.16159387688482,47.89291261253208,55.53380656764588,63.085852918640306,70.5505923756637,77.92953023304442,85.22413739785219,92.43585143808065,99.56607774413038,106.61619095684024,113.58753684694412,120.48143480500539,127.29918101514954,134.04205226555783,140.711310230293,147.3082059711248,153.83398436980008,160.28988821025547,166.67716167595637,172.9970530947922,179.25081683833398,185.4397143525314,191.56501435581092,197.62799228472855,203.62992909622184,209.57210955060407,215.45582010309826,221.28234652680723,227.05297137921178,232.7689714099555,238.43161499175852
162.06030150753767,,,,,,,,,,,,,,,,,,,,,,,,,,,,,,,,,,,,,,,,,,,,,,,,,,,,,,,,,,,,,,,,,,,,,,,,,,,,,,,,,,,,,,,,,,,,,,,,,,,,,,,,,,,,,,,,,,,,,,,,,,,,,,,,,,,,,,,,,,,,,,,,,,,,,,,,,,,,,,,,,,,,,2.1939733634426686,10.40242817774937,18.511985946101042,26.524423262136736,34.44147441964882,42.264832664053806,49.99615139970117,57.63704535481511,65.18909170582654,72.65383116315273,80.03276902355282,87.3273762077524,94.53909033738185,101.66931696289423,108.71943111064955,115.69077933563503,122.58468242237686,129.40243877664386,136.1453284253515,142.81461742868143,149.41156243404123,155.9374150767918,162.39342595374552,168.78084794955257,175.1009387677305,181.35496259329028,187.54419088240837,193.66990233017074,199.73338210766588,205.7359204846683,211.67881096576576,217.56334806863455,223.39082486610758,229.16253040146054,234.87974707111002,240.54374805259906
162.3115577889447,,,,,,,,,,,,,,,,,,,,,,,,,,,,,,,,,,,,,,,,,,,,,,,,,,,,,,,,,,,,,,,,,,,,,,,,,,,,,,,,,,,,,,,,,,,,,,,,,,,,,,,,,,,,,,,,,,,,,,,,,,,,,,,,,,,,,,,,,,,,,,,,,,,,,,,,,,,,,,,,,,,,,4.297212150611985,12.505666964918442,20.615224733270182,28.627662049305904,36.544713206818074,44.36807145122299,52.099390186870224,59.74028414198548,67.29233049303555,74.75706995095283,82.136007816538,89.43061503098687,96.64232929018972,103.7725563528739,110.82267172313642,117.79402289056603,124.68793224918505,131.50570070435975,138.248611849658,144.91793648956104,151.51493722219635,158.04087278515274,164.497001899768,170.88458641078134,177.20489359319998,183.45919757340457,189.64877987766192,195.77492917317818,201.8389403030159,207.84211273730352,213.78574857143988,219.67115020016973,225.49961778743975,231.2724466384208,236.99092456412697,242.65632931244278
162.56281407035175,,,,,,,,,,,,,,,,,,,,,,,,,,,,,,,,,,,,,,,,,,,,,,,,,,,,,,,,,,,,,,,,,,,,,,,,,,,,,,,,,,,,,,,,,,,,,,,,,,,,,,,,,,,,,,,,,,,,,,,,,,,,,,,,,,,,,,,,,,,,,,,,,,,,,,,,,,,,,,,,,,,,,6.400450937781005,14.608905752087999,22.71846352043963,30.730900836475318,38.64795199398739,46.47131023839217,54.20262897403949,61.843522929158205,69.39556928029342,76.86030873932,84.23924661355079,91.53385387413815,98.74556831786624,105.87579597049134,112.92591292112641,119.89726776245679,126.79118473224496,133.60896752983976,140.35190365510633,147.02126902048866,153.61833253866405,160.14436039050184,166.60061972072185,172.9883815764852,179.30892298132886,185.5635281113065,191.75348860342757,197.88010307460638,203.9446759614399,209.9485158084267,215.89293313733845,221.77923802615447,227.60873751525233,233.38273294389325,239.10251730350706,244.76937267743276
162.81407035175877,,,,,,,,,,,,,,,,,,,,,,,,,,,,,,,,,,,,,,,,,,,,,,,,,,,,,,,,,,,,,,,,,,,,,,,,,,,,,,,,,,,,,,,,,,,,,,,,,,,,,,,,,,,,,,,,,,,,,,,,,,,,,,,,,,,,,,,,,,,,,,,,,,,,,,,,,,,,,,,,,,,,0.19451767365761224,8.503689724950357,16.712144539256926,24.82170230760849,32.834139623644376,40.75119078115633,48.57454902556128,56.305867761208894,63.94676171633551,71.49880806765051,78.9635475286843,86.34248541694582,93.63709274644877,100.84880744867499,107.9790358870063,115.02915485897924,122.00051424748244,128.8944403866502,135.7122400795557,142.4552050821093,149.12461678198227,155.72175076711895,162.24788099352045,168.70428331410494,175.09223820337755,181.41303259122674,187.6679607920363,193.85832457527061,199.9854324677761,206.05059840601396,212.05513987008598,218.00037563347144,223.88762325582223,229.71819643386505,235.4934023098421,241.21453881992073,246.88289214805746
163.06532663316582,,,,,,,,,,,,,,,,,,,,,,,,,,,,,,,,,,,,,,,,,,,,,,,,,,,,,,,,,,,,,,,,,,,,,,,,,,,,,,,,,,,,,,,,,,,,,,,,,,,,,,,,,,,,,,,,,,,,,,,,,,,,,,,,,,,,,,,,,,,,,,,,,,,,,,,,,,,,,,,,,,,,2.2977564608269274,10.60692851211943,18.81538332642636,26.924941094777783,34.937378410813594,42.85442956832574,50.67778781273068,58.40910654837841,66.05000050352568,73.60204685520064,81.06678631975026,88.44572423021293,95.740331660666,102.95204671948588,110.08227619140563,117.13239772285672,124.1037626929042,130.99769980252884,137.81551928237317,144.55851750252353,151.2279816948441,157.82519447832018,164.35143790521622,170.8079968062681,177.19616129014656,183.5172283314065,189.77250245183674,195.96329555649356,202.09092602556282,208.15671718714734,214.16199530613792,220.10808722357078,225.99631777218676,231.82800708023143,237.60446785908837,243.32700275299007,248.99690181210923
163.31658291457285,,,,,,,,,,,,,,,,,,,,,,,,,,,,,,,,,,,,,,,,,,,,,,,,,,,,,,,,,,,,,,,,,,,,,,,,,,,,,,,,,,,,,,,,,,,,,,,,,,,,,,,,,,,,,,,,,,,,,,,,,,,,,,,,,,,,,,,,,,,,,,,,,,,,,,,,,,,,,,,,,,,,4.400995247996209,12.710167299288619,20.918622113595315,29.028179881947022,37.040617197982755,44.95766835549491,52.78102659989962,60.512345335549156,68.15323929074302,75.7052856431104,83.17002511363111,90.54896305841257,97.84357063407194,105.05528617775848,112.18551699363904,119.23564173534817,126.20701350300374,133.10096365199624,139.91880617707776,146.66184242721954,153.33136584723684,159.92866643624626,166.4550346517359,172.91176455568188,179.30015607905756,185.6215163597124,191.87716017650584,198.0684095550565,204.19659265608433,210.26304207725514,216.2690927061328,222.2160792584052,228.10533362499294,233.9381821367098,239.7159428380613,245.43992284413574,251.11141583776086
163.56783919597987,,,,,,,,,,,,,,,,,,,,,,,,,,,,,,,,,,,,,,,,,,,,,,,,,,,,,,,,,,,,,,,,,,,,,,,,,,,,,,,,,,,,,,,,,,,,,,,,,,,,,,,,,,,,,,,,,,,,,,,,,,,,,,,,,,,,,,,,,,,,,,,,,,,,,,,,,,,,,,,,,,,,6.504234035165221,14.813406086457718,23.02186090076461,31.131418669116215,39.14385598515191,47.060907142663865,54.88426538706876,62.61558412272209,70.25647807801678,77.80852443166913,85.27326391204456,92.65220190873438,99.9468096897338,107.1585258838282,114.28875842820662,121.33888716044096,128.3102671453014,135.204232696279,142.02210191992347,148.76518151352047,155.43477150150665,162.0321696038448,168.55867497873706,175.0155911557189,181.40422805706427,187.72590308279277,193.98194129932642,200.1736748201384,206.3024414980937,212.3695830652098,218.37644285904466,224.3243632690092,230.2146830236391,236.0487344238535,241.8278406096002,247.55331292954253,253.22644846677355
163.8190954773869,,,,,,,,,,,,,,,,,,,,,,,,,,,,,,,,,,,,,,,,,,,,,,,,,,,,,,,,,,,,,,,,,,,,,,,,,,,,,,,,,,,,,,,,,,,,,,,,,,,,,,,,,,,,,,,,,,,,,,,,,,,,,,,,,,,,,,,,,,,,,,,,,,,,,,,,,,,,,,,,,,,0.19571840003821478,8.60747282233454,16.91664487362668,25.125099687933606,33.234657456285426,41.24709477232083,49.16414592983312,56.987504174238246,64.71882290990138,72.35971686540505,79.91176322135588,87.37650271757597,94.75544079120321,102.0500488579883,109.26176591351239,116.39200065810206,123.44213430882535,130.4135241570213,137.30750779295886,144.125407792156,150.86853657247136,157.53820110069435,164.13570714839435,170.66236285528927,177.11948143694207,183.5083829564349,189.83039515510785,196.08685339859036,202.2790998383531,208.40848191610144,214.47635035059022,220.48405674687325,226.4329509598416,232.32437833008862,238.15967689324137,243.94017464586102,249.66718693322338,255.34201400783544
164.07035175879395,,,,,,,,,,,,,,,,,,,,,,,,,,,,,,,,,,,,,,,,,,,,,,,,,,,,,,,,,,,,,,,,,,,,,,,,,,,,,,,,,,,,,,,,,,,,,,,,,,,,,,,,,,,,,,,,,,,,,,,,,,,,,,,,,,,,,,,,,,,,,,,,,,,,,,,,,,,,,,,,,,,2.298957187207651,10.71071160950365,19.019883660796133,27.228338475102614,35.33789624345457,43.350333559490025,51.26738471700227,59.090742961407855,66.82206169709512,74.46295565301214,82.0150020129475,89.47974153402676,96.85867971955027,104.15328817818951,111.3650063610425,118.49524387910677,125.54538354351192,132.51678515177773,139.41078990330323,146.22872520747364,152.9719095758989,159.64165727472448,166.2392824464386,172.7661024773141,179.22344046890638,185.61262675490318,191.93499947750757,198.19190429474313,204.38469332965155,210.5147234952514,216.5833543377525,222.5919455381292,228.54185420189472,234.43443205178082,240.27102262035643,246.0529585212797,251.7815588602057,257.4581268300402
164.32160804020097,,,,,,,,,,,,,,,,,,,,,,,,,,,,,,,,,,,,,,,,,,,,,,,,,,,,,,,,,,,,,,,,,,,,,,,,,,,,,,,,,,,,,,,,,,,,,,,,,,,,,,,,,,,,,,,,,,,,,,,,,,,,,,,,,,,,,,,,,,,,,,,,,,,,,,,,,,,,,,,,,,,4.4021959743768635,12.813950396672718,21.123122447964917,29.331577262272198,37.44113503062365,45.45357234665927,53.370623504171235,61.19398174857866,68.92530048431956,76.56619444102388,84.11824080766152,91.58298036686726,98.96191871228005,106.2565277007323,113.46824734233661,120.59848832442843,127.6486352857351,134.6200508264431,141.51408009964095,148.332055719383,155.0753026632323,161.74514284623962,168.34289908829354,174.86989827054316,181.32747356148064,187.7169656753581,194.03972319538553,200.2971020471626,206.49046424292717,212.62117603596548,218.6906056297446,224.7001205812293,230.65108502576663,236.54485683456036,242.3827847975108,248.16620590564483,253.8964427898356,259.5748013565094
164.57286432160802,,,,,,,,,,,,,,,,,,,,,,,,,,,,,,,,,,,,,,,,,,,,,,,,,,,,,,,,,,,,,,,,,,,,,,,,,,,,,,,,,,,,,,,,,,,,,,,,,,,,,,,,,,,,,,,,,,,,,,,,,,,,,,,,,,,,,,,,,,,,,,,,,,,,,,,,,,,,,,,,,,,6.505434761545766,14.917189183841664,23.226361235134277,31.434816049441213,39.5443738177928,47.55681113382844,55.473862291340446,63.29722053575228,71.02853927160797,78.66943322975669,86.22147960736108,93.6862192238175,101.0651577939508,108.3597674893802,115.57148899861711,122.70173426967226,129.751890021126,136.7233219681619,143.617379572741,150.43540102841206,157.17871814804587,163.84866083605257,170.44656088210877,176.97375489300427,183.43158626569033,189.8214061850849,196.14457369643424,202.40245495060196,208.59642175134465,214.72784954839062,220.79811502208412,226.8085933978202,232.76065561471947,238.6556654556402,244.49497672687363,250.27993055727475,256.011852869216,261.6920520581604
164.82412060301505,,,,,,,,,,,,,,,,,,,,,,,,,,,,,,,,,,,,,,,,,,,,,,,,,,,,,,,,,,,,,,,,,,,,,,,,,,,,,,,,,,,,,,,,,,,,,,,,,,,,,,,,,,,,,,,,,,,,,,,,,,,,,,,,,,,,,,,,,,,,,,,,,,,,,,,,,,,,,,,,,,0.09242528266385021,8.608673548714876,17.020427971010896,25.32960002230335,33.538054836610385,41.64761260496198,49.66004992099774,57.57710107850995,65.4004593229332,73.1317780590238,80.77267201973308,88.32471841482997,95.78945811557574,103.16839699669191,110.46300762389876,117.67473150037041,124.80498203812985,131.85514830611143,138.82659946147407,145.7206896391514,152.53876298914116,159.28215852430122,165.952214468211,172.55027185747508,179.0776772370292,185.53578437409274,191.9259549945702,198.24955860801558,204.50797153130569,210.70257524742374,216.83475424665968,222.9058934964208,228.91737567604193,234.87057829773497,240.76687081660313,246.607611813545,252.39414631630055,258.12780330677447,263.8098934476278
165.0753768844221,,,,,,,,,,,,,,,,,,,,,,,,,,,,,,,,,,,,,,,,,,,,,,,,,,,,,,,,,,,,,,,,,,,,,,,,,,,,,,,,,,,,,,,,,,,,,,,,,,,,,,,,,,,,,,,,,,,,,,,,,,,,,,,,,,,,,,,,,,,,,,,,,,,,,,,,,,,,,,,,,,2.1956640698326786,10.711912335884175,19.123666758180246,27.432838809472624,35.641293623779376,43.75085139213104,51.76328870816678,59.680339865679436,67.50369811012972,75.23501684668095,82.87591081178874,90.42795723413009,97.89269705671003,105.27163636198011,112.56624820301933,119.77797505164769,126.9082320063641,133.95841077451806,140.92988429550255,147.8240117484615,154.64214361701832,161.38562647225444,168.05580717463923,174.65403626857196,181.1816704307899,187.64007392070098,194.03061905589468,200.35468579417193,206.6136605428356,212.80893433788677,218.94190054299136,225.01395221409877,231.0264792637545,236.98086554257662,242.87848593646308,248.7207035587417,254.5088670980714,260.24430836597185,265.92834007333454
165.32663316582912,,,,,,,,,,,,,,,,,,,,,,,,,,,,,,,,,,,,,,,,,,,,,,,,,,,,,,,,,,,,,,,,,,,,,,,,,,,,,,,,,,,,,,,,,,,,,,,,,,,,,,,,,,,,,,,,,,,,,,,,,,,,,,,,,,,,,,,,,,,,,,,,,,,,,,,,,,,,,,,,,,4.298902857001939,12.815151123053298,21.226905545349055,29.536077596641874,37.744532410948445,45.85409017930023,53.86652749533577,61.78357865285056,69.60693689736023,77.33825563477927,84.97914960722763,92.5311960710749,99.99593606675086,107.37487594269084,114.66948934772539,121.88121989469737,129.01148461006977,136.06167814434087,143.03317757117256,149.92734749044877,156.74554509492685,163.48912486401093,170.1594425993613,176.75785859685274,183.28573983936687,189.74446118045748,196.13540556072084,202.4599633522928,208.71953096161565,214.91550883830493,221.0492990416498,227.12230250964262,233.1359161617423,239.0915299488855,244.99052394478122,250.83426555307204,256.6241068866805,262.36138235915246,268.0474065137207
165.57788944723617,,,,,,,,,,,,,,,,,,,,,,,,,,,,,,,,,,,,,,,,,,,,,,,,,,,,,,,,,,,,,,,,,,,,,,,,,,,,,,,,,,,,,,,,,,,,,,,,,,,,,,,,,,,,,,,,,,,,,,,,,,,,,,,,,,,,,,,,,,,,,,,,,,,,,,,,,,,,,,,,,,6.402141644171264,14.918389910222464,23.330144332518284,31.639316383811078,39.84777119811783,47.95732896646939,55.969766282505255,63.886817440025084,71.71017568466054,79.441494423658,87.08238840803033,94.63443493381854,102.09917517149151,109.47811580544831,116.77273120488385,123.98446631491822,131.1147403501783,138.1649512246418,145.13648050841846,152.03069860207182,158.84896977947346,165.59265676871,172.26312460228039,178.86174355326406,185.38989106536027,191.8489526682821,198.24032193790367,204.56539960946395,210.8255919822255,217.0223087675524,223.15696053278333,229.23095588418224,235.24569851691038,241.20258424130674,247.10299807488124,252.9483114699224,258.7398797286223,264.4790396415414,270.1671073716287
165.8291457286432,,,,,,,,,,,,,,,,,,,,,,,,,,,,,,,,,,,,,,,,,,,,,,,,,,,,,,,,,,,,,,,,,,,,,,,,,,,,,,,,,,,,,,,,,,,,,,,,,,,,,,,,,,,,,,,,,,,,,,,,,,,,,,,,,,,,,,,,,,,,,,,,,,,,,,,,,,,,,,,,,,8.50538043134009,17.0216286973916,25.43338311968762,33.742555170980076,41.95100998528697,50.060567753638544,58.07300506967432,65.990056227207,73.813414472098,81.54473321387117,89.18562721713577,96.73767383359976,104.20241440452268,111.58135603327429,118.87597395120108,126.08771464611216,133.21799979918148,140.26823092253775,147.23979445334015,154.13406697427212,160.95242020696952,167.69622545730542,174.3668572625199,180.9656960800063,187.49412994904742,193.95355513770534,200.34537585073548,206.67100311851226,212.93185301245887,219.1293443420977,225.26489598615834,231.33992399883147,237.35583861548275,243.31404126267105,249.21592165712244,255.0628550589515,260.856199726582,266.5972946053885,272.2874572688457
166.08040201005022,,,,,,,,,,,,,,,,,,,,,,,,,,,,,,,,,,,,,,,,,,,,,,,,,,,,,,,,,,,,,,,,,,,,,,,,,,,,,,,,,,,,,,,,,,,,,,,,,,,,,,,,,,,,,,,,,,,,,,,,,,,,,,,,,,,,,,,,,,,,,,,,,,,,,,,,,,,,,,,,,1.985917849132413,10.608619218509258,19.124867484560514,27.536621906856556,35.84579395814924,44.05424877245615,52.163806540807705,60.176243856844124,68.09329501440543,75.91665325979318,83.64797200630102,91.28886603881094,98.84091278565171,106.30565380903043,113.68459672855884,120.97921779751226,128.19096527602443,135.3212636076395,142.3715182502467,149.34312088527113,156.23745465855876,163.05589909908318,169.799834406949,176.47064488131187,183.06972135183344,189.59846256810565,196.0582755791025,202.45057519385176,208.77678265377583,215.03832366817025,221.23662597014777,227.37311654481084,233.44921866803818,239.46634887622793,245.42591396722423,251.3293081122826,257.1779101397081,262.9730810333647,268.71616167426566,274.40847084080593
166.33165829145727,,,,,,,,,,,,,,,,,,,,,,,,,,,,,,,,,,,,,,,,,,,,,,,,,,,,,,,,,,,,,,,,,,,,,,,,,,,,,,,,,,,,,,,,,,,,,,,,,,,,,,,,,,,,,,,,,,,,,,,,,,,,,,,,,,,,,,,,,,,,,,,,,,,,,,,,,,,,,,,,,4.089156636301718,12.711858005678756,21.22810627172982,29.639860694026016,37.94903274531854,46.157487559625416,54.267045327977016,62.27948264401558,70.19653380164034,78.01989204795709,85.75121080231426,93.39210487912699,100.94415181030197,108.40889343985562,115.78783801635369,123.0824629933911,130.29421865213962,137.42453251084,144.47481433214529,151.44646142371943,158.34086387333454,165.15940936813467,171.9034873049484,178.57449198443393,185.17382477690214,191.70289523690596,198.163121217548,204.55592808981143,210.8827472066136,217.145013767932,223.34416424566575,229.48163351863153,235.55885185292288,241.57724184371085,247.53821541395357,253.4431709450364,259.29349059537,265.0905378459638,270.83565529751434,276.5301627314511
166.5829145728643,,,,,,,,,,,,,,,,,,,,,,,,,,,,,,,,,,,,,,,,,,,,,,,,,,,,,,,,,,,,,,,,,,,,,,,,,,,,,,,,,,,,,,,,,,,,,,,,,,,,,,,,,,,,,,,,,,,,,,,,,,,,,,,,,,,,,,,,,,,,,,,,,,,,,,,,,,,,,,,,,6.192395423470787,14.81509679284762,23.331345058898975,31.74309948119537,40.05227153248759,48.260726346794534,56.37028411514588,64.38272143119003,72.29977258894868,80.12313083694242,87.85444960397436,95.49534374656092,103.04739093428523,110.51213336584965,117.89108004798801,125.18570983206287,132.39747528771036,139.52780733557142,146.57812041180458,153.5498178351503,160.44429700994672,167.26295412202674,174.00718805230034,180.67840332419843,187.2780119971787,193.8074345053964,200.26809951030523,206.66144288537623,212.98890598067825,219.25193332751812,225.45196994227948,231.59045837789728,237.66883565461396,243.6885301815924,249.65095875996204,255.55752373754197,261.4096103666108,267.2085843997739,272.9557899448476,278.6525475882513
166.83417085427132,,,,,,,,,,,,,,,,,,,,,,,,,,,,,,,,,,,,,,,,,,,,,,,,,,,,,,,,,,,,,,,,,,,,,,,,,,,,,,,,,,,,,,,,,,,,,,,,,,,,,,,,,,,,,,,,,,,,,,,,,,,,,,,,,,,,,,,,,,,,,,,,,,,,,,,,,,,,,,,,,8.295634210639886,16.918335580016773,25.434583846068186,33.8463382683643,42.155510319656635,50.363965133963625,58.47352290231512,66.48596021837243,74.40301137639966,82.22636962732535,89.95768841432897,97.59858265274397,105.15063019228866,112.61537367252686,119.9943230050103,127.28895865561267,134.50073576799025,141.63108900697742,148.6814378589671,155.6531920395728,162.54775663842852,169.36653666878044,176.11094076678611,182.78238388098836,189.38228888841087,195.91208715759052,202.3732181439768,208.7671281475056,215.09526838697295,221.35909255423763,227.56005400710086,233.69960274677132,239.77918230760028,245.80022666596986,251.76415725395083,257.67238014314165,263.5262834456042,269.3272349629514,275.07658010110885,280.7756400573831
167.08542713567837,,,,,,,,,,,,,,,,,,,,,,,,,,,,,,,,,,,,,,,,,,,,,,,,,,,,,,,,,,,,,,,,,,,,,,,,,,,,,,,,,,,,,,,,,,,,,,,,,,,,,,,,,,,,,,,,,,,,,,,,,,,,,,,,,,,,,,,,,,,,,,,,,,,,,,,,,,,,,,,,1.6677099759876706,10.398872997809152,19.02157436718593,27.537822633237173,35.94957705553329,44.258749106825874,52.46720392113264,60.57676168948531,68.58919900557198,76.50625016411917,84.3296084200158,92.0609272377806,99.70182161337736,107.25386962874624,114.71861446502761,122.09756710344837,129.39220986045797,136.60400075663657,143.73437855545052,150.7847681764236,157.75658611689937,164.65124551290737,171.47016052067175,178.21474978563194,184.88643886435582,191.4866615596788,198.01686020967284,204.47848503132414,210.87299265909397,217.20184403871215,223.4665018411344,229.66842755447234,235.8090783967813,241.88990417310822,247.91234417881284,253.87782422978896,259.78775388018244,265.6435238701607,271.4465038309226,277.19804026118237,282.8994547790658
167.3366834170854,,,,,,,,,,,,,,,,,,,,,,,,,,,,,,,,,,,,,,,,,,,,,,,,,,,,,,,,,,,,,,,,,,,,,,,,,,,,,,,,,,,,,,,,,,,,,,,,,,,,,,,,,,,,,,,,,,,,,,,,,,,,,,,,,,,,,,,,,,,,,,,,,,,,,,,,,,,,,,,,3.7709487631566407,12.502111784978153,21.12481315435499,29.641061420406203,38.05281584270262,46.361987893994964,54.570442708302004,62.680000476656716,70.692437792809,78.60948895232157,86.43284721641751,94.1641660805681,101.80506064933479,109.35710929990202,116.82185587139229,124.20081259837609,131.49546390307106,138.70727100225284,145.8376771235327,152.8881130067593,159.86000231305485,166.7547665766738,173.57382939796005,180.31861966772843,186.99057371367988,193.59113635253703,200.12176090774253,206.58390830778745,212.97904541446152,219.30864274600484,225.57417176107393,231.77710185965492,237.91889724029355,244.00101373251624,250.0248957014401,255.99197310018897,261.9036587259573,267.76134571800645,273.5664053210404,279.32018492506165,285.0240063830559
167.58793969849245,,,,,,,,,,,,,,,,,,,,,,,,,,,,,,,,,,,,,,,,,,,,,,,,,,,,,,,,,,,,,,,,,,,,,,,,,,,,,,,,,,,,,,,,,,,,,,,,,,,,,,,,,,,,,,,,,,,,,,,,,,,,,,,,,,,,,,,,,,,,,,,,,,,,,,,,,,,,,,,,5.8741875503256145,14.605350572147277,23.22805194152418,31.74430020757556,40.15605462987165,48.46522668116417,56.67368149547102,64.78323926383092,72.79567658012033,80.71272774136742,88.53608601863999,96.26740495136688,103.90829978797478,111.46034927615538,118.92509804615617,126.30405978877634,133.59872130591882,140.81054734503118,147.9409859727808,154.99147413893326,161.9634430457996,168.85832296687067,175.6775472321932,182.4225551954115,189.09479409839653,195.69571983976124,202.2267967252139,208.68949632771643,215.08529561462834,221.41567451037884,227.68211306073306,233.88608835247663,240.0290713239925,246.11252358082106,252.13789430809436,258.1066173504886,264.02010851078,269.8797631012005,275.68695376739277,281.44302859307027,287.14930948429475
167.83919597989947,,,,,,,,,,,,,,,,,,,,,,,,,,,,,,,,,,,,,,,,,,,,,,,,,,,,,,,,,,,,,,,,,,,,,,,,,,,,,,,,,,,,,,,,,,,,,,,,,,,,,,,,,,,,,,,,,,,,,,,,,,,,,,,,,,,,,,,,,,,,,,,,,,,,,,,,,,,,,,,,7.977426337494842,16.70858935931658,25.33129072869345,33.84753899474483,42.259293417040936,50.56846546833364,58.77692028264039,66.88647805101347,74.8989153675773,82.81596653184098,90.63932482978626,98.3706438620383,106.01153906468178,113.56358964469909,121.02834117425483,128.40730902268393,135.7019826635943,142.91383072346895,150.04430649056647,157.09485351466074,164.06691091024987,170.96191801881105,177.78131816909197,184.5265613758113,191.19910591781365,197.80041882371546,204.3319753598857,210.79525766033578,217.19175266238219,223.52294951917148,229.79033665451058,235.99539861095627,242.13961282238253,248.2244464201502,254.25135315960515,260.2217705325481,266.1371171121865,271.99879016070105,277.80816351576175,283.56658576124,289.2753786787123
168.09045226130652,,,,,,,,,,,,,,,,,,,,,,,,,,,,,,,,,,,,,,,,,,,,,,,,,,,,,,,,,,,,,,,,,,,,,,,,,,,,,,,,,,,,,,,,,,,,,,,,,,,,,,,,,,,,,,,,,,,,,,,,,,,,,,,,,,,,,,,,,,,,,,,,,,,,,,,,,,,,,,,1.2389810519332933,10.08066512466392,18.8118281464858,27.434529515862362,35.95077778191404,44.36253220420995,52.67170425550257,60.88015906981008,68.98971683821338,77.00215415530332,84.91920532466125,92.74256365432234,100.47388282854153,108.11477852465065,115.66683051245795,123.13158547523786,130.51056070258207,137.80524864910657,145.0171221811092,152.14764019677068,159.19825323456615,166.17040868406917,173.06555526989493,179.88514657100342,186.63064344176829,193.30351530051874,199.90524033435744,206.43730473070684,212.90120108546674,219.29842615716757,225.63047813979404,231.89885361837437,238.1050443549106,244.25053403131935,250.33679505336815,256.36528549714797,262.3374462587639,268.2546984492743,274.1184410610726,279.93004891873494,285.69087091683934,291.4022285391829
168.34170854271355,,,,,,,,,,,,,,,,,,,,,,,,,,,,,,,,,,,,,,,,,,,,,,,,,,,,,,,,,,,,,,,,,,,,,,,,,,,,,,,,,,,,,,,,,,,,,,,,,,,,,,,,,,,,,,,,,,,,,,,,,,,,,,,,,,,,,,,,,,,,,,,,,,,,,,,,,,,,,,,3.342219839102007,12.183903911833232,20.91506693365488,29.537768303031637,38.05401656908308,46.46577099137918,54.77494304267175,62.98339785698126,71.09295562544952,79.10539294351535,87.02244412124104,94.84580249855553,102.57712187202888,110.21801822493416,117.77007200933303,125.23483120778211,132.61381529103636,139.90852002030078,147.12042287328464,154.2509887503422,161.30167556408307,168.27393933232116,175.16923846312778,181.98903701893198,188.73480685233048,195.40802860339298,202.01019162689593,208.54279297425006,215.00733558901877,221.4053258898085,227.7382709138976,234.00767518365987,240.215037439567,246.36184736158822,252.4495823777313,258.479704636107,264.45365819621077,270.3728664771777,276.2387299853418,282.0526243309661,287.81589853405643,293.52987361163036
168.59296482412057,,,,,,,,,,,,,,,,,,,,,,,,,,,,,,,,,,,,,,,,,,,,,,,,,,,,,,,,,,,,,,,,,,,,,,,,,,,,,,,,,,,,,,,,,,,,,,,,,,,,,,,,,,,,,,,,,,,,,,,,,,,,,,,,,,,,,,,,,,,,,,,,,,,,,,,,,,,,,,,5.445458626271274,14.28714269900239,23.018305720823985,31.6410070902009,40.15725535625229,48.569009778548285,56.87818182984067,65.08663664415553,73.19619441275948,81.20863173257081,89.12568292369744,96.94904137122981,104.68036102014858,112.32125823676692,119.87331429175646,127.3380786744869,134.71707331653823,142.01179762636625,149.2237340738174,156.354353955686,163.40512293907372,170.37750601194995,177.27297155022853,184.09299431414232,190.83905729283694,197.51265241024728,204.1152801791191,210.64844844091652,217.113670358275,223.51246183708972,229.8463385514491,236.11681273083906,242.32538984918784,248.4735653325193,254.56282137864224,260.5946239600454,266.5704200609055,272.4916351816847,278.3596711299998,284.17590410458854,289.94168306983016,295.6583284112815
168.8442211055276,,,,,,,,,,,,,,,,,,,,,,,,,,,,,,,,,,,,,,,,,,,,,,,,,,,,,,,,,,,,,,,,,,,,,,,,,,,,,,,,,,,,,,,,,,,,,,,,,,,,,,,,,,,,,,,,,,,,,,,,,,,,,,,,,,,,,,,,,,,,,,,,,,,,,,,,,,,,,,,7.548697413440422,16.39038148617137,25.121544507993004,33.74424587737001,42.26049414342138,50.672248565717574,58.98142061701019,67.1898754313374,75.29943320021158,83.31187052304891,91.22892173513297,99.05228028426762,106.78360030856743,114.42449864817259,121.97655754654502,129.44132822693845,136.82033537952404,144.1150824144097,151.32705718164667,158.45773776885136,165.50859797114455,172.4811120758954,179.37675869432323,186.19702347934054,192.943400674598,199.6173935300961,206.22051368841215,212.7542796908881,219.2202147769908,225.6198441562065,231.9546919247414,238.22627778326728,244.43611369072,250.5857005656963,256.676525123492,262.7100569147901,268.68774561220266,274.61101857399194,280.4812787001534,286.2999025847757,292.0682389598338,297.7876074190671
169.09547738693468,,,,,,,,,,,,,,,,,,,,,,,,,,,,,,,,,,,,,,,,,,,,,,,,,,,,,,,,,,,,,,,,,,,,,,,,,,,,,,,,,,,,,,,,,,,,,,,,,,,,,,,,,,,,,,,,,,,,,,,,,,,,,,,,,,,,,,,,,,,,,,,,,,,,,,,,,,,,,,0.697619209754643,9.651936200609672,18.493620273340643,27.22478329516242,35.84748466453955,44.363732930590764,52.77548735288667,61.084659404180016,69.29311421853622,77.40267198792874,85.41510931586008,93.3321605600031,101.15551925366849,108.88683978273562,116.52773956686686,124.07980199505586,131.5445802710208,138.9236021585479,146.2183754360491,153.43039372734853,160.56114230349516,167.61210345263797,174.58476107681815,181.48060427222308,188.30112975944286,195.0478431341835,201.7222589950807,208.32590006848227,214.86029548985013,221.3269784203209,227.72748317910816,234.06334206234584,240.33608200092416,246.5472211874799,252.6982657787012,258.7907067555994,264.82601700263655,270.8056486473255,276.7310306856058,282.6035669048208,288.42463410545434,294.195580614604,299.9177250781641
169.3467336683417,,,,,,,,,,,,,,,,,,,,,,,,,,,,,,,,,,,,,,,,,,,,,,,,,,,,,,,,,,,,,,,,,,,,,,,,,,,,,,,,,,,,,,,,,,,,,,,,,,,,,,,,,,,,,,,,,,,,,,,,,,,,,,,,,,,,,,,,,,,,,,,,,,,,,,,,,,,,,,2.800857996923714,11.75517498777905,20.596859060509694,29.32802208233152,37.95072345170832,46.46697171775992,54.878726140055974,63.18789819135106,71.39635300576968,79.50591077611948,87.51834811239738,95.43539940458196,103.25875830058851,110.99007949990401,118.63098112345426,126.18304789762863,133.64783527244927,141.0268744165708,148.32167785399633,155.53374537951427,162.66456983658557,169.7156423612915,176.68845677043066,183.58451287628782,190.40531862193168,197.1523910323377,203.82725605806223,210.43144744580718,216.96650480449654,223.4339710495931,229.83538940674683,236.17230014302456,242.44623717416428,248.65872467288884,254.81127377895737,260.90537948825323,266.94251777667085,272.9241429960279,278.8516855633816,284.7265499523763,290.55011298516143,296.32372241581317,302.04869579067855
169.59798994974872,,,,,,,,,,,,,,,,,,,,,,,,,,,,,,,,,,,,,,,,,,,,,,,,,,,,,,,,,,,,,,,,,,,,,,,,,,,,,,,,,,,,,,,,,,,,,,,,,,,,,,,,,,,,,,,,,,,,,,,,,,,,,,,,,,,,,,,,,,,,,,,,,,,,,,,,,,,,,,4.9040967840926495,13.85841377494785,22.700097847679068,31.431260869500726,40.05396223887743,48.57021050492906,56.98196492722501,65.29113697852499,73.49959179307317,81.60914956513291,89.62158691474464,97.53863827755116,105.36199745262383,113.09331953141464,120.7342234749272,128.28629555830105,135.75109376250757,143.13015300733633,150.42499094860068,157.63711395096058,164.7680228138371,171.8192178645325,178.79220311843224,185.68848931587743,192.50959575681904,199.2570509525255,205.93239218990217,212.53716415583165,219.07291679784663,225.54120260695476,231.94357350324944,238.28157748962107,244.55675521748486,250.77063658424956,256.92473745765295,263.0205565988677,269.05957283522514,275.04324251539765,280.9729972647134,286.85024204614353,292.67635352304956,298.4526787126901,304.180533914472
169.84924623115575,,,,,,,,,,,,,,,,,,,,,,,,,,,,,,,,,,,,,,,,,,,,,,,,,,,,,,,,,,,,,,,,,,,,,,,,,,,,,,,,,,,,,,,,,,,,,,,,,,,,,,,,,,,,,,,,,,,,,,,,,,,,,,,,,,,,,,,,,,,,,,,,,,,,,,,,,,,,,,7.007335571261782,15.961652562117253,24.803336634848172,33.53449965666977,42.157201026046806,50.673449292097885,59.08520371439426,67.39437576570597,75.6028305805125,83.71238835553004,91.72482572595105,99.64187719072196,107.4652367453042,115.19655996526396,122.83746680845854,130.38954532978642,137.8543563439502,145.23343888179784,152.52831612430845,159.7405014047373,166.87150385483855,173.9228333234104,180.89600429103677,187.79253861839402,194.61396707621483,201.36182969913304,208.03767507644457,214.64305873892033,221.17954082437876,227.64868320989305,234.05204629002952,240.39118556293334,246.6676481633215,252.88296945661642,259.03866978375635,265.13625142324383,271.1771958164529,277.1629610847956,283.0949798528603,288.97465738012846,294.80336999503567,300.5824638185762,306.3132537601152
170.1005025125628,,,,,,,,,,,,,,,,,,,,,,,,,,,,,,,,,,,,,,,,,,,,,,,,,,,,,,,,,,,,,,,,,,,,,,,,,,,,,,,,,,,,,,,,,,,,,,,,,,,,,,,,,,,,,,,,,,,,,,,,,,,,,,,,,,,,,,,,,,,,,,,,,,,,,,,,,,,,,0.04145843179599227,9.110574358430922,18.064891349286103,26.9065754220171,35.6377384438388,44.260439813215875,52.77668807926718,61.188442501563955,69.49761455290178,77.70606936820317,85.81562714819292,93.82806455038532,101.74511615991689,109.56847622382561,117.29980090895361,124.94071134548128,132.49279761868294,139.95762369705142,147.33673309456492,154.63165491601447,161.84390985991107,168.9750157578656,176.0264922961544,182.99986466910005,189.89666602991986,196.71843871352613,203.4667342953326,210.1431126152182,216.74913993609766,223.28638642501053,229.7564231456608,236.16081873984686,242.50113595558906,248.7789281558896,254.99573591670634,261.15308379813,267.2524773499541,273.295400393041,279.28331260093245,285.2176473924213,291.0998101349044,296.9311766500938,302.71309200762323,308.44686958797973
170.35175879396982,,,,,,,,,,,,,,,,,,,,,,,,,,,,,,,,,,,,,,,,,,,,,,,,,,,,,,,,,,,,,,,,,,,,,,,,,,,,,,,,,,,,,,,,,,,,,,,,,,,,,,,,,,,,,,,,,,,,,,,,,,,,,,,,,,,,,,,,,,,,,,,,,,,,,,,,,,,,,2.1446972189650446,11.21381314559996,20.16813013645517,29.009814209186235,37.740977231008145,46.363678600385,54.87992686643644,63.29168128873463,71.60085334013021,79.80930815634461,87.91886594446876,95.93130339419247,103.84835520602468,111.67171594502719,119.40304249263002,127.04395734604952,134.59605289090325,142.06089658576093,149.44003681033269,156.73500899527468,163.94734159709583,171.07856150436572,178.13019854133978,185.10378884583935,192.00087701546624,198.82301702228523,205.57177198063226,212.24871291187918,218.85541668458166,225.39346332193355,231.86443286561916,238.26990197084237,244.61144038593267,250.89060744505605,257.10894867690587,263.2679926077475,269.3692478148447,275.4142002670518,281.40431097308976,287.34101394495235,293.2257144736318,299.0597877066848,304.84457751162597,310.5813956054607
170.60301507537685,,,,,,,,,,,,,,,,,,,,,,,,,,,,,,,,,,,,,,,,,,,,,,,,,,,,,,,,,,,,,,,,,,,,,,,,,,,,,,,,,,,,,,,,,,,,,,,,,,,,,,,,,,,,,,,,,,,,,,,,,,,,,,,,,,,,,,,,,,,,,,,,,,,,,,,,,,,,,4.247936006134033,13.317051932769267,22.27136892362435,31.11305299635551,39.84421601817721,48.46691738755421,56.98316565360526,65.39492007590806,73.70409212742325,81.91254694526717,90.02210474637126,98.03454226586047,105.95159435625052,113.77495597963397,121.50628487251298,129.1472051134628,136.6993116772922,144.16417586394292,151.54335131026798,158.8383801763445,166.0507990637118,173.1821442630872,180.2339560206728,187.20778162815904,194.10517725883074,200.92770857463358,207.6769502081239,214.35448427641114,220.96189811313675,227.5007814133288,233.97272297950468,240.3793072405446,246.722110691935,253.002698380306,259.2226205293636,265.3834093800189,271.48657629566316,277.5336091649007,283.5259701184768,289.4650935647226,295.35238453822683,301.18921734932866,306.9769345169877,312.7168459643202
170.85427135678393,,,,,,,,,,,,,,,,,,,,,,,,,,,,,,,,,,,,,,,,,,,,,,,,,,,,,,,,,,,,,,,,,,,,,,,,,,,,,,,,,,,,,,,,,,,,,,,,,,,,,,,,,,,,,,,,,,,,,,,,,,,,,,,,,,,,,,,,,,,,,,,,,,,,,,,,,,,,,6.351174793303372,15.420290719938532,24.374607710793654,33.21629178352512,41.94745480534652,50.570156174723316,59.08640444077507,67.49815886308771,75.80733091484211,84.01578573550363,92.12534355684316,100.1377811769252,108.05483364557458,115.87819641476257,123.60952823461086,131.25045499914253,138.8025745794121,146.26746248166046,153.6466779983112,160.9417704220227,168.15428487894906,175.28576739385406,182.3377689013764,189.3118480375721,196.20957266208572,203.0325201594675,209.78227664144794,216.46043521909635,223.06859353726057,229.60835076797008,236.0813042496478,242.48904593987487,248.83315882513548,255.11521340473587,261.33676434017116,267.4993473372282,273.6044763068105,279.6536408324677,285.64830395773095,291.58990029461694,297.47983444566603,303.3194797253106,309.1101771618169,314.85323475816074
171.10552763819095,,,,,,,,,,,,,,,,,,,,,,,,,,,,,,,,,,,,,,,,,,,,,,,,,,,,,,,,,,,,,,,,,,,,,,,,,,,,,,,,,,,,,,,,,,,,,,,,,,,,,,,,,,,,,,,,,,,,,,,,,,,,,,,,,,,,,,,,,,,,,,,,,,,,,,,,,,,,,8.454413580472723,17.523529507107728,26.477846497962574,35.31953057069399,44.05069359251571,52.673394961892505,61.189643227944195,69.60139765028087,77.91056970249295,86.11902452788915,94.22858238009658,102.24102014282113,110.15807311843949,117.98143735671049,125.7127727987163,133.3537074077337,140.9058422754559,148.37075749147286,155.75001840736869,163.04518184926644,170.25780183841817,177.38943445096913,184.4416415581868,191.41599331073868,198.31406934469587,205.13745878026396,211.88775915149017,218.5665744462808,225.1755124542221,231.71618161973453,238.1901875851482,244.5991295871531,250.9445968446277,257.2281650491419,263.4513930436442,269.61581975108516,275.72296139422343,281.77430903034474,287.7713264105538,293.7154481621743,299.6080782844272,305.45058894151765,311.2443195331501,316.990576020016
171.35678391959797,,,,,,,,,,,,,,,,,,,,,,,,,,,,,,,,,,,,,,,,,,,,,,,,,,,,,,,,,,,,,,,,,,,,,,,,,,,,,,,,,,,,,,,,,,,,,,,,,,,,,,,,,,,,,,,,,,,,,,,,,,,,,,,,,,,,,,,,,,,,,,,,,,,,,,,,,,,,1.3715155903403722,10.557652367641857,19.62676829427668,28.581085285131863,37.42276935786307,46.15393237968463,54.776633749061716,63.29288201511483,71.70463643750237,80.01380849055984,88.22226332370167,96.3318212220536,104.34425918390616,112.26131283067717,120.08467893402188,127.81601882267248,135.45696280242117,143.00911552627505,150.4740620547196,157.85337420536703,165.14861673456625,172.36135291848097,179.49314918624754,186.54557857495934,193.5202228996216,200.41867364229552,207.24253165260558,213.99340581283434,220.6729108559513,227.28266453796735,233.8242843620426,240.29938403602304,246.70956982212246,253.05643691108816,259.34156592618734,265.56651963670697,271.73283993740034,277.8420451303858,283.8956275292226,289.8950513914916,295.8417511757663,301.7371301110716,307.58255906141363,313.37937566430304,319.1288837200598
171.608040201005,,,,,,,,,,,,,,,,,,,,,,,,,,,,,,,,,,,,,,,,,,,,,,,,,,,,,,,,,,,,,,,,,,,,,,,,,,,,,,,,,,,,,,,,,,,,,,,,,,,,,,,,,,,,,,,,,,,,,,,,,,,,,,,,,,,,,,,,,,,,,,,,,,,,,,,,,,,,3.474754377509366,12.660891154810663,21.730007081445876,30.68432407230109,39.52600814503212,48.2571711668539,56.87987253623079,65.39612080228768,73.80787522478192,82.11704727934986,90.32550212484965,98.4350600908889,106.44749832667155,114.36455285168965,122.18792130083531,129.91926660689438,137.5602217104238,145.112395181476,152.57737744775156,159.9567472011324,167.2520775190464,174.46494128023264,181.59691555166677,188.64958474588047,195.6245424712653,202.52339210512014,209.3477462014115,216.09922489997504,222.77945353313683,229.39005963390983,235.93266954222736,242.40890478733914,248.82037839999668,255.16869128088777,261.45542872464904,267.68215717338177,273.85042125087665,279.9617411094723,286.0176101054098,292.01949280584824,297.9688233209147,303.8670039469532,309.71540410213527,315.5153595323394,321.2681717634321
171.85929648241202,,,,,,,,,,,,,,,,,,,,,,,,,,,,,,,,,,,,,,,,,,,,,,,,,,,,,,,,,,,,,,,,,,,,,,,,,,,,,,,,,,,,,,,,,,,,,,,,,,,,,,,,,,,,,,,,,,,,,,,,,,,,,,,,,,,,,,,,,,,,,,,,,,,,,,,,,,,,5.577993164678648,14.764129941979851,23.833245868614757,32.78756285947038,41.62924693220119,50.36040995402299,58.98311132340029,67.49935958946526,75.91111401217339,84.22028606935582,92.42874093412225,100.53829899770614,108.55073760515297,116.46779326689021,124.29116464051094,132.0225164991371,139.66348472865042,147.215682185563,154.68070506808382,162.0601393500819,169.35556681327614,176.56857027313902,183.70073770163617,190.75366507630096,197.72895790721833,204.62823149611899,211.45311005790228,218.20522488332335,224.88621174515208,231.4977077536216,238.04134785586146,244.5187611533456,250.93156718554619,257.28137230024305,263.56976620376435,269.7983187593917,275.96857708002887,282.0820629426218,288.14027053649124,294.1446645457402,300.0966785567399,305.9977137750646,311.84913803171855,317.6522850556615,323.4084539881721
172.11055276381907,,,,,,,,,,,,,,,,,,,,,,,,,,,,,,,,,,,,,,,,,,,,,,,,,,,,,,,,,,,,,,,,,,,,,,,,,,,,,,,,,,,,,,,,,,,,,,,,,,,,,,,,,,,,,,,,,,,,,,,,,,,,,,,,,,,,,,,,,,,,,,,,,,,,,,,,,,,,7.681231951847757,16.86736872914898,25.936484655784064,34.890801646639254,43.73248571937054,52.46364874119209,61.08635011056963,69.60259837665468,78.01435279977319,86.32352486135326,94.53197975551386,102.64153795735739,110.65397706256488,118.57103418041386,126.3944091695288,134.1257688994814,141.7667525294852,149.3189775840921,156.78404644043653,164.16355275968886,171.4590874017857,178.67224343831234,185.80461999488497,192.8578247831901,199.83347530260068,206.7331987887607,213.55863105630652,220.31141442501084,226.9931949367056,233.60561906943752,240.15033014104694,246.62896457161037,253.04314814722926,259.3944923994588,265.68459118766975,271.9150175468748,278.08732084222703,284.2030242533467,290.263622597122,296.270580486284,302.2253308125468,308.1292735370067,313.98377476644504,319.790166091716,325.5497441632644
172.36180904522612,,,,,,,,,,,,,,,,,,,,,,,,,,,,,,,,,,,,,,,,,,,,,,,,,,,,,,,,,,,,,,,,,,,,,,,,,,,,,,,,,,,,,,,,,,,,,,,,,,,,,,,,,,,,,,,,,,,,,,,,,,,,,,,,,,,,,,,,,,,,,,,,,,,,,,,,,,,0.47903348408842217,9.784470739017141,18.970607516318438,28.039723442953495,36.99404043380874,45.835724506539904,54.56688752836157,63.18958889773968,71.70583716386939,80.11759158774731,88.42676365652933,96.63521859463786,104.74477698942549,112.75721675316464,120.67427571810103,128.49765514164756,136.22902426552528,143.87002586667384,151.4222825298081,158.88740322263817,166.26698969470982,173.5626422472523,180.77596451142375,187.90856699596887,194.96206929521847,201.93810096483597,208.83830116454538,215.66431723032974,222.41780237451363,229.10041272488047,235.71380390899034,242.25962737267992,248.73952659717932,255.15513335136498,261.50806408724554,267.79991655994434,274.0322667292189,280.206665978867,286.3246386730735,292.3876800549551,298.3972544819201,304.3547939845398,310.2616971300912,316.1193281683107,321.9290164348134,327.6920559867883
172.61306532663315,,,,,,,,,,,,,,,,,,,,,,,,,,,,,,,,,,,,,,,,,,,,,,,,,,,,,,,,,,,,,,,,,,,,,,,,,,,,,,,,,,,,,,,,,,,,,,,,,,,,,,,,,,,,,,,,,,,,,,,,,,,,,,,,,,,,,,,,,,,,,,,,,,,,,,,,,,,2.582272271257506,11.88770952618622,21.07384630348766,30.14296223012248,39.09727922097794,47.938963293709094,56.67012631553048,65.29282768491191,73.80907595113275,82.22083037637165,90.53000245665787,98.73845745924672,106.84801611938502,114.86045674436401,122.77751803075175,130.60090285231905,138.3322831177515,145.97330558128274,153.5255982887303,160.99077721136422,168.37045258214565,175.66623449435903,182.8797374252438,190.0125834763994,197.06640425248185,204.0428414120567,210.9435460102376,217.77017680940327,224.524397764113,231.2078748940086,237.8222727496882,244.36925065670886,250.85045889676036,257.26753495639167,263.6220999451248,269.91575525825755,276.1500795360125,282.32662595067114,288.44691983681525,294.5124566667043,300.52470036286735,306.4850819326658,312.39499840455863,318.2558120426099,324.06884981405585,329.8354030841691
172.86432160804017,,,,,,,,,,,,,,,,,,,,,,,,,,,,,,,,,,,,,,,,,,,,,,,,,,,,,,,,,,,,,,,,,,,,,,,,,,,,,,,,,,,,,,,,,,,,,,,,,,,,,,,,,,,,,,,,,,,,,,,,,,,,,,,,,,,,,,,,,,,,,,,,,,,,,,,,,,,4.685511058426684,13.99094831335551,23.177085090656615,32.2462010172918,41.20051800814701,50.042202080878106,58.773365102699664,67.39606647208804,75.91231473849348,84.3240691660938,92.63324126433426,100.84169635987398,108.95125537996205,116.96369711909128,124.88076129765373,132.7041526433332,140.43554604505246,148.07659260770117,155.6289262461617,163.09417034768063,170.47394401592223,177.76986747331404,184.98356631181719,192.11667441540314,199.17083550587617,206.1477033711996,213.04894091484385,219.87621821472771,226.63120980420788,233.31559139045078,239.9310362131516,246.47921122439158,252.96177324295323,259.38036520716986,265.73661262192735,272.0321202691282,278.2684692281194,284.44721423311586,290.5698813789809,296.637966174341,302.6529319317112,308.6162084775885,314.5291911609259,320.39324013563737,326.2096798913755,331.97979900653127
173.11557788944722,,,,,,,,,,,,,,,,,,,,,,,,,,,,,,,,,,,,,,,,,,,,,,,,,,,,,,,,,,,,,,,,,,,,,,,,,,,,,,,,,,,,,,,,,,,,,,,,,,,,,,,,,,,,,,,,,,,,,,,,,,,,,,,,,,,,,,,,,,,,,,,,,,,,,,,,,,,6.7887498455955715,16.094187100524483,25.28032387782575,34.34943980446079,43.303756795316204,52.14544086804716,60.876603889868925,69.49930525927344,78.01555352603509,86.42730795761706,94.73648008327969,102.9449353106123,111.05449481270327,119.06693797841477,126.98400573037115,134.80740490768204,142.53881371037662,150.17988797965384,157.73226791258747,165.19758472237785,172.57746676127772,179.87354470301668,187.08745550425928,194.2208450003107,201.27536911613007,208.2526937758037,215.1544936663425,221.9824500551266,228.73824787849532,235.42357231729872,242.04010505961637,248.5895204265623,255.07348150850416,261.49363642936913,267.85161482838515,274.1490246227935,280.3874490928773,286.5684443119904,292.69353692931185,298.7642223014208,304.7819629601188,310.7481873977809,316.6642891474466,322.5316261324971,328.3515202596735,334.1252572291457
173.36683417085425,,,,,,,,,,,,,,,,,,,,,,,,,,,,,,,,,,,,,,,,,,,,,,,,,,,,,,,,,,,,,,,,,,,,,,,,,,,,,,,,,,,,,,,,,,,,,,,,,,,,,,,,,,,,,,,,,,,,,,,,,,,,,,,,,,,,,,,,,,,,,,,,,,,,,,,,,,,8.891988632764638,18.1974258876936,27.38356266499472,36.452678591630026,45.406995582485095,54.248679655216435,62.97984267703897,71.60254404647971,80.11879231390294,88.53054675202104,96.83971891872942,105.04817433004942,113.1577344697684,121.17017944443212,129.08725157679157,136.9106600946213,144.64208685648035,152.28319283619504,159.83562492943943,167.30102258106078,174.6810237588317,181.97726989386985,189.1914095381888,196.32510062659244,203.38001135251287,210.35781976352823,217.26021224818345,224.08888112272902,230.84552153903368,237.53182792901205,244.14949018231906,250.70018972792263,257.18559566065284,263.6073610239362,269.9671193318285,276.2664813881948,282.50703243941734,288.6903296790841,294.81790010895236,300.8912387495413,306.911807185681,312.8810324267452,318.8003060576893,324.670983655024,330.4943844410625,336.27179114997045
173.61809045226127,,,,,,,,,,,,,,,,,,,,,,,,,,,,,,,,,,,,,,,,,,,,,,,,,,,,,,,,,,,,,,,,,,,,,,,,,,,,,,,,,,,,,,,,,,,,,,,,,,,,,,,,,,,,,,,,,,,,,,,,,,,,,,,,,,,,,,,,,,,,,,,,,,,,,,,,,,1.5681504623265021,10.99522741993389,20.300664674862627,29.486801452163927,38.55591737879898,47.51023436965432,56.35191844238544,65.08308146421008,73.70578283372667,82.22203110234082,90.63378555092198,98.94295777792159,107.15141344237618,115.26097441596175,123.27342166342125,131.1904991254172,139.01391871490554,146.74536631174615,154.38650842765537,161.93899907469745,169.40448632899208,176.78461812833663,184.08104695023346,191.29543315278988,198.42944689753963,205.48476869122916,212.4630886734018,219.36610483557993,226.195520388497,232.9530405012034,239.64036862600236,246.25920260187706,252.81123070136152,259.2981277555029,265.72155146165005,272.08313895098036,278.38450366807984,284.6272325941129,290.81288382800375,296.94298452665,303.0190291949295,309.0424783088805,315.014757250348,320.9372555282282,326.811326259809,332.63828588520664,338.41941408828484
173.86934673366835,,,,,,,,,,,,,,,,,,,,,,,,,,,,,,,,,,,,,,,,,,,,,,,,,,,,,,,,,,,,,,,,,,,,,,,,,,,,,,,,,,,,,,,,,,,,,,,,,,,,,,,,,,,,,,,,,,,,,,,,,,,,,,,,,,,,,,,,,,,,,,,,,,,,,,,,,,3.6713892494960043,13.09846620710305,22.403903462032137,31.59004023933337,40.659156165968504,49.61347315682388,58.45515722955484,67.18632025138498,75.80902162105514,84.32526989174384,92.73702435669163,101.0461966706991,109.25465267868155,117.36421473100708,125.376664809258,133.29374870988352,141.1171813461742,148.84865299604272,156.48983612151216,164.0423922683069,171.50797853564902,178.88825317209492,186.18487997251773,193.39953129151758,200.53388962361234,207.58964781351224,214.56850804282362,221.47217979160013,228.30237699761045,235.06081463858544,241.74920494918027,248.3692534606703,254.92265502231626,261.41108993248196,267.8362202777628,274.199686550867,280.5031045942257,286.74806289615077,292.9361202501198,299.06880377508566,305.1476072851533,311.1739899901803,317.1493755042755,323.0751511364442,328.95266743632936,334.7832379677564,340.5681392834078
174.12060301507537,,,,,,,,,,,,,,,,,,,,,,,,,,,,,,,,,,,,,,,,,,,,,,,,,,,,,,,,,,,,,,,,,,,,,,,,,,,,,,,,,,,,,,,,,,,,,,,,,,,,,,,,,,,,,,,,,,,,,,,,,,,,,,,,,,,,,,,,,,,,,,,,,,,,,,,,,,5.77462803666505,15.201704994272536,24.507142249201337,33.69327902650248,42.76239495313778,51.71671194399288,60.558396016724025,69.28955903856694,77.91226040853569,86.42850868273538,94.84026317273413,103.14943561024454,111.35789207845006,119.46745551207276,127.47990908708644,135.39700071369174,143.22044863846207,150.9519479266007,158.5931774081538,166.14580657738298,173.61150193900494,180.9919323780335,188.28877325891273,195.50370910244195,202.63843482145282,209.69465560342766,216.67408560432528,223.57844566308194,230.40946026472804,237.16885397775545,243.85834757447358,250.47965401723448,257.0344744631696,263.52449440886784,269.9513800667397,276.31677503783095,282.62229732277785,288.8695366932325,295.060052430641,301.19537142732906,307.2769866359609,313.30635584723507,319.2849007715995,325.2140063984339,331.0950206051745,336.929253988877,342.7179798935027
174.3718592964824,,,,,,,,,,,,,,,,,,,,,,,,,,,,,,,,,,,,,,,,,,,,,,,,,,,,,,,,,,,,,,,,,,,,,,,,,,,,,,,,,,,,,,,,,,,,,,,,,,,,,,,,,,,,,,,,,,,,,,,,,,,,,,,,,,,,,,,,,,,,,,,,,,,,,,,,,,7.87786682383401,17.30494378144148,26.61038103637034,35.79651781367168,44.86563374030663,53.81995073116178,62.66163480389364,71.39279782576489,80.0154991962924,88.53174747627625,96.94350200384974,105.25267461396426,113.46113169127524,121.57069687655681,129.5831547372445,137.50025557513564,145.32372131980992,153.05525222386783,160.69653390651578,168.24924422119065,175.71505944949823,183.09565942244058,190.39273130676375,197.60797193825152,204.74308871258924,211.79979914541465,218.7798292821197,225.6849111763807,232.51677966913775,239.27716869303129,245.96780730733508,252.59041564068488,259.1467008877293,265.638353474403,272.06704347710144,278.434417354664,284.74209502971735,290.99166733739804,297.18469384481614,303.322701033424,309.40718082823986,315.43958945221704,321.42134658045927,327.353834767022,333.23839911637674,339.07634717186727,344.86894899446355
174.62311557788942,,,,,,,,,,,,,,,,,,,,,,,,,,,,,,,,,,,,,,,,,,,,,,,,,,,,,,,,,,,,,,,,,,,,,,,,,,,,,,,,,,,,,,,,,,,,,,,,,,,,,,,,,,,,,,,,,,,,,,,,,,,,,,,,,,,,,,,,,,,,,,,,,,,,,,,,,0.4299881671113007,9.981105611003347,19.408182568610588,28.71361982353908,37.89975660084101,46.96887252747593,55.92318951833109,64.76487359106449,73.49603661299592,82.11873798453401,90.63498627381011,99.04674085668653,107.3559137045344,115.56437157880289,123.67393896512603,131.686402039422,139.60351379239668,147.42700020194292,155.15856711732303,162.79990736955705,170.3527075758703,177.81865415368978,185.1994381723425,192.4967588135849,199.71232535591292,206.84785772182957,213.90508572155926,220.88574718843796,227.79158523296783,234.62434484980992,241.38576910116234,248.0775950772379,254.70154980516335,261.2593462457387,267.7526794859839,274.18322320636116,280.55262647584885,286.862510906444,293.1144681809789,299.31005795426364,305.4508061170961,311.53820340510055,317.57370432926086,323.5587264018487,329.4946496298778,335.3828162478288,341.2245306618615,347.02105957888335
174.87437185929645,,,,,,,,,,,,,,,,,,,,,,,,,,,,,,,,,,,,,,,,,,,,,,,,,,,,,,,,,,,,,,,,,,,,,,,,,,,,,,,,,,,,,,,,,,,,,,,,,,,,,,,,,,,,,,,,,,,,,,,,,,,,,,,,,,,,,,,,,,,,,,,,,,,,,,,,,2.53322695428026,12.084344398172362,21.511421355779596,30.816858610708252,40.00299538800973,49.07211131464492,58.026428305500026,66.86811237823734,75.59927540029244,84.22197677360079,92.73822507746033,101.14997974030288,109.45915291112476,117.66761181690718,125.7771819450108,133.78965131704757,141.7067759287931,149.53028618599302,157.2618939512126,164.90329968955703,172.45619917889806,179.92228931759814,187.30327268753982,194.6008606777277,201.81677511600495,208.9527484753686,216.01052280863345,222.9918476196851,229.89847690489867,236.73216560036911,243.4946656559885,250.18772193218285,256.813068084335,263.3724225674739,269.8674848624492,276.29993199607446,282.6714154029216,288.9835581554862,295.23795257267295,301.4361582034255,307.5797001725816,313.6700678690734,319.7087139520176,325.6970536475105,331.6364643077274,337.5282852037968,343.37381752462045,349.1743245550933
175.1256281407035,,,,,,,,,,,,,,,,,,,,,,,,,,,,,,,,,,,,,,,,,,,,,,,,,,,,,,,,,,,,,,,,,,,,,,,,,,,,,,,,,,,,,,,,,,,,,,,,,,,,,,,,,,,,,,,,,,,,,,,,,,,,,,,,,,,,,,,,,,,,,,,,,,,,,,,,,4.63646574144947,14.187583185341238,23.61466014294869,32.920097397877434,42.10623417517886,51.17535010181404,60.129667092669756,68.97135116541607,77.70251418771255,86.32521556403297,94.84146389028564,103.2532186668519,111.56239227082034,119.77085249811117,127.88042601355409,135.89290294188325,143.81004261814456,151.63358026823772,159.3652341901918,167.00671290321114,174.55972173327086,182.02596838970288,189.4071672222876,196.705041998702,203.92132718173082,211.05776779861782,218.11611807490394,225.09813905241768,232.005595430156,238.8402518639967,245.6038689430743,252.29819903321942,258.9249821459144,265.4859419584082,271.9827820794567,278.4171826269935,284.7907971599484,291.10524998633286,297.3621338537491,303.5630080161443,309.7093966615802,315.8027876794257,321.84463174132077,327.8363416679359,333.7792920526655,339.67481911352246,345.5242207453999,351.3287567462807
175.37688442211052,,,,,,,,,,,,,,,,,,,,,,,,,,,,,,,,,,,,,,,,,,,,,,,,,,,,,,,,,,,,,,,,,,,,,,,,,,,,,,,,,,,,,,,,,,,,,,,,,,,,,,,,,,,,,,,,,,,,,,,,,,,,,,,,,,,,,,,,,,,,,,,,,,,,,,,,,6.7397045286184385,16.290821972510624,25.717898930117656,35.023336185046524,44.20947296234814,53.27858888898302,62.23290587983883,71.07458995260662,79.80575297535911,88.42845435666692,96.94470271661038,105.3564576524063,113.66563183024688,121.87409373425726,129.983671401998,137.99615733880717,145.91331457024538,153.73688354581932,161.4685894248357,169.11014919650265,176.66327811139078,184.12969500361393,191.51112622662546,198.80930807715774,206.02598771762987,213.1629227137701,220.22187937672996,227.20463013916586,234.11295020789092,240.94861372827637,247.7133896743314,254.40903764899278,261.037303746281,267.59991659395877,274.0985836644601,280.5349879143336,286.91078478912453,293.2275996113868,299.4870253543693,305.69062079236426,311.83990901032575,317.9363762495909,323.9814710629602,329.97660375046166,335.9231460465579,341.8224310299088,347.6757532278995,353.4843688896779
175.62814070351757,,,,,,,,,,,,,,,,,,,,,,,,,,,,,,,,,,,,,,,,,,,,,,,,,,,,,,,,,,,,,,,,,,,,,,,,,,,,,,,,,,,,,,,,,,,,,,,,,,,,,,,,,,,,,,,,,,,,,,,,,,,,,,,,,,,,,,,,,,,,,,,,,,,,,,,,,8.842943315787984,18.394060759679796,27.821137717287165,37.12657497221598,46.31271174951767,55.38182767615269,64.3361446670092,73.1778287398234,81.90899176340622,90.53169315276419,99.04794156244037,107.45969671794083,115.7688716474157,123.97733565942363,132.08691837950974,140.0994149907678,148.01659257640028,155.8401972224314,163.57196137700274,171.21361090933556,178.7668713586476,186.23347298040153,193.61515434736856,200.91366441454448,208.13076308798887,215.26822043712045,222.3278147549639,229.31132970411215,236.22055079357298,243.05726141999725,249.82323868263595,256.5202491503191,263.15004472512004,269.7143587143169,276.2149021917858,282.6533607031511,289.03139134649,295.35062024204404,301.6126403900407,307.81900990495194,313.9712506067716,320.07084694470984,326.1192452255596,332.1178531174686,338.0680393995374,343.9711339282912,349.82842779328683,355.6411736358165
175.87939698492463,,,,,,,,,,,,,,,,,,,,,,,,,,,,,,,,,,,,,,,,,,,,,,,,,,,,,,,,,,,,,,,,,,,,,,,,,,,,,,,,,,,,,,,,,,,,,,,,,,,,,,,,,,,,,,,,,,,,,,,,,,,,,,,,,,,,,,,,,,,,,,,,,,,,,,,,1.2685597922590135,10.946182102957003,20.49729954684878,29.924376504456248,39.22981375938532,48.41595053668639,57.48506646332166,66.43938345418124,75.2810675270904,84.01223055213926,92.63493195418717,101.15118043597899,109.56293589047866,117.87211179379477,126.08057843309206,134.190167257423,142.20267644388582,150.11987751501047,157.94352261392888,165.67535190502315,173.31710053990273,180.8705046966858,188.33730633058147,195.71925642874913,203.01811671244175,210.23565985497274,217.3736683761449,224.43393243117194,231.4182467386404,238.32840689406024,245.16620529992204,251.9334269164567,258.6318450048092,265.26321700015103,271.82928061936497,278.3317502778134,284.7723138638346,291.15262989776465,297.4743250848896,303.73899225818315,309.9481886966357,316.1034347978935,322.2062130792783,328.2579674785573,334.26010292467026,340.2139851485855,346.12094070528894,351.9822571792947,357.7991835478512
176.13065326633165,,,,,,,,,,,,,,,,,,,,,,,,,,,,,,,,,,,,,,,,,,,,,,,,,,,,,,,,,,,,,,,,,,,,,,,,,,,,,,,,,,,,,,,,,,,,,,,,,,,,,,,,,,,,,,,,,,,,,,,,,,,,,,,,,,,,,,,,,,,,,,,,,,,,,,,,3.3717985794279595,13.049420890126074,22.60053833401812,32.02761529162576,41.333052546554256,50.51918932385557,59.58830525049067,68.54262224135675,77.3843063144546,86.11546934201439,94.73817076363235,103.25441934826073,111.66617520443049,119.97535235661739,128.18382224356034,136.2934183936896,144.30594231268032,152.22317035717523,160.0468611538492,167.77876300869463,175.4206207487962,182.97418152635362,190.44119925576695,197.82343751273194,205.12267087159208,212.34068477649163,219.47927412637043,226.54024080368663,233.52539039677197,240.4365283626055,247.27545585753748,254.04396543449906,260.7438367715269,267.3768325619276,273.9446946636887,280.44914057626244,286.89186028771354,293.2745135143048,299.5987273380208,305.86609423482093,312.0781704770627,318.23647488710156,324.3424879149054,330.3976510102881,336.4033662595035,342.3609962562002,348.271864177734,354.13725403939173,359.9584111009467
176.38190954773867,,,,,,,,,,,,,,,,,,,,,,,,,,,,,,,,,,,,,,,,,,,,,,,,,,,,,,,,,,,,,,,,,,,,,,,,,,,,,,,,,,,,,,,,,,,,,,,,,,,,,,,,,,,,,,,,,,,,,,,,,,,,,,,,,,,,,,,,,,,,,,,,,,,,,,,,5.47503736659683,15.15265967729511,24.70377712118715,34.13085407879471,43.436291333723496,52.622428111024725,61.69154403766007,70.6458610285416,79.48754510199802,88.21870813374187,96.84140958492418,105.35765831391511,113.76941470312376,122.07859344142773,130.28706731158985,138.39667219751547,146.40921328539264,154.32647217228535,162.15021439881195,169.88219683406123,177.5241743628177,185.077905430325,192.54515614997487,199.92770283899483,207.22733299062654,214.44584480380732,221.58504546803036,228.64674844350623,235.6327699905005,242.54492519380742,249.38502370579107,256.1548654003726,262.8562360957267,269.4909034687101,276.06061325168474,282.56708577358773,289.0120128827797,295.3970552691794,301.723840187489,307.993959571391,314.20896851997185,320.3703841317654,326.4796846581725,332.5383089461578,338.5476561395984,344.50908560914763,350.4239170816762,356.2934309420171,362.11886868172536
176.6331658291457,,,,,,,,,,,,,,,,,,,,,,,,,,,,,,,,,,,,,,,,,,,,,,,,,,,,,,,,,,,,,,,,,,,,,,,,,,,,,,,,,,,,,,,,,,,,,,,,,,,,,,,,,,,,,,,,,,,,,,,,,,,,,,,,,,,,,,,,,,,,,,,,,,,,,,,,7.578276153765942,17.25589846446445,26.807015908356153,36.234092865963845,45.53953012089258,54.72566689819394,63.794782824829845,72.7490998157451,81.59078388986175,90.32194692840002,98.94464842339335,107.4608973520756,115.87265444054582,124.18183517486922,132.3903138942844,140.49992913416503,148.51249012938484,156.42978413357727,164.25358403377422,171.98565567796035,179.62776437850275,187.18168017538986,194.64918160060054,202.03205784459348,209.33210936451096,216.5511470789025,223.69099036253593,230.7534640900599,237.7403949850372,244.65360751852427,251.4949195758269,258.2661380772966,264.9690547036271,271.6054418414276,278.1770488327631,284.6855985844826,291.1327845695257,297.52026823336405,303.84967680385535,310.1226014916691,316.34059606047606,322.5051757408438,328.6178164585933,334.67995434691863,340.6929855113425,346.6582660172922,352.57711207145974,358.4508003698845,364.280568587775
176.88442211055272,,,,,,,,,,,,,,,,,,,,,,,,,,,,,,,,,,,,,,,,,,,,,,,,,,,,,,,,,,,,,,,,,,,,,,,,,,,,,,,,,,,,,,,,,,,,,,,,,,,,,,,,,,,,,,,,,,,,,,,,,,,,,,,,,,,,,,,,,,,,,,,,,,,,,,,,9.681514940935298,19.359137251633264,28.91025469552542,38.33733165313279,47.64276890806155,56.828905685362905,65.89802161200075,74.85233860298601,83.69402267827826,92.42518572758969,101.04788728634868,109.56413648744937,117.97589448330172,126.28507770771458,134.49356228918606,142.60318972991735,150.61577369658934,158.53310752362984,166.3569718771225,174.0891419923236,181.73139396533605,189.28550971441723,196.75328038905795,204.13650816331534,211.43700648271522,218.65659893161973,225.79711694876983,232.86039664684384,239.84827499398622,246.76258559875353,253.60515431173422,260.3777948228325,267.08230439726395,273.72045985872194,280.2940138966569,286.80469174749504,293.2541882769015,299.64416547205315,305.9762503388734,312.2520331888103,318.4730662924596,324.6408628726222,330.7568964066749,336.82260020703075,342.8393672485272,348.80855021250443,354.73146171887146,360.60937471934824,366.44352302721165
177.1356783919598,,,,,,,,,,,,,,,,,,,,,,,,,,,,,,,,,,,,,,,,,,,,,,,,,,,,,,,,,,,,,,,,,,,,,,,,,,,,,,,,,,,,,,,,,,,,,,,,,,,,,,,,,,,,,,,,,,,,,,,,,,,,,,,,,,,,,,,,,,,,,,,,,,,,,,,1.978096453263731,11.784753728104473,21.462376038802887,31.013493482694802,40.440570440302245,49.746007695231036,58.93214447253246,68.0012603991744,76.95557739030106,85.79726146762451,94.5284245336384,103.15112618365161,111.66737575156534,120.07913491280269,128.38832121813536,136.59681283857145,144.70645457714204,152.719064928975,160.63644373976695,168.46037988557748,176.1926583882086,183.83506646866033,191.3893981879847,198.85745749109736,206.24105962473263,213.5420310271222,220.76220787659295,227.90343353921776,234.96755517695263,241.95641977445268,248.87186982249332,255.7157388653079,262.4898470836942,269.19599704941595,275.83596975208565,282.41152096883206,288.9243780207564,295.37623693838583,301.7687600410937,308.1035739222818,314.38226782250536,320.6063923660821,326.77745863255103,332.8969375320732,338.96625945311575,344.9868141510771,350.95995084764496,356.8869785123584,362.7691662998306,368.6077441182999
177.38693467336682,,,,,,,,,,,,,,,,,,,,,,,,,,,,,,,,,,,,,,,,,,,,,,,,,,,,,,,,,,,,,,,,,,,,,,,,,,,,,,,,,,,,,,,,,,,,,,,,,,,,,,,,,,,,,,,,,,,,,,,,,,,,,,,,,,,,,,,,,,,,,,,,,,,,,,,4.081335240432825,13.887992515273673,23.565614825971664,33.11673226986396,42.543809227471364,51.84924648240034,61.03538325970188,70.10449918635433,79.05881617775276,87.90050025848687,96.63166334986438,105.25436512841671,113.7706151842035,122.18237582767844,130.4915659152017,138.70006593393674,146.80972433948034,154.8223648640116,162.73979429935295,170.56381015889013,178.296207639564,185.93878541226314,193.49334992567802,200.96171807680096,208.34571825296723,215.64718986969027,222.86798160997228,230.0099486159543,237.07494889850653,244.06483922210097,250.9814706985949,257.826684290839,264.60230639057903,271.31014459860154,277.95198380108985,284.52958260600224,291.0446701778187,297.498943488174,303.89406498353037,310.23166065871277,316.51331851624303,322.7405873853877,328.91497607118373,335.03795280184175,341.1109449424962,347.1353389438568,353.11248049561823,359.0436748563058,364.9301873333077,370.77324388912274
177.63819095477385,,,,,,,,,,,,,,,,,,,,,,,,,,,,,,,,,,,,,,,,,,,,,,,,,,,,,,,,,,,,,,,,,,,,,,,,,,,,,,,,,,,,,,,,,,,,,,,,,,,,,,,,,,,,,,,,,,,,,,,,,,,,,,,,,,,,,,,,,,,,,,,,,,,,,,,6.184574027601958,15.991231302442793,25.668853613140957,35.21997105703301,44.647048014640454,53.952485269569266,63.13862204687113,72.20773797354722,81.16205496545231,90.00373905176556,98.73490218091467,107.35760413784931,115.87385483502898,124.2856173464346,132.5948120426085,140.80332202065136,148.91299975710263,156.92567464010574,164.84316084495143,172.66726494431873,180.39979268670294,188.04255450065034,195.59736944706873,203.066067510271,210.45049026517603,217.75249006988264,224.97392800597413,232.11667082649512,239.18258718000376,246.17354336617905,253.0913988516172,259.9380017399398,266.7151843530804,273.42475904416426,280.068514328716,286.64821139175467,293.1655810036117,299.6223208574835,306.0200933262719,312.360523624719,318.6451983546882,324.87566440601944,331.0534281822164,337.17995511877444,343.2566694618202,349.28495427555885,355.26615164850193,361.20156307038474,367.0924499538536,372.94003427730485
177.88944723618087,,,,,,,,,,,,,,,,,,,,,,,,,,,,,,,,,,,,,,,,,,,,,,,,,,,,,,,,,,,,,,,,,,,,,,,,,,,,,,,,,,,,,,,,,,,,,,,,,,,,,,,,,,,,,,,,,,,,,,,,,,,,,,,,,,,,,,,,,,,,,,,,,,,,,,,8.287812814771073,18.094470089611626,27.77209240030986,37.32320984420232,46.7502868018099,56.05572405673849,65.2418608340411,74.31097676076688,83.26529375358366,92.10697784880617,100.83814103318608,109.46084323423055,117.97709476543302,126.3888596103319,134.698059882616,142.9065816027583,151.0162816520183,159.02899550197762,166.94654514932606,174.7707466408664,182.50341663948333,190.14637762099213,197.70146146236252,205.17051134901348,212.55538206977153,219.8579388718727,227.08005511325163,234.22360897952703,241.29047953559333,248.28254236450738,255.2016650166872,262.04970245639566,268.8284926546594,275.5398524414387,282.18557369677706,288.7674199322804,295.2871232905081,301.7463819709732,308.1468580768688,314.49017586590486,320.7779203811641,327.011636433038,333.19282790061885,339.32295731983345,345.40344572576697,351.43567271766324,357.42097671673594,363.360655388956,369.25596620723593,375.10812712978077
178.14070351758792,,,,,,,,,,,,,,,,,,,,,,,,,,,,,,,,,,,,,,,,,,,,,,,,,,,,,,,,,,,,,,,,,,,,,,,,,,,,,,,,,,,,,,,,,,,,,,,,,,,,,,,,,,,,,,,,,,,,,,,,,,,,,,,,,,,,,,,,,,,,,,,,,,,,,,0.4527613435441534,10.391051601940148,20.19770887678087,29.875331187479333,39.42644863137129,48.85352558897882,58.158962843907574,67.3450996212131,76.41421554804035,85.36853254244713,94.21021665157477,102.94137991534733,111.5640824460692,120.08033505059066,128.4921027865098,136.80130976018893,145.00984524790172,153.11957093341,161.13232880595856,169.0499491202636,176.87425780325805,184.60708278018612,192.25025884475374,199.80563087273728,207.27505534303273,214.66040026438807,221.96354370154344,229.1863711511148,236.3307720405351,243.39863562029052,250.39184649845362,257.3122800343809,264.1617977710945,270.942243047688,277.65543689700655,284.3031743014493,290.8872208522147,297.4093098345051,303.8711397432775,310.2743722204044,316.62063039417393,322.91149759523785,329.14851641883257,335.3331881008593,341.4669721746654,347.55128637582925,353.5875067634668,359.57696802838313,365.5209639605343,371.42074805056797,377.2775342026127
178.39195979899495,,,,,,,,,,,,,,,,,,,,,,,,,,,,,,,,,,,,,,,,,,,,,,,,,,,,,,,,,,,,,,,,,,,,,,,,,,,,,,,,,,,,,,,,,,,,,,,,,,,,,,,,,,,,,,,,,,,,,,,,,,,,,,,,,,,,,,,,,,,,,,,,,,,,,,2.5560001307133446,12.494290389108887,22.30094766395002,31.97856997464833,41.5296874185402,50.95676437614789,60.262201631076735,69.44833840838922,78.51745433541434,87.47177133251779,96.31345546289376,105.0446188389712,113.66732180943336,122.18357578174256,130.59534707132994,138.90456204732382,147.11311359236072,155.22286860297436,163.23567602518725,171.1533748052009,178.97780114566382,186.71079456608894,194.3542024289994,201.90988277036638,209.3797054336388,216.76555163360464,224.06931216329755,231.29288450560395,238.43816912733251,245.5070652251439,252.50146616789866,259.4232548456287,266.2742990969788,273.0564473485695,279.7715245640441,286.4213285689011,293.00762679058863,299.5321534315177,305.9966070756549,312.40264871649964,318.7519001850797,325.04594295041187,331.2863172611376,337.4745215952213,343.612012384199,349.7002039791779,355.74046882718955,361.7341378284523,367.6825008473104,373.58680735200693,379.4482671608522
178.643216080402,,,,,,,,,,,,,,,,,,,,,,,,,,,,,,,,,,,,,,,,,,,,,,,,,,,,,,,,,,,,,,,,,,,,,,,,,,,,,,,,,,,,,,,,,,,,,,,,,,,,,,,,,,,,,,,,,,,,,,,,,,,,,,,,,,,,,,,,,,,,,,,,,,,,,,4.659238917882657,14.597529176278403,24.4041864511193,34.081808761817896,43.632926205709985,53.06000316331737,62.36544041824646,71.5515771955742,80.62069312297339,89.57501012452738,98.41669428673546,107.14785781929666,115.77056136946398,124.28681706870013,132.69859269394314,141.00781716754224,149.2163873461623,157.32617576023515,165.33903875467513,173.25682439564073,181.08137954513828,188.8145556317294,196.45821281738415,204.01422243814255,211.4844677519901,218.87084314644605,226.17525203668185,233.3996037254363,240.5458095055106,247.6157782723664,254.61141188620323,261.53460048665926,268.3872179240735,275.1711174329371,281.88812763776497,288.54004895102787,295.1286503968906,301.65566687378646,308.12279685274734,314.5317004964249,320.8839981752849,327.1812693519156,333.4250518011375,339.6168411322075,345.7580905793274,351.85021102759356,357.89457124314004,363.89249827827575,369.84527802472337,375.7541558905028,381.62033757844165
178.89447236180905,,,,,,,,,,,,,,,,,,,,,,,,,,,,,,,,,,,,,,,,,,,,,,,,,,,,,,,,,,,,,,,,,,,,,,,,,,,,,,,,,,,,,,,,,,,,,,,,,,,,,,,,,,,,,,,,,,,,,,,,,,,,,,,,,,,,,,,,,,,,,,,,,,,,,,6.762477705051774,16.70076796344756,26.507425238288487,36.185047548986745,45.736164992878976,55.16324195048629,64.46867920541615,73.65481598277725,82.72393191085793,91.67824891957817,100.51993312859732,109.2510968761271,117.87380118209695,126.39005904258237,134.80183992006755,143.11107560053577,151.31966729825317,159.42949360780818,167.44241871622523,175.36030023133227,183.1849960447757,190.91836979085292,198.56229464082844,206.11865534910442,213.58934861737058,220.97628195365968,228.28137127284919,235.506537517831,242.65370258381705,249.7247848104343,256.7216942751833,263.64632808396243,270.500565814574,277.2862652309356,284.00525835095897,290.6593479212932,297.250304327237,303.7798629463946,310.2497219394529,316.66154046032193,323.0169372601246,329.31748965459457,335.5647328216636,341.76015939502724,347.9052193196641,354.0013199364751,360.04982626495104,366.0520614549539,372.00930738108883,377.92280535559274,383.793756938168
179.14572864321607,,,,,,,,,,,,,,,,,,,,,,,,,,,,,,,,,,,,,,,,,,,,,,,,,,,,,,,,,,,,,,,,,,,,,,,,,,,,,,,,,,,,,,,,,,,,,,,,,,,,,,,,,,,,,,,,,,,,,,,,,,,,,,,,,,,,,,,,,,,,,,,,,,,,,,8.865716492220834,18.804006750616725,28.610664025457734,38.28828633615606,47.83940378004796,57.26648073765543,66.57191799258644,75.75805477001765,84.82717069930176,93.78148771929649,102.62317199596598,111.35433603488896,119.9770413159862,128.49330185877704,136.90508905596414,145.2143378869415,153.4229543217039,161.53282345659957,169.54581776318486,177.4638048042116,185.2886538565764,193.0222410380546,200.6664527178878,208.2231871655813,215.69435453522632,223.08187538479996,230.38767799086747,237.6136947442391,244.76185790948074,251.83409500917523,258.8323240601056,265.75844884934133,272.6143543980068,279.4019027225918,286.12292896963015,292.77923797067615,299.37260124065546,305.9047544238997,312.3773951779067,318.7921814745331,325.1507302912699,331.45461666089386,337.70537304548736,343.90448900017026,350.05341109238043,356.1535430439178,362.20624606487655,368.2128393508517,374.17460071727754,380.09276734724097,385.96853663161255
179.3969849246231,,,,,,,,,,,,,,,,,,,,,,,,,,,,,,,,,,,,,,,,,,,,,,,,,,,,,,,,,,,,,,,,,,,,,,,,,,,,,,,,,,,,,,,,,,,,,,,,,,,,,,,,,,,,,,,,,,,,,,,,,,,,,,,,,,,,,,,,,,,,,,,,,,,,,0.8963638012861432,10.968955279389874,20.907245537785755,30.71390281262653,40.39152512332502,49.94264256721708,59.36971952482447,68.67515677975972,77.86129355732902,86.93040948867653,95.88472652602874,104.72641089888458,113.4575753278529,122.08028185464268,130.59654570012606,139.00834045260157,147.31760463322152,155.5262493789219,163.6361667309015,171.6492378850108,179.56734076209236,187.39235636401574,195.1261735501038,202.77069205481587,210.32782373806114,217.7994921949595,225.18763094511718,232.49418047388787,239.7210844159695,246.87028516348326,253.94371915484317,260.9433120647049,267.87097407497265,274.7285953664598,281.5180419332728,288.24115178873575,294.89973160372637,301.4955537954765,308.0303540670741,314.5058293845716,320.9236363690342,327.28539007449154,333.59266311894123,339.8469851336944,346.04984249606065,352.20267831111295,358.3068926098538,364.3638427331488,370.3748438731468,376.3411697464394,382.2640533757199,388.1446879592246
179.64824120603012,,,,,,,,,,,,,,,,,,,,,,,,,,,,,,,,,,,,,,,,,,,,,,,,,,,,,,,,,,,,,,,,,,,,,,,,,,,,,,,,,,,,,,,,,,,,,,,,,,,,,,,,,,,,,,,,,,,,,,,,,,,,,,,,,,,,,,,,,,,,,,,,,,,,,2.9996025884549216,13.072194066559078,23.010484324954845,32.817141599795804,42.49476391049425,52.04588135438626,61.472958311993885,70.77839556693857,79.96453234477283,89.03364827956196,97.98796534310323,106.82964985063559,115.56081479553396,124.18352289879469,132.69979078032299,141.111594509984,149.42087651663525,157.6295535268465,165.73952497337643,173.75268121162782,181.67091091208118,189.4961071243115,197.2301716869633,204.87501784533703,212.43257110379417,219.90476846750374,227.29355631227276,234.6008871651866,241.82871568974895,248.9789941557987,256.05366764519874,263.0546692062423,269.9839151285493,276.8433004698956,283.6346949292383,290.3599391280246,297.02084133472374,303.6191746458355,310.15667461975505,316.6350373474342,323.05591793496853,329.42092936752306,335.73164172071466,341.989581684145,348.19623236178535,354.3530333149438,360.4613808152625,366.52262827739446,372.53808684343716,378.5090260937761,384.4366748615334,390.3222221303412
179.89949748743715,,,,,,,,,,,,,,,,,,,,,,,,,,,,,,,,,,,,,,,,,,,,,,,,,,,,,,,,,,,,,,,,,,,,,,,,,,,,,,,,,,,,,,,,,,,,,,,,,,,,,,,,,,,,,,,,,,,,,,,,,,,,,,,,,,,,,,,,,,,,,,,,,,,,,5.10284137562427,15.175432853728067,25.113723112124077,34.920380386965014,44.59800269766321,54.14912014155522,63.57619709916336,72.88163435412942,82.06777113245384,91.13688707283963,100.0912041751517,108.9328888685551,117.66405448828205,126.2867645689627,134.8030373475269,143.21485168163716,151.52415429026743,159.7328679221084,167.84289984990076,175.85615001757267,183.77451822372208,191.59990987038805,199.33423999250235,206.97943547012915,214.53743548514365,222.01019040269017,229.39965933289432,236.70780666409476,243.93659786320214,251.08799482060348,258.1639509845943,265.1664064905818,272.09728344848145,278.95848151154064,285.7518738132839,292.47930332798296,299.1425796839508,305.7434764382848,312.2837288058019,318.76503182330686,325.1890389222845,331.55736087801455,337.8715651003044,344.1331752300183,350.3436710059035,356.5044883674514,362.6170197614409,368.6826146221064,374.70257999739187,380.6781812963568,386.6106431353841,392.5011502632864
180.1507537688442,,,,,,,,,,,,,,,,,,,,,,,,,,,,,,,,,,,,,,,,,,,,,,,,,,,,,,,,,,,,,,,,,,,,,,,,,,,,,,,,,,,,,,,,,,,,,,,,,,,,,,,,,,,,,,,,,,,,,,,,,,,,,,,,,,,,,,,,,,,,,,,,,,,,,7.2060801627932785,17.278671640897233,27.216961899293203,37.023619174134225,46.70124148483236,56.2523589287246,65.67943588633318,74.98487314134488,84.17100992054661,93.24012586981955,102.194443028522,111.03612797499164,119.76729446807208,128.3900070082605,136.90628568816604,145.31811247922192,153.6274387881019,161.83619382612304,169.94629315424953,177.95964672590142,185.87816583186262,193.70376851254073,201.43838319490754,209.0839504960269,216.64242328769382,224.11576522641124,231.50594801897932,238.81494772182313,246.0447403702836,253.19729721147246,260.2745797790818,267.2785350073486,274.21109053916337,281.0741503433631,287.8695907204842,294.5992567458802,301.2649591740661,307.8684718085111,314.4115293261618,320.895825535233,327.3230120374704,333.6946972615864,340.0124458322574,346.27777823843695,352.492170765326,358.6570556558257,364.7738214693352,370.84381360816997,376.8683349844522,382.84864680297744,388.785969438143,394.6814833854953
180.40201005025125,,,,,,,,,,,,,,,,,,,,,,,,,,,,,,,,,,,,,,,,,,,,,,,,,,,,,,,,,,,,,,,,,,,,,,,,,,,,,,,,,,,,,,,,,,,,,,,,,,,,,,,,,,,,,,,,,,,,,,,,,,,,,,,,,,,,,,,,,,,,,,,,,,,,,9.309318949962679,19.381910428066522,29.32020068646236,39.12685796130334,48.80448027200169,58.35559771589388,67.78267467350503,77.08811192860846,86.27424870933469,95.34336467241144,104.29768191177509,113.13936719841787,121.87053481049499,130.49325038541028,139.0095361309327,147.421377477266,155.73073093010612,163.93953261009997,172.04970681260892,180.06317391185635,187.98185703922817,195.80768713979296,203.54260620680344,211.1885686749627,218.74754109813043,226.22150033760582,233.61243054416084,240.92231923719984,248.15315277665778,255.30691149656607,262.38556473154017,269.3910659251043,276.32534796631694,283.1903188616377,289.987857814033,296.71981175191854,303.38799232659056,309.9941733781642,316.5400888560386,323.0274311699943,329.4578499413864,335.832951119966,342.154296430012,348.4234031091697,354.64174390426865,360.8107472900492,366.9317978789304,373.0062369924408,379.03536336758225,385.0204339740607,390.96266492093343,396.8632324336696
180.65326633165827,,,,,,,,,,,,,,,,,,,,,,,,,,,,,,,,,,,,,,,,,,,,,,,,,,,,,,,,,,,,,,,,,,,,,,,,,,,,,,,,,,,,,,,,,,,,,,,,,,,,,,,,,,,,,,,,,,,,,,,,,,,,,,,,,,,,,,,,,,,,,,,,,,,,1.2029241981016041,11.412557737131673,21.485149215235598,31.423439473631415,41.23009674847276,50.90771905917101,60.45883650306286,69.88591346067965,79.19135071596284,88.37748749926325,97.44660348333954,106.4009208362934,115.2426065747138,123.97377560696128,132.5964948979732,141.11278905094284,149.52464731798,157.8340317273138,166.0428857599425,174.15314288788898,182.16673430627125,190.085595318708,197.91167002095537,205.64691412508003,213.29329594264004,220.8527956818959,228.32740330506644,235.71911523985128,243.02993025232715,250.26184477504512,257.4168479538157,264.49691663684195,271.50401048659495,278.44006735240384,285.30699900259805,292.10668728118145,298.84098072548977,305.5116916584966,312.1205937517884,318.6694200421672,325.1598613757155,331.5935652471887,337.97213499921924,344.2971293444065,350.5700621734061,356.79240261327084,362.9655753021406,369.0909608486949,375.1698964473743,381.20367662305875,387.1935540815937,393.1407406451627,399.0464082539569
180.9045226130653,,,,,,,,,,,,,,,,,,,,,,,,,,,,,,,,,,,,,,,,,,,,,,,,,,,,,,,,,,,,,,,,,,,,,,,,,,,,,,,,,,,,,,,,,,,,,,,,,,,,,,,,,,,,,,,,,,,,,,,,,,,,,,,,,,,,,,,,,,,,,,,,,,,,3.306162985270613,13.515796524301054,23.588388002404677,33.52667826080077,43.333335535641794,53.01095784633999,62.56207529023242,71.98915224786175,81.29458950348288,90.48072629101773,99.5498423064286,108.5041598170094,117.34584614862543,126.07701696711985,134.69974077578243,143.21604487405577,151.6279227161509,159.9373422868735,168.14625488102413,176.25660358383817,184.2703307987182,192.1893843153465,200.01572160538987,207.75131223044335,215.39813841696736,222.9581939806503,230.43348186409236,237.8260105912745,245.13778994817622,252.37082618054356,259.52711696612243,266.6086463770406,273.6173800040596,280.55526037212553,287.424202738183,294.22609132927704,300.962776051537,307.63606967890684,314.247745513861,320.7995355001892,327.2931287595707,333.73017051834995,340.1122613880656,346.44095696227845,352.71776769261095,358.94415900828625,365.12155164545976,371.2513221550829,377.33480356070174,383.3732861403083,389.3680183091138,395.3202075826366,401.2310216021678
181.15577889447235,,,,,,,,,,,,,,,,,,,,,,,,,,,,,,,,,,,,,,,,,,,,,,,,,,,,,,,,,,,,,,,,,,,,,,,,,,,,,,,,,,,,,,,,,,,,,,,,,,,,,,,,,,,,,,,,,,,,,,,,,,,,,,,,,,,,,,,,,,,,,,,,,,,,5.409401772439788,15.619035311469997,25.691626789573775,35.6299170479698,45.43657432281073,55.11419663350927,64.6653140774017,74.09239103505911,83.39782829129533,92.58396508562716,101.6530811469524,110.60739887326272,119.44908597541544,128.1802590214862,136.80298828457768,145.31930408132658,153.73120446407668,162.0406638170449,170.24964170281473,178.36009124892155,186.37396644037966,194.29322784804216,202.11984652347599,209.85580598669367,217.5031023962494,225.06374310952637,232.53974391299366,239.93312523339569,247.24590764012072,254.4801069259305,261.63772901657103,268.72076491663404,275.73118585460253,282.6709387479998,289.5419420718769,296.34608218190465,303.0852101170176,309.76113888589276,316.3756412259334,322.9304478121295,329.42724588558116,335.86767826676703,342.2533427162772,348.5857916051306,354.8665318574444,361.09702512983375,367.27868819406893,373.4128934920854,379.50096983515306,385.5442032217814,391.5438377516881,397.5010766156894,403.41708314401194
181.40703517587937,,,,,,,,,,,,,,,,,,,,,,,,,,,,,,,,,,,,,,,,,,,,,,,,,,,,,,,,,,,,,,,,,,,,,,,,,,,,,,,,,,,,,,,,,,,,,,,,,,,,,,,,,,,,,,,,,,,,,,,,,,,,,,,,,,,,,,,,,,,,,,,,,,,,7.512640559608697,17.722274098639165,27.79486557674277,37.733155835139,47.53981310997991,57.21743542067823,66.768552864572,76.19562982228767,85.50106707960805,94.6872038846055,103.75632001207133,112.71063802980726,121.55232612270522,130.28350192428582,138.90623772981903,147.42256721357543,155.8344934365265,164.14399763211912,172.35304808334084,180.46360837998193,188.47764444664097,196.39712991094848,204.2240495867924,211.9604010397398,219.6081943571557,227.16945035421097,234.64619750945772,242.04046794676253,249.35429277342712,256.5896970569576,263.74869468366444,270.83328329784564,277.8454394756383,284.7871142460246,291.6602290346438,298.46667207512724,305.208295307472,311.8869117633852,318.5042934238764,325.0621695239694,331.5622252725105,338.00610095095794,344.39539135316136,350.731645527881,357.0163667867539,363.25101294221133,369.43699674215117,375.5756864708317,381.66840668822545,387.7164390828702,393.7210234160088,399.6833585373479,405.6046034553625
181.6582914572864,,,,,,,,,,,,,,,,,,,,,,,,,,,,,,,,,,,,,,,,,,,,,,,,,,,,,,,,,,,,,,,,,,,,,,,,,,,,,,,,,,,,,,,,,,,,,,,,,,,,,,,,,,,,,,,,,,,,,,,,,,,,,,,,,,,,,,,,,,,,,,,,,,,,9.615879346778073,19.82551288580799,29.89810436391182,39.83639462230816,49.64305189714918,59.32067420784742,68.8717916517444,78.29886860957589,87.60430586875366,96.79044269013319,105.85955891136547,114.81387731796946,123.65556667252032,132.3867458565068,141.0094894606763,149.52583487605787,157.9377905957063,166.24734515724546,174.45647601346735,182.56715762564065,190.58136819940844,198.50109467458765,206.32833578801913,214.06510321636114,221.71342095247283,229.27532316785377,236.75285086680054,244.14804765327463,251.4629549187072,258.6996067276458,265.86002463659855,272.9462126359774,279.9601523604065,286.90379867142707,293.7790756809586,300.5878732538289,307.3320440036994,314.01340077817946,320.633714615222,327.1947131433199,333.6980793918481,340.1454509743437,346.53841960611976,352.8785309176796,359.16728452663045,365.4061343327739,371.5964890034843,377.73971261924123,383.83712545199296,389.8900048518675,395.89958622043946,401.8670640515208,407.79359302254505
181.90954773869348,,,,,,,,,,,,,,,,,,,,,,,,,,,,,,,,,,,,,,,,,,,,,,,,,,,,,,,,,,,,,,,,,,,,,,,,,,,,,,,,,,,,,,,,,,,,,,,,,,,,,,,,,,,,,,,,,,,,,,,,,,,,,,,,,,,,,,,,,,,,,,,,,,,1.3696266012313087,11.719118133947223,21.92875167297782,32.001343151081265,41.93963340947766,51.746290684318325,61.42391299501673,70.97503043892091,80.40210739697517,89.70754465924865,98.89368150529621,107.96279785747495,116.91711677697974,125.75880772354243,134.489991029155,143.11274387417433,151.62910774320764,160.04109699619795,168.35070793313753,176.5599276209787,184.6707417894534,192.68514124913543,200.60512648667083,208.43271030056147,216.1699185227272,223.81878900865718,231.3813691678237,238.85971235010112,246.25587341187824,253.57190376734795,260.80984619559047,267.97172963055135,275.05956411481964,282.07533605356906,289.02100386450627,295.8984940849377,302.7096979681608,309.4564685785306,316.1406183770517,322.76391727660973,329.32809113718696,335.83482066588533,342.2857406836154,348.6824397192887,355.0264598928016,361.31929704953285,367.5624011112633,373.7571766109632,379.90498338172046,386.00713737295854,392.0649115699225,398.0795369951334,404.0522037732173,409.98406224265
182.1608040201005,,,,,,,,,,,,,,,,,,,,,,,,,,,,,,,,,,,,,,,,,,,,,,,,,,,,,,,,,,,,,,,,,,,,,,,,,,,,,,,,,,,,,,,,,,,,,,,,,,,,,,,,,,,,,,,,,,,,,,,,,,,,,,,,,,,,,,,,,,,,,,,,,,,3.472865388400152,13.822356921116105,24.031990460146655,34.10458193825046,44.04287219664689,53.849529471487564,63.527151782186245,73.07826922610649,82.50534618457357,91.81078345187863,100.99692033438325,110.06603686686229,119.02035645547699,127.86204939356348,136.59323768670208,145.2160014194772,153.73238656343537,162.14441378986015,170.45408762064605,178.66340517444993,186.77436383279996,194.7889673165667,202.70922987263316,210.53717847791128,218.27485314268114,225.92430552319283,233.48759613231223,240.96679047223859,248.36395441421146,255.68114912691894,262.92042581727713,270.0838205020515,277.1733489821222,284.19100214688183,291.13874169656395,298.01849633656354,304.8321584700871,311.5815813937079,318.26857698396566,324.8949138513267,331.4623159298291,337.9724614658763,344.4269823671791,350.8274638722508,357.1754445016036,363.47241625346845,369.7198250092004,375.9190711161762,382.0715101189038,388.17845361194344,394.24117019111657,400.26088648217467,406.2387882287897,412.17602142386284
182.41206030150752,,,,,,,,,,,,,,,,,,,,,,,,,,,,,,,,,,,,,,,,,,,,,,,,,,,,,,,,,,,,,,,,,,,,,,,,,,,,,,,,,,,,,,,,,,,,,,,,,,,,,,,,,,,,,,,,,,,,,,,,,,,,,,,,,,,,,,,,,,,,,,,,,,,5.576104175569194,15.925595708285513,26.13522924731582,36.20782072541988,46.14611098381567,55.95276825865676,65.63039056935577,75.18150801331129,84.60858497251793,93.91402224781164,103.1001591832628,112.16927596070836,121.12359641320299,129.965291822155,138.69648611072338,147.31926260229793,155.83567216396466,164.24774223066333,172.55748600517725,180.7669110868954,188.87802687751068,196.89285029419798,204.81340953589157,212.64174585274927,220.37991343580902,228.02997766177714,235.59401199681443,243.0740938898452,250.47229998020111,257.7907009165768,265.03135604342646,272.1963081643615,279.2875785451392,286.3071622749557,293.2570240659275,300.13909453801267,306.9552670100342,313.70739479686546,320.3972889973897,327.0267167469434,333.5973999007097,340.1110141102864,346.5691882536864,352.97350417882325,359.3254967215526,365.62665396124385,371.8784176793279,378.08218398902955,384.2393041074398,390.35108524401863,396.4187915824831,402.44364533574634,408.42682785620275,414.36948078582304
182.66331658291455,,,,,,,,,,,,,,,,,,,,,,,,,,,,,,,,,,,,,,,,,,,,,,,,,,,,,,,,,,,,,,,,,,,,,,,,,,,,,,,,,,,,,,,,,,,,,,,,,,,,,,,,,,,,,,,,,,,,,,,,,,,,,,,,,,,,,,,,,,,,,,,,,,,7.679342962738483,18.028834495454376,28.238468034484733,38.311059512589054,48.249349770984914,58.05600704582549,67.73362935652636,77.2847468005527,86.71182376104787,96.01726104874889,105.20339805984229,114.27251516595447,123.22683672288474,132.0685351735351,140.7997366237032,149.42252798940964,157.93896545567236,166.35108367943965,174.66090500094182,182.87044791918444,190.98173420821715,198.996794247449,206.91767035782388,214.74641813580135,222.48510593528897,230.13581275533298,237.7006248504796,245.18163139917672,252.58091955362445,259.9005691624635,267.1426474143676,274.3092036029284,281.40226416623955,288.4238281110943,295.37586289407085,302.26030080008036,309.07903583363935,315.8339211186091,322.52676678770376,329.15933833304695,335.7333553825362,342.2504908631224,348.7123705106354,355.12057268591417,361.47662845831525,367.78202191976277,374.0381906951074,380.2465266174162,386.4083765398159,392.5250432584732,398.59778652410546,404.6278241223278,410.61633300532225,416.56445045999334
182.91457286432157,,,,,,,,,,,,,,,,,,,,,,,,,,,,,,,,,,,,,,,,,,,,,,,,,,,,,,,,,,,,,,,,,,,,,,,,,,,,,,,,,,,,,,,,,,,,,,,,,,,,,,,,,,,,,,,,,,,,,,,,,,,,,,,,,,,,,,,,,,,,,,,,,,,9.782581749907653,20.132073282623647,30.34170682165411,40.41429829975813,50.35258855815384,60.159245832994706,69.83686814369938,79.38798558786488,88.815062550541,98.12049985711994,107.30663697462364,116.37575451649926,125.33007747231662,134.17177963963744,142.90298959300497,151.52579821323928,160.04226743792555,168.45443960852668,176.76434665501733,184.9740183832096,193.08548927442814,201.10080341555468,209.02201739748125,216.85120121445095,224.59043734554982,232.24181829687063,239.80744293235935,247.28941193192222,254.68982269764314,262.01076399311495,269.2543105554295,276.4225178708927,283.5174172585968,290.54101136322737,297.49527012182455,304.3821272387031,311.2034771785999,317.96117266969543,324.65702269470546,331.2927909390629,337.87019465938374,344.3909039323455,350.85654124305245,357.2686813724494,363.62885154490976,369.93853179938867,376.1991555502646,382.41211030693074,388.5787385242241,394.7003385587863,400.7781657092328,406.8134333209157,412.80731393823066,418.76094049005513
183.16582914572862,,,,,,,,,,,,,,,,,,,,,,,,,,,,,,,,,,,,,,,,,,,,,,,,,,,,,,,,,,,,,,,,,,,,,,,,,,,,,,,,,,,,,,,,,,,,,,,,,,,,,,,,,,,,,,,,,,,,,,,,,,,,,,,,,,,,,,,,,,,,,,,,,,1.3935773970133232,11.885820537076578,22.23531206979264,32.444945608823005,42.5175370869272,52.45582734532313,62.262484620164166,71.94010693087743,81.49122437530683,90.91830134157846,100.2237386763338,109.40987594137317,118.47899405456143,127.43331876664183,136.27502544337474,145.00624543498148,153.62907397652808,162.14557920338044,170.55781160629016,178.86781315121075,187.07762534480744,195.18929569233296,203.2048822121791,211.1264558910409,218.95610115112967,226.69591453973467,234.34800193820502,241.91447462755318,249.39744455095303,256.7990190903198,264.1212956348836,271.3663561724108,278.5362620846562,285.6330492819532,292.6587237699263,299.6152577056867,306.50458597158354,313.3286032716232,320.08916173830977,326.7880690252121,333.4270868521671,340.0079299649074,346.532265468361,353.00171249224076,359.4178421483642,365.78217774092036,372.0961951933565,378.36132365838597,384.5789462806274,390.7504010844654,396.8769819627054,402.95993974442905,409.00048332327117,414.9997808295598,420.95896083231605
183.41708542713567,,,,,,,,,,,,,,,,,,,,,,,,,,,,,,,,,,,,,,,,,,,,,,,,,,,,,,,,,,,,,,,,,,,,,,,,,,,,,,,,,,,,,,,,,,,,,,,,,,,,,,,,,,,,,,,,,,,,,,,,,,,,,,,,,,,,,,,,,,,,,,,,,,3.4968161841822223,13.98905932424606,24.33855085696235,34.54818439599257,44.62077587409649,54.55906613249255,64.36572340733376,74.0433457180665,83.59446316297918,93.02154013503592,102.32697751109421,111.5131149779113,120.5822338322233,129.53656073083502,138.378272842088,147.10950461921553,155.73235605703215,164.2489019427352,172.6612013815029,180.97130681370734,189.18127182641996,197.29315724632158,205.30903522575537,213.23099125100595,221.06112418148527,228.80154455699397,236.45437148654105,244.02172846326977,251.50573844603096,258.9085185201232,266.23217440738165,273.47879504705935,280.6504474195171,287.7491717384675,294.77697709651403,301.7358376142251,308.6276891149109,315.4544263254735,322.21790058744097,328.9199180507532,335.5622383152898,342.14657348063724,348.6745875625872,355.1478962346062,361.56806685366166,367.93661873176916,374.2550236172427,380.5247063525601,386.74704567882134,392.9233751598865,399.05498420227815,405.1431191497456,411.18898443418783,417.1937437668445,423.15852135613784
183.6683417085427,,,,,,,,,,,,,,,,,,,,,,,,,,,,,,,,,,,,,,,,,,,,,,,,,,,,,,,,,,,,,,,,,,,,,,,,,,,,,,,,,,,,,,,,,,,,,,,,,,,,,,,,,,,,,,,,,,,,,,,,,,,,,,,,,,,,,,,,,,,,,,,,,,5.600054971351589,16.09229811141517,26.441789644131322,36.65142318316161,46.72401466126568,56.66230491966159,66.46896219450328,76.14658450527745,85.69770195104611,95.124778932203,104.43021636779076,113.6163541070327,122.68547391314733,131.63980351238325,140.4815221311643,149.21276767286827,157.8356453122453,166.35223694940132,174.7646107675634,183.0748301105042,191.2849610094932,199.39707789023103,207.41326721955497,215.33562906515832,223.16627671234085,230.9073345996095,238.56093490093903,246.1292131048059,253.61430292947196,261.01833088143405,268.3434107189512,275.591638032618,282.7650851053741,289.86579616864105,296.89578313126106,303.85702182458084,310.7514487801801,317.58095853611786,324.34740145234935,331.05258200535684,337.6982575252012,344.2861373343495,350.8178822460957,357.29510438054535,363.7193672575308,370.09218612804256,376.4150285084767,382.6893148850634,388.9164195589235,395.09767160536614,401.23435592395447,407.3277143589183,413.3789468717875,419.38921275089524,425.3596318443772
183.91959798994975,,,,,,,,,,,,,,,,,,,,,,,,,,,,,,,,,,,,,,,,,,,,,,,,,,,,,,,,,,,,,,,,,,,,,,,,,,,,,,,,,,,,,,,,,,,,,,,,,,,,,,,,,,,,,,,,,,,,,,,,,,,,,,,,,,,,,,,,,,,,,,,,,,7.703293758520649,18.1955368985841,28.545028431300093,38.75466197033087,48.827253448434824,58.765543706830854,68.57220098167441,78.24982329253058,87.80094073977466,97.22801773494267,106.53345525497734,115.71959335757705,124.78871437449132,133.7430472841662,142.58477364782516,151.3160351851226,159.93894268412188,168.45558562409155,176.8680417265466,185.17838565660148,193.38869623661296,201.50106174831862,209.5175831314964,217.44037509528377,225.27156531946366,233.01329202996843,240.66770028867174,248.2369373514677,255.72314743179135,263.12846617005437,270.4550150621719,277.7048960494281,284.88018642250444,291.9829341473342,299.0151536816814,305.9788223190626,312.875877071111,319.7082120799685,326.4776765381314,333.18607308342234,339.8351566306858,346.4266335985229,352.96216148833116,359.44334877340583,365.8717550575294,372.24889146487635,378.5762212259116,384.8551604270918,391.08707889532275,397.27330119128754,403.4151076887116,409.5137357195987,415.57038076783056,421.5861976961883,427.5623019938426
184.17085427135677,,,,,,,,,,,,,,,,,,,,,,,,,,,,,,,,,,,,,,,,,,,,,,,,,,,,,,,,,,,,,,,,,,,,,,,,,,,,,,,,,,,,,,,,,,,,,,,,,,,,,,,,,,,,,,,,,,,,,,,,,,,,,,,,,,,,,,,,,,,,,,,,,,9.806532545689823,20.298775685753284,30.648267218469403,40.857900757499934,50.93049223560391,60.86878249399991,70.67543976884811,80.35306207986457,89.90417952958055,99.331256545897,108.63669418394663,117.8228327656494,126.89195530900648,135.8462922475275,144.68802777505707,153.41930781169552,162.0422492037818,170.55894947928766,178.9714963530615,187.28197621695858,195.4924810133695,203.605113115961,211.62198807369825,219.54523527566542,227.3769967451424,235.11942436739233,242.77467590148342,250.3449101324297,257.83228149732173,265.23893447873087,272.5669980093946,279.81858008058947,286.99576269741374,294.1005972798624,301.13510057091383,308.1012510818436,315.000986080661,321.83619911121957,328.6087380173736,335.320403437686,341.9729477307971,348.56807428886856,355.1074371958947,361.59264118850905,368.0252418788198,374.4067462013885,380.7386130494335,387.02225406853313,393.2590345792952,399.45027460362945,405.59724997220286,411.7011934935964,417.7632961680509,423.78470843127417,429.76654141576563
184.4221105527638,,,,,,,,,,,,,,,,,,,,,,,,,,,,,,,,,,,,,,,,,,,,,,,,,,,,,,,,,,,,,,,,,,,,,,,,,,,,,,,,,,,,,,,,,,,,,,,,,,,,,,,,,,,,,,,,,,,,,,,,,,,,,,,,,,,,,,,,,,,,,,,,,1.271802593627939,11.909771332859007,22.40201447292227,32.75150600563848,42.961139544668974,53.03373102277292,62.97202128116881,72.77867855602729,82.45630086734366,92.00741832109853,101.43449536874706,110.73993316941828,119.92607237600886,128.99519682733774,137.94953863552522,146.79128494567743,155.5225862794035,164.14556599616992,172.66233014358465,181.07497687791258,189.385604709201,197.59631900995325,205.70923646008657,213.7264873317845,221.65021571136532,229.4825778955916,237.22573928483698,244.8818701317599,252.45314050254498,259.9417147798244,267.34974599269844,274.67937020834387,281.93270116768207,289.1118252987681,296.2187971981843,303.2556356342008,310.224320095747,317.1267878881366,323.964931759279,330.74059802789975,337.4555851772666,344.1116428731922,350.71047136293276,357.2537212113988,363.74299333223354,370.1798392734662,376.5657617201674,382.90221517962175,389.1906068177764,395.43229741895686,401.628602444003,407.78079316493654,413.89009785715245,419.95770303250777,425.9847546991984,431.9723596362834
184.67336683417082,,,,,,,,,,,,,,,,,,,,,,,,,,,,,,,,,,,,,,,,,,,,,,,,,,,,,,,,,,,,,,,,,,,,,,,,,,,,,,,,,,,,,,,,,,,,,,,,,,,,,,,,,,,,,,,,,,,,,,,,,,,,,,,,,,,,,,,,,,,,,,,,,3.375041380797084,14.013010120027774,24.50525326009154,34.85474479280779,45.064378331838014,55.13696980994202,65.07526006833808,74.88191734321902,84.55953965507881,94.11065711527768,103.53773420854023,112.8431722303446,122.02931224362719,131.09843906051293,140.0527867163663,148.89454564651604,157.62587139076058,166.2488942846594,174.76572936588698,183.1784856715427,191.48927420607737,199.70021406248318,207.81343641934555,215.83108636394712,223.7553226762986,231.58831583819375,239.33224460547243,246.98929150862267,254.5616376381226,262.05145703809643,269.4609109852457,276.79214237774494,284.0472704065599,291.2283856334022,298.33754555717644,305.37677071546017,312.348041339134,319.25329455639746,326.09442212629216,332.8732686706048,339.59163036579935,346.25125405254636,352.85383671877685,359.40102531238944,365.8944168411617,372.33555871978353,378.7259493268045,385.0670387374475,391.3602296015644,397.6068781392512,403.8082952297579,409.96574757247834,416.08045890123293,422.1536112359568,428.1863461579403,434.1797660969339
184.92462311557784,,,,,,,,,,,,,,,,,,,,,,,,,,,,,,,,,,,,,,,,,,,,,,,,,,,,,,,,,,,,,,,,,,,,,,,,,,,,,,,,,,,,,,,,,,,,,,,,,,,,,,,,,,,,,,,,,,,,,,,,,,,,,,,,,,,,,,,,,,,,,,,,,5.478280167966057,16.116248907196994,26.60849204726058,36.95798357997668,47.167617119007325,57.24020859711113,67.17849885550822,76.98515613043497,86.66277844324851,96.21389591350614,105.64097307209181,114.9464113908531,124.13255243542693,133.2016821626268,142.15603679699868,150.9978104226986,159.7291640285876,168.35223539557163,176.8691490194439,185.28202524726782,193.59298793765535,201.80417017406805,209.91771780402183,217.93579079978227,225.86056261111847,233.69421779858823,241.43894829915297,249.09694869395585,256.67041083267355,264.1615181315795,271.57243981331976,278.9053253030162,286.16229894320975,293.3454551424123,300.4568540309993,307.49851766394943,314.4724267828825,321.3805181291576,328.22468228475714,335.0067620073754,341.7285510196498,348.3917932090438,354.99818219372406,361.5493612103328,368.046923281283,374.49241162174127,380.8873202494787,387.23309476402005,393.53113326487954,399.78278738193336,405.98936339411097,412.15212341567604,418.272286631839,424.3510305682364,430.38949238086605,436.38877015516334
185.17587939698493,,,,,,,,,,,,,,,,,,,,,,,,,,,,,,,,,,,,,,,,,,,,,,,,,,,,,,,,,,,,,,,,,,,,,,,,,,,,,,,,,,,,,,,,,,,,,,,,,,,,,,,,,,,,,,,,,,,,,,,,,,,,,,,,,,,,,,,,,,,,,,,,,7.5815189551355235,18.219487694366492,28.711730834429837,39.06122236714628,49.27085590617665,59.343447384280374,69.2817376426798,79.08839491769794,88.76601723214067,98.31713471777526,107.74421196847578,117.04965068132933,126.23579303220293,135.30492631371564,144.25928922685802,153.10107988200645,161.8324651606131,170.45559076259852,178.9725911057093,187.3855982642673,195.6967492932611,203.90819151559978,212.02208559569564,220.04060643890168,227.96594212091063,235.8002911576169,243.54585847878957,251.2048504783775,258.7794694926363,266.27190801598533,273.68434291314964,281.01892983201697,288.2777979696869,295.46304529733123,302.5767343095514,309.620888331026,316.59748838746225,323.50847062837454,330.3557242752303,337.14109005909984,343.86635910620856,350.5332722269436,357.14351956317734,363.69874054966397,370.2005241472581,376.6504093084167,383.0498856385821,389.40039422036824,395.70332857086646,401.9600357056654,408.1718172863011,414.3399308309109,420.4655909703398,426.5499707346718,432.59420285719074,438.5993810848435
185.42713567839195,,,,,,,,,,,,,,,,,,,,,,,,,,,,,,,,,,,,,,,,,,,,,,,,,,,,,,,,,,,,,,,,,,,,,,,,,,,,,,,,,,,,,,,,,,,,,,,,,,,,,,,,,,,,,,,,,,,,,,,,,,,,,,,,,,,,,,,,,,,,,,,,,9.684757742304575,20.32272648153562,30.81496962159907,41.164461154315404,51.374094693345775,61.446686171449535,71.38497642985399,81.19163370504828,90.8692560221993,100.42037353089069,109.84745090961071,119.15289013965153,128.33903413073145,137.40817172281058,146.3625444017524,155.2043546993018,163.93577584404534,172.55896193111028,181.07605775801585,189.48920753034648,197.80056182315906,206.01228242628963,214.12654494665836,222.1455392493321,230.07146797271932,237.90654344814388,245.652983396636,253.31300577715564,260.8888231330873,268.38263673892914,275.7966307959437,283.1329668708555,290.3937787201215,297.58116759638756,304.69719809501424,311.7438945669963,318.7232381001005,325.63716405173574,332.4875601041177,339.276264803756,346.00506654226456,352.67570293321523,359.28986053950086,365.849174906894,372.35523086172986,378.809563033497,385.21365656639205,391.56894798726194,397.8768262007961,404.1386335860547,410.35566717176636,416.52917987036517,422.66038175382306,428.75044135649375,434.8004869924579,440.81160807679925
185.67839195979897,,,,,,,,,,,,,,,,,,,,,,,,,,,,,,,,,,,,,,,,,,,,,,,,,,,,,,,,,,,,,,,,,,,,,,,,,,,,,,,,,,,,,,,,,,,,,,,,,,,,,,,,,,,,,,,,,,,,,,,,,,,,,,,,,,,,,,,,,,,,,,,,1.0012450106726576,11.787996529473602,22.425965268704783,32.91820840876847,43.26769994148464,53.477333480514865,63.549924958619094,73.48821521703407,83.29487249255588,92.97249481409953,102.52361235674208,111.95068991095869,121.25612981259103,130.44227584606904,139.5114186311726,148.46580276787202,157.30763562099747,166.0390972300974,174.66235056232765,183.1795512450417,191.59285600445287,199.90442923996807,208.1164474139452,216.23110117910062,224.2505953657128,232.17714709290811,240.01298235175108,247.7603314404932,255.4214236260972,262.9984813734518,270.49371443559767,277.9093140436028,285.2474473797653,292.510252466809,299.6998335608541,306.818257098491,313.867548218064,320.84968785204455,327.76661037023155,334.62020174155634,341.4122981745851,348.1446851924546,354.81909709625097,361.43721677097165,368.0006757897843,374.5110547746976,380.96988397483113,387.3786440267861,393.7387668650742,400.05163675402093,406.31859141576945,412.5409232323497,418.7198805023169,424.8566687354613,430.9524519712715,437.00835410902914,443.0254602393436
185.929648241206,,,,,,,,,,,,,,,,,,,,,,,,,,,,,,,,,,,,,,,,,,,,,,,,,,,,,,,,,,,,,,,,,,,,,,,,,,,,,,,,,,,,,,,,,,,,,,,,,,,,,,,,,,,,,,,,,,,,,,,,,,,,,,,,,,,,,,,,,,,,,,,,3.1044837978414574,13.891235316642751,24.529204055873556,35.02144719593734,45.37093872865359,55.580572267684005,65.65316374578828,75.59145400422756,85.39811128033652,95.07573360884214,104.62685120063122,114.05392899234064,123.35936975737819,132.54551831403566,141.61466731568876,150.56906482590188,159.41092346954494,168.14243056844563,176.7657584373479,185.28307397408201,193.69654679894796,202.00835541981996,210.22069115499255,218.33575978406174,226.35578108729788,234.2829865643713,242.11961569532585,249.86791112984946,257.53011317739396,265.1084539332117,272.605151324442,280.02240330449814,287.3623823690425,294.6272305163724,301.8190547314793,308.93992303673497,315.99186112336696,322.9768495559127,329.8968215258165,336.75366111937694,343.5492020583432,350.2852268677886,356.96346642463845,363.5855998407885,370.1532546365652,376.668007162934,383.1313832340262,389.544858934993,395.90986157367354,402.227770748048,408.4999195046651,414.727595566525,420.9120426114489,427.05446158489787,433.15601203335876,439.2178134465821,445.2409465988257
186.18090452261305,,,,,,,,,,,,,,,,,,,,,,,,,,,,,,,,,,,,,,,,,,,,,,,,,,,,,,,,,,,,,,,,,,,,,,,,,,,,,,,,,,,,,,,,,,,,,,,,,,,,,,,,,,,,,,,,,,,,,,,,,,,,,,,,,,,,,,,,,,,,,,,,5.207722585010972,15.994474103811738,26.63244284304278,37.12468598310652,47.47417751582242,57.68381105485308,67.7564025329583,77.69469279144703,87.50135006858042,97.17897240788459,106.73009006968573,116.15716817888784,125.46261004344257,134.64876169388685,143.71791809242816,152.67233113522838,161.51421914792996,170.245777211599,178.86918746100764,187.38662849408533,195.8002831816243,204.11234440325575,212.3250184942584,220.44052642016624,228.46110287578213,236.38899362360047,244.2264514475505,251.9757311119591,259.6390836954548,267.2187506276233,274.71695770289153,282.13590928930523,289.47778289506044,296.7447242060116,303.9388426650093,311.06220762896567,318.11684511210484,325.10473510313494,332.0278094291616,338.8879501291528,345.68698829363444,352.4267033242435,359.1088225660096,365.73502126614494,372.30692281522255,378.82609922945596,385.2940718360859,391.7123121273893,398.08224275235506,404.4052386185514,410.68262807994364,416.9156941896449,423.1056759991783,429.25376988864315,435.36113091435396,441.4288741626212,447.45807610018153
186.4321608040201,,,,,,,,,,,,,,,,,,,,,,,,,,,,,,,,,,,,,,,,,,,,,,,,,,,,,,,,,,,,,,,,,,,,,,,,,,,,,,,,,,,,,,,,,,,,,,,,,,,,,,,,,,,,,,,,,,,,,,,,,,,,,,,,,,,,,,,,,,,,,,,,7.310961372180212,18.097712890981143,28.735681630212248,39.227924770275884,49.57741630299214,59.78704984202247,69.85964132012982,79.79793157871552,89.6045888575867,99.28221121330463,108.83332897335089,118.26040750212789,127.56585075433475,136.75200617116894,145.821171320337,154.77560231821548,163.61752364415065,172.34913861917275,180.97263966557082,189.49021749847591,197.90406857747527,206.216400395874,214.429434444508,222.54540691215044,230.56656735294553,238.49517565762673,246.33349771530297,254.08380015787367,261.74834455271883,269.3293813634542,276.8291439431409,284.2498427668918,291.5936600563504,298.86274489983083,306.0592089307967,313.185122593782,320.2425120007615,327.23335636148664,334.15958595748833,341.02308062032773,347.8256686693138,354.56912626143355,361.25517710594727,367.88549249736093,374.4616916228281,380.9853421030432,387.457960729096,393.8810143613277,400.2559209598085,406.58405071946095,412.8667272863314,419.10522903421173,425.3007903840039,431.4546031504901,437.5678179035696,443.64154533299774,449.6768576074946
186.68341708542712,,,,,,,,,,,,,,,,,,,,,,,,,,,,,,,,,,,,,,,,,,,,,,,,,,,,,,,,,,,,,,,,,,,,,,,,,,,,,,,,,,,,,,,,,,,,,,,,,,,,,,,,,,,,,,,,,,,,,,,,,,,,,,,,,,,,,,,,,,,,,,,,9.41420015934924,20.200951678150425,30.838920417381345,41.33116355744513,51.680655090161274,61.89028862919166,71.96288010730404,81.90117036607576,91.70782764781721,101.3854500280174,110.93656792398097,120.36364700122407,129.66909198982535,138.855251960742,147.92442740506644,156.8788790645363,165.72083803566116,174.4525163620344,183.07611721422722,191.59384382773442,200.00790657020778,208.32052776871762,216.53394418574993,224.6504072491854,232.67218129814373,240.6015402008336,248.44076273997504,256.1921271584282,263.85790522546137,271.44035613473375,278.9417204879448,286.3642145602709,293.7100249897633,300.9813039852517,308.1801651074962,315.30867964616067,322.36887359041333,329.3627251727049,336.29216295248716,343.1590643984228,349.9652549229707,356.7125073213435,363.4025415669553,370.0370249170686,376.61757228492456,383.14574683779944,389.6230607839446,396.05097631500377,402.4309066740786,408.76421732306545,415.05222718628283,421.29620995016427,427.4973954018675,433.65697079194155,439.7760822085146,445.85583595243713,451.8972999045622
186.93467336683418,,,,,,,,,,,,,,,,,,,,,,,,,,,,,,,,,,,,,,,,,,,,,,,,,,,,,,,,,,,,,,,,,,,,,,,,,,,,,,,,,,,,,,,,,,,,,,,,,,,,,,,,,,,,,,,,,,,,,,,,,,,,,,,,,,,,,,,,,,,,,,,0.5787613499878879,11.51743894651839,22.30419046531953,32.94215920455066,43.43440234461427,53.78389387733054,63.99352741636109,74.06611889448489,84.00440915359898,93.81106643996984,103.48868885604286,113.03980693754275,122.4668867243751,131.77233386819321,140.95849930998267,150.02768680291504,158.98216213553792,167.82416349376453,176.55591212632245,185.17962240439454,193.6975104717503,202.11180090350445,210.4247310584226,218.6385530643224,226.7555335830102,234.77795164564336,242.7080949316685,250.5482548937281,258.30072112020287,265.967775289604,273.5516850185421,281.054697846483,288.47903554261813,295.8268888667045,303.100412869512,310.3017227798557,317.432890494547,324.4959416641294,331.49285335019556,338.4255522183245,345.2959132233263,352.1057587394821,358.8568580871342,365.5509274074955,372.1896298394609,378.77457595496475,385.30732441276245,391.789382794089,398.22220858735795,404.6072102926431,410.9457486201464,417.2391377602081,423.4886467051891,429.695500606538,435.8608821526495,441.9859329553883,448.071754935076,454.11941169546975
187.1859296482412,,,,,,,,,,,,,,,,,,,,,,,,,,,,,,,,,,,,,,,,,,,,,,,,,,,,,,,,,,,,,,,,,,,,,,,,,,,,,,,,,,,,,,,,,,,,,,,,,,,,,,,,,,,,,,,,,,,,,,,,,,,,,,,,,,,,,,,,,,,,,,,2.682000137157422,13.620677733687431,24.40742925248863,35.04539799171943,45.53764113178321,55.8871326644993,66.09676620353045,76.1693576816789,86.10764794140489,95.91430523507486,105.5919277028413,115.1430460344315,124.5701267303746,133.87557652868844,143.06174850213387,152.1309500248667,161.08545236862471,169.9275012879301,178.65932771731264,187.28315767081696,195.80122057192537,204.21575548203455,212.52901496712076,220.74326659175495,228.8607922258853,236.883885481817,244.8148476692513,252.6559826756809,260.40959116145075,268.07796441652675,275.66337817080966,283.1680865902722,290.5943166333552,297.944262889447,305.220082976246,312.4238935355859,319.5577668380347,326.62372798446086,333.62375267682364,340.5597655197222,347.43363880765315,354.2471917496383,361.0021900820095,367.7003460210785,374.3433185095842,380.93271371379114,387.4700857315549,393.95693747535404,400.39472169800996,406.78484213242746,413.128654720133,419.4274689067186,425.6825489850451,431.8951154700015,438.06634649087067,444.19737918958094,450.2893111150062,456.3432016051693
187.43718592964822,,,,,,,,,,,,,,,,,,,,,,,,,,,,,,,,,,,,,,,,,,,,,,,,,,,,,,,,,,,,,,,,,,,,,,,,,,,,,,,,,,,,,,,,,,,,,,,,,,,,,,,,,,,,,,,,,,,,,,,,,,,,,,,,,,,,,,,,,,,,,,,4.785238924326109,15.723916520856736,26.510668039657624,37.14863677888861,47.64087991895232,57.99037145166854,68.20000499070002,78.27259646889924,88.21088672968617,98.01754403462346,107.69516657572159,117.24628524041671,126.67336709034386,135.9788201341799,145.16499985981142,154.2342176407147,163.1887506816369,172.0308527900248,180.76276506312047,189.3867255884407,197.90497742303842,206.31977437221155,214.63338436210648,222.84809044342853,230.96618964837023,238.9899900422058,246.9218063698896,254.76395470804974,262.5187465080161,270.1884823688942,277.77544582218854,285.2818973491318,292.71006879430706,300.0621582875252,307.34032574215206,314.5466889623255,321.68332036363523,328.7522442910112,335.7554349027878,342.6948145801218,349.57225281518294,356.3895655288336,363.14851476814687,369.85080873541216,376.49810210269163,383.0919965691678,389.6340416220752,396.12573546576954,402.56852608723256,408.96381242989213,415.3129456512829,421.61723044289494,427.87792639390574,434.09624938287027,440.2733729839264,446.4104298761851,452.50851324682395,458.56867818006197
187.68844221105525,,,,,,,,,,,,,,,,,,,,,,,,,,,,,,,,,,,,,,,,,,,,,,,,,,,,,,,,,,,,,,,,,,,,,,,,,,,,,,,,,,,,,,,,,,,,,,,,,,,,,,,,,,,,,,,,,,,,,,,,,,,,,,,,,,,,,,,,,,,,,,,6.888477711495061,17.827155308025826,28.613906826826714,39.25187556605788,49.744118706121604,60.09361023883758,70.30324377787133,80.37583525616937,90.3141255187471,100.12078284073493,109.798405484337,119.34952458772985,128.7766078896369,138.08206487397385,147.2682537486383,156.337490283246,165.29205807720908,174.13421947843779,182.86622621823213,191.4903288750728,200.00878447486002,208.4238618027121,216.7378442752765,224.9530304570326,233.07173247694283,241.09627270846232,249.02897912351747,256.87217973224745,264.6281964892396,272.29933899650223,279.88789827393333,287.39614080721225,294.8263030259267,302.1805863142111,309.4611526137475,316.6701206446928,323.80956274363103,330.8815022981004,337.8879117435749,344.83071107992475,351.71176685936825,358.53289159582795,365.295843545691,372.0023268116093,378.65399172363897,385.2524354553526,391.7992028362314,398.29578732544417,404.74363211591344,411.14413134114307,417.4986313608839,423.808432104573,430.0747884547196,436.2989116548056,442.4819707286799,448.6250939005157,454.72937000619004,460.79584988858755
187.93969849246227,,,,,,,,,,,,,,,,,,,,,,,,,,,,,,,,,,,,,,,,,,,,,,,,,,,,,,,,,,,,,,,,,,,,,,,,,,,,,,,,,,,,,,,,,,,,,,,,,,,,,,,,,,,,,,,,,,,,,,,,,,,,,,,,,,,,,,,,,,,,,,,8.991716498664486,19.930394095194625,30.717145613995765,41.355114353226966,51.847357493290616,62.19684902600693,72.40648256504583,82.47907404353147,92.417364309054,102.22402165637094,111.90164444127211,121.45276411629396,130.8798492299228,140.1853109668021,149.3715105810066,158.44076865247825,167.3953756470902,176.2376029420861,184.96971336684385,193.5939703938127,202.11264533352843,210.52802216474456,218.84239990234553,227.05809263083356,235.1774274914672,243.20274100518233,251.13637415006332,258.98066660494396,266.7379505338622,274.41054423214706,282.0007458938414,289.5108276990845,296.9430303635973,304.299558243069,311.5825750442081,318.7942001614237,325.93650563302043,333.011513692505,340.02119487799854,346.96746665480975,353.8521925019154,360.6771814115732,367.44418775180566,374.15491144344736,380.81099840633556,387.4140412327194,393.96558004970956,400.4671035364683,406.9200500656359,413.32580894206023,419.6857217154797,426.0010835466491,432.27314460958286,438.50311151494907,444.6921487420203,450.84138006863776,456.9518899903899,463.0247251218147
188.19095477386935,,,,,,,,,,,,,,,,,,,,,,,,,,,,,,,,,,,,,,,,,,,,,,,,,,,,,,,,,,,,,,,,,,,,,,,,,,,,,,,,,,,,,,,,,,,,,,,,,,,,,,,,,,,,,,,,,,,,,,,,,,,,,,,,,,,,,,,,,,,,,,0.0011191418345737544,11.094955285833874,22.033632882364266,32.82038440116516,43.45835314039655,53.9505962804601,64.30008781317655,74.50972135222645,84.58231283105702,94.52060310130939,104.32726048560279,114.00488346274122,123.5560038751081,132.98309123144557,142.28855866397265,151.47477081994418,160.54405351991954,169.49870457640537,178.34100488428294,187.07322882601792,195.69765315524913,204.21656376267546,212.63226001208653,220.9470566018512,229.163283121762,237.28328162251648,245.3094025966352,253.2439997957504,261.08942429410115,268.8480181659326,276.5221080875271,284.11399911224345,291.6259688058944,299.0602618740105,306.4190853645958,313.7046044902942,320.9189390825973,328.064160667047,335.1422901312892,342.15529594631465,349.10509289412227,355.9935412514331,362.82244637810123,369.5935586597837,376.3085737566773,382.9691331132374,389.5768246874134,396.1331838617806,402.63969450285543,409.0977901386954,415.50885522845607,421.8742265011126,428.1951943434018,434.4730042201311,440.70885811237275,446.90391596135726,453.0592971079004,459.1760817189042,465.2553121940408
188.44221105527637,,,,,,,,,,,,,,,,,,,,,,,,,,,,,,,,,,,,,,,,,,,,,,,,,,,,,,,,,,,,,,,,,,,,,,,,,,,,,,,,,,,,,,,,,,,,,,,,,,,,,,,,,,,,,,,,,,,,,,,,,,,,,,,,,,,,,,,,,,,,,,2.104357929003777,13.19819407300276,24.136871669533065,34.92362318833449,45.56159192756576,56.05383506762898,66.40332660034522,76.61296013941984,86.68555161886401,96.62384189654561,106.43049933393938,116.10812256939538,125.65924392379408,135.08633403545582,144.39180825266888,153.57803498307263,162.64734573284224,171.60204614784178,180.44442712645716,189.17677504862078,197.8013803194238,206.32054368430875,214.73658006088678,223.0518198939471,231.26860824332903,239.38930194856516,247.41626528340035,255.35186452935076,263.1984618749915,270.95840900072403,278.63404064916625,286.2276684180436,293.7415749515852,301.178008651618,308.53917898294236,315.8272524093606,323.04434896694727,330.1925394588091,337.2738432397095,344.290226548414,351.24360133933766,358.13582456214675,364.9686978374734,371.7439674782117,378.46332480838925,385.12840673488654,391.7407965310514,398.30202479514367,404.8135705505168,411.2768624581877,417.6932801162495,424.0641554235895,430.39077398883023,436.6743765679367,442.9161605165293,449.11728124512166,455.2788536674776,461.40195363397936,467.4876193433859
188.6934673366834,,,,,,,,,,,,,,,,,,,,,,,,,,,,,,,,,,,,,,,,,,,,,,,,,,,,,,,,,,,,,,,,,,,,,,,,,,,,,,,,,,,,,,,,,,,,,,,,,,,,,,,,,,,,,,,,,,,,,,,,,,,,,,,,,,,,,,,,,,,,,,4.207596716172714,15.3014328601721,26.240110456702087,37.02686197550374,47.66483071473458,58.15707385479817,68.50656538751554,78.71619892663878,88.78879040714318,98.72708069625413,108.53373820873838,118.21136178726375,127.76248433430729,137.1895778068205,146.49506005939247,155.68130364664253,164.75064621855148,173.7054017457476,182.54787161171387,191.2803546260593,199.90515519755925,208.4245891794588,216.84098718924486,225.1566954590042,233.37407446338023,241.49549569306342,249.52333699892674,257.45997693838723,265.3077885262014,273.06913274067165,280.74635207440485,288.34176435482203,295.85765699918727,303.2962818151656,310.6598504127182,317.95053025645774,325.1704413592615,332.32165359696006,339.40618460920706,346.425998242091,353.3830034825958,360.2790538326827,367.1159470707918,373.8954253501925,380.6191755864214,387.28883008949674,393.90596740046266,400.4721132958021,406.98874192722576,413.45727706811897,419.87909344167196,426.25551810876306,432.5878318970069,438.8772708549274,445.12502771772546,451.33225337327747,457.5000583189165,463.6295141012086,469.72165473239914
188.94472361809045,,,,,,,,,,,,,,,,,,,,,,,,,,,,,,,,,,,,,,,,,,,,,,,,,,,,,,,,,,,,,,,,,,,,,,,,,,,,,,,,,,,,,,,,,,,,,,,,,,,,,,,,,,,,,,,,,,,,,,,,,,,,,,,,,,,,,,,,,,,,,,6.310835503341982,17.404671647341043,28.343349243871586,39.130100762672676,49.7680695019037,60.26031264196747,70.60980417468636,80.81943771390623,90.8920291961938,100.83031950254764,110.63697711968636,120.31460114881946,129.86572519281634,139.29282273679704,148.598314453531,157.78457744962574,166.85395598862272,175.80877286012148,184.65134040821965,193.3839702907971,202.00898125354618,210.52870448858465,218.94548643656663,227.26168913601833,235.47968840169887,243.60187022139132,251.63062580601323,259.56834572530613,267.4174135256301,275.1801991713263,282.8590525874021,290.4562975169901,297.9742258471846,305.41509250430613,312.78111097588436,320.0744494815116,327.2972277878607,334.4515146434857,341.5393257954721,348.5626225413878,355.52331076530226,362.42324040491144,369.2642052972694,376.04794335261533,382.7761370088195,389.4504139225772,396.0723478574621,402.64345973297185,409.16521880269937,415.6390439335324,422.06630496148637,428.4483241028338,434.78637740244915,441.08169620381216,447.33546862759346,453.54884104784196,459.72291955669056,465.85877141010945,471.9574264486597
189.19597989949747,,,,,,,,,,,,,,,,,,,,,,,,,,,,,,,,,,,,,,,,,,,,,,,,,,,,,,,,,,,,,,,,,,,,,,,,,,,,,,,,,,,,,,,,,,,,,,,,,,,,,,,,,,,,,,,,,,,,,,,,,,,,,,,,,,,,,,,,,,,,,,8.414074290510825,19.50791043451025,30.44658803104063,41.23333954984188,51.871308289072886,62.36355142913636,72.71304296186044,82.92267650126212,92.99526798647452,102.93355831837016,112.74021607938302,122.41784069419644,131.96896660175062,141.39606904597136,150.70157185104526,159.88785709785034,168.95727614310343,177.91216109048182,186.7548357124013,195.48762491864792,204.11286210519478,212.63289401174595,221.05008300271217,229.36680692084033,237.58545682746427,245.70843303771696,253.7381398932284,261.6769797036122,269.52734624649077,277.2916181573393,284.9721524752034,292.5712785460125,300.0912924259481,307.5344518762892,314.9029719987217,322.199021526592,329.42471976216655,336.582134131564,343.6732783165903,350.70011091500766,357.6645345768003,364.56839556285433,371.4134836733508,378.2015324954822,384.9342199233403,391.6131689065995,398.2399483886607,404.8160743990211,411.3430112686153,417.8221729406665,424.2549243532279,430.64258287266654,436.9864197604981,443.28766165851954,449.54749207958,455.7670528934071,461.947445798756,468.0897337747122,474.1949425053861
189.4472361809045,,,,,,,,,,,,,,,,,,,,,,,,,,,,,,,,,,,,,,,,,,,,,,,,,,,,,,,,,,,,,,,,,,,,,,,,,,,,,,,,,,,,,,,,,,,,,,,,,,,,,,,,,,,,,,,,,,,,,,,,,,,,,,,,,,,,,,,,,,,,,,10.517313077680218,21.61114922167928,32.54982681820972,43.336578337010785,53.97454707624188,64.46679021630557,74.81628174903992,85.02591528877548,95.0985067786734,105.03679714775859,114.84345510402605,124.5210804725501,134.0722086820256,143.49931698734923,152.80483271825437,161.99114336815916,171.06060787465015,180.01556814960108,188.85835985196434,197.59132153084477,206.2168015252478,214.73716230855004,223.15478224693803,231.47205496423325,239.6913866565786,247.8151917817572,255.8458875712716,263.78588779398785,271.63759615332,279.40339963846645,287.0856620838545,294.6867181266927,302.20886769424663,309.6543711027348,317.0254448088902,324.32425782326425,331.5529287703493,338.7135235635033,345.80805365126093,352.83847478480305,359.80668625310545,366.71453053165027,373.5637932918946,380.35620372127863,387.0934351070008,393.77710564070287,400.4087794053146,406.98996750945065,413.52212933870004,420.0066738971269,426.4449612154666,432.8383038061231,439.1879681477161,445.4951761846451,451.7611068294366,457.98689745767376,464.173645387116,470.3224093341451,476.43421084204226
189.69849246231152,,,,,,,,,,,,,,,,,,,,,,,,,,,,,,,,,,,,,,,,,,,,,,,,,,,,,,,,,,,,,,,,,,,,,,,,,,,,,,,,,,,,,,,,,,,,,,,,,,,,,,,,,,,,,,,,,,,,,,,,,,,,,,,,,,,,,,,,,,,,,1.3682323473645948,12.62055186484904,23.714388008848264,34.65306560537879,45.43981712417994,56.07778586341119,66.57002900347496,76.91952053623216,87.12915407655957,97.20174557380045,107.14003599616562,116.94669421420113,126.62432054357718,136.17545157543188,145.6025668495921,154.90809757570815,164.09443711257632,173.1639524725918,182.11899586709117,190.96191528869957,199.6950632958794,208.32080344216217,216.84151409787538,225.25958968663983,233.5774395697683,241.79748494886937,249.9221542254555,257.95387726929005,265.8950790203967,273.74817279799674,281.51555362563647,289.19959181456824,296.802626983527,304.32696263583597,311.7748613664862,319.14854073257,326.4501697900238,333.68186627705535,340.8456944087626,347.94366323709187,354.9777255243296,361.9497770757042,368.8616564765827,375.71514518140594,382.51196790439474,389.25379326566537,395.9422346504375,402.57885124320006,409.1651492028566,415.7025829488352,422.192556532088,428.63642506808264,435.0354962124106,441.39103166229523,447.704248669913,453.9763215557251,460.20838321198727,466.4015265883855,472.556806153225,478.675239324946
189.9497487437186,,,,,,,,,,,,,,,,,,,,,,,,,,,,,,,,,,,,,,,,,,,,,,,,,,,,,,,,,,,,,,,,,,,,,,,,,,,,,,,,,,,,,,,,,,,,,,,,,,,,,,,,,,,,,,,,,,,,,,,,,,,,,,,,,,,,,,,,,,,,,3.471471134534145,14.723790652018685,25.817626796017972,36.75630439254817,47.54305591134952,58.18102465058045,68.67326779064484,79.02275932344791,89.23239286479749,99.30498437331119,109.24327487085732,119.04993343580425,128.72756097919418,138.27869544719235,147.705818960391,157.01136700213084,166.1977392624612,175.2673113269019,184.22244619283296,193.0655046210887,201.79885353111388,210.4248719406533,218.94595425737583,227.36451099591227,235.68296719156618,243.90375890518035,252.02932826958434,260.06211753115304,268.00456250617617,275.85908581578593,283.6280901970302,291.3139521199506,298.91901587712385,306.4455882561195,313.8959338585458,321.2722710916809,328.5767688298136,335.8115437212207,342.97865810204274,350.0801184689657,357.11787445746916,364.09381827041807,371.0097845021593,377.8675503053175,384.6688358505931,391.4153050336812,398.1085663875427,404.75017416252706,411.34162954101186,417.8843819571862,424.37983049651046,430.8293253525652,437.234169322445,443.59561932447474,449.91488792464065,456.193144860323,462.43151855188256,468.6310975943647,474.79293222305216,480.91803574788173
190.20100502512562,,,,,,,,,,,,,,,,,,,,,,,,,,,,,,,,,,,,,,,,,,,,,,,,,,,,,,,,,,,,,,,,,,,,,,,,,,,,,,,,,,,,,,,,,,,,,,,,,,,,,,,,,,,,,,,,,,,,,,,,,,,,,,,,,,,,,,,,,,,,,5.574709921703022,16.82702943918746,27.920865583186867,38.859543179717456,49.646294698518616,60.284263437749395,70.77650657781588,81.12599811070781,91.3356316537743,101.40822317926359,111.34651378138243,121.15317280108776,130.83080186537867,140.38194048868306,149.8090736899583,159.11464163841615,168.301050832635,177.3706859320617,186.32592120023176,195.16913058669618,203.9026957041561,212.52901126201317,221.05048782277834,229.46955200392009,237.78864443189778,246.0102158643529,254.13672194027765,262.17061701169393,270.1143474701324,277.97034492139926,285.7410194942147,293.42875350028226,301.0358956006956,308.5647555788897,316.01759977508937,323.3966472011891,330.70406632762183,337.94197251395536,345.1124260414567,352.2174306974747,359.2589328571172,366.23882100632073,373.1589256512502,380.02101956132447,386.82681829651824,393.5779809735471,400.27611122976003,406.92275834787716,413.5194185088812,420.0675361443528,426.56850536337396,433.02367143232135,439.4343322892233,445.80174007697207,452.1271026822172,458.4115852689408,464.65631179762715,470.8623665226084,477.0307954616022,483.1626078327083
190.45226130653265,,,,,,,,,,,,,,,,,,,,,,,,,,,,,,,,,,,,,,,,,,,,,,,,,,,,,,,,,,,,,,,,,,,,,,,,,,,,,,,,,,,,,,,,,,,,,,,,,,,,,,,,,,,,,,,,,,,,,,,,,,,,,,,,,,,,,,,,,,,,,7.677948708872349,18.930268226356763,30.024104370355836,40.96278196688659,51.74953348568775,62.38750222491872,72.87974536498893,83.22923689805057,93.43887044392888,103.51146199452187,113.44975274014264,123.25641234984515,132.93404330417707,142.48518692031126,151.91233145463397,161.21792219166352,170.40437292546562,179.47407789080847,188.42942308929108,197.2727960643482,206.00659343401296,214.63322580420743,223.1551199869757,231.57471869311024,239.8944780386491,248.11686330011682,256.24434338551123,264.279384472933,272.2244432226361,280.08195990509387,287.85435171833245,295.54400649986735,303.15327697662553,310.68447564314846,318.13987031456537,325.521680366496,332.83207364816275,340.0731640365123,347.2470095867735,354.3556112274293,361.4009119439361,368.384796394724,375.30909090427826,382.1755637807662,388.9859259092515,395.74183157562334,402.4448794806856,409.0966139081857,415.69852601471035,422.25205521354457,428.7585906279413,435.2194725930057,441.635994188217,448.0094027854254,454.3409015995882,460.6316512316431,466.88277119477914,473.0953414170071,479.27040371432355,485.4089632299727
190.70351758793967,,,,,,,,,,,,,,,,,,,,,,,,,,,,,,,,,,,,,,,,,,,,,,,,,,,,,,,,,,,,,,,,,,,,,,,,,,,,,,,,,,,,,,,,,,,,,,,,,,,,,,,,,,,,,,,,,,,,,,,,,,,,,,,,,,,,,,,,,,,,,9.781187496041104,21.033507013525725,32.12734315752501,43.06602075405562,53.85277227285686,64.49074101208772,74.98298415216776,85.3324756855391,95.54210923591728,105.6147008230077,115.55299176305438,125.35965213074424,135.03728541587927,144.58843499453698,154.0155927205842,163.3212094392332,172.50770673489006,181.57748891774182,190.53295418951035,199.37650407608842,208.11055049200775,216.7375201217462,225.25985609892436,233.6800171972472,242.00047490265803,250.2237088178908,258.3522008715258,266.3884287802727,274.3348591617335,282.1939406287856,289.96809712633024,297.6597217034436,305.27117085310147,312.8047595000034,320.2627566748731,327.6473818809051,334.9608021336349,342.20512963832977,349.38242005773304,356.49467131642996,363.5438228851689,370.531755488212,377.46029117846075,384.33119372805425,391.14616928590635,397.90686725787833,404.6148813696436,411.2717508767029,417.87896189012775,424.43794879077205,430.95009570802307,437.4167380428592,443.8391640177682,450.2186162388415,456.556293257749,462.85335112337697,469.11090491473726,475.3300302483617,481.5117647547351,487.65710951952025
190.9547738693467,,,,,,,,,,,,,,,,,,,,,,,,,,,,,,,,,,,,,,,,,,,,,,,,,,,,,,,,,,,,,,,,,,,,,,,,,,,,,,,,,,,,,,,,,,,,,,,,,,,,,,,,,,,,,,,,,,,,,,,,,,,,,,,,,,,,,,,,,,,,0.47020288777638647,11.884426283210463,23.13674580069497,34.230581944694364,45.16925954122466,55.9560110600257,66.59397979925731,77.0862229393569,87.43571447327906,97.64534803070312,107.71793967001263,117.65623087032063,127.46289220280617,137.1405283413535,146.69168499904126,156.11885800758466,165.42450423280516,174.611053550358,183.68092084279394,192.63651696257273,201.48025778891167,210.2145708024723,218.84189892534738,227.36470166235446,235.78545379930742,244.10664205494214,252.33076015150647,260.4603027792119,268.49775889869215,276.4456047692667,284.30629702223155,292.0822660272499,299.7759097326575,307.3895881008294,314.92561820964505,322.3862700506198,329.7737630231703,337.0902631015566,344.3378806351478,351.51866873243176,358.6346221735075,365.68767679351606,372.67970927973624,379.6125373271035,386.4879201001448,393.307558953266,400.07309836566856,406.7861270516019,413.4481792110739,420.0607358902719,426.625226425063,433.1430299442736,439.6154769130682,446.043850699504,452.42938915005595,458.7732861622404,465.07669324450114,471.3407210553056,477.56644091496935,483.7548862850222,489.9070542111036
191.20603015075378,,,,,,,,,,,,,,,,,,,,,,,,,,,,,,,,,,,,,,,,,,,,,,,,,,,,,,,,,,,,,,,,,,,,,,,,,,,,,,,,,,,,,,,,,,,,,,,,,,,,,,,,,,,,,,,,,,,,,,,,,,,,,,,,,,,,,,,,,,,,2.5734416749458853,13.987665070379858,25.239984587864097,36.333820731863646,47.27249832839406,58.059249847195254,68.69721858642716,79.18946172656716,89.53895326143939,99.74858682967246,109.82117854257753,119.75947008732389,129.56613263704463,139.24377224454707,148.79493726001803,158.2221278928688,167.5278075024257,176.71441476068938,185.78437561453387,194.74011400484,203.5840605162785,212.31865844321806,220.94636708138827,229.4696623342985,237.89103492921802,246.21298666381176,254.4380251598603,262.5686576004582,270.60738388893157,278.5566896070215,286.419039079221,294.19686877857146,301.8925812426101,309.5085396098183,317.0470628384024,324.51042163046424,331.9008350551255,339.22046784268287,346.47142830720117,353.6557668457789,360.77547495782517,367.8324847260682,374.8286687017611,381.76584013893813,388.64575352605425,395.47010536745375,402.240535171555,408.9586266071117,415.6259087933535,422.2438576939385,428.8138975886931,435.3374026004946,441.8156982581308,448.2500630787575,454.64173015620185,460.9918887436592,467.3016858213267,473.57222764125146,479.8045812432021,485.9997759366389,492.1588047449978
191.4572864321608,,,,,,,,,,,,,,,,,,,,,,,,,,,,,,,,,,,,,,,,,,,,,,,,,,,,,,,,,,,,,,,,,,,,,,,,,,,,,,,,,,,,,,,,,,,,,,,,,,,,,,,,,,,,,,,,,,,,,,,,,,,,,,,,,,,,,,,,,,,,4.676680462115074,16.090903857548735,27.343223375033407,38.43705951903301,49.3757371155631,60.162488634364514,70.80045737359742,81.29270051381715,91.64219205028563,101.85182563478587,111.92441744995004,121.86270944563945,131.66937351825652,141.34701731513906,150.89819214558577,160.32540301502524,169.63112026052525,178.81779185782025,187.88785530331435,196.84374804963934,205.68791571939911,214.42281764578186,223.05092961115474,231.57474392344966,239.99676716146635,248.3195160318902,256.54551182350934,264.6772739344718,272.7173129036768,280.66812331289674,288.5321768538282,296.31191578261684,304.00974691846926,311.62803628624323,319.16910445587604,326.6352225945304,334.0286092193908,341.3514276189918,348.6057838974797,355.7937255880177,362.9172407774455,369.9782576832977,376.97864462546306,383.92021033751286,390.80470456641854,397.63381891364867,404.4091878751515,411.13239004228205,417.80494943009023,424.42833690374806,431.00397167743733,437.5332228639548,444.017411056237,450.4578099249997,456.8556478191826,463.21210935816447,469.5283370066555,475.8054326248733,482.04445898809234,488.24644127090335,494.4123684926053
191.70854271356782,,,,,,,,,,,,,,,,,,,,,,,,,,,,,,,,,,,,,,,,,,,,,,,,,,,,,,,,,,,,,,,,,,,,,,,,,,,,,,,,,,,,,,,,,,,,,,,,,,,,,,,,,,,,,,,,,,,,,,,,,,,,,,,,,,,,,,,,,,,,6.779919249283999,18.194142644717772,29.446462162202646,40.54029830620184,51.478975902732536,62.265727421533356,72.90369616077012,83.39593930114039,93.74543084022474,103.95506444876847,114.02765640412744,123.96594898418809,133.77261494698055,143.4502637713494,153.0014500693077,162.42868407793415,171.734443605892,180.92118644043802,189.99136210423234,198.94742196933836,207.7918270083032,216.52705279545893,225.15559168990072,233.6799523883571,242.10265721258276,250.4262375930416,258.65322824120767,266.78616048407827,274.8275551837549,282.7799155970966,290.6457204567127,298.427417483017,306.1274174721554,313.74808904938226,321.29175413215444,328.7606841119111,336.1570967371555,343.48315366175166,350.7409586100653,357.93255610331454,365.05993068815815,372.12500660810895,379.1296478599818,386.0756585806248,392.9647837130946,399.7987099058311,406.5790666030025,413.30742728874606,419.98531085242695,426.6141830463391,433.19545801083797,439.73049984572594,446.2206242096635,452.66709993228255,459.07115062615793,465.43395628799937,471.7566548803274,478.0403438865676,484.28608183391987,490.4948897795982,496.66775275706743
191.95979899497488,,,,,,,,,,,,,,,,,,,,,,,,,,,,,,,,,,,,,,,,,,,,,,,,,,,,,,,,,,,,,,,,,,,,,,,,,,,,,,,,,,,,,,,,,,,,,,,,,,,,,,,,,,,,,,,,,,,,,,,,,,,,,,,,,,,,,,,,,,,,8.883158036453326,20.297381431887057,31.54970094937159,42.64353709337122,53.5822146899016,64.36896620870255,75.00693494794703,85.49917808859391,95.84866963186624,106.058303275353,116.13089542049701,126.06918875052395,135.8758570416105,145.5535118628868,155.10471149379993,164.53197185471893,173.8377787275839,183.0246002174769,192.09489833991975,201.0511387772094,209.89579814267998,218.63136843112432,227.260358645714,235.7852938354649,244.20871193849953,252.5331589092198,260.76118262640176,268.8953260520081,276.9381200543415,284.8920762383811,292.75968005146433,300.54338436123874,308.2456036390973,315.8687088286345,323.4150229351034,330.8868173382432,338.28630880604265,345.61565716965816,352.8769636085326,360.0722694884144,367.2035556923663,374.2727423849375,381.28168915171705,388.2321954597981,395.12600138879304,401.9647885865644,408.75018140849585,415.48374820373607,422.16700271622244,428.801405572574,435.3883658324862,441.929242581032,448.42534654517664,454.8779417196881,461.28824699003155,467.6574377420094,473.98664744976736,480.276969235399,486.52945739479753,492.74512888557075,498.92496477387164
192.2110552763819,,,,,,,,,,,,,,,,,,,,,,,,,,,,,,,,,,,,,,,,,,,,,,,,,,,,,,,,,,,,,,,,,,,,,,,,,,,,,,,,,,,,,,,,,,,,,,,,,,,,,,,,,,,,,,,,,,,,,,,,,,,,,,,,,,,,,,,,,,,,10.98639682362239,22.40062021905617,33.652939736540844,44.74677588054022,55.68545347707063,66.47220499587196,77.11017373513306,87.60241687627236,97.95190842610572,108.16154211957148,118.23413451857695,128.17242880226993,137.9790999406694,147.65676187403497,157.2079769344199,166.63526719170207,175.9411269087634,185.128035011477,194.1984664631311,203.15490162907597,211.99983303250335,220.7357692448461,229.36523595820776,237.89077451700558,246.31493833180662,254.64028766724465,262.86938330368275,271.00477953717353,279.04901692118295,287.0046150803281,294.87406585100985,302.65982693317983,310.3643161750592,317.9899065606078,325.5389219277379,333.01363341335974,340.4162565980404,347.748949307044,355.01381001442024,362.2128767913537,369.3481267380291,376.42147583890556,383.43477918367665,390.38983149980214,397.28836794675937,404.1320651268121,410.922542271801,417.66136257009373,424.3500346021955,430.9900138577662,437.5827043103245,444.1294600296089,450.63158681444514,457.09034383178687,463.5069452499457,469.88256185617166,476.21832265053723,482.5153164096716,488.7745932152565,494.9971659433291,501.1840117114564
192.46231155778892,,,,,,,,,,,,,,,,,,,,,,,,,,,,,,,,,,,,,,,,,,,,,,,,,,,,,,,,,,,,,,,,,,,,,,,,,,,,,,,,,,,,,,,,,,,,,,,,,,,,,,,,,,,,,,,,,,,,,,,,,,,,,,,,,,,,,,,,,,,1.509988687887176,13.089635610791403,24.503859006225174,35.75617852370997,46.850014667709125,57.78869226423957,68.57544378304121,79.21341252233654,89.70565566432668,100.05514722423125,110.26478098812098,120.33737372287463,130.27566920870393,140.08234380523692,149.7600141268618,159.3112469630178,168.7385710123452,178.0444895304472,187.23149276178654,196.30206905914199,205.25871382474259,214.10393573844036,222.84026008130107,231.47022925703547,239.99640082875612,248.42134351890178,256.74763167551066,264.97783870521465,273.114529930944,281.16025526684354,289.11754202764814,296.9888881140689,304.77675574582906,312.4835658530452,320.11169318628873,327.6634621656685,335.1411434590241,342.5469512575165,349.8830412021579,357.15150890576854,364.3543890102395,371.4936547176659,378.571217735028,385.58892857486836,392.54857715821527,399.45189367048425,406.3005496257829,413.09615909984285,419.8402800963524,426.53441601608915,433.1800172019264,439.7784825369582,446.33116107607776,452.83935369446533,459.30431473910494,465.72725367178606,472.109336694124,478.4516883468899,484.75539307750165,491.0214967708349,497.2510082396396,503.444900671818
192.71356783919595,,,,,,,,,,,,,,,,,,,,,,,,,,,,,,,,,,,,,,,,,,,,,,,,,,,,,,,,,,,,,,,,,,,,,,,,,,,,,,,,,,,,,,,,,,,,,,,,,,,,,,,,,,,,,,,,,,,,,,,,,,,,,,,,,,,,,,,,,,,3.613227475055983,15.192874397960427,26.607097793394267,37.859417310878996,48.95325345487846,59.89193105140871,70.67868257021154,81.31665130957414,91.80889445299728,102.15838602806761,112.3680198897948,122.44061306386318,132.3789100524941,142.18558882153567,151.86326898454405,161.4145222117398,170.84188432116417,180.14786807514673,189.33497552760528,198.40570884794639,207.36257880921087,216.20811047204424,224.9448459369948,233.57534432024443,242.10217930766285,250.52793475705258,258.8551988606428,267.08655736712956,275.2245863134264,283.27184464698036,291.2308670425477,299.10415714167306,306.8941813739949,314.6033634602728,322.2340796482889,329.788654694628,337.2693585767346,344.6784038992989,352.01794394551524,359.29007131571893,366.49681709208755,373.64015046740786,380.7219787774682,387.74414787973546,394.7084428250226,401.6165887734505,408.470252110812,415.2710417262615,422.020510416834,428.720156388855,435.3714248300224,441.9757095299824,448.5343545303289,455.04865578799144,461.51986283859554,467.94918044868547,474.33777024769836,480.6867523323261,486.9972068373905,493.2701754686633,499.50666299412495,505.7076386911112
192.96482412060303,,,,,,,,,,,,,,,,,,,,,,,,,,,,,,,,,,,,,,,,,,,,,,,,,,,,,,,,,,,,,,,,,,,,,,,,,,,,,,,,,,,,,,,,,,,,,,,,,,,,,,,,,,,,,,,,,,,,,,,,,,,,,,,,,,,,,,,,,,,5.7164662622254525,17.29611318512975,28.710336580563695,39.962656098048484,51.05649224204778,61.99516983857798,72.7819213573837,83.41989009687471,93.91213324265077,104.2616248401521,114.47125883600167,124.54385257908689,134.48215143159487,144.2888352036555,153.9665268547933,163.5178033768569,172.94520820759624,182.2512641303974,191.43848549084993,200.5093886862466,209.46650017367642,218.3123615957433,227.04953195929676,235.68058707247155,244.20811662935012,252.63471943137068,260.9629972641028,269.1955479259132,277.3349578497548,285.3837946866398,293.3446001411343,301.21988327374453,309.0121144171037,316.72371979522507,324.3570768881648,331.9145105480718,339.3982898456074,346.81062560683193,354.15366858831584,361.42950823118,368.6401719317149,375.78762476610916,382.8737696088389,389.90044758763867,396.8694388222575,403.7824633989165,410.6411825372659,417.447199911488,424.20206309176433,430.9072650768564,437.5642458922559,444.174394232325,450.73904912792017,457.25950162397976,463.73699645412046,470.1727337015367,476.5678704374616,482.9235223301518,489.2407652188,495.5206366480539,501.76413735985847,507.9722327402514
193.21608040201005,,,,,,,,,,,,,,,,,,,,,,,,,,,,,,,,,,,,,,,,,,,,,,,,,,,,,,,,,,,,,,,,,,,,,,,,,,,,,,,,,,,,,,,,,,,,,,,,,,,,,,,,,,,,,,,,,,,,,,,,,,,,,,,,,,,,,,,,,,,7.819705049394494,19.399351972298735,30.813575367733,42.06589488521778,53.15973102921678,64.09840862574741,74.88516014455902,85.52312888428658,96.01537203383685,106.36486366396062,116.57449784137098,126.64709231440114,136.58539346129115,146.39208319642083,156.06978819337203,165.62109122261975,175.04854384980746,184.3546793921551,193.54202495885116,202.61311156923952,211.57048165631326,220.41669362261985,229.15432344529336,237.78596358299134,246.31421960551197,254.74170505171267,263.0710350387498,271.3048191147733,279.4456537863896,287.4961150766096,295.45875138987515,303.33607688573534,311.1305654960664,318.84464566477067,326.48069584381557,334.04104074485554,341.52794832033027,348.9436274304,356.2902261409231,363.5698305915529,370.7844643706932,377.9360883345051,385.02660080955434,392.0578381223766,399.03157540367624,405.9495276197269,412.8133507884799,419.6246433427471,426.38494760741224,433.09575136208775,439.7584894643551,446.37454551259725,452.94525353047516,459.4718996580335,465.9557238369337,472.3979214795069,478.79964511325153,485.1620059940392,491.4860756827267,497.7728875810833,504.02343842395777,510.23868972551213
193.46733668341707,,,,,,,,,,,,,,,,,,,,,,,,,,,,,,,,,,,,,,,,,,,,,,,,,,,,,,,,,,,,,,,,,,,,,,,,,,,,,,,,,,,,,,,,,,,,,,,,,,,,,,,,,,,,,,,,,,,,,,,,,,,,,,,,,,,,,,,,,,,9.922943836563807,21.50259075946785,32.91681415490188,44.16913367238685,55.26296981638601,66.20164741291678,76.98839893174153,87.62636767189194,98.11861082736667,108.46810250418537,118.6777369244626,128.75033232535364,138.6886362764013,148.49533307839198,158.17305350768447,167.7243865851119,177.15189251842895,186.45811566805872,195.64559636685635,204.71688063219278,213.67452714284624,222.52111121599887,231.25922584046984,239.891480063626,248.4204951812022,256.8488992495131,265.17932044537184,273.4143797600057,281.5566834474436,289.6088155697878,297.57333090211046,305.45274838533385,313.2495452502182,320.96615188136917,328.6049474469571,336.16825628698757,343.65834502919137,351.0774203854237,358.4276275714172,365.71104928751777,372.92970519635827,380.0855518344232,387.18048289722424,394.21632984174875,401.1948627544709,408.1177914381628,414.9867666757317,421.80338163413916,428.5691733762506,435.2856244524148,441.95416454788136,448.5761721654614,455.15297632610515,461.68585827286347,468.17605316617414,474.6247517605605,481.0331020547224,487.4022109085861,493.73314562227915,500.02693547318023,506.28457320817665,512.5070164891226
193.7185929648241,,,,,,,,,,,,,,,,,,,,,,,,,,,,,,,,,,,,,,,,,,,,,,,,,,,,,,,,,,,,,,,,,,,,,,,,,,,,,,,,,,,,,,,,,,,,,,,,,,,,,,,,,,,,,,,,,,,,,,,,,,,,,,,,,,,,,,,,,,0.2774897603484492,12.026182623732987,23.60582954663708,35.02005294207124,46.27237245955574,57.366208603555215,68.30488620008562,79.09163771893805,89.7296064598223,100.22184962440849,110.57134136707309,120.78097610858316,130.85357267871046,140.79188003363018,150.59858516498173,160.27632336043214,169.82769037608873,179.25525558020297,188.5615748805395,197.74920228034836,206.82069915180938,215.77864066691208,224.62561918883546,233.36424473722658,241.99714286652312,250.52695043203235,258.9563097745567,267.2878618491858,275.52423877736106,283.66805623102874,291.7219059776049,299.6883488346212,307.5699082092341,315.36906433432887,323.08824926033924,330.72984262066984,338.2961681574538,345.7894909721782,353.21201545082016,360.56588380420294,367.85317515987816,375.07590514086615,382.2360258680419,389.33542632609306,396.37593303715545,403.35931099101606,410.28726478581314,417.16143993819395,423.9834243267273,430.7547497371314,437.4768934818286,444.15128007054903,450.77928291200465,457.36222602982906,463.90138577875,470.3979925493617,476.8532324519799,483.26824897189215,489.64414458988176,495.9819823632493,502.2827874637091,508.5475486694982,514.7772198098603
193.96984924623115,,,,,,,,,,,,,,,,,,,,,,,,,,,,,,,,,,,,,,,,,,,,,,,,,,,,,,,,,,,,,,,,,,,,,,,,,,,,,,,,,,,,,,,,,,,,,,,,,,,,,,,,,,,,,,,,,,,,,,,,,,,,,,,,,,,,,,,,,,2.3807285475175584,14.129421410901902,25.709068333805988,37.123291729240364,48.37561124672491,59.46944739072445,70.40812498725552,81.19487650616244,91.8328452482864,102.32508842661996,112.67458026083166,122.8842154227146,132.95681345412532,142.89512491406825,152.70183981168842,162.37959837331238,171.9310035867906,181.3586345015296,190.66505906977565,199.85284539716395,208.9245705473863,217.88282641021848,226.73022250292178,235.46938587323737,244.10295848180633,252.63359256127546,261.0639444916969,269.39666771631767,277.634405168413,285.7797816056156,293.83539616648926,301.8038153842532,309.6875668199729,317.48913341568397,325.21094861720945,332.8553922770222,340.4247873181189,347.9213971191447,355.34742356743243,362.7050057186837,369.99621899846255,377.2230748803099,384.38752097719635,391.4914414865208,398.536657933237,405.524930160646,412.4579575234825,419.3373802430063,426.1647808886507,432.94168595548484,439.66956751071274,446.3498448865568,452.98388640012473,459.5730110840045,466.1184904140104,472.6215500228986,479.0833713908927,485.5050935056841,491.88781448606574,498.2325931646911,504.54045062655405,510.8123717007194,517.049306403645
194.22110552763817,,,,,,,,,,,,,,,,,,,,,,,,,,,,,,,,,,,,,,,,,,,,,,,,,,,,,,,,,,,,,,,,,,,,,,,,,,,,,,,,,,,,,,,,,,,,,,,,,,,,,,,,,,,,,,,,,,,,,,,,,,,,,,,,,,,,,,,,,,4.483967334686479,16.232660198071024,27.81230712097519,39.226530516409454,50.47885003389394,61.57268617789333,72.5113637744266,83.29811529343789,93.93608403760567,104.42832723631001,114.77781919612016,124.98745490257011,135.06005474596557,144.99837112583424,154.80509741742512,164.48287923075307,174.03432729171058,183.4620308519006,192.7685703964749,201.9565285494187,211.0284983817599,219.98708870249823,228.8349262679113,237.57465512965942,246.2089335351209,254.7404288968974,263.1718113775308,271.50574661026656,279.74488801694224,287.8918691064597,295.9492960543785,303.9197407846044,311.80573470283286,319.6097631712399,327.3342607651386,334.98160731476844,342.55412470769426,350.0540744080517,357.483655636522,364.84500414799487,372.14019154108263,379.3712250338807,386.5400476427299,393.64853870450366,400.6985146875483,407.6917302414686,414.62987944111995,421.5145971852746,428.3474607152585,435.1299912235318,441.863655526131,448.54986777693296,455.18999120492873,461.78533985876805,468.337180345478,474.84673355257405,481.3151763448028,487.7436432284803,494.1332279778928,500.4849852194917,506.7999319706982,513.0790491310405,519.3232829241224
194.4723618090452,,,,,,,,,,,,,,,,,,,,,,,,,,,,,,,,,,,,,,,,,,,,,,,,,,,,,,,,,,,,,,,,,,,,,,,,,,,,,,,,,,,,,,,,,,,,,,,,,,,,,,,,,,,,,,,,,,,,,,,,,,,,,,,,,,,,,,,,,,6.587206121855818,18.335898985240053,29.915545908144402,41.32976930357839,52.58208882106326,63.6759249650624,74.61460256160058,85.40135408080516,96.0393228282634,106.53156605664641,116.881058186616,127.09069459177803,137.16329666528065,147.10161890685225,156.9083584279389,166.5861666836634,176.13766265230728,185.56544630720697,194.87211114449465,204.06025470523014,213.1324863620474,222.09143202126913,230.93973574017227,239.68005852919907,248.3150747850613,256.8474668885136,265.2799185170356,273.61510718836007,281.85569648533203,290.00432833202746,298.0636156072834,306.0361353027696,313.9244223628174,321.7309642848502,329.4581965124131,337.10849861711733,344.68419123978356,352.1875337432703,359.6207225183239,366.9858898777975,374.28510347254365,381.5203661630815,388.69361628388924,395.8067282412373,402.8615133902698,409.8597211422071,416.8030402577835,423.6931002881458,430.53147312926023,437.3196746605158,444.0591664421242,450.75135744989325,457.3976058291356,463.99922065248387,470.5574636689798,477.0735510340738,483.5486550121198,489.98390564466916,496.38039237929826,502.7391656549476,509.0612384408076,515.3475877266483,521.5991559632554
194.72361809045225,,,,,,,,,,,,,,,,,,,,,,,,,,,,,,,,,,,,,,,,,,,,,,,,,,,,,,,,,,,,,,,,,,,,,,,,,,,,,,,,,,,,,,,,,,,,,,,,,,,,,,,,,,,,,,,,,,,,,,,,,,,,,,,,,,,,,,,,,,8.690444909025192,20.439137772409488,32.01878469531377,43.43300809074805,54.685327608232356,65.77916375223191,76.71784134878001,87.50459286833252,98.14256162097374,108.63480489191475,118.98429724968348,129.19393454320016,139.26653934192424,149.20486852775784,159.01162333930344,168.68946155318952,178.2410109206427,187.66888265291624,196.97568372327024,206.16402697023614,215.2365383401802,224.19586099140156,233.04465632147193,241.7856022340488,250.42138912050817,258.95471410428155,267.3882741001722,275.7247581982071,283.9668398109873,292.1171689404779,300.1783648359045,308.15300923615064,316.0436403216913,323.8527474445642,331.58276666001433,339.2360770495759,346.81499780099136,354.3217859939552,361.7586350306687,369.1276736451262,376.430965423709,383.67050877098774,390.84823725776477,397.9660202927161,405.02566406394993,412.0289127020711,418.97744962162955,425.87289900288994,432.71682738089896,439.5107453129494,446.25610910002155,452.9543225412072,459.60673870349325,466.2146616921937,472.7793484098263,479.30201029349314,485.78381502269514,492.2258881911973,498.62931493795827,504.995141533335,511.32437691780694,517.6179941912976,523.8769320519021
194.9748743718593,,,,,,,,,,,,,,,,,,,,,,,,,,,,,,,,,,,,,,,,,,,,,,,,,,,,,,,,,,,,,,,,,,,,,,,,,,,,,,,,,,,,,,,,,,,,,,,,,,,,,,,,,,,,,,,,,,,,,,,,,,,,,,,,,,,,,,,,,,10.793683696193998,22.54237655957849,34.12202348248286,45.5362468779172,56.78856639540159,67.88240253940116,78.82108013596998,89.60783165613057,100.24580041676847,110.73804374782627,121.08753640714383,131.29717482038834,141.36978292682267,151.30812029492185,161.11489270146967,170.7927647344526,180.34437344293892,189.77234178709924,199.07929067006702,208.26784858891187,217.34065831323682,226.3003803844979,235.14969355750253,243.89129254368999,252.52788355787123,261.0621782277376,269.49688641846245,277.8347084741505,286.0783273027772,294.2304006461836,302.29355379230145,310.27037290933,318.16339911509095,325.97512333999924,333.7079819992611,341.36435345786043,348.94655524910394,356.45684199247995,363.89740394765806,371.27036613729564,378.5777879706147,385.82166330155195,393.0039208587686,400.12642498936765,407.190976663281,414.1993146906569,421.1531171098896,428.05400270900867,434.90353264814036,441.703212154875,448.4544922687656,455.15877161457246,461.8173981871973,468.4316711340774,475.00284252329766,481.53211908785175,488.0206639383563,494.4695982381189,500.8800028358541,507.25291985248117,513.5893542194573,519.8902751668901,526.156617660398
195.22613065326632,,,,,,,,,,,,,,,,,,,,,,,,,,,,,,,,,,,,,,,,,,,,,,,,,,,,,,,,,,,,,,,,,,,,,,,,,,,,,,,,,,,,,,,,,,,,,,,,,,,,,,,,,,,,,,,,,,,,,,,,,,,,,,,,,,,,,,,,,0.9754547249292944,12.896922483363415,24.64561534674749,36.22526226965226,47.63948566508628,58.89180518257078,69.9856413265706,80.92431892318133,91.7110704443752,102.34903921711641,112.84128263190068,123.1907756861536,133.40041549918317,143.4730275943853,153.4113745535829,163.21816712187157,172.89607720026964,182.44775166303637,191.87582572331064,201.18293465204104,210.3717229456835,219.44485042357755,228.40499511809887,237.2548531362592,245.99713589258943,254.63456523824934,263.1698670545865,271.6057638615541,279.9449669337294,288.1901683374932,296.3440332162965,304.4091925666215,312.38823667100775,320.28370928970867,328.0981026597833,335.83385330952467,343.49333866588466,351.0788744113402,358.59271253293855,366.0370399984062,373.41397799086275,380.72558163363493,387.97384013895686,395.16067731815775,402.2879523957276,409.3574610749089,416.37093680787734,423.3300522289575,430.236420714359,437.09159803687896,443.8970840881447,450.6543246452487,457.3647131620066,464.02959256832224,470.6502570639213,477.22795389514215,483.7638851056133,490.2592092534457,496.71504308915087,503.1324631898361,509.512507546337,515.8561771009297,522.1644372340525,528.4382191991317
195.47738693467335,,,,,,,,,,,,,,,,,,,,,,,,,,,,,,,,,,,,,,,,,,,,,,,,,,,,,,,,,,,,,,,,,,,,,,,,,,,,,,,,,,,,,,,,,,,,,,,,,,,,,,,,,,,,,,,,,,,,,,,,,,,,,,,,,,,,,,,,,3.078693512098224,15.000161270532397,26.748854133916925,38.32850105682139,49.7427244522551,60.99504396973989,72.08888011374128,83.02755771043243,93.81430923333855,104.45227802407015,114.94452155391468,125.29401512020283,135.50365666946044,145.57627354505294,155.5146316910786,165.32144726905537,174.99940000482366,184.5511471257417,193.97933659329962,203.2866184681068,212.47565356583985,221.54911895878226,230.50971025470741,239.36014088627138,248.10313884777452,256.7414414245201,265.27778848944547,273.714914913763,282.0555425741504,290.30237235637094,298.45807646735966,306.52529128388755,314.50661089100896,322.40458140054227,330.2216960890714,337.96039135601245,345.6230434738103,353.2119660826611,360.7294083697078,368.1775538658349,375.5585197906375,382.8743568766957,390.1270496070111,397.31851680359017,404.45061251014596,411.5251271172693,418.54378868391353,425.50826441441006,432.42016225530125,439.2810325811631,446.09236994270674,452.85561485465945,459.57215560423975,466.24333006425985,472.8704274975842,479.454690342073,485.9973159672062,492.499458395358,498.96222998222197,505.3867030521851,511.77391148554267,518.1248522553789,524.440486912708,530.7217430191171
195.72864321608037,,,,,,,,,,,,,,,,,,,,,,,,,,,,,,,,,,,,,,,,,,,,,,,,,,,,,,,,,,,,,,,,,,,,,,,,,,,,,,,,,,,,,,,,,,,,,,,,,,,,,,,,,,,,,,,,,,,,,,,,,,,,,,,,,,,,,,,,,5.181932299267395,17.10340005770141,28.85209292108606,40.43173984399051,51.84596323942432,63.09828275690913,74.1921189009136,85.13079649775626,95.91754802343304,106.55551684045373,117.04776052643498,127.39725475023346,137.6068984370171,147.67952100798084,157.61789214016258,167.4247338763337,177.10273428728635,186.65456148005956,196.08287664956458,205.3903450506127,214.579644116243,223.65346835139982,232.6145310006517,241.46556277469782,250.20930810631532,258.8485194983523,267.385950542553,275.82434815061424,284.16644446877825,292.41494886161155,300.57254026197126,308.641860100841,316.6255059573507,324.5260260082163,332.34591430713147,340.08760688762453,347.75347865617033,355.3458410241528,362.8669402160708,370.3189561855267,377.70400206875,385.02412410653324,392.2813019685844,399.47744941872514,406.61441526452495,413.69398454045603,420.7178798792039,427.68776303109195,434.60523649686235,441.47184524343197,448.28907847691073,455.05837145084035,461.7811072911196,468.45861882215934,475.0921903814769,481.6830596122707,488.2324192255456,494.7414187250808,501.21116609002564,507.6427294111707,514.0371384779957,520.3953863145122,526.7184306626489,533.0071954125638
195.97989949748745,,,,,,,,,,,,,,,,,,,,,,,,,,,,,,,,,,,,,,,,,,,,,,,,,,,,,,,,,,,,,,,,,,,,,,,,,,,,,,,,,,,,,,,,,,,,,,,,,,,,,,,,,,,,,,,,,,,,,,,,,,,,,,,,,,,,,,,,,7.285171086436735,19.206638844870835,30.955331708255265,42.53497863115982,53.94920202659391,65.20152154407847,76.29535768808988,87.23403528520714,98.02078681526923,108.6587556700952,119.15099956543949,129.50049462589044,139.71014092560523,149.7827702438451,159.721156382396,169.52802774544358,179.20608127536744,188.75799648229076,198.18644826772498,207.49411746681872,216.6836984058393,225.75790317851175,234.71946270478765,243.57112490529363,252.31565049270625,260.95580695716876,269.494361326453,277.9340722353827,286.277681763644,294.527907412963,302.687434505498,310.7589092028526,318.744932273384,326.6480536763774,334.4707679850019,342.21551063487914,349.88465496005676,357.4805099614666,365.00531874289976,372.46125754463264,379.85043530376623,387.174893672002,394.4366074250867,401.6374852028535,408.7793705240937,415.86404302611567,422.893219884414,429.8685573732172,436.7916525329177,443.6640449147708,450.48721837782233,457.26260291665824,463.9915765020252,470.67546691938065,477.3155535930408,483.9130693858882,490.4692023665604,496.9850975377349,503.4618585205748,509.9005491916158,516.3021952694157,522.667785849156,528.9982748841029,535.2945826134444
196.23115577889445,,,,,,,,,,,,,,,,,,,,,,,,,,,,,,,,,,,,,,,,,,,,,,,,,,,,,,,,,,,,,,,,,,,,,,,,,,,,,,,,,,,,,,,,,,,,,,,,,,,,,,,,,,,,,,,,,,,,,,,,,,,,,,,,,,,,,,,,,9.388409873605566,21.30987763203968,33.05857049542422,44.638217418328594,56.052440813762686,67.3047603312477,78.39859647527388,89.33727407287385,100.12402560973563,110.76199451811189,121.25423869103393,131.60373480690382,141.81338427910748,151.88602154776345,161.8244249515968,171.63132975018902,181.30944228878823,190.86145399898973,200.29005394871578,209.59793892017586,218.78782038597416,227.86242816111584,236.82451085704244,245.67683351625612,254.42217295616425,263.0633114110459,271.60302905264655,280.04409591562774,288.38926367398193,296.64125762433474,304.8027691428434,312.87644880088976,320.86490025499666,328.7706749691517,336.59626778322047,344.34411330790704,352.0165831033762,359.6159835833252,367.1445545773977,374.60446848083376,381.9978299198502,389.3266758634195,396.5929761159851,403.7986341305673,410.94548808720765,418.03531218736765,425.0698181205148,432.0506566644871,438.97941938638917,445.85764041517666,452.6867982615498,459.4683176643777,466.2035714462845,472.8938823639446,479.5405249412302,486.1447272755566,492.70767280971523,499.230502063112,505.71431431774585,512.1601692554487,518.5690885439053,524.9420573698217,531.2800259182987,537.583910798053
196.4824120603015,,,,,,,,,,,,,,,,,,,,,,,,,,,,,,,,,,,,,,,,,,,,,,,,,,,,,,,,,,,,,,,,,,,,,,,,,,,,,,,,,,,,,,,,,,,,,,,,,,,,,,,,,,,,,,,,,,,,,,,,,,,,,,,,,,,,,,,,,11.49164866077492,23.413116419209143,35.161809282593545,46.741456205497876,58.15567960093182,69.40799911841707,80.50183526247376,91.44051286090088,102.22726440810058,112.86523339125775,123.35747792827704,133.7069753646091,143.9166286638524,153.98927525232907,163.92769843734484,173.7346408400702,183.41281874265908,192.9649360097843,202.39369632080422,211.7018127514152,220.89201415051915,229.9670481633383,238.92968108682376,247.78269497796117,256.52888256785013,265.17104057957727,273.7119620282403,282.1544280197492,290.5011994807828,298.7550091604615,306.9185541552737,314.99448912855433,322.98542032789146,330.89390044868327,338.72242434962186,346.4734255945154,354.14927377317247,361.7522725400901,369.28465830189737,376.74859948135577,384.14619628597944,391.4794809119672,398.75041811836076,405.96090611146207,413.1127776851861,420.2078015687566,427.24768393879936,434.23407005823,441.1685460094635,448.05264049384476,454.8878266735846,461.6755240360523,468.4171002636036,475.1138730949996,481.76711216700505,488.37804082689985,494.9478379085453,501.47763946622086,507.96854046183694,514.421596402267,520.8378249245154,527.2182073272695,533.5636900480258,539.8751860855695
196.73366834170852,,,,,,,,,,,,,,,,,,,,,,,,,,,,,,,,,,,,,,,,,,,,,,,,,,,,,,,,,,,,,,,,,,,,,,,,,,,,,,,,,,,,,,,,,,,,,,,,,,,,,,,,,,,,,,,,,,,,,,,,,,,,,,,,,,,,,,,,1.496805352347644,13.594887447944137,25.516355206378066,37.26504806976262,48.84469499266702,60.25891838810118,71.51123790558708,82.60507404970348,93.54375164951088,104.33050321214316,114.9684722983337,125.46071730811332,135.81021638360264,146.0198742710638,156.09253173073398,166.03097748851016,175.83796204386167,185.5162121507517,195.06844461002305,204.49737814141452,213.80574243943155,222.99628393580198,232.07176819147475,241.03497916127606,249.8887157905859,258.63578651801106,267.2790022886872,275.82116865256626,284.2650774535426,292.6134985274041,300.86917173360865,309.03479955729694,317.11304043917613,325.1065029249224,333.01774067273004,340.8492483172039,348.60345815831505,356.2827376240061,363.8893874423858,371.4256404527126,378.89366098203135,386.2955447151981,393.63331898911537,400.9089434464994,408.12431098987054,415.2812489821672,422.38152064622915,429.4268266209578,436.4188066375548,443.35904128381884,450.2490538294557,457.0903120891461,463.88423030391425,470.6321710244966,477.33544698328006,483.99532294381646,490.61301751904136,497.18970495117577,503.72651684782153,510.22454387011237,516.6848373698865,523.1084109737981,529.4962421130632,535.8492734981944,542.1684145386098
196.98492462311557,,,,,,,,,,,,,,,,,,,,,,,,,,,,,,,,,,,,,,,,,,,,,,,,,,,,,,,,,,,,,,,,,,,,,,,,,,,,,,,,,,,,,,,,,,,,,,,,,,,,,,,,,,,,,,,,,,,,,,,,,,,,,,,,,,,,,,,,3.6000441395168905,15.698126235112944,27.61959399354743,39.36828685693169,50.947933779836106,62.36215717527037,73.61447669275773,84.70831283698686,95.64699043904417,106.43374202432192,117.0717112506783,127.56395686842282,137.91345796354398,148.1231213194408,158.195791399985,168.13426281681132,177.94129447315117,187.61962412865964,197.1719820132779,206.60110229876963,215.90973160198126,225.10063412036448,234.17659339287144,243.14041098341653,251.99490258164317,260.7428921130679,269.3872044674175,277.93065741381207,286.3760531967814,294.7261702161886,302.9837551003303,311.15151539360505,319.2321130029783,327.2281584835128,335.1422061923388,342.97675030206204,350.73422163691623,358.416985276404,366.02733885978654,373.5675115190494,381.03966336641577,388.4458854639257,395.7882002061031,403.0685620515223,410.28885854463056,417.45091157500246,424.5564788270985,431.6072553791738,438.6048754155265,445.5509140208721,452.44688903048643,459.2942629135446,466.09444467078066,472.84879173072886,479.55861183158146,486.2251648781049,492.8496647651215,499.43328116085826,505.97714124497145,512.4823313973521,518.9498988349,525.3808531943656,531.7761680601291,538.1367824363886,544.4636021637799
197.2361809045226,,,,,,,,,,,,,,,,,,,,,,,,,,,,,,,,,,,,,,,,,,,,,,,,,,,,,,,,,,,,,,,,,,,,,,,,,,,,,,,,,,,,,,,,,,,,,,,,,,,,,,,,,,,,,,,,,,,,,,,,,,,,,,,,,,,,,,,,5.703282926685526,17.80136502228229,29.722832780716328,41.47152564410083,53.051172567005196,64.46539596243929,75.71771547993178,86.8115516243669,97.75022923000871,108.53698084798158,119.17495026274057,129.66719665519855,140.01670022109226,150.22637005785958,160.2990547241884,170.23755520037489,180.04463932580737,189.72305639683321,199.27555055367048,208.70487181333937,218.01378399618253,227.20506922452782,236.28152905465208,245.24598259014348,254.101262103419,262.85020677263554,271.4956551446858,280.0404368856408,288.487364299818,296.83922400513495,305.0987690582781,313.2687117360737,321.351717104307,329.3503974431269,337.2673075495826,345.1049409013944,352.86572664019116,360.5520273153664,368.16613731955647,375.71028194196356,383.18661696494934,390.5972287312985,397.9441346134488,405.22928382104766,412.4545584888804,419.6217749931684,426.73268545011837,433.7889793562334,440.7922853353576,447.7441729620378,454.64615463552934,461.4996874825463,468.30617527046195,475.06697031575953,481.78337537523083,488.4566455097959,495.08798991281134,501.67857369649613,508.2295196315619,514.7419098363999,521.2167874132233,527.6551580294433,534.0579914433092,540.4262229734179,546.760754912223
197.48743718592962,,,,,,,,,,,,,,,,,,,,,,,,,,,,,,,,,,,,,,,,,,,,,,,,,,,,,,,,,,,,,,,,,,,,,,,,,,,,,,,,,,,,,,,,,,,,,,,,,,,,,,,,,,,,,,,,,,,,,,,,,,,,,,,,,,,,,,,,7.80652171385492,19.90460380945126,31.826071567885354,43.574764431269855,55.15441135417421,66.56863474960828,77.82095426711072,88.91479041191322,99.85346802314656,110.64021968760964,121.27818935274131,131.77043672384895,142.1199432919835,152.32962076818944,162.40232221790055,172.3408554872892,182.14799788937452,191.82651078347692,201.37915268802453,210.80868983909934,220.117903518828,229.30959390979427,238.38658060229744,247.3517001501264,256.2078012303293,264.957738026501,273.6043624460198,282.1505157238159,290.5990198801931,298.95266940460766,307.2142234430592,315.3863986808235,323.4718630389225,331.4732302428217,339.3930552753703,347.23383069156733,354.99798374859324,362.68787428893427,370.3057933054488,377.85396211337394,385.33453205416487,392.7495846585597,400.101132200503,407.39111857888656,414.62142046988623,421.7938486987093,428.9101497854857,435.97200762565427,442.98104527061344,449.9388267790001,456.8468591136161,463.70659406274865,470.51943016817864,477.2867146451919,484.0097452825655,490.68977231279894,497.3280002448301,503.92558965317596,510.4836589188584,517.0032859187088,523.4855096606492,529.9313318634191,536.3417184799107,542.7176011638649,549.059878680162
197.73869346733667,,,,,,,,,,,,,,,,,,,,,,,,,,,,,,,,,,,,,,,,,,,,,,,,,,,,,,,,,,,,,,,,,,,,,,,,,,,,,,,,,,,,,,,,,,,,,,,,,,,,,,,,,,,,,,,,,,,,,,,,,,,,,,,,,,,,,,,,9.909760501023943,22.00784259662084,33.929310355054895,45.67800321843918,57.257650141343696,68.6718735367783,79.92419305430127,91.01802919973818,101.95670681952365,112.74345854914704,123.38142854343634,133.87367714062756,144.22318733324425,154.43287376821786,164.5055944495238,174.44416459913882,184.2513715443771,193.9299892273128,203.48279099784648,212.91255966460193,222.22209420651055,231.41421297807656,240.49175359808046,249.45756996159065,258.31452695619924,267.06549351155087,275.7133345902794,284.2609026628366,292.7110291193116,301.0665159740874,309.33012812515534,317.50458634534255,325.5925611113624,333.59666731885847,341.5194598873209,349.363430226253,357.13100351154844,364.8245367068168,372.44631725655836,379.998562375124,387.48341885594374,394.90296332849005,402.259202895034,409.5540760847743,416.78945406889596,423.967142086202,431.0888810349151,438.15634919183606,445.17116402543394,452.1348840739984,459.04901086456084,465.9149908519686,472.73421736098305,479.5080325172285,486.23772915541366,492.9245526955097,499.56970297946185,506.1743360626964,512.7395659560392,519.2664663148832,525.7560720733928,532.209381022394,538.6273553302517,545.0109230066282,551.3609793094414
197.98994974874373,,,,,,,,,,,,,,,,,,,,,,,,,,,,,,,,,,,,,,,,,,,,,,,,,,,,,,,,,,,,,,,,,,,,,,,,,,,,,,,,,,,,,,,,,,,,,,,,,,,,,,,,,,,,,,,,,,,,,,,,,,,,,,,,,,,,,,,,12.012999288193363,24.111081383789777,36.03254914222405,47.78124200560868,59.3608889285129,70.77511232394762,82.02743184151205,93.12126798801822,104.05994562064295,114.84669744036218,125.4846678629818,135.97691798420382,146.32643252553254,156.53612941466773,166.60887204474224,176.54748353450307,186.35476176752576,196.03349378018117,205.5864681911239,215.0164847138516,224.32636023556535,233.51893137076434,242.59705373937086,251.56359844999602,260.4214463914764,269.1734809686639,277.8225798863651,286.37160651258614,294.82340125910855,303.1807733189715,311.4464930068891,319.6232848656718,327.71382163236547,335.72071910238634,343.6465318877044,351.49375003462467,359.26479644589875,366.9620250390731,374.5877195662247,382.14409301809195,389.63328753681134,397.05737476487354,404.4183565628494,411.71816603412645,418.9586688010187,426.1416644827524,433.2688883317202,440.3420129902223,447.3626503347685,454.3323533801228,461.25261821930656,468.12488597963204,474.95054477819065,481.730931663128,488.4673345295758,495.16099400131066,501.8131052710739,508.42481989409697,514.9972475307314,521.5314576352218,528.0284810886344,534.4893117747216,540.9149080982063,547.3061944454633,553.6640625880593
198.24120603015075,,,,,,,,,,,,,,,,,,,,,,,,,,,,,,,,,,,,,,,,,,,,,,,,,,,,,,,,,,,,,,,,,,,,,,,,,,,,,,,,,,,,,,,,,,,,,,,,,,,,,,,,,,,,,,,,,,,,,,,,,,,,,,,,,,,,,,,1.8375875902797878,14.11623807536253,26.2143201709591,38.135787929393224,49.88448079277784,61.46412771568194,72.87835111111765,84.13067062876213,95.22450677702543,106.16318442859237,116.94993637129411,127.58790734591456,138.08015934736375,148.4296790756139,158.63938810630336,168.71215568997752,178.65081337240932,188.45817013481644,198.13702660950358,207.69018710394326,217.120468546999,226.4307059218363,235.62375416763587,244.70248685681136,253.66979216562578,262.52856676038004,271.2817082395732,279.9321067299252,288.4826361549952,296.93614559877483,305.29545108741763,313.5633280194582,321.7425043936546,329.8356549163683,337.8453960171897,345.77428176145156,353.6248006196233,361.3993730344123,369.100349714856,376.7300105809929,384.2905642813509,391.7841482072819,399.21282893200845,406.57860300745534,413.8833980578304,421.1290741151368,428.3174251479754,435.4501807409186,442.5290078874863,449.5555128646287,456.53124316162393,463.45768944028464,470.33628750717594,477.16842028181367,483.9554197476725,490.6985688753132,497.39910350907905,504.0582142106346,510.67704805418896,517.2567103695474,523.7982664302607,530.3027430850639,536.7711303315566,543.2043828317414,549.6034213695197,555.9691342507019
198.49246231155777,,,,,,,,,,,,,,,,,,,,,,,,,,,,,,,,,,,,,,,,,,,,,,,,,,,,,,,,,,,,,,,,,,,,,,,,,,,,,,,,,,,,,,,,,,,,,,,,,,,,,,,,,,,,,,,,,,,,,,,,,,,,,,,,,,,,,,,3.940826377448636,16.21947686253156,28.317558958127925,40.2390267165624,51.98771957994671,63.567366502851186,74.9815898982899,86.23390941608164,97.3277455671677,108.26642324622597,119.05317535477423,129.6911470342439,140.1834013388484,150.53292721895178,160.74265028711147,170.8154461358571,180.75415527572665,190.561598324506,200.24059000056863,209.79395070192157,219.22451486084185,228.53513572026708,237.72868658561816,246.80805891237344,255.77615778108404,264.63589539799557,273.39018326369904,282.04192360006056,290.5940005407321,299.0492714915105,307.41055896724305,315.680643120018,323.86225509425014,331.95807127906056,339.97070847750564,347.9027199742256,355.7565924562802,363.53474372435073,371.23952112120594,378.87320059962,386.4379863513688,393.9360109212386,401.3693357342493,408.7399519697444,416.0497817220659,423.30067939383525,430.49443327407874,437.6327672593513,444.7173426817239,451.7497602123493,458.73156181423127,465.6642327217802,472.54920342845253,479.3878516669993,486.1815043696309,492.93143959783646,499.6388884336894,506.30503682623254,512.9310273880805,519.5179611386199,526.066899191307,532.5788643834192,539.0548428473895,545.4957855234576,551.9026096138709,558.2761999792701
198.7437185929648,,,,,,,,,,,,,,,,,,,,,,,,,,,,,,,,,,,,,,,,,,,,,,,,,,,,,,,,,,,,,,,,,,,,,,,,,,,,,,,,,,,,,,,,,,,,,,,,,,,,,,,,,,,,,,,,,,,,,,,,,,,,,,,,,,,,,,,6.044065164617775,18.32271564970039,30.4207977452973,42.34226550373162,54.090958367115846,65.67060529002032,77.08482868546515,88.33714820352293,99.43098435904766,110.36966207738863,121.15641440702927,131.79438697867076,142.28664408532515,152.63617722241185,162.84591644954432,172.91874420067504,182.85751049448714,192.66504811996316,202.3441863586583,211.89776208145747,221.32862748914755,230.63965422432196,239.83373397740436,248.9137759973017,257.88270208871626,266.74343974732034,275.4989140749652,284.15203905603266,292.7057086858994,301.16278834132373,309.52610668286945,317.7984482888293,325.982547142908,334.08108103501155,342.0966668859041,350.0318569705603,357.8891359901041,365.6709189260934,373.379549601899,381.0172998721336,388.5863693612623,396.0888856753585,403.52690501558726,410.90241312771576,418.21732652814745,425.4734939533605,432.6726979858818,439.81665681582217,446.90702610266976,453.9454009068635,460.93331766548255,467.8722561903074,474.76364167014356,481.60884666247597,488.4091930622298,495.165954037795,501.88035592652267,508.5535800835971,515.1867646797066,521.781006444135,528.3373623509775,534.856851247024,541.3404554205821,547.7891221111184,554.2037649600461,560.5852654034023
198.99497487437182,,,,,,,,,,,,,,,,,,,,,,,,,,,,,,,,,,,,,,,,,,,,,,,,,,,,,,,,,,,,,,,,,,,,,,,,,,,,,,,,,,,,,,,,,,,,,,,,,,,,,,,,,,,,,,,,,,,,,,,,,,,,,,,,,,,,,,,8.147303951787068,20.425954436869578,32.524036532466106,44.445504290900445,56.19419715428506,67.77384407718932,79.18806747264794,90.44038699117084,101.53422315353471,112.4729009271958,123.25965354838095,133.89762723992916,144.3898877334931,154.73942938707629,164.9491871378142,175.02205077384176,184.96088036912656,194.7685214123828,204.44781821100264,214.0016244707948,223.43281040279064,232.74426616524642,241.93890182993616,251.0196443299507,259.98943199795394,268.85120735626555,277.6079087985978,286.26246173398255,294.81776966879204,303.27670559986683,311.64210399232553,319.91675352646627,328.1033907230094,336.20469449536216,344.22328163123325,352.16170317205956,360.02244163552785,367.8079090118186,375.5204454563506,383.1623185989345,390.73572339008535,398.2427824085735,405.68554655926687,413.06599609623004,420.3860419124007,427.64752704360933,434.85222834089984,442.00185827125426,449.0980668119211,456.14244340899063,463.1365189750622,470.08176790499067,476.9796100921777,483.831412931001,490.63849329362586,497.40211947176823,504.12351307597055,510.8038508866124,517.4442666523536,524.0458528328624,530.6096622837326,537.1367098823198,543.6279740939025,550.0843984781814,556.5068931365535,562.8963361009947
199.24623115577887,,,,,,,,,,,,,,,,,,,,,,,,,,,,,,,,,,,,,,,,,,,,,,,,,,,,,,,,,,,,,,,,,,,,,,,,,,,,,,,,,,,,,,,,,,,,,,,,,,,,,,,,,,,,,,,,,,,,,,,,,,,,,,,,,,,,,,,10.250542738956304,22.52919322403876,34.627275319635366,46.54874307806964,58.29743594145401,69.87708286435875,81.29130625984405,92.54362577915967,103.63746195186471,114.57613980236252,125.36289280404182,136.00086789025642,146.49313245231534,156.84268405114815,167.0524629512256,177.12536681929868,187.06426633362895,196.87202020335286,206.55148820856462,216.105541230904,225.53706770971687,234.84897641116842,244.0441957627523,253.12567025352575,262.0963545325942,270.9592058746273,279.71717564791606,288.3732003436625,296.9301926266542,305.39103276332287,313.7585606843023,322.0355688510819,330.22479602337313,338.32892196557856,346.3505630866326,354.29226897566093,362.15651977441553,369.94572431424046,377.66221893856624,385.3082669299532,392.886058462165,400.397711001571,407.8452700874337,415.23071042678765,422.5559372460611,429.82278784809455,437.0330333294374,444.18838041886175,451.29047340317976,458.3408961117343,465.3411739351492,472.292775857956,479.1971164881561,486.0555580698124,492.86941246738274,499.6399431127631,506.36836690794587,513.05585607784,519.703539969186,526.3125067926843,532.883805306406,539.4184464393995,545.917404855052,552.3816204543222,558.8119998194003,565.2094175987148
199.49748743718592,,,,,,,,,,,,,,,,,,,,,,,,,,,,,,,,,,,,,,,,,,,,,,,,,,,,,,,,,,,,,,,,,,,,,,,,,,,,,,,,,,,,,,,,,,,,,,,,,,,,,,,,,,,,,,,,,,,,,,,,,,,,,,,,,,,,,,,12.353781526125548,24.632432011207886,36.730514106804854,48.65198186523937,60.400674728623414,71.98032165152895,83.3945450470673,94.64686456770028,105.74070075576445,116.67937871160191,127.46613220501517,138.10410901499472,148.59637843537897,158.94594159294962,169.1557445475381,179.22869337889585,189.16766991856997,198.97554660728304,208.65519912764137,218.20951585617863,227.64140365473077,236.95378996604705,246.14962152621584,255.2318602337305,264.2034768280194,273.06744305101967,281.8267229211195,290.4842636651857,299.0429867524843,307.50577936933576,315.87548657526463,324.15490429573754,332.3467732358237,340.4537737432736,348.47852160760726,356.4235647519596,364.29138075462583,372.0843751254002,379.80488025614585,387.45515496384405,395.0373845464795,402.5536812763311,410.0060852608157,417.39656560734227,424.7270218351978,431.9992854840285,439.2151218746983,446.3762319843373,453.48425440250406,460.54076734059265,467.54729067077363,474.50528797472555,481.4161685857806,488.2812896110864,495.10195792294826,501.87943211070416,508.61492438639016,515.309602439032,521.9645912337679,528.5809747531257,535.1597976787338,541.7020670125331,548.2087536371923,554.6807938159582,561.119090632612,567.5245153725142
199.74874371859295,,,,,,,,,,,,,,,,,,,,,,,,,,,,,,,,,,,,,,,,,,,,,,,,,,,,,,,,,,,,,,,,,,,,,,,,,,,,,,,,,,,,,,,,,,,,,,,,,,,,,,,,,,,,,,,,,,,,,,,,,,,,,,,,,,,,,,1.993728467534133,14.457020313294365,26.73567079837725,38.83375289397423,50.75522065240816,62.50391351579261,74.08356043869931,85.49778383433807,96.75010335710805,107.84393956760643,118.78261766609114,129.56937178910704,140.20735071432105,150.69962590336942,161.04920243398718,171.2590326463355,181.33203157571072,191.27109275404456,201.0791028536638,210.75895387129577,220.31355197495446,229.74582261911573,239.05871196847764,248.255184999626,257.3382208563288,266.3108061283627,275.17592672978736,283.9365589980719,292.59566054579454,301.15616129187555,309.62095499398686,317.99289150661843,326.27476990579413,334.4693325528244,342.57926011609266,350.6071675301643,358.55560084359325,366.4270348886316,374.22387169551024,381.9484395693327,389.60299274722746,397.18971155606795,404.710702995697,412.16800167843655,419.56357106213505,426.8993049206609,434.1770290023243,441.3985028329177,448.5654216260556,455.6794182685746,462.7420653538744,469.7548772401805,476.7193121146207,483.63677404728696,490.5086150223955,497.3361369361324,504.1205935529317,510.8631924137778,517.5650966916511,524.2274269905868,530.8512630858759,537.4376456038808,543.987577640694,550.5020263194637,556.9819242867649,563.4281711487424,569.8416348481319
200.0,,,,,,,,,,,,,,,,,,,,,,,,,,,,,,,,,,,,,,,,,,,,,,,,,,,,,,,,,,,,,,,,,,,,,,,,,,,,,,,,,,,,,,,,,,,,,,,,,,,,,,,,,,,,,,,,,,,,,,,,,,,,,,,,,,,,,,4.0969672547029825,16.5602591004635,28.838909585546553,40.936991681143084,52.85845943957732,64.60715230296184,76.18679922587219,87.60102262169396,98.8533421478562,109.94717839060958,120.88585668001919,131.67261160205328,142.31059310511034,152.80287510666352,163.1524670420944,173.3623280324027,183.4353826173071,193.37453657247747,203.18269128917638,212.86275547060603,222.41765334984953,231.85032912009316,241.1637476903546,250.3608921892189,259.4447588246311,268.4183497836288,277.28466484790175,286.0466923370947,294.70739989664565,303.2697255398978,311.7365692488302,320.1107853419388,328.3951757363654,336.5924841651762,344.70539135966294,352.7365111690143,360.688387563686,368.56349245219974,376.36422423184945,384.09290699011467,391.75179027397763,399.3430493474918,406.86878586298513,414.33102887735873,421.7317361515614,429.0727956780639,436.356027387676,443.5831849935078,450.7559579352891,457.87597339297247,464.94479834303104,471.963941635204,478.93485607116975,485.85894046988443,492.73754170717183,499.5719567195919,506.3634344647006,513.1131778316299,519.8223454973844,526.492053725573,533.1233781053127,539.7173552289648,546.2749843080791,552.797228727511,559.2850175381918,565.7392468893836,572.1607814015994
