$\mu / t$,0.0,1.0050251256281406,2.0100502512562812,3.0150753768844214,4.0201005025125625,5.025125628140703,6.030150753768843,7.035175879396984,8.040201005025125,9.045226130653264,10.050251256281406,11.055276381909545,12.060301507537686,13.065326633165826,14.070351758793969,15.07537688442211,16.08040201005025,17.08542713567839,18.090452261306528,19.09547738693467,20.100502512562812,21.10552763819095,22.11055276381909,23.11557788944723,24.12060301507537,25.125628140703512,26.130653266331652,27.1356783919598,28.140703517587937,29.145728643216078,30.15075376884422,31.15577889447236,32.1608040201005,33.16582914572864,34.17085427135678,35.17587939698492,36.180904522613055,37.1859296482412,38.19095477386934,39.19597989949749,40.201005025125625,41.20603015075377,42.2110552763819,43.21608040201005,44.22110552763818,45.22613065326633,46.23115577889446,47.23618090452261,48.24120603015074,49.24623115577889,50.251256281407024,51.25628140703517,52.261306532663305,53.26633165829145,54.2713567839196,55.27638190954773,56.281407035175874,57.28643216080401,58.291457286432156,59.296482412060286,60.30150753768844,61.30653266331657,62.31155778894472,63.31658291457285,64.321608040201,65.32663316582914,66.33165829145727,67.33668341708541,68.34170854271356,69.3467336683417,70.35175879396984,71.35678391959797,72.36180904522611,73.36683417085426,74.3718592964824,75.37688442211054,76.38190954773869,77.38693467336682,78.39195979899498,79.3969849246231,80.40201005025125,81.40703517587939,82.41206030150754,83.41708542713566,84.4221105527638,85.42713567839195,86.4321608040201,87.43718592964822,88.44221105527636,89.44723618090451,90.45226130653266,91.45728643216079,92.46231155778892,93.46733668341707,94.47236180904522,95.47738693467335,96.48241206030148,97.48743718592964,98.49246231155777,99.49748743718592,100.50251256281405,101.50753768844218,102.51256281407034,103.51758793969849,104.52261306532661,105.52763819095475,106.5326633165829,107.53768844221105,108.5427135678392,109.54773869346731,110.55276381909546,111.55778894472361,112.56281407035175,113.56783919597987,114.57286432160802,115.57788944723616,116.58291457286431,117.58793969849245,118.59296482412057,119.59798994974872,120.60301507537687,121.60804020100502,122.61306532663313,123.61809045226128,124.62311557788944,125.62814070351757,126.6331658291457,127.63819095477385,128.643216080402,129.64824120603012,130.65326633165827,131.6582914572864,132.66331658291455,133.6683417085427,134.67336683417082,135.67839195979897,136.68341708542712,137.68844221105525,138.6934673366834,139.69849246231155,140.70351758793967,141.70854271356782,142.71356783919595,143.71859296482413,144.72361809045222,145.72864321608037,146.73366834170852,147.73869346733667,148.7437185929648,149.74874371859295,150.75376884422107,151.75879396984922,152.76381909547737,153.76884422110552,154.77386934673365,155.77889447236177,156.78391959798995,157.78894472361804,158.7939698492462,159.79899497487435,160.8040201005025,161.80904522613065,162.81407035175877,163.8190954773869,164.82412060301507,165.8291457286432,166.83417085427132,167.83919597989947,168.8442211055276,169.84924623115577,170.8542713567839,171.85929648241202,172.8643216080402,173.86934673366832,174.87437185929645,175.8793969849246,176.88442211055272,177.88944723618087,178.89447236180902,179.89949748743715,180.90452261306532,181.90954773869342,182.91457286432157,183.91959798994972,184.92462311557784,185.92964824120602,186.93467336683415,187.9396984924623,188.94472361809045,189.94974874371854,190.9547738693467,191.95979899497485,192.96482412060297,193.96984924623115,194.97487437185927,195.9798994974874,196.98492462311555,197.98994974874367,198.99497487437185,199.99999999999997
-0.1,,,,,,,,,,,,,,,,,,,,,,,,,,,,,,,,,,,,,,,,,,,,,,,,,,,,,,,,,,,,,,,,,,,,,,,,,,,,,,,,,,,,,,,,,,,,,,,,,,,,,,,,,,,,,,,,,,,,,,,,,,,,,,,,,,,,,,,,,,,,,,,,,,,,,,,,,,,,,,,,,,,,,,,,,,,,,,,,,,,,,,,,,,,,,,,,,,,,,,,,
-0.09899497487437187,,,,,,,,,,,,,,,,,,,,,,,,,,,,,,,,,,,,,,,,,,,,,,,,,,,,,,,,,,,,,,,,,,,,,,,,,,,,,,,,,,,,,,,,,,,,,,,,,,,,,,,,,,,,,,,,,,,,,,,,,,,,,,,,,,,,,,,,,,,,,,,,,,,,,,,,,,,,,,,,,,,,,,,,,,,,,,,,,,,,,,,,,,,,,,,,,,,,,,,,
-0.09798994974874373,,,,,,,,,,,,,,,,,,,,,,,,,,,,,,,,,,,,,,,,,,,,,,,,,,,,,,,,,,,,,,,,,,,,,,,,,,,,,,,,,,,,,,,,,,,,,,,,,,,,,,,,,,,,,,,,,,,,,,,,,,,,,,,,,,,,,,,,,,,,,,,,,,,,,,,,,,,,,,,,,,,,,,,,,,,,,,,,,,,,,,,,,,,,,,,,,,,,,,,,
-0.09698492462311559,,,,,,,,,,,,,,,,,,,,,,,,,,,,,,,,,,,,,,,,,,,,,,,,,,,,,,,,,,,,,,,,,,,,,,,,,,,,,,,,,,,,,,,,,,,,,,,,,,,,,,,,,,,,,,,,,,,,,,,,,,,,,,,,,,,,,,,,,,,,,,,,,,,,,,,,,,,,,,,,,,,,,,,,,,,,,,,,,,,,,,,,,,,,,,,,,,,,,,,,
-0.09597989949748745,,,,,,,,,,,,,,,,,,,,,,,,,,,,,,,,,,,,,,,,,,,,,,,,,,,,,,,,,,,,,,,,,,,,,,,,,,,,,,,,,,,,,,,,,,,,,,,,,,,,,,,,,,,,,,,,,,,,,,,,,,,,,,,,,,,,,,,,,,,,,,,,,,,,,,,,,,,,,,,,,,,,,,,,,,,,,,,,,,,,,,,,,,,,,,,,,,,,,,,,
-0.09497487437185931,,,,,,,,,,,,,,,,,,,,,,,,,,,,,,,,,,,,,,,,,,,,,,,,,,,,,,,,,,,,,,,,,,,,,,,,,,,,,,,,,,,,,,,,,,,,,,,,,,,,,,,,,,,,,,,,,,,,,,,,,,,,,,,,,,,,,,,,,,,,,,,,,,,,,,,,,,,,,,,,,,,,,,,,,,,,,,,,,,,,,,,,,,,,,,,,,,,,,,,,
-0.09396984924623115,,,,,,,,,,,,,,,,,,,,,,,,,,,,,,,,,,,,,,,,,,,,,,,,,,,,,,,,,,,,,,,,,,,,,,,,,,,,,,,,,,,,,,,,,,,,,,,,,,,,,,,,,,,,,,,,,,,,,,,,,,,,,,,,,,,,,,,,,,,,,,,,,,,,,,,,,,,,,,,,,,,,,,,,,,,,,,,,,,,,,,,,,,,,,,,,,,,,,,,,
-0.09296482412060302,,,,,,,,,,,,,,,,,,,,,,,,,,,,,,,,,,,,,,,,,,,,,,,,,,,,,,,,,,,,,,,,,,,,,,,,,,,,,,,,,,,,,,,,,,,,,,,,,,,,,,,,,,,,,,,,,,,,,,,,,,,,,,,,,,,,,,,,,,,,,,,,,,,,,,,,,,,,,,,,,,,,,,,,,,,,,,,,,,,,,,,,,,,,,,,,,,,,,,,,
-0.09195979899497488,,,,,,,,,,,,,,,,,,,,,,,,,,,,,,,,,,,,,,,,,,,,,,,,,,,,,,,,,,,,,,,,,,,,,,,,,,,,,,,,,,,,,,,,,,,,,,,,,,,,,,,,,,,,,,,,,,,,,,,,,,,,,,,,,,,,,,,,,,,,,,,,,,,,,,,,,,,,,,,,,,,,,,,,,,,,,,,,,,,,,,,,,,,,,,,,,,,,,,,,
-0.09095477386934674,,,,,,,,,,,,,,,,,,,,,,,,,,,,,,,,,,,,,,,,,,,,,,,,,,,,,,,,,,,,,,,,,,,,,,,,,,,,,,,,,,,,,,,,,,,,,,,,,,,,,,,,,,,,,,,,,,,,,,,,,,,,,,,,,,,,,,,,,,,,,,,,,,,,,,,,,,,,,,,,,,,,,,,,,,,,,,,,,,,,,,,,,,,,,,,,,,,,,,,,
-0.0899497487437186,,,,,,,,,,,,,,,,,,,,,,,,,,,,,,,,,,,,,,,,,,,,,,,,,,,,,,,,,,,,,,,,,,,,,,,,,,,,,,,,,,,,,,,,,,,,,,,,,,,,,,,,,,,,,,,,,,,,,,,,,,,,,,,,,,,,,,,,,,,,,,,,,,,,,,,,,,,,,,,,,,,,,,,,,,,,,,,,,,,,,,,,,,,,,,,,,,,,,,,,
-0.08894472361809046,,,,,,,,,,,,,,,,,,,,,,,,,,,,,,,,,,,,,,,,,,,,,,,,,,,,,,,,,,,,,,,,,,,,,,,,,,,,,,,,,,,,,,,,,,,,,,,,,,,,,,,,,,,,,,,,,,,,,,,,,,,,,,,,,,,,,,,,,,,,,,,,,,,,,,,,,,,,,,,,,,,,,,,,,,,,,,,,,,,,,,,,,,,,,,,,,,,,,,,,
-0.08793969849246232,,,,,,,,,,,,,,,,,,,,,,,,,,,,,,,,,,,,,,,,,,,,,,,,,,,,,,,,,,,,,,,,,,,,,,,,,,,,,,,,,,,,,,,,,,,,,,,,,,,,,,,,,,,,,,,,,,,,,,,,,,,,,,,,,,,,,,,,,,,,,,,,,,,,,,,,,,,,,,,,,,,,,,,,,,,,,,,,,,,,,,,,,,,,,,,,,,,,,,,,
-0.08693467336683418,,,,,,,,,,,,,,,,,,,,,,,,,,,,,,,,,,,,,,,,,,,,,,,,,,,,,,,,,,,,,,,,,,,,,,,,,,,,,,,,,,,,,,,,,,,,,,,,,,,,,,,,,,,,,,,,,,,,,,,,,,,,,,,,,,,,,,,,,,,,,,,,,,,,,,,,,,,,,,,,,,,,,,,,,,,,,,,,,,,,,,,,,,,,,,,,,,,,,,,,
-0.08592964824120604,,,,,,,,,,,,,,,,,,,,,,,,,,,,,,,,,,,,,,,,,,,,,,,,,,,,,,,,,,,,,,,,,,,,,,,,,,,,,,,,,,,,,,,,,,,,,,,,,,,,,,,,,,,,,,,,,,,,,,,,,,,,,,,,,,,,,,,,,,,,,,,,,,,,,,,,,,,,,,,,,,,,,,,,,,,,,,,,,,,,,,,,,,,,,,,,,,,,,,,,
-0.0849246231155779,,,,,,,,,,,,,,,,,,,,,,,,,,,,,,,,,,,,,,,,,,,,,,,,,,,,,,,,,,,,,,,,,,,,,,,,,,,,,,,,,,,,,,,,,,,,,,,,,,,,,,,,,,,,,,,,,,,,,,,,,,,,,,,,,,,,,,,,,,,,,,,,,,,,,,,,,,,,,,,,,,,,,,,,,,,,,,,,,,,,,,,,,,,,,,,,,,,,,,,,
-0.08391959798994975,,,,,,,,,,,,,,,,,,,,,,,,,,,,,,,,,,,,,,,,,,,,,,,,,,,,,,,,,,,,,,,,,,,,,,,,,,,,,,,,,,,,,,,,,,,,,,,,,,,,,,,,,,,,,,,,,,,,,,,,,,,,,,,,,,,,,,,,,,,,,,,,,,,,,,,,,,,,,,,,,,,,,,,,,,,,,,,,,,,,,,,,,,,,,,,,,,,,,,,,
-0.0829145728643216,,,,,,,,,,,,,,,,,,,,,,,,,,,,,,,,,,,,,,,,,,,,,,,,,,,,,,,,,,,,,,,,,,,,,,,,,,,,,,,,,,,,,,,,,,,,,,,,,,,,,,,,,,,,,,,,,,,,,,,,,,,,,,,,,,,,,,,,,,,,,,,,,,,,,,,,,,,,,,,,,,,,,,,,,,,,,,,,,,,,,,,,,,,,,,,,,,,,,,,,
-0.08190954773869347,,,,,,,,,,,,,,,,,,,,,,,,,,,,,,,,,,,,,,,,,,,,,,,,,,,,,,,,,,,,,,,,,,,,,,,,,,,,,,,,,,,,,,,,,,,,,,,,,,,,,,,,,,,,,,,,,,,,,,,,,,,,,,,,,,,,,,,,,,,,,,,,,,,,,,,,,,,,,,,,,,,,,,,,,,,,,,,,,,,,,,,,,,,,,,,,,,,,,,,,
-0.08090452261306533,,,,,,,,,,,,,,,,,,,,,,,,,,,,,,,,,,,,,,,,,,,,,,,,,,,,,,,,,,,,,,,,,,,,,,,,,,,,,,,,,,,,,,,,,,,,,,,,,,,,,,,,,,,,,,,,,,,,,,,,,,,,,,,,,,,,,,,,,,,,,,,,,,,,,,,,,,,,,,,,,,,,,,,,,,,,,,,,,,,,,,,,,,,,,,,,,,,,,,,,56.85519709767204
-0.07989949748743719,,,,,,,,,,,,,,,,,,,,,,,,,,,,,,,,,,,,,,,,,,,,,,,,,,,,,,,,,,,,,,,,,,,,,,,,,,,,,,,,,,,,,,,,,,,,,,,,,,,,,,,,,,,,,,,,,,,,,,,,,,,,,,,,,,,,,,,,,,,,,,,,,,,,,,,,,,,,,,,,,,,,,,,,,,,,,,,,,,,,,,,,,,,,48.39237843472714,58.11781378527465,65.25504759021045,71.24642771217638,76.56882429872492,81.44635849179896,86.0043553334139,90.3207667982866,94.44772662526418,98.42199159008727,102.2705402150237,106.01381117769122,109.66769010819043
-0.07889447236180905,,,,,,,,,,,,,,,,,,,,,,,,,,,,,,,,,,,,,,,,,,,,,,,,,,,,,,,,,,,,,,,,,,,,,,,,,,,,,,,,,,,,,,,,,,,,,,,,,,,,,,,,,,,,,,,,,,,,,,,,,,,,,,,,,,,,,,,,,,,,,,,,,,,,,,,,,,,,,,,,,,,,,,,,,,,,,,,37.705124383846595,47.675525755369485,54.453285886403705,60.028360503278634,64.94180976521129,69.42964406691593,73.61846648911046,77.58492709793092,81.37931526267755,85.0365777353184,88.58207287433868,92.03483297960089,95.40953440174103,98.71774850670575,101.96876916651827,105.17017906747412,108.32824857655143,111.44822367878866,114.53453831992583,117.59097395291735,120.62078140758759,123.62677535527455,126.61140849759293,129.57683052381273,132.5249354670939,135.45740011390177
-0.07788944723618091,,,,,,,,,,,,,,,,,,,,,,,,,,,,,,,,,,,,,,,,,,,,,,,,,,,,,,,,,,,,,,,,,,,,,,,,,,,,,,,,,,,,,,,,,,,,,,,,,,,,,,,,,,,,,,,,,,,,,,,,,,,,,,,,,,,,,,,,,,,,,,,,,,,,,,,,,,,,,,,,,28.691803887853037,38.212680608218186,44.29654388236612,49.25008506456257,53.60767516443851,57.59094459904062,61.31563506407995,64.85062636143844,68.24056001832903,71.5161687822606,74.69958510809214,77.80731442496007,80.85201381045557,83.84361253773471,86.79004871004419,89.69777062169894,92.57208825194995,95.41742597909449,98.23750828244829,101.03549882788052,103.81410640374092,106.57566682080231,109.322207079903,112.05549625320133,114.77708627000641,117.48834493392857,120.19048289243537,122.88457584870399,125.57158299398465,128.2523624108768,130.9276840285909,133.59824058478762,136.26465695251548,138.9274981174015,141.5872760337568,144.24445554351888,146.89945950864086,149.55267329161651,152.20444859456612,154.85510701211166
-0.07688442211055277,,,,,,,,,,,,,,,,,,,,,,,,,,,,,,,,,,,,,,,,,,,,,,,,,,,,,,,,,,,,,,,,,,,,,,,,,,,,,,,,,,,,,,,,,,,,,,,,,,,,,,,,,,,,,,,,,,,,,,,,,,,,,,,,,,,,,,,,,,,,,,,,,,26.4305517626179,32.2809146393445,36.7374586869113,40.57376974920412,44.0505256310262,47.29113394460643,50.364812302668604,53.31464669493518,56.169431411116484,58.94943002857553,61.66947421614227,64.34076019445246,66.97195268132803,69.56989572780965,72.14008832284135,74.68701298031847,77.21436902014248,79.72524211078908,82.22223002252096,84.70753758238102,87.18304951587649,89.65038711740085,92.11095289997544,94.56596617622856,97.01649170707672,99.46346298600608,101.9077013266119,104.34993163345652,106.79079552730859,109.23086234190228,111.67063839461458,114.11057484706745,116.55107440586998,118.99249706320623,121.43516503784771,123.87936704649469,126.3253620114311,128.7733822912008,131.22363650588417,133.67631201626338,136.13157710626783,138.58958291003293,141.05046511833413,143.5143454937766,145.9813332193896,148.45152610257904,150.9250116511389,153.40186803838918,155.88216496974266,158.36596446263033,160.8533215496906,163.34428491389178,165.8388974631208,168.33719685083432,170.83921594860013
-0.07587939698492463,,,,,,,,,,,,,,,,,,,,,,,,,,,,,,,,,,,,,,,,,,,,,,,,,,,,,,,,,,,,,,,,,,,,,,,,,,,,,,,,,,,,,,,,,,,,,,,,,,,,,,,,,,,,,,,,,,,,,,,,,,,,,,,12.741367420486982,19.590882838862456,23.50689871276869,26.69920623632783,29.538567382601542,32.16749732751289,34.65753433047089,37.05015906426087,39.37173542955786,41.64012362804892,43.86800472425923,46.0647120360054,48.237312295884664,50.391279587244526,52.53093430583415,54.65973963443327,56.78050797865379,58.89554849230218,61.00677489408014,63.115785819283865,65.22392574176011,67.33233187403955,69.44197076765482,71.55366722698761,73.66812740424207,75.78595743227086,77.90767859512412,80.03373978303473,82.16452779684468,84.30037593301304,86.44157118328431,88.58836030877823,90.74095499328243,92.89953623809176,95.0642581282224,97.23525107447624,99.41262461617953,101.59646985362737,103.78686156702655,105.98386006873253,108.18751282762538,110.39785589801579,112.61491518020071,114.83870753554525,117.06924177530522,119.3065195397146,121.5505360810388,123.80128096282726,126.05873868536638,128.32288924624152,130.59370864359664,132.87116932868975,135.15524061346252,137.44588903812294,139.74307870309582,142.04677156915866,144.35692772912046,146.67350565399323,148.99646241627102,151.32575389246514,153.66133494753777,156.00315960180478,158.35118118341865,160.70535246678048,163.06562579860136,165.4319532126802,167.8042865344232,170.18257747602735,172.56677772315578,174.95683901384993,177.35271321034494,179.75435236439924,182.1617087766835,184.57473505072448
-0.07487437185929649,,,,,,,,,,,,,,,,,,,,,,,,,,,,,,,,,,,,,,,,,,,,,,,,,,,,,,,,,,,,,,,,,,,,,,,,,,,,,,,,,,,,,,,,,,,,,,,,,,,,,,,8.691454278441212,11.222156004444114,13.212962807119052,14.987596349222263,16.647996460902093,18.24090522810976,19.791964656456383,21.3168425816419,22.82582934831614,24.32604125057101,25.822592207076188,27.319266698478014,28.818930046650774,30.323790794553652,31.83557520029265,33.35564714087126,34.8850928228566,36.42478207526922,37.97541362873066,39.53754918016197,41.11163943760454,42.698044322283664,44.29704884233296,45.90887571215036,47.53369549125704,49.17163480923071,50.82278309712141,52.48719814135508,54.16491070026039,55.85592836810854,57.5602388296242,59.27781261753087,61.008605461642254,62.75256030021592,64.50960901015267,66.27967390202139,68.06266901679575,69.85850125522103,71.66707136456502,73.48827480367474,75.32200250359233,77.16814153819115,79.02657571697362,80.89718611029376,82.77985151570077,84.67444887279282,86.58085363293003,88.49894008921532,90.42858167142798,92.36965120999159,94.32202117222307,96.28556387457651,98.26015167252984,100.2456571313776,102.2419531794391,104.24891324564655,106.26641138307659,108.29432237982091,110.33252185844664,112.38088636514325,114.43929344954137,116.50762173609967,118.58575098779126,120.67356216287698,122.7709374653242,124.87776038947591,126.99391575947654,129.11928976391386,131.25376998609818,133.39724543036,135.54960654470167,137.71074524012408,139.88055490697684,142.05893042817084,144.24576819056517,146.4409660932204,148.64442355398018,150.85604151395768,153.0757224402395,155.30337032689224,157.53889069444068,159.78219058832107,162.03317857527088,164.29176473933498,166.5578606764131,168.83137948789403,171.11223577339513,173.40034562266624,175.69562660673697,177.99799776836716,180.30737961185596,182.623694092266,184.9468646041103,187.27681596954574,189.61347442611344,191.95676761407003,194.3066245633347,196.66297568009333
-0.07386934673366835,,,,,3.4683128589486036e-20,6.764671727334226e-16,4.901537913990458e-13,5.410665437671851e-11,1.8426354255302637e-09,2.8651130742403588e-08,2.573378371335276e-07,1.550697200609656e-06,6.927020398492628e-06,2.4578927909435518e-05,7.277892286740287e-05,0.0001864615485061177,0.00042471733925087855,0.0008781134184610113,0.0016747545231598877,0.002984254599409162,0.005019172323913635,0.00803385405681921,0.012320938358893673,0.018205980770688277,0.026040751706114723,0.03619576822962037,0.04905256831400634,0.0649961501565472,0.0844078999473515,0.10765923361465876,0.13510609033858703,0.1670843424146116,0.2039061286264524,0.2458570759568214,0.2931943454363288,0.3461454200778231,0.4049075456268784,0.46964774871094184,0.5405034345924576,0.617583774870226,0.7009724164474148,0.7907322600977592,0.8869128758102608,0.9895604821439234,1.0987296117353906,1.2144950356124145,1.3369624609321966,1.4662768933728347,1.6026281323141396,1.746253407518714,1.8974375349278303,2.0565111411709514,2.2238475239301176,2.399858641780165,2.584990617436339,2.7797190285420963,2.984544168215464,3.199986389165775,3.4265815987887733,3.664876943823341,3.9154267068686885,4.178788428881158,4.455519268214452,4.746172605498295,5.051294902971802,5.371422826082841,5.707080633696575,6.058777841099514,6.427007157271866,6.812242694738417,7.214938447064546,7.635527025853744,8.074418646181067,8.532000346879915,9.008635430079202,9.504663102911547,10.020398303360102,10.556131691793478,11.112129789723573,11.688635247747596,12.285867225291199,12.90402186579271,13.543272851970615,14.20377202711589,14.885650069573277,15.589017208860882,16.313963973136207,17.060561958906806,17.828864615028596,18.61890803408335,19.430711745196653,20.26427950324292,21.11960007015096,21.99664798477364,22.895384318365966,23.81575741328031,24.75770360298435,25.72114791189897,26.70600473392849,27.712178488885893,28.73956425615926,29.788048385474568,30.857509084412264,31.94781698282653,33.05883567427376,34.19042223472146,35.34242771889266,36.514697634675265,37.70707239606816,38.91938775527497,40.151475214323405,41.403162417094556,42.67427352211181,43.96462955686917,45.27404875428579,46.60234687193107,47.94933749465615,49.31483232128627,50.69864143586216,52.100573564396605,53.5204363172201,54.95803641798861,56.41317991965694,57.8856724080663,59.375319193663046,60.881925491902805,62.405296592823724,63.94523802029937,65.50155568143994,67.07405600660894,68.66254608049344,70.26683376465803,71.88672781199391,73.52203797345469,75.17257509746361,76.8381512223504,78.51857966217219,80.21367508628877,81.92325359281037,83.6471327766807,85.38513179213183,87.13707141018467,88.90277407130797,90.68206393352597,92.47476691620939,94.28071073979275,96.09972496163574,97.93164100824227,99.77629220404155,101.6335137969246,103.50314298071702,105.38501891476992,107.2789827408281,109.18487759734326,111.10254863137551,113.0318430082249,114.97260991896704,116.92470058593058,118.88796826642006,120.86226825435459,122.84745788089216,124.84339651281147,126.84994554988796,128.86696842079425,130.89433057775136,132.9318994900162,134.97954463627363,137.03713749602045,139.10455154000292,141.1816622197808,143.26834695648296,145.3644851288113,147.4699580603498,149.58464900623724,151.70844313924886,153.84122753533333,155.98289115865703,158.13332484618476,160.29242129185027,162.46007503034033,164.63618242053283,166.82064162862147,169.01335261095068,171.2142170965977,173.4231385697161,175.64002225167508,177.86477508300953,180.0973057052046,182.33752444233502,184.58534328257082,186.8406758595743,189.10343743379525,191.373544873683,193.6509166368269,195.93547275103924,198.22713479538325,200.52582588116772,202.83147063290866,205.14399516927344,207.46332708400513
-0.07286432160804021,,,,,4.28100162771781e-20,9.56859204141264e-16,7.592470898226929e-13,8.942925934882217e-11,3.1974370827468355e-09,5.163469681205903e-08,4.780279940936962e-07,2.952810860812071e-06,1.3465450227161324e-05,4.8620988290781154e-05,0.00014614000838993632,0.00037930487766501045,0.000873836768679726,0.001824870202439368,0.0035115602688662933,0.006307326465972421,0.010684543612976428,0.01721335897967156,0.02655505013921377,0.03945084603729471,0.05670740193716953,0.0791801837560464,0.10775593560898993,0.14333523354267638,0.18681591653458687,0.23907796794461927,0.3009702193137024,0.37329907601724444,0.4568193255925891,0.5522269843892958,0.6601540635058136,0.7811650859701006,0.9157551596012067,1.0643493978685532,1.2273034816901585,1.4049051635751388,1.59737652968616,1.8048768527561974,2.0275058880257264,2.2653074857612694,2.518273421636685,2.7863473894357753,3.069429168316245,3.3673790652694118,3.6800228151068346,4.007157152495067,4.348556219261828,4.7039788350965495,5.073176477126445,5.455901639803071,5.851916131119334,6.2609988304379165,6.682952484835324,7.117609231752219,7.564834674291171,8.024530472124503,8.496635525328267,8.98112590979581,9.47801377006895,9.987345392637373,10.509198677309385,11.043680203844778,11.590922062594533,12.151078586531694,12.724323091608444,13.310844704845568,13.910845336106334,14.52453683036838,15.152138322284674,15.793873803450019,16.449969904470095,17.12065388809342,17.80615184575816,18.50668708745427,19.22247871343082,19.95374035566705,20.700679076942752,21.46349441560374,22.242377564595177,23.037510673928555,23.849066266383673,24.677206756953648,25.522084067098962,26.38383932562179,27.262602648364055,28.158492989667902,29.071618058868555,30.00207429562207,30.949946898266912,31.915309899802796,32.89822628643472,33.8987481539647,34.916916897627196,35.952763431265794,37.00630843203007,38.077562607039596,39.166526978721706,40.273193185772435,41.39754379692563,42.53955263491876,43.699185108389095,44.876398549262696,46.071142554023815,47.28335932676241,48.51298402254126,49.75994508958384,51.024164608990226,52.30555863083273,53.60403750561487,54.91950621020756,56.251864667495795,57.60100805907541,58.96682713044399,60.34920848822322,61.74803488903067,63.16318551973392,64.59453626866647,66.04195998812742,67.50532674736165,68.98450407653476,70.47935720005867,71.98974926897232,73.51554156355054,75.05659371440379,76.61276389402201,78.1839090078148,79.76988487517846,81.3705464021539,82.98574774587259,84.61534247100222,86.25918369841182,87.91712424628224,89.58901676389867,91.27471385835359,92.97406821440711,94.68693270773643,96.41316051181748,98.15260519867408,99.90512083372982,101.67056206499488,103.448784206817,105.23964331841873,107.04299627744159,108.85870084871286,110.68661574844162,112.52660070404968,114.37851650982974,116.24222507863328,118.11758948976194,120.00447403331,121.9027442507652,123.81226697296349,125.73291035425314,127.66454390410378,129.60703851579788,131.56026649246397,133.5241015705854,135.4984189411163,137.48309526832827,139.47800870650832,141.48303891462686,143.49806706908154,145.5229758746233,147.557649573568,149.60197395338406,151.65583635275112,153.71912566614432,155.7917323472763,157.87354841060244,159.96446743264264,162.06438455129418,164.17319646440208,166.29080142734972,168.41709924964377,170.55199129061492,172.69538045428334,174.8471711834367,177.00726945297228,179.17558276253885,181.352020128536,183.5364920754976,185.72891062690402,187.92918929546005,190.1372430728675,192.3529884191295,194.57634325141387,196.80722693250343,199.0455602588623,201.29126544834236,203.54426612755066,205.80448731890675,208.0718554274036,210.34629822709834,212.62774484734746,214.91612575880382,217.2113727591983
-0.07185929648241207,,,,,2.8863462445791995e-20,7.421308426176151e-16,6.464999813117086e-13,8.140131096604895e-11,3.059697989870962e-09,5.137067149786118e-08,4.906192541358164e-07,3.1087570232676483e-06,1.4480668306022771e-05,5.323412879752827e-05,0.00016248753376233596,0.00042739813576701607,0.0009961933262796737,0.0021019290074971815,0.004081896313108646,0.007392042037485172,0.012614691711510351,0.020458930620628736,0.03175394857348184,0.04743634915149064,0.06853282751459923,0.09613976406821617,0.13140122769142246,0.1754867014246956,0.22956959649283556,0.29480735416190773,0.37232368056747206,0.4631932358932537,0.5684289146515469,0.6889717100376723,0.8256830498456155,0.9793394194117298,1.150629042724612,1.3401503704295763,1.5484121176023617,1.7758346002894967,2.022752134080409,2.2894162773628253,2.5759997240893187,2.8826006741221684,3.209247532309483,3.5559038097364666,3.9224731222178324,4.308804204030195,4.7146958816990265,5.139901992358634,5.584136272001104,6.047077295211823,6.528373578779307,7.027648971449228,7.5445084189404605,8.078544124691186,8.629342037819669,9.196488510045427,9.779576902879995,10.378213883459562,10.992025167622453,11.62066049573756,12.263797692176247,12.921145726576228,13.592446762550981,14.27747723731652,14.976048059708543,15.688004042975939,16.413222703538285,17.15161255997058,17.903111060635673,18.66768225670211,19.445314322152168,20.236017005928446,21.039819085038612,21.856765872219498,22.686916818227274,23.530343237196753,24.38712617395007,25.257354424221095,26.141122712845405,27.038530030172314,27.94967812359896,28.874670138662566,29.813609402494063,30.766598341415975,31.733737523827383,32.71512481958616,33.710854666770544,34.7210174372044,35.74569889250718,36.78497972267929,37.83893515985694,38.907634660310634,39.99114164826111,41.08951331556957,42.20280047179812,43.33104743969429,44.474291991244996,45.63256532030456,46.80589204771126,47.994290255387,49.19777154613227,50.41634112611563,51.649997907311885,52.898734627377415,54.16253798466548,55.44138878628049,56.73526210725081,58.044127459075646,59.367948966042064,60.70668554786128,62.06029110730206,63.428714721619784,64.81190083669316,66.20978946288359,67.62231637173127,69.04941329497056,70.49100810920538,71.94702505334084,73.41738489880449,74.90200515127317,76.40080206859669,77.9136816825469,79.44055830496528,80.98133637946476,82.53591981698997,84.10421033189859,85.68610760610606,87.28150944862561,88.890311950398,90.51240963433305,92.14769560050708,93.79606166648757,95.45739850277187,97.13159576334908,98.8185422114071,100.51812584022349,102.23023398929233,103.95475345574646,105.69157060114914,107.44057145373624,109.20164180619473,110.97466730907584,112.75953355993134,114.5561261882986,116.36433093661746,118.18403373720304,120.015120785385,121.85747860892334,123.71099413381742,125.57555474662438,127.45104835339639,129.337363435358,131.23438910143022,133.14201513771772,135.06013205406728,136.98863112780737,138.9274044447756,140.8763449377372,142.8353464223006,144.80430363042535,146.7831122416231,148.77166891194543,150.76987130085166,152.777618096043,154.794809036354,156.82134493286136,158.85712768781883,160.90206031267843,162.95604694371247,165.01899285641375,167.09080447842896,169.1713894010126,171.26065638914702,173.35851539037304,175.46487754239018,177.5796551794879,179.70276183785765,181.83411225984173,183.97362239716793,186.12120941321962,188.27679168438434,190.44028880052804,192.61162156463507,194.79071199165668,196.97748330660295,199.17185994191684,201.3737675341667,203.5831329200878,205.79988413200692,208.02395039268183,210.2552621095787,212.49375086862608,214.73934942745743,216.9919917081851,219.25161278971498,221.51814889962904,223.7915374056774,226.07171680684024
-0.07085427135678392,,,,,1.7004209992159437e-20,5.049444203884771e-16,4.842113772996108e-13,6.529591291605097e-11,2.5838913891902337e-09,4.515307615956708e-08,4.452642360299072e-07,2.89623403813826e-06,1.3788388758063694e-05,5.163390187073476e-05,0.00016011758234247745,0.00042698166427794753,0.0010072404356005424,0.002147866107046404,0.0042105584096123645,0.007689539753840946,0.013222236827558609,0.021591858852035545,0.033721963306914085,0.0506639333383856,0.07357881424074765,0.10371518713271342,0.14238475666519326,0.19093716976586303,0.2507353323386889,0.3231322049937462,0.40944977583448994,0.5109606521203846,0.6288724957662991,0.7643153543560017,0.9183318084596693,1.0918697632474104,1.2857776518942943,1.5008017839013894,1.737585557338534,1.996670254906522,2.278497155205249,2.583410709086109,2.911662553640803,3.2634161610942147,3.638751945057753,4.037672671190429,4.460109042509184,4.905925351128101,5.3749251080017775,5.8668565812761475,6.381418193655793,6.918263752503174,7.477007514551721,8.05722911904602,8.658478452920646,9.280280531258185,9.92214047690444,10.583548661683333,11.263986030034381,11.962929572714735,12.679857864625681,13.414256537496488,14.16562353261662,14.93347397390358,15.717344516195727,16.51679705281229,17.3314217049901,18.160839056796412,19.004701638329706,19.86269469335803,20.73453629327732,21.619976876649176,22.51879830329704,23.43081251474744,24.355859890376436,25.293807382526452,26.24454650506247,27.20799123997133,28.184075916167373,29.17275310485952,30.173991566060888,31.187774272957906,32.214096533231434,33.25296422045478,34.304392123582495,35.36840241846681,36.44502326212526,37.53428750802435,38.636231538814684,39.75089421162849,40.87831591028358,42.01853769788165,43.171600563511745,44.33754475616272,45.51640919937579,46.708230980192226,47.91304490624253,49.13088312512568,50.361774800557804,51.60574584012282,52.8628186698069,54.13301205084844,55.41634093477876,56.71281635282481,58.022445336213245,59.34523086411916,60.68117183634449,62.03026306802412,63.39249530393088,64.76785524994568,66.15632562012284,67.55788519681985,68.97250890271854,70.40016788296596,71.84082959606198,73.2944579122217,74.76101321805076,76.24045252648399,77.73272959102898,79.2377950234575,80.75559641416127,82.28607845447235,83.82918306031193,85.38484949660074,86.95301450191823,88.53361241295707,90.12657528836216,91.73183303159377,93.34931351249527,94.97894268728109,96.62064471669751,98.2743420821411,99.93995569954784,101.61740503089138,103.3066081931571,105.00748206467557,106.71994238872361,108.44390387431618,110.17928029414273,111.92598457955981,113.68392891269649,115.45302481555909,117.23318323619259,119.02431463187776,120.82632904938288,122.63913620229047,124.46264554542256,126.29676634640421,128.14140775440043,129.99647886607224,131.8618887887998,133.73754670122491,135.6233619111648,137.51924391095972,139.42510243030773,141.3408474866512,143.26638943317687,145.20163900448935,147.1465073600265,149.10090612527753,151.06474743086588,153.0379439495674,155.0204089313182,157.01205623626933,159.01280036603572,161.02255649297146,163.04124048784269,165.06876894572207,167.1050592103452,169.15002939646226,171.20359841149795,173.26568597490595,175.3362126365163,177.41509979343516,179.5022697056241,181.59764551021289,183.70115123458933,185.81271180830137,187.93225307385748,190.05970179641523,192.19498567243403,194.3380333373201,196.48877437210848,198.6471393092147,200.81305963729727,202.9864678052646,205.1672972254591,207.35548227605503,209.5509583026978,211.75366161941886,213.9635295088538,216.1805002217941,218.4045129760972,220.63550795499586,222.87342630477613,225.11821013196982,227.36980249993778,229.62814742497062,231.89318987189526,234.16487574919898
-0.06984924623115578,,,,,9.324163063033549e-21,3.211087857390331e-16,3.398967984198481e-13,4.918621691153923e-11,2.052181087033268e-09,3.736846138199594e-08,3.808349915322353e-07,2.5447998585889707e-06,1.2390370352281921e-05,4.72885917714083e-05,0.00014905016501889044,0.00040311757291271476,0.0009627612259207429,0.0020755091140542076,0.004108311442030123,0.007568110628760258,0.01311532851486627,0.02156894028246815,0.033902956064086304,0.05123506636958569,0.07480883555391561,0.10597114797013447,0.14614667577375337,0.1968110174966664,0.25946392375525246,0.33560374037124063,0.4267039038014709,0.5341920480879594,0.6594320429907456,0.8037090866576065,0.9682178237945924,1.1540533486229487,1.3622048756281544,1.593551814129779,1.8488619589631636,2.1287915034983924,2.433886588011908,2.764586112069459,3.1212255608687505,3.5040416199458844,3.9131773783988884,4.348687946497146,4.81054633826006,5.29864949273416,5.812824328913052,6.352833748375576,6.918382517014189,7.509122973170695,8.124660525465842,8.76455892085317,9.428345283432645,10.115514946592883,10.825536122615823,11.557854470090277,12.311897625550873,13.087079758081407,13.882806184312253,14.698478049491607,15.533497044191463,16.387270091968627,17.25921391713752,18.148759388648443,19.055355528568413,19.97847309500224,20.917607653822866,21.872282089683473,22.842048527845684,23.826489665881887,24.825219537145514,25.837883746335834,26.864159230952968,27.903753611140267,28.95640419405881,30.02187669958963,31.09996377113204,32.19048333064018,33.293276830856136,34.40820745088008,35.5351582742013,36.67403048148239,37.82474158400027,38.98722371783618,40.16142201392249,41.34729305439756,42.54480342237501,43.75392834887954,44.97465045839057,46.206958612437255,47.45084684919247,48.7063134158871,49.973359890063115,51.25199038513084,52.542210835359974,53.84402835525752,55.15745066824961,56.48248559964712,57.81914062884571,59.1674224964419,60.527336861142345,61.89888800274566,63.282078566886625,64.67690934787237,66.08337910609455,67.50148441676906,68.93121954699316,70.3725763583449,71.8255442324692,73.29011001730132,74.76625799177408,76.25396984703728,77.75322468238191,79.26399901422458,80.78626679664512,82.31999945210745,83.86516591111534,85.42173265966454,86.98966379346265,88.56892107797322,90.15946401343798,91.76124990410196,93.37423393094447,94.99836922728497,96.6336069566903,98.27989639267116,99.9371849997031,101.60541851515494,103.28454103174978,104.97449508022667,106.67522171189687,108.38666058084597,110.10875002550415,111.84142714943238,113.5846279010999,115.33828715249493,117.10233877644069,118.87671572248705,120.66135009127235,122.45617320726848,124.26111568983261,126.076107522503,127.9010781204871,129.73595639630759,131.58067082356783,133.43514949882112,135.29932020152754,137.17311045209127,139.05644756797744,140.94925871791543,142.85147097419568,144.76301136307603,146.68380691331544,148.6137847028571,150.55287190368435,152.50099582488025,154.45808395390472,156.42406399615848,158.39886391281652,160.38241195700277,162.3746367083278,164.37546710582498,166.38483247932444,168.40266257930364,170.4288876052484,172.46343823256478,174.50624563807924,176.5572415241649,178.61635814153047,180.68352831071167,182.75868544229883,184.84176355593883,186.93269729815,189.0314219589791,191.13787348754215,193.2519885064795,195.37370432536034,197.50295895306704,199.63969110919808,201.78384023451238,203.93534650045413,206.09415081778238,208.2601948443404,210.4334209919871,212.61377243272526,214.8011931040475,216.99562771365498,219.1970217428706,221.40532145046762,223.62047387475133,225.8424268354888,228.0711289351311,230.30652955942435,232.54857887743614,234.79722784102333,237.0524281837574,239.3141324193335,241.58229383947514
-0.06884422110552764,,,,,4.861050138701636e-21,1.9498743373820299e-16,2.2848497095430536e-13,3.555445928671766e-11,1.5664675685766006e-09,2.975838313219792e-08,3.1373261494873397e-07,2.155356120755512e-06,1.0739527563466635e-05,4.1797358265726215e-05,0.0001339687165402048,0.00036762978023612626,0.000889236051364296,0.001938622622844985,0.003875797007321726,0.007203747477704435,0.01258450658259719,0.020846820944183667,0.032984953498811316,0.050149148665603556,0.07362900745613017,0.10483142681832126,0.1452548942335434,0.19646186106330832,0.2600507172527027,0.33762861801061755,0.4307861181043652,0.5410742846518958,0.6699847049962786,0.8189325924929953,0.989243022745273,1.1821402042016436,1.398739595684077,1.640042623633953,1.906933717714232,2.200179369211671,2.5204289173923504,2.8682167803483005,3.2439658653336467,3.6479919164684236,4.0805085827863365,4.541633015344622,5.031391827427904,5.549727275940026,6.096503544427404,6.671513028545139,7.2744825430369815,7.905079385543555,8.562917206866066,9.247561651393555,9.958535741346841,10.69532499789994,11.457382300120962,12.24413250450936,13.054976860714058,13.889297271903537,14.74646045354429,15.625822041031313,16.52673068384583,17.44853214057121,18.390573374795057,19.352206605177305,20.33279326871252,21.331707819737307,22.348341291593695,23.382104546481276,24.43243114839611,25.4987798083221,26.580636368233687,27.677515309080107,28.78896078548836,29.914547205739893,31.053879388238162,32.20659233520787,33.37235067053787,34.55084779186413,35.74180478757162,36.94496916791446,38.16011345640012,39.387033683569875,40.625547820433596,41.87549418403602,43.13672984247529,44.409129042001695,45.692581674360795,46.986991798534255,48.2922762274888,49.60836318747453,50.935191054807284,52.27270717292453,53.62086675055387,54.979631840944684,56.34897040004332,57.728855421714094,59.11926414670345,60.52017734195503,61.93157864650958,63.35345398006085,64.78579101018207,66.2285786742439,67.68180675211879,69.14546548588052,70.61954524285754,72.10403621856327,73.59892817621578,75.10421021974537,76.61987059738294,78.14589653311708,79.68227408349145,81.22898801740162,82.78602171672001,84.35335709574802,85.93097453764918,87.51885284616638,89.11696921106397,90.72529918586501,92.34381667657357,93.97249394018557,95.61130159189112,97.26020861997135,98.91918240747555,100.58818875984979,102.26719193776127,103.95615469442926,105.65503831683814,107.36380267027322,109.08240624564235,110.81080620914881,112.54895845388276,114.29681765292942,116.05433731368454,117.82146983304591,119.59816655321148,121.38437781783243,123.18005302829859,124.98514069995316,126.79958851806687,128.62334339340222,130.45635151723718,132.29855841986773,134.1499090034552,136.01034763619475,137.87981816260975,139.75826397501143,141.64562805899752,143.54185304195883,145.44688124040604,147.3606547061568,149.28311527090685,151.21420459023918,153.15386418579666,155.10203548615027,157.05865986668212,159.02367868796478,160.9970333328775,162.9786652424264,164.96851595026806,166.9665271159566,168.97264055691446,170.9867982791492,173.00894250673124,175.03901571004133,177.07696063281844,179.12272031801842,181.17623813250628,183.23745779060653,185.3063233765267,187.3827793656866,189.46677064496475,191.55824253189266,193.65714079282048,195.76341166007413,197.87700184812766,199.99785856881948,202.1259295456305,204.26116302705017,206.4035077990558,208.5529131967245,210.70932911500097,212.87270601866646,215.0429949514608,217.22014754449216,219.40411602385637,221.5948532175316,223.7923125615814,225.9964481056462,228.20721451778434,230.4245670886626,232.64846173512032,234.87885500312922,237.11570407016487,239.35896674701283,241.60860147902247,243.86456734683586,246.12682406659974,248.39533198968402
-0.0678391959798995,,,,,2.4321159124598663e-21,1.1414515477785307e-16,1.485159016120188e-13,2.4904854538663824e-11,1.1605592023556966e-09,2.303025503729353e-08,2.514223640574449e-07,1.777307900716355e-06,9.069046799386045e-06,3.601375991943811e-05,0.00011744030479711882,0.00032712925183804673,0.0008016943349641433,0.0017680701500235917,0.003571285238320977,0.006699001987068652,0.011799867149803793,0.019693741048614384,0.03137303259457448,0.04799541051798921,0.07086894807478913,0.10143124593851628,0.14122428918405694,0.19186678677355437,0.2550255834494934,0.3323874872517679,0.42563257174550523,0.5364097271586046,0.6663149726488368,0.8168728159710535,0.9895207621504414,1.1855969293810278,1.4063306249904748,1.6528356619527385,1.9261061514932398,2.227014484252613,2.556311206136704,2.9146265009767984,3.3024730066895267,3.7202497118356166,4.1682467028944075,4.646650557486876,5.155550203849264,5.69494309116046,6.264741538246144,6.86477914934799,7.4948172048067185,8.154550951720777,8.843615734718822,9.561592920361974,10.30801558041968,11.0823739100314,11.884120367188899,12.712674530843126,13.567427686632024,14.447747161361018,15.352980438863124,16.282459098767962,17.235502620728568,18.21142210483752,19.209523928618673,20.229113373289003,21.26949821252689,22.329992249115396,23.40991876491454,24.50861383756542,25.625429469979284,26.759736477533046,27.910927081596785,29.07841716676861,30.261648170276445,31.460088585110817,32.67323507158808,33.90061318440947,35.14177773303781,36.39631280188292,37.66383146318335,38.94397521970931,40.236413216319164,41.54084126007545,42.85698068715855,44.184577112895916,45.52339909814174,46.87323676184667,48.233900365981,49.6052188952676,50.98703865060116,52.37922187147301,53.78164540008349,55.19419939621055,56.616786110337344,58.04931871975385,59.49172023085829,60.94392244926338,62.40586501809138,63.877494523833626,65.3587636683572,66.84963050503542,68.35005773652183,69.86001207136641,71.37946363645746,72.9083854421514,74.4467528968932,75.99454336814213,77.55173578645753,79.11831028969102,80.69424790433065,82.27953026117223,83.87413934262995,85.47805725914455,87.09126605228874,88.71374752232656,90.34548307812315,91.98645360744872,93.63663936585428,95.29601988243176,96.96457388089783,98.64227921455635,100.32911281380936,102.02505064499198,103.73006767940186,105.44413787149779,107.16723414529069,108.8993283881023,110.64039145084892,112.39039315415725,114.14930229961799,115.91708668559097,117.69371312705833,119.47914747866564,121.27335466137617,123.0762986911458,124.88794271011596,126.70824901963603,128.5371791148361,130.37469372434714,132.2207528279767,134.07531573286084,135.93834107329033,137.80978686862537,139.68961055836618,141.5777690411497,143.47421871368735,145.37891550952662,147.29181493752563,149.2128721199454,151.14204183004625,153.07927852927585,155.02453640358223,156.977769399326,158.9389312583415,160.9079755522677,162.88485571607984,164.86952508079463,166.8619369053205,168.8620444074342,170.8698007938619,172.88515928945907,174.90807316547054,176.9384957668706,178.9763805387758,181.02168105193164,183.0743510272709,185.13434435954915,187.20161514006205,189.27611767844752,191.35780652358622,193.44663648360495,195.542562644994,197.64554039085144,199.75552541826713,201.87247375485214,203.9963417744403,206.12708621196194,208.26466417751354,210.40903316964642,212.5601510878473,214.7179762442997,216.88246737487722,219.05358364940372,221.23128468122894,223.41553053607754,225.60628174023452,227.80349928806936,230.00714464890865,232.21717977328265,234.43356709855823,236.65626955397292,238.88525056509243,241.12047405770025,243.36190446113966,245.60950671112647,247.86324625203912,250.1230890387132,252.3890015377478,254.66095072833943
-0.06683417085427136,,,,,1.1732490620789289e-21,6.473082546974953e-17,9.381200796125443e-14,1.6991071959357294e-11,8.388658983236469e-10,1.7411542306872288e-08,1.9703936742619323e-07,1.4344456000212936e-06,7.5011292334879e-06,3.041162225759233e-05,0.00010095034825734191,0.0002855619184758321,0.0007093224440290851,0.001583068300032347,0.0032315884937590745,0.0061194117314453105,0.0108711111014531,0.01828395606105238,0.02933185120672317,0.045160555240028176,0.06707501150055925,0.09652017932816721,0.13505703951911555,0.1843355037138008,0.24606584881179694,0.32199008488361336,0.4138544005128596,0.5233835523195257,0.6522578022759362,0.8020927733012747,0.9744223982304762,1.1706849814807632,1.3922122747029912,1.6402213833479125,1.9158092653504422,2.2199495507553055,2.5534913970527917,2.9171600947828593,3.311559147773461,3.7371735689712398,4.194374153812761,4.683422516304671,5.204476697150677,5.7575971771705605,6.342753152213081,6.959828947260097,7.608630467191262,8.288891599477262,9.000280500048804,9.742405707575116,10.514822043636043,11.317036267009653,12.148512459666481,13.008677130780777,13.896924033624478,14.812618697674948,15.755102691994463,16.72369763594911,17.717708993346047,18.73642968274369,19.77914354381181,20.845128696051077,21.933660819437332,23.044016375571026,24.175475774472204,25.327326477905896,26.49886601726182,27.689404893478557,28.89826932027071,30.12480376927847,31.36837327750531,32.62836548238742,33.90419235740157,35.195291630249756,36.5011278753973,37.82119328226138,39.155008109095185,40.50212083985475,41.862108067372866,43.23457413023684,44.61915053350259,46.01549518459347,47.423291475744996,48.842247243385664,50.27209363313371,51.71258389667647,53.16349214457309,54.6246120756529,56.095755701426384,57.57675208081774,59.06744607804882,60.56769715405801,62.0773781996383,63.59637441652248,65.12458225093383,66.6619083826366,68.20826877127045,69.76358776070175,71.32779724126199,72.90083586905142,74.48264834092998,76.07318472340043,77.67239983326922,79.2802526677485,80.89670588151495,82.52172530815714,84.15527952340814,85.79733944756936,87.44787798457205,89.10686969518517,90.77429050196481,92.450117423636,94.13432833670441,95.82690176220733,97.52781667563028,99.23705233817861,100.95458814736266,102.6804035060077,104.414477707193,106.15678983438792,107.9073186752621,109.66604264793162,111.43293973853584,113.20798744909027,114.99116275466487,116.78244206899201,118.58180121768811,120.38921541833622,122.20465926673688,124.02810672869496,125.85953113675751,127.698905191371,129.54620096596878,131.40138991553968,133.26444288827207,135.13533013790976,137.01402135039413,138.90048564273656,140.79469160341452,142.696607304455,144.60620032671713,146.5234377842487,148.44828634950468,150.38071227925587,152.32068144103178,154.26815933994558,156.22311114577852,158.18550172020443,160.15529564404747,162.13245724447899,164.11695062207028,166.10873967762333,168.10778813871138,170.11405958587284,172.12751747839312,174.14812517964884,176.17584598195322,178.21064313087368,180.25247984899048,182.30131935907005,184.3571249066263,186.41985978185477,188.48948734092053,190.56597102658677,192.64927438817486,194.73936110084753,196.83619498420762,198.93974002021267,201.04996037039712,203.16682039240965,205.2902846558585,207.4203179574867,209.55688533552774,211.69995208395045,213.84948376496337,216.00544622190802,218.1678055909683,220.3365283123577,222.5115811408439,224.69293115566407,226.88054576981335,229.07439273873254,231.27444016839812,233.4806565228274,235.6930106310123,237.91147169329207,240.1360092871777,242.3665933726404,244.603194296876,246.84578279855936,249.0943300115959,251.34880746839565,253.60918710266432,255.87544125173926,258.1475426584772,260.42546447270405
-0.06582914572864322,,,,,5.469864319742544e-22,3.565251484169291e-17,5.774298707331343e-14,1.132229070573754e-11,5.932812084033263e-10,1.289776247784833e-08,1.514667826345829e-07,1.136608200598155e-06,6.095676896618642e-06,2.524736114170958e-05,8.535706363693866e-05,0.00024531634053134746,0.0006178778293568114,0.0013959875802500282,0.0028809087538852435,0.005508795051624912,0.009872588057462002,0.01673688074117953,0.027044422271701677,0.04191397779403997,0.06263012598690706,0.09062619352764764,0.12746187769561587,0.17479722996536723,0.23436461917810192,0.30794012099064655,0.3973155426222365,0.5042720293613911,0.6305559410112129,0.7778574510393086,0.9477921187789383,1.1418855194795656,1.3615608879822474,1.608129636343436,1.8827845395360192,2.1865953415669557,2.5205065121883123,2.885336877369684,3.2817808510373228,3.710411007929013,4.1716817551267225,4.665933880783592,5.193399781148133,5.754209189954367,6.348395256744324,6.975900842100294,7.636584917727516,8.330228977540079,9.056543382398411,9.815173575774676,10.60570612047179,11.427674517865189,12.280564780741592,13.163820739388136,14.076849068019728,15.019024025656453,15.98969191226758,16.988175248179783,18.01377669179582,19.065782717819324,20.14346708420935,21.246094120203512,22.372921868958795,23.52320511610053,24.6961983297635,25.891158528967136,27.10734808692181,28.34403746457301,29.600507859733288,30.876053748745406,32.16998529207068,33.48163057261572,34.810337636043606,36.155476305381676,37.51643974735801,38.89264577447321,40.283537873945455,41.68858596213386,43.107286869819596,44.53916456990351,45.98377016411084,47.44068164920255,48.90950348593794,50.38986599548741,51.88142460908316,53.38385899560689,54.89687209187797,56.420189058230406,57.953556180495994,59.496739737393554,61.04952485015518,62.61171432904009,64.18312752925107,65.76359922672974,67.35297852241595,68.951127781824,70.55792161523812,72.17324590245556,73.79699686481105,75.42908018619134,77.06941018387727,78.71790902933093,80.37450601844841,82.03913689032211,83.71174319318101,85.39227169588416,87.08067384313739,88.77690525248777,90.48092525075286,92.19269644841523,93.91218434895912,95.63935699162057,97.37418462530343,99.11663941154727,100.86669515462432,102.62432705686689,104.38951149738456,106.16222583248877,107.94244821614913,109.73015743897727,111.52533278425274,113.32795389966003,115.13800068344986,116.955453183841,118.78029151055158,120.61249575743433,122.45204593525347,124.29892191372163,126.1531033719701,128.01456975669396,129.88330024726957,131.7592737271951,133.64246876125569,135.53286357786158,137.43043605605214,139.3351637166987,141.24702371747597,143.16599285120787,145.09204754722683,147.02516387541158,148.96531755260102,150.9124839511067,152.86663810906242,154.82775474238449,156.7958082581245,158.7707727690211,160.7526221090706,162.74132984995867,164.73686931820077,166.73921361285565,168.74833562369676,170.7642080497214,172.7868034179026,174.81609410209086,176.85205234198182,178.8946502620782,180.94385989057423,182.99965317810876,185.0620020163251,187.13087825619638,189.206253726068,191.28810024938042,193.3763896620407,195.47109382940815,197.57218466287193,199.6796341359958,201.79341430020764,203.91349730003776,206.03985538783354,208.17246093802683,210.3112864608668,212.45630461565182,214.6074882234394,216.76481027923123,218.92824396364819,221.0977626540606,223.27333993520472,225.45494960927675,227.64256570548434,229.83616248911196,232.03571447004805,234.24119641081222,236.452583334073,238.6698505296721,240.89297356115642,243.12192827182488,245.35669079030427,247.5972375356507,249.84354522199862,252.09559086275576,254.35335177422897,256.61680557946244,258.8859302103704,261.16070391073623,263.44110523817403,265.7271130658209
-0.06482412060301507,,,,,2.467324785446606e-22,1.9097536881938917e-17,3.4685240866662174e-14,7.381105256708602e-12,4.1124810653132683e-10,9.37756990469392e-09,1.1441406855912971e-07,8.858154567402402e-07,4.875993387957078e-06,2.06455311906954e-05,7.112977745641793e-05,0.00020780059496890618,0.0005309366513187062,0.0012148137371420715,0.0025353382337891315,0.004896973786386367,0.008855854352896517,0.015136593005377615,0.02464122973199536,0.03844976094080303,0.05781257382542143,0.08413576977565822,0.11896077403823212,0.16393981385350925,0.220808849860205,0.29135941919133096,0.37741064375414785,0.48078241528717236,0.6032705208995106,0.7466242398111966,0.912526736308618,1.102578401398323,1.3182831575590477,1.5610376356474542,1.832123056961916,2.1326996024489193,2.4638030205859676,2.8263432113430733,3.221104521953961,3.648747497725204,4.109811845014322,4.6047203815372635,5.1337837696439275,5.697205849701371,6.295089412303774,6.927442268943104,7.594183500600534,8.295149782000134,9.030101696093697,9.798729968359195,10.600661563864515,11.435465601938695,12.302659053407847,13.201712194355203,14.13205379792981,15.093076052482202,16.084139200120234,17.10457589553674,18.15369529031868,19.23078685365457,20.33512394608348,21.46596716805105,22.622567509649787,23.8041693303774,25.01001319815626,26.239338614564343,27.49138664824868,28.765402491558273,30.06063794703452,31.376353841770346,32.71182235954241,34.06632927396994,35.43917606127589,36.8296818688178,38.23718531536456,39.6610461011618,41.100646409037005,42.55539208298134,44.02471357571068,45.508066662535335,47.0049329242858,48.514820007052165,50.03726167061565,51.571817641352766,53.11807328714828,54.67563913448085,56.2441502480687,57.823265493973274,59.41266670660471,61.01205777919662,62.62116369610621,64.23972952381428,65.86751937586992,67.50431536531595,69.14991655640631,70.80413792575271,72.46680934143397,74.13777456710987,75.81689029680987,77.5040252248345,79.19905915410204,80.90188214531591,82.61239370848453,84.33050203766231,86.05612328887814,87.78918090162115,89.52960496227665,91.27733160928695,93.03230247836757,94.79446418643005,96.56376785259397,98.34016865458835,100.12362541878169,101.9141002420569,103.71155814372852,105.51596674575225,107.32729597945858,109.14551781715457,110.97060602692106,112.80253594906422,114.64128429270903,116.48682895110008,118.33914883426297,120.19822371773311,122.06403410615205,123.93656111058547,125.81578633850367,127.70169179541942,129.5942597972526,131.49347289255005,133.3993137919649,135.31176531672975,137.23081032795093,139.15643169852765,141.08861226463574,143.0273347936911,144.9725819557846,146.92433629989256,148.88258023442253,150.84729601168453,152.8184657159131,154.7960712544903,156.7800943520515,158.7705165471759,160.76731919139948,162.7704834502886,164.77999030635272,166.79582056358555,168.81795485343713,170.84637364204468,172.88105723855378,174.9219858043873,176.9691393633198,179.0224978122368,181.08204093246405,183.14774840156107,185.2195998054856,187.29757465104365,189.38165237854363,191.471812374587,193.56803398492505,195.67029652733103,197.77857930442738,199.89286161642244,202.01312277372273,204.1393421093546,206.27149899120369,208.4095728340042,210.55354311106612,212.7033893657178,214.85909122243052,217.02062839763585,219.18798071017412,221.3611280914024,223.5400505949296,225.72472840597112,227.91514185031926,230.11127140292078,232.3130976960563,234.5206015271182,236.7337638659868,238.9525658620027,241.17698885053227,243.40701435913118,245.64262411330975,247.883800041893,250.1305242819913,252.3827791835744,254.64054731366338,256.90381146013476,259.17255463515386,261.4467600782341,263.7264112589374,266.01149187920146,268.30198587533346,270.59787741965897
-0.06381909547738693,,,,,1.0771818712244683e-22,9.954702304261108e-18,2.0347970740956386e-14,4.7114961265290054e-12,2.7966436952205284e-10,6.698987236242287e-09,8.501719254129043e-08,6.797800888808217e-07,3.843732654024798e-06,1.664893314241505e-05,5.848870964298589e-05,0.0001737799176142075,0.00045062075453592814,0.0010445736729034016,0.00220544989781237,0.004304188708473317,0.007856805476410735,0.013542840828226486,0.02221656137987969,0.03491010211590738,0.05282861288646306,0.07733816244160453,0.10994761819945632,0.1522859644534593,0.20607658133963733,0.27310992904647385,0.35521591413792564,0.45423699875793855,0.5720028810246318,0.7103073488522318,0.8708877041884472,1.0554069780711728,1.2654390119112882,1.502456366627489,1.7678209362359083,2.0627770826654874,2.3884470699254194,2.7458285542973666,3.135793879236798,3.559090925887002,4.016345279650835,4.508063487958215,5.034637202149471,5.596348016029715,6.193372833839914,6.825789620464349,7.493583405959019,8.196652434704987,8.934814366196099,9.707812449823624,10.515321609672876,11.356954387639702,12.232266703798288,13.140763402384623,14.081903559770101,15.05510553782205,16.059751771903567,17.095193288147374,18.16075394921923,19.25573443238075,20.379415948049807,21.531063711655655,22.70993018589308,23.9152581145774,25.146283372244625,26.402237655369376,27.68235104065178,28.985854433616684,30.311981926431244,31.659973078081293,33.02907512328746,34.41854510960026,35.82765195564966,37.2556784181265,38.70192295125895,40.16570144023317,41.646348789864106,43.14322035069879,44.655693167468996,46.18316703819534,47.72506537638584,49.280835873182525,50.84995096048777,52.4319080805339,54.02622977039831,55.632463573402134,57.2501817913959,58.878981093690356,60.51848199938239,62.16832825028156,63.82818609158785,65.49774347700102,67.17670921414017,68.86481206510629,70.56179981580063,72.26743832629121,73.98151057314966,75.70381569330976,77.43416803766758,79.17239624137228,80.91834231660752,82.67186077229833,84.43281776502963,86.20109028310492,87.97656536651135,89.7591393637394,91.54871722632055,93.34521184132205,95.14854340163846,96.95863881357047,98.77543114090561,100.59885908449237,102.42886649611992,104.26540192540855,106.10841819829085,107.9578720256295,109.813723640479,111.67593646247086,113.54447678783055,115.41931350353909,117.30041782418904,119.18776305012761,121.08132434552427,122.98107853505746,124.88700391796576,126.79908009827442,128.71728783006165,130.64160887669294,132.57202588301055,134.50852225951965,136.45108207767908,138.39968997544753,140.35433107230023,142.31499089297418,144.28165529925425,146.25431042915443,148.23294264289495,150.21753847511872,152.20808459282344,154.2045677585301,156.2069747982411,158.21529257376784,160.22950795904953,162.24960782008955,164.27557899821628,166.30740829631537,168.345082467785,170.38858820794195,172.43791214763672,174.4930408488585,176.55396080212225,178.6206584254516,180.69312006478083,182.77133199561686,184.8552804258167,186.94495149933806,189.0403313008457,191.1414058610552,193.2481611627107,195.36058314709615,197.47865772101576,199.6023707641009,201.7317081364624,203.8666556865404,206.0071992591329,208.15332470353346,210.30501788173254,212.46226467662484,214.62505100021684,216.79336280174013,218.96718607568695,221.14650686971615,223.33131129240118,225.5215855208044,227.71731580785195,229.91848848948618,232.1250899915905,234.33710683665808,236.5545256502038,238.7773331669012,241.00551623644006,243.23906182909377,245.47795704099238,247.7221890990953,249.9717453658635,252.22661334362124,254.48678067861366,256.7522351647584,259.0229647470825,261.29895752486055,263.58020175444335,265.86668585178467,268.15839839466827,270.4553281246383,272.7574639486382,275.06479494035875
-0.06281407035175879,,,,,4.550842688110142e-23,5.049901328010394e-18,1.1661209697130953e-14,2.9458833293972468e-12,1.8666783738076462e-10,4.704478192163795e-09,6.218204927792588e-08,5.140111000971854e-07,2.9881017850991594e-06,1.3249965723912168e-05,4.749319161428441e-05,0.0001435905117601384,0.00037805791289185033,0.0008882357810388121,0.001897926170214603,0.0037438610994697374,0.006900111358439877,0.011997846284404354,0.019838545746659587,0.03139962779323143,0.04783230150086895,0.0704521601319888,0.10072353556287963,0.14023893310543142,0.19069498080201355,0.25386629930501947,0.3315785714199116,0.4256819043111216,0.5380253648045775,0.6704333532658003,0.8246842804273825,1.0024918338939985,1.2054889714760382,1.4352146579596827,1.6931032690424035,1.9804765181919317,2.2985377156245077,2.6483681398615992,3.030925287845058,3.44704276619492,3.8974315910777286,4.382682674962135,4.903270293333328,5.459556341655819,6.051795211397614,6.680139132682245,7.344643849653418,8.045274512317825,8.78191168517695,9.554357388268532,10.362341100089013,11.2055256643781,12.083513053776803,12.99584995315546,13.942033133862779,14.921514597550845,15.93370647442482,16.977985666322414,18.05369822953327,19.160163496482827,20.296677939101315,21.46251878040153,22.65694736429294,23.879212297370394,25.128552379703294,26.404199344759743,27.70538043050755,29.031320804690026,30.38124586654821,31.754383445009825,33.149965909622956,34.567232205662954,36.00542981931692,37.46381667320687,38.941662947340006,40.43825281609113,41.95288608874067,43.484879739108685,45.03356930934771,46.59831017366976,48.17847864959883,49.77347294680822,51.38271394713729,53.005645812151144,54.641736418779345,56.29047762635282,57.95138538155527,59.62399967029806,61.30788432757815,63.00262671793037,64.70783730012067,66.42314909030911,68.14821703805923,69.88271732937523,71.62634663044739,73.37882128506023,75.13987647772308,76.90926537356441,78.68675824499587,80.47214159377155,82.26521727678549,84.06580164145157,85.87372467706615,87.6888291864901,89.51096998210325,91.34001310906385,93.17583509820366,95.01832225025801,96.86736995257358,98.722882028958,100.58477012291283,102.45295311417318,104.3273565681466,106.20791221763416,108.09455747603157,109.98723498101432,111.88589216765405,113.79048086978369,115.70095694839053,117.61727994577691,119.53941276420908,121.46732136777652,123.40097450619068,125.34034345927972,127.28540180095906,129.2361251814965,131.19249112693547,133.1544788545769,135.12206910347263,137.09524397892906,139.0739868100726,141.0582820195705,143.048115004656,145.04347202865208,147.04434012223325,149.05070699371254,151.06256094768193,153.07989081137922,155.1026858681911,157.13093579774213,159.16463062205577,161.20376065730792,163.24831647073555,165.2982888422117,167.35366873028033,169.4144472420514,171.48061560679506,173.55216515285662,175.62908728761295,177.711373480202,179.7990152467776,181.89200413805673,183.99033172895133,186.09398961007923,188.20296938097945,190.31726264485837,192.43686100470774,194.56175606067325,196.69193940848595,198.8274026389104,200.96813733803577,203.11413508832953,205.26538747036113,207.42188606509652,209.58362245669642,211.75058823572425,213.92277500273082,216.1001743721087,218.2827779761943,220.47057746955213,222.66356453339733,224.86173088010784,227.06506825779584,229.27356845489638,231.48722330474402,233.70602469010674,235.9299645476543,238.15903487233223,240.3932277216287,242.63253521970805,244.87694956139393,247.12646301600068,249.38106793097828,251.64075673538207,253.90552194314262,256.1753561561337,258.4502520670303,260.73020246195205,263.0152002186526,265.30523832988933,267.60030986305685,269.9004080042746,272.2055260387343,274.51565735622347,276.8307954521872,279.1509339285611
-0.061809045226130656,,,,,1.859522955618882e-23,2.4924602468009073e-18,6.527988356877011e-15,1.8043296806268986e-12,1.2231177949587347e-10,3.2486125860296346e-09,4.47797467210267e-08,3.8309339874052503e-07,2.291697010716589e-06,1.041103614318383e-05,3.810004242502418e-05,0.00011728237816186462,0.000313690708441709,0.0007473148598459409,0.0016166517397344536,0.0032244399435971175,0.006002170515115921,0.010530814949786022,0.017555768563595496,0.027994778047790044,0.04293842515066408,0.06364344331574381,0.09151967933370879,0.12811185641741057,0.17507746202079402,0.23416210532902357,0.30717360491108936,0.39595591422487153,0.5023638038270428,0.6282390191752588,0.7753884394693875,0.945564587320876,1.140448687310984,1.3616363460626928,1.6106258270547151,1.8888088181439637,2.197463535818887,2.53774997436283,2.910707087134099,3.31725167800656,3.7581787809263374,4.2341633121953075,4.745762791456299,5.293420941885979,5.87747199647041,6.498145554467736,7.155571849509786,7.849787307731339,8.580740290405652,9.348296930649575,10.152246987598891,10.992309654049455,11.868139264849669,12.779330863370184,13.725425592200985,14.705915881982783,15.720250418837,16.767838876764987,17.848056406099698,18.9602478734395,20.103731851970718,21.27780436455225,22.481742384678956,23.714807103612177,24.9762469746916,26.26530054887018,27.581199117951996,28.92316918428436,30.29043477694992,31.682219634828808,33.09774927597631,34.536252970614214,35.996965631758144,37.47912963340046,38.981996561649844,40.50482889952361,42.046901641952076,43.60750383386234,45.185940021593815,46.78153160624955,48.39361808705078,50.02155818306766,51.66473082329899,53.322535996574,54.994395455620314,56.67975327205295,58.37807624194068,60.08885414423923,61.811599856871766,63.54584933738929,65.29116147618869,67.04711783775362,68.81332228509295,70.58940052577931,72.37499956503073,74.16978709384749,75.97345081864813,77.78569774447585,79.60625342218914,81.43486117000913,83.27128127773976,85.11529020235018,86.96667976186585,88.8252563339688,90.69084006476696,92.56326409237319,94.44237378917038,96.3280260259388,98.22008846034129,100.11843885175116,102.02296440380833,103.93356113569199,105.85013328267611,107.77259272621326,109.70085845346519,111.63485604600024,113.57451719714197,115.5197792573038,117.47058480650917,119.42688125319691,121.38862045833136,123.35575838378735,125.32825476394021,127.30607279937227,129.28917887160225,131.27754227774767,133.27113498404415,135.26993139716606,137.2739081523248,139.2830439171421,141.297319210346,143.31671623435884,145.34121872089875,147.37081178874806,149.40548181288588,151.44521630422378,153.49000379921955,155.53983375868893,157.5946964751676,159.6545829882187,161.71948500711164,163.78939484042064,165.86430533151335,167.9442098008779,170.02910199271844,172.11897602730727,174.21382635769453,176.31364773071172,178.41843515189638,180.52818385402074,182.64288926893792,184.76254700246676,186.88715281206623,189.01670258706253,191.15119233122192,193.29061814742343,195.43497622431147,197.58426282469634,199.7384742755632,201.89760695953723,204.06165730766554,206.23062179338623,208.40449692756772,210.58327925449984,212.76696534875663,214.95555181280676,217.14903527530748,219.34741238999797,221.55067983511213,223.75883431324885,225.97187255164036,228.18979130275088,230.41258734516757,232.6402574847231,234.87279855581698,237.11020742288457,239.35248098198986,241.5996161624974,243.85160992880006,246.10845928207428,248.3701612620353,250.63671294867305,252.90811146394893,255.18435397343055,257.4654376878574,259.75135986461174,262.04211780909213,264.3377088759749,266.6381304703502,268.9433800487295,271.2534551199153,273.5683532457268,275.8880720415754,278.2126091768888,280.5419623753771,282.87612941514055
-0.060804020100502516,,,,,7.342788619289936e-24,1.1962866908953542e-18,3.5684923307371914e-15,1.0823737854576884e-12,7.866773361891073e-11,2.2058057380035523e-09,3.175292671191156e-08,2.8145919545290965e-07,1.7342372462407967e-06,8.078120656641135e-06,3.0203325157619023e-05,9.471816104977337e-05,0.0002574924175203222,0.0006222971974093821,0.0013634830911362433,0.002750702182423896,0.00517318495627804,0.009161092235698474,0.015401883938259295,0.02475031516819862,0.03823141569921918,0.05703649835138067,0.08251279401427519,0.11614769300188374,0.15954878618848994,0.2144209690400329,0.28254183036558683,0.36573643046205634,0.4658524113462298,0.5847362002278533,0.7242108849446053,0.886056169385375,1.0719906655739422,1.283656650755827,1.522607313417773,1.7902964307081883,2.088070359057263,2.41716217725471,2.7786877939096626,3.1736438162510745,3.6029069720166547,4.067234878429022,4.567267959895816,5.103532327606018,5.676443448091626,6.286310443195595,6.933340879795852,7.6176459235490475,8.339245746290997,9.098075091413229,9.89398891512444,10.726768034073512,11.596124721172338,12.501708201688281,13.443110010725665,14.419869181295057,15.4314772390776,16.47738298606483,17.55699706056627,18.669696265385326,19.814827659866026,20.991712414732465,22.199649431492386,23.437918730770143,24.705784616303262,26.002498623824952,27.32730226626364,28.67942958903033,30.058109551104586,31.462568249169543,32.89203100286067,34.345724319146235,35.82287775282115,37.32272567806704,38.8445089832195,40.3874766973323,41.9508875534258,43.53401148942608,45.13613108433686,46.756542924205164,48.394558890239175,50.04950735989319,51.72073431148147,53.40760432268568,55.10950145462143,56.82583001440966,58.556015191166246,60.299503562430544,62.05576347029264,63.824285268674,65.60458144527057,67.39618662351158,69.19865745144438,71.01157238572509,72.83453137984067,74.66715548633145,76.50908638318205,78.35998583439559,80.21953509537164,82.08743427217465,83.96340164461904,85.84717296163245,87.73850071709013,89.6371534135048,91.54291482023676,93.4555832321457,95.37497073388397,97.30090247430415,99.2332159548343,101.17176033499169,103.11639575767033,105.066992696292,107.0234313254518,108.98560091623548,110.95339925704495,112.9267321004188,114.90551263605333,116.88966098999423,118.87910374975331,120.87377351494226,122.87360847286512,124.87855199840699,126.88855227745825,128.90356195304946,130.92353779332328,132.948440380429,134.97823381941186,137.01288546615726,139.05236567344767,141.09664755420116,143.14570676097807,145.19952128085708,147.25807124480855,149.3213387507983,151.38930769935823,153.46196364196192,155.53929363996625,157.62128613452373,159.7079308263255,161.79921856460157,163.89514124480752,165.9956917143533,168.100863685859,170.21065165741481,172.32505083935362,174.44405708707671,176.5676668395017,178.69587706272324,180.82868519851073,182.96608911728057,185.10808707521355,187.25467767519993,189.4058598313307,191.56163273663458,193.72199583385074,195.88694878895518,198.0564914672474,200.2306239117759,202.40934632391915,204.5926590459386,206.78056254533968,208.97305740087864,211.17014429009285,213.37182397818862,215.5780973081901,217.78896519222351,220.00442860382995,222.22448857121117,224.449146171316,226.67840252467977,228.91225879094847,231.15071616500109,233.39377587361741,235.6414391726224,237.89370734445149,240.1505816960887,242.41206355732288,244.67815427928647,246.94885523322898,249.22416780949493,251.5040934166648,253.78863348083658,256.077789445013,258.37156276857365,260.66995492680553,262.9729674104695,265.2806017253917,267.59285939205046,269.909741945155,272.2312509331934,274.55738791794175,276.88815447392426,279.22355218780905,281.56358265773696,283.90824749257644,286.2575483110885
-0.05979899497487437,,,,,2.79904991488967e-24,5.579317726644159e-19,1.9038295402637147e-15,6.35671935010992e-13,4.965200267567585e-11,1.4724470053521165e-09,2.2167769422534236e-08,2.0383570476290353e-07,1.2949275749244634e-06,6.1898138462346765e-06,2.3661810251953784e-05,7.564303797726624e-05,0.00020912205287540117,0.0005129489337669151,0.001138810034048688,0.002324704122072994,0.0044186789324979,0.007900470284035685,0.01339897504128509,0.021704049233923727,0.03377179839601185,0.05072318739937948,0.07383635387521276,0.10453341912169702,0.14436284498220317,0.19497849959722427,0.2581165964588426,0.33557159089769106,0.4291719854438168,0.5407568353358186,0.6721535770813601,0.8251576401213615,1.0015141531954785,1.2029019278818611,1.4309197940231826,1.6870752752945102,1.972775526676661,2.2893204068762585,2.6378975253501302,3.0195790829223914,3.4353203146049274,3.885959340900827,4.372218237628656,4.894705142502724,5.45391722791593,6.050244382595722,6.6839734589703985,7.355292957733339,8.06429803556068,8.810995735903926,9.595310356041766,10.417088875850288,11.276106385144653,12.172071456630709,13.104631420809396,14.073377507330452,15.077849824641344,16.11754215594712,17.19190655522048,18.300357731562205,19.442277214378763,20.617017295262247,21.823904745414804,23.062244310008097,24.331321983076666,25.630408068672818,26.95876003589162,28.31562517736249,29.700243082649177,31.11184793976784,32.54967067951455,34.01294097833187,35.500889135939715,37.01274784359539,38.54775385787928,40.10514959285252,41.68418464127671,43.28411723224295,44.90421562967705,46.54375947287806,48.20204105740433,49.878366552030364,51.5720571458874,53.28245011829402,55.008899823570346,56.75077858303845,58.50747747714968,60.278407031784994,62.06299779426026,63.860700796262755,65.67098790274986,67.49335204764581,69.3273073588885,71.17238917693953,73.02815397223621,74.89417916821678,76.77006287718584,78.6554235576961,80.54989960111395,82.45314885681765,84.36484810428725,86.2846924807135,88.2123948722939,90.14768527698419,92.09031014596287,94.04003171052125,95.99662730047204,97.95988865960186,99.92962126303273,101.90564364079397,103.88778671131155,105.87589312799741,107.8698166415651,109.86942148028153,111.87458174988761,113.88518085455091,115.90111093985537,117.92227235852543,119.94857315930592,121.97992859918098,124.01626067891559,126.05749770172035,128.10357385470493,130.154428812652,132.21000736355376,134.27025905527336,136.3351378626244,138.40460187412822,140.47861299766632,142.5571366842987,144.64014166901242,146.72759972865467,148.81948545483218,150.91577604196817,153.01645108946147,155.12149241710452,157.23088389308796,159.34461127386174,161.462662055162,163.5850253335332,165.71169167771396,167.84265300927646,169.9779024919351,172.11743442897858,174.26124416829654,176.40932801450515,178.5616831477031,180.71830754841176,182.87919992827798,185.04435966616242,187.21378674919134,189.38748171849738,191.56544561925642,193.74767995474053,195.9341866440917,198.12496798354738,200.3200266108598,202.51936547267664,204.7229877946556,206.93089705410114,209.14309695495496,211.35959140491514,213.58038449455245,215.80548047825363,218.0348837568395,220.26859886172912,222.50663044051785,224.74898324385532,226.99566211350808,229.24667197150762,231.50201781029034,233.76170468373843,236.02573769903915,238.29412200929218,240.56686280678738,242.84396531689475,245.12543479250184,247.41127650894316,249.7014957593785,251.99609785055506,254.29508809893056,256.5984718271026,258.9062543605112,261.21844102438405,263.53503714088737,265.85604802645815,268.1814789892901,270.5113353269468,272.84562232408626,275.1843452502701,277.52750935784246,279.8751198798656,282.2271820280865,284.58370099093656,286.94468193153614,289.3101299857067
-0.05879396984924623,,,,,1.0287292270614924e-24,2.5261694417491017e-19,9.906116011422953e-16,3.6529769587586776e-13,3.074005040374938e-11,9.659877754014444e-10,1.5232994124872234e-08,1.4548379450541387e-07,9.539063521211887e-07,4.683301029922247e-06,1.831797670438938e-05,5.973463399107265e-05,0.00016803754330382728,0.0004185445782389355,0.0009419760288986466,0.001946498027785161,0.003740646542580483,0.00675493268552993,0.011560093475387497,0.01888040054152204,0.02960103567450235,0.04476916073360084,0.06558885855142016,0.09341054903413751,0.12971577272415358,0.1760983890843704,0.23424327934461672,0.3059036006277653,0.3928775362966512,0.4969853510591476,0.6200474077708347,0.7638636505726487,0.9301949159232079,1.1207463053201174,1.3371527441454791,1.5809667610226656,1.8536484507329167,2.156557529583448,2.490947353105467,2.8579607398110194,3.2586274292848203,3.6938629959001696,4.164469039192712,4.67113447658856,5.214437772509159,5.7948499486272445,6.412738232333038,7.068370213551916,7.761918393375894,8.493465021087804,9.26300712881146,10.07046168494951,10.915670798692492,11.798406918077037,12.718377973349375,13.675232425709025,14.668564189150812,15.69791739820971,16.762791005163766,17.86264318540794,18.996895546266824,20.16493712844746,21.36612819746949,22.59980382347944,23.865277250600993,25.161843058771964,26.488780122853843,27.84535437549278,29.23082138175046,30.644428735128162,32.08541828608448,33.55302821549909,35.04649496667184,36.565055050108924,38.1079467355277,39.67441164523202,41.26369626160379,42.875053360225444,44.50774337762081,46.16103572026602,47.83421001881057,49.52655732869421,51.23738127622432,52.965999146603124,54.71174290930786,56.47396017612876,58.252015076231984,60.045289069567225,61.85318164642681,63.67511095430749,65.51051432039768,67.35884867635664,69.21959088295502,71.09223795494893,72.97630718799962,74.87133619082071,76.77688282666968,78.69252507000557,80.61786078375138,82.55250742447997,84.496101682375,86.4482990634312,88.40877342133327,90.37721644637976,92.35333711862759,94.3368611321106,96.32753029665027,98.32510192328714,100.32934819892314,102.34005555525195,104.35702403654324,106.380066670351,108.40900884470139,110.44368769486006,112.48395150231768,114.52965910821014,116.58067934299899,118.63689047388745,120.69817967110761,122.76444249394012,124.83558239705268,126.91151025752605,128.99214392272842,131.0774077790291,133.16723234119712,135.26155386226347,137.36031396305987,139.46345928196934,141.57094114301887,143.68271524263403,145.79874135417916,147.91898304953713,150.04340743709437,152.17198491542777,154.30468894198412,156.44149581604924,158.58238447530798,160.72733630531155,162.87633496117695,165.02936620086808,167.18641772941908,169.3474790534917,171.51254134567182,173.68159731793537,175.8546411037498,178.03166814827287,180.2126751061698,182.39765974657848,184.58662086473547,186.77955819990336,188.97647235913732,191.17736474653543,193.3822374976093,195.5910934184319,197.80393592924224,200.02076901220636,202.24159716304854,204.46642534627802,206.69525895378706,208.92810376654276,211.16496591918354,213.4058518673038,215.65076835722866,217.89972239810044,220.15272123610723,222.4097723306913,224.6708833325924,226.93606206358254,229.20531649776964,231.47865474433894,233.75608503163065,236.0376156924402,238.32325515044582,240.61301190767384,242.90689453291532,245.2049116510138,247.50707193295497,249.81338408668395,252.12385684859342,254.43849897561813,256.75731923788584,259.08032641187197,261.4075292740105,263.73893659471895,266.07455713279944,268.4143996301739,270.75847280692426,273.10678535660423,275.45934594179124,277.81616318985755,280.17724568892925,282.5426019840184,284.91224057329816,287.2861699045108,289.664398371488,292.04693431076436
-0.05778894472361809,,,,,3.639992451616061e-25,1.1091845690158816e-19,5.022724718834954e-16,2.0526831500974184e-13,1.8657730817362058e-11,6.225371960628655e-10,1.0299365987250102e-08,1.0230192948006947e-07,6.930718658495686e-07,3.498185215402833e-06,1.4011013134177594e-05,4.6638658323910965e-05,0.0001335789400601776,0.0003380385105864953,0.0007715982503054298,0.0016146832334706872,0.003138439976333593,0.005726009723063109,0.009891234403826136,0.016293169161045985,0.025745285744243587,0.03921881743484014,0.05784022603892441,0.08288320640909588,0.11575595748344106,0.15798463908144966,0.2111940145584955,0.27708627277703923,0.35741895279929997,0.453982783854062,0.5685801206019554,0.7030045144288385,0.8590218261775534,1.0383531614641366,1.2426598006002005,1.4735302029814368,1.7324690908265188,2.020888558060181,2.3401011072234876,2.691314483746657,3.0756281593948023,3.4940313028854515,3.947402072388612,4.436508065408857,4.962007766750454,5.5244528434367846,6.124291145557429,6.761870283383018,7.437441662993062,8.151164874791508,8.903112341085075,9.693274140333273,10.521562936442775,11.387818951416282,12.291814928944744,13.23326104483987,14.211809727659588,15.227060359831118,16.278563835146752,17.36582695412907,18.488316643037287,19.645463986368636,20.836668066060867,22.06129960349898,23.318704402926954,24.608206596838812,25.92911169596284,27.280709447716195,28.662276508686308,30.07307893790771,31.512374519044304,32.97941492084571,34.473447706420004,35.99371820297129,37.53947124435631,39.109952799399764,40.70441149875207,42.32210007274024,43.962276711517845,45.62420635739141,47.30716193729395,49.01042554114557,50.73328954990977,52.47505771426171,54.235046183530685,56.0125844822095,57.80701643025028,59.61770100233359,61.44401312081552,63.28534437624268,65.1411036756313,67.01071779840319,68.8936318826889,70.78930981340277,72.69723452660506,74.61690822496992,76.54785250615362,78.48960840687371,80.44173636550482,82.40381610794101,84.3754464615137,86.35624510261573,88.34584824402528,90.34391026820767,92.35010331295754,94.36411681580897,96.385657023448,98.41444647221519,100.45022344548401,102.49274141336636,104.54176845983383,106.59708670190184,108.65849170514652,110.72579189936687,112.79880799779204,114.8773724228224,116.96132874089676,119.05053110870008,121.14484373258225,123.2441403427274,125.3483036833171,127.45722501965976,129.570803663014,131.6889465136819,133.81156762229182,135.9385877704211,138.06993643985024,140.20553957673317,142.34534293397402,144.4892880182858,146.63732361478733,148.78940310473584,150.9454841705279,153.10552851675808,155.2695016067583,157.43737241402224,159.60911318790897,161.78469923300838,163.96410870155805,166.14732239830167,168.33432359718196,170.52509786928567,172.7196329214547,174.91791844500796,177.11994597402312,179.3257087526782,181.535201611076,183.74842084917134,185.9653641282408,188.1860303694991,190.41041965941875,192.63853316135254,194.87037303307406,197.10594234986613,199.34524503281315,201.58828578196974,203.83507001408066,206.08560380459107,208.33989383362388,210.5979473356974,212.85977205292542,215.12537619146158,217.3947683809784,219.66795763696953,221.94495332568312,224.2257651315084,226.51040302663785,228.79887724285524,231.09119824529003,233.38737670800563,235.68742349128564,237.99134962049897,240.2991662664233,242.61088472692776,244.92651640990687,247.24607281737678,249.56956553064484,251.89700619646902,254.2284065141358,256.5637782233827,258.90313309309573,261.2464829107294,263.59383947238484,265.945214573491,268.3006200000507,270.6600675203907,273.02356887738546,275.3911357811074,277.7627799018703,280.13851286363126,282.51834623772,284.9022915368634,287.2903602094847,289.6825636342449,292.0789131148096,294.47941987481687
-0.05678391959798995,,,,,1.2379350568052204e-25,4.716951749940471e-20,2.4791557701967916e-16,1.1269522530745066e-13,1.1094475920250785e-11,3.938895425488063e-10,6.848391473932775e-09,7.084500370960824e-08,4.964891574223921e-07,2.5788015279006873e-06,1.0585481538801183e-05,3.599407019455188e-05,0.00010502949006965136,0.0002701943264630556,0.0006258137289896702,0.0013268359350056237,0.002609469048449948,0.004811852653002427,0.008392908234193468,0.013947742476916148,0.02221839816539508,0.03409925293655444,0.05063686620837902,0.07302450665087283,0.10259192303571185,0.14079114065014173,0.18917918084878044,0.24939862950082556,0.3231569417524365,0.41220528635212206,0.5183176211657881,0.6432705673200334,0.7888245242445897,0.9567063488573615,1.148593815536526,1.3661019804655572,1.6107714966760118,1.8840588636629432,2.187328547061479,2.5218468679983204,2.888777536699989,3.2891786889970462,3.724001275859993,4.194088653513464,4.700177223641538,5.242897978563127,5.822778814051248,6.440247481867229,7.095635064463128,7.7891798651387285,8.521031617846244,9.291255931517691,10.099838894032308,10.946691770619065,11.831655740470456,12.754506623628718,13.714959557718469,14.71267359092797,15.747256163638474,16.818267456608414,17.925224588245403,19.0676056477379,20.244853554388584,21.456379736605243,22.701567626681868,23.97977596971941,25.290341947060554,26.63258411612348,28.005805170040066,29.409294521698364,30.842330717969087,32.30418369097928,33.79411685433076,35.31138905327027,36.85525637863583,38.42497385537284,40.019797016738266,41.63898337598319,43.281793806724636,44.94749384306292,46.63535490934772,48.3446554882997,50.07468223432456,51.824731037445154,53.59410804081408,55.38213061330899,57.188128276764814,59.01144358595066,60.851432958199155,62.70746744876842,64.5789334675398,66.46523343254003,68.36578635598451,70.2800283590222,72.20741311207718,74.14741219858233,76.09951540065755,78.06323090692014,80.03808544263755,82.02362432441114,84.01941144181615,86.02502916947488,88.04007821364554,90.06417739795657,92.09696339331568,94.13809039732296,96.18722976864875,98.2440696219148,100.3083143885582,102.37968434902955,104.45791514149448,106.54275725192034,108.63397549017543,110.73134845641371,112.83466800167882,114.94373868631143,117.05837723937172,119.17841202195027,121.30368249688259,123.43403870705914,125.56934076268878,127.70945834979622,129.8542702289821,132.00366377964463,134.1575345359996,136.31578574844465,138.4783279596975,140.64507859751203,142.81596158414732,144.99090696258838,147.1698505394216,149.352733544164,151.53950230478083,153.73010793904498,155.92450606135216,158.12265650455046,160.32452305631566,162.53007320957587,164.73927792646973,166.95211141531016,169.16855092002203,171.38857652151418,173.61217095045356,175.83931941092357,178.07000941440614,180.304230623638,182.54197470582017,184.78323519463746,187.028007360731,189.27628809008607,191.5280757699309,193.78337018172618,196.04217240084455,198.30448470255263,200.57031047393338,202.83965413139276,205.11252104343654,207.3889174583699,209.66885043665013,211.95232778758958,214.23935801014855,216.52995023755554,218.82411418552053,221.1218601038088,223.42319873096292,225.72814125196817,228.03669925867322,230.34888471278094,232.664709911248,234.9841874539257,237.30733021329743,239.63415130617182,241.96466406719753,244.29888202407687,246.63681887436277,248.9784884637294,251.32390476213936,253.67308186213614,256.0260339262035,258.38277520471735,260.7433200028072,263.1076826690165,265.4758775813655,267.84791913424255,270.22382172604637,272.6035997475367,274.98726757083574,277.3748395390329,279.76632995634674,282.16175307880616,284.56112310540504,286.9644541697,289.3717603318153,291.7830555708212,294.19835377746153,296.6176687471982
-0.05577889447236181,,,,,4.039278300327416e-26,1.9401050704227182e-20,1.1898884077329402e-16,6.039384179928844e-14,6.458140098043036e-12,2.4451633158078836e-10,4.475774515720234e-09,4.829165658283203e-08,3.5051668084918184e-07,1.87546463653846e-06,7.896813815924022e-06,2.7450431902238786e-05,8.16599866969581e-05,0.000213682146064651,0.000502469273766935,0.001079847003249465,0.002149758493097567,0.004008097846062292,0.007061413208665903,0.01184288989970575,0.019024354022729364,0.029423475362560948,0.04400580942161301,0.06388173785320436,0.090298705241867,0.12462939183025663,0.16835660710180606,0.22305574959913863,0.2903756709048711,0.3720187246764596,0.46972069219445806,0.5852311687050573,0.7202948814536723,0.8766342991930747,1.0559337898403836,1.2598254912986924,1.489876981945042,1.7475807723320393,2.0343455877375405,2.3514893712958385,2.7002339081847944,3.081700951212384,3.4969097156940605,3.946775605225611,4.432110028688475,4.95362117127367,5.511915587644559,6.107500492648548,6.740786633652616,7.412091637964226,8.121643738634594,8.869585791696842,9.655979507515823,10.480809828138463,11.343989391149535,12.24536302870314,13.184712257758715,14.161759724418282,15.176173571312786,16.227571702502555,17.315525925323932,18.439565952802106,19.599183254146855,20.793834744086553,22.02294630468811,23.28591613570515,24.58211793173823,25.910903885988496,27.27160752224643,28.663546357761028,30.08602440091575,31.53833448859008,33.019760469037344,34.529579236964814,36.06706262848609,37.63147918425863,39.22209579009422,40.838179204708574,42.47899748491406,44.14382131854115,45.83192527525878,47.54258898498282,49.2750982525271,51.02874611630619,52.80283385702947,54.59667196116347,56.40958104204555,58.24089272001138,60.08995046138781,61.956110374926574,63.83874196319754,65.737228825727,67.65096931021021,69.57937710797854,71.52188179001958,73.47792928024333,75.44698226301212,77.42852052329374,79.42204121752125,81.42705907522114,83.44310653155796,85.46973379210472,87.50650883184748,89.55301733111953,91.60886255180928,93.67366515763148,95.74706298268667,97.82871075280683,99.91827976437588,102.01545752539909,104.11994736361915,106.2314680063791,108.34975313683294,110.47455093089852,112.60562357912784,114.74274679740572,116.88570933011623,119.03431244911081,121.18836945151415,123.34770515910014,125.5121554217353,127.68156662665311,129.85579521640344,132.0347072156703,134.2181777695333,136.40609069366704,138.59833803757107,140.79481966153222,142.9954428278687,145.2001218068378,147.4087774974668,149.62133706342516,151.83773358395868,154.05790571980756,156.28179739395134,158.50935748695122,160.74053954660548,162.97530151158395,165.213605448671,167.45541730320767,169.70070666231103,171.94944653042188,174.20161311672692,176.45718563397458,178.71614610824832,180.97847919919442,183.2441720302456,185.51321402846932,187.785596773352,190.0613138544001,192.34036073688708,194.6227346354245,196.9084343949402,199.19746037867145,201.48981436279507,203.78549943734922,206.08451991307214,208.3868812338532,210.6925898944703,213.00165336330556,215.31408000975983,217.62987903609,219.9490604134052,222.27163482157707,224.5976135928327,226.92700865880084,229.2598325008087,231.59609810322476,233.93581890966152,236.2790087818622,238.62568196110055,240.97585303193966,243.3295368881944,245.6867487009665,248.0475038886097,250.41181808850837,252.77970713055015,255.15118701218043,257.52627387493857,259.90498398237804,262.287333699276,264.67333947205395,267.06301781032164,269.45638526947187,271.8534584342608,274.2542539032966,276.65878827438723,279.06707813067993,281.47914002754254,283.8949904801363,286.3146459516291,288.7381228420135,291.1654374774758,293.59660610028817,296.0316448591826,298.47056980017607
-0.05477386934673367,,,,,1.2619699321825717e-26,7.705815068167095e-21,5.546235401809933e-17,3.155924954882682e-14,3.676824866703054e-12,1.4880967198179556e-10,2.8731462390966025e-09,3.238290725487933e-08,2.4375166434505517e-07,1.344970998696139e-06,5.814491958295933e-06,2.0679376866548625e-05,6.276028578810991e-05,0.0001671510642064517,0.0003992675548552857,0.0008701880561998763,0.0017543946981357123,0.0033085685950441264,0.005889878804711266,0.00997224415313222,0.016159288523375757,0.02519307741211264,0.037958137999205104,0.05548066275606209,0.07892313490882046,0.10957487081820007,0.14883914426966147,0.1982176470776404,0.25929306222141013,0.3337104955828287,0.42315844587129775,0.5293499034692958,0.6540040692171697,0.7988290824315238,0.9655060500041422,1.1556745795262886,1.3709199408672421,1.6127619149093742,1.8826453328384833,2.1819322668049925,2.511895799456674,2.8737152759873936,3.268472926083105,3.6971517333391524,4.160634425141912,4.659703455556004,5.195041856493927,5.767234837535005,6.376772021514514,7.02405021087381,7.70937658825767,8.43297226364388,9.1949760890845,9.995448670730365,10.834376516053181,11.711676261958253,12.627198936741554,13.580734215516884,14.572014634896018,15.600719738155016,16.666480127219927,17.768881402113497,18.90746797252613,20.081746729597644,21.291190569026632,22.53524175925976,23.81331515074263,25.124801224226783,26.469068977683442,27.845468652857353,29.25333430364384,30.69198620951333,32.160733138111766,33.65887446193564,35.185702134863156,36.74050253489144,38.322558180351116,39.93114932723779,41.5655554563675,43.22505665898702,44.908934930168826,46.616475379215586,48.34696736612053,50.09970557248123,51.87399101490697,53.669132007321025,55.48444507784609,57.31925584433884,59.17289985130441,61.044723369532996,62.934084158512306,64.84035219056916,66.76291033475007,68.70115499780239,70.65449671917558,72.62236071682612,74.60418738042206,76.59943270950149,78.60756869333237,80.62808363115228,82.66048239111848,84.70428660746354,86.75903481594997,88.82428252844105,90.89960224810243,92.9845834273335,95.07883237110359,97.18197208882151,99.29364209824513,101.413498185229,103.54121212331671,105.67647135728919,107.81897865485453,109.96845173061786,112.12462284641094,114.28723839191645,116.45605844936513,118.63085634587861,120.81141819679956,122.99754244317771,125.18903938589445,127.38573071997419,129.58744907002702,131.79403753013122,134.00534920934422,136.22124678463584,138.44160206260122,140.6662955511252,142.89521604197296,145.12826020510377,147.3653321953432,149.60634327189288,151.85121143102967,154.09986105222043,156.35222255777322,158.6082320860543,160.86783117821278,163.1309664782879,165.3975894465116,167.66765608556608,169.94112667952524,172.21796554512653,174.49814079508786,176.78162411304302,179.06839053974502,181.35841827012416,183.65168846080437,185.94818504761886,188.24789457298255,190.5508060220502,192.85691066813814,195.16620192634787,197.47867521526885,199.7943278263258,202.1131588004191,204.43516881146732,206.76036005652634,209.08873615214102,211.42030203659957,213.75506387778313,216.09302898630952,218.43420573368329,220.77860347517557,223.12623247717653,225.47710384876146,227.83122947724272,230.1886219674694,232.5492945846671,234.91326120060887,237.2805362429251,239.6511346473635,242.0250718128329,244.40236355905435,246.7830260866749,249.16707593968584,251.5545299700142,253.9454053041481,256.33971931167974,258.7374895756406,261.13873386452354,263.5434701058866,265.9517163614382,268.36349080351494,270.7788116928611,273.1976973576327,275.6201661735442,278.0462365450897,280.47592688777,282.9092556112582,285.3462411034512,287.78690171534356,290.23125574667745,292.6793214323121,295.13111692927697,297.58666030445335,300.04596952285385
-0.053768844221105526,,,,,3.766878100929766e-27,2.9505050799051913e-21,2.5071071779267897e-17,1.6061976852910444e-14,2.045354390074861e-12,8.870888548670295e-11,1.8101975278640523e-09,2.134749105499457e-08,1.6686460865456603e-07,9.505923979809856e-07,4.223546519029758e-06,1.5381634983385887e-05,4.7660881200039845e-05,0.00012928202796937173,0.0003138783388909963,0.0006941202678639043,0.0014178842156519617,0.002705847880102959,0.004869128143141174,0.008325537159249738,0.01361318984942369,0.02140049051962109,0.032491888373154046,0.047829159942196525,0.0684883061014534,0.095672415800066,0.13070103738424887,0.17499671268841457,0.23006937779361578,0.2974993301597287,0.37891941845638577,0.4759970418075716,0.590416460502647,0.7238618294786425,0.8780012757765847,1.0544722563974838,1.2548683565182617,1.480727621455681,1.7335224596838115,2.0146511084347005,2.3254306173133954,2.6670912779952713,3.0407724083457355,3.44751938612115,3.8882818196046887,4.363912739188771,4.875168694062283,5.422710640471603,6.007105514438094,6.628828384722708,7.288265092961909,7.985715292329221,8.721395805522736,9.495444230316386,10.307922728600051,11.158821942291954,12.048064986365114,12.97551147584818,13.940961549547309,14.94415985894187,15.984799495424369,17.062525833858047,18.176940274236692,19.327603866927333,20.514040810103026,21.73574181075344,22.992167303108488,24.282750520290705,25.606900417058185,26.96400444272367,28.353431164898204,29.774532745702803,31.226647273061428,32.7091009505475,34.221210149832146,35.76228333078934,37.33162283448232,38.92852655529048,40.552289498738105,42.20220523230589,43.877567236880175,45.57767016690701,47.301811027524785,49.049290276837745,50.819412861570925,52.611489193412886,54.42483607312341,56.25877756827787,58.11264584957699,59.985781989454416,61.877536725504875,63.787271190065255,65.7143576061693,67.65817994911865,69.6181345721053,71.59363079369898,73.58409144465848,75.58895337108562,77.6076678915313,79.63970120498007,81.6845347477156,83.7416654971067,85.8106062210026,87.89088567199208,89.98204872640416,92.08365646852087,94.19528622107855,96.31653152367684,98.44700206120815,100.58632354485182,102.73413754854273,104.8901013040914,107.05388745837355,109.22518379612974,111.40369293200264,113.58913197545219,115.78123217215884,117.97973852544088,120.18440940108813,122.39501611892844,124.61134253385883,126.83318461003007,129.0603499897946,131.29265756068895,133.52993702231714,135.77202845523254,138.0187818936141,140.27005690332473,142.5257221667417,144.78565507556382,147.04974133261314,149.3178745634928,151.58995593880002,153.865893807457,156.1456033415943,158.42900619330146,160.71603016345966,163.00660888277463,165.30068150504587,167.59819241264776,169.89909093409523,172.20333107358923,174.51087125230129,176.82167406118126,179.1357060250154,181.45293737743864,183.7733418465821,186.09689645103143,188.42358130574038,190.75337943755636,193.0862766099928,195.42226115689627,197.7613238246345,200.10345762247758,202.44865768077764,204.79692111662828,207.1482469066684,209.50263576667712,211.86009003764818,214.22061357802966,216.58421166182316,218.95089088225185,221.32065906070954,223.69352516072513,226.06949920656237,228.44859220688775,230.83081608156664,233.21618359362034,235.60470828443164,237.9964044126656,240.3912868965953,242.78937125964367,245.19067357566504,247.59521043683833,250.00299887490104,252.41405635074116,254.82840069703056,257.246050082866,259.66702297725067,262.09133811458133,264.51901446202686,266.9500711886861,269.3845276364197,271.822403292259,274.2637177622956,276.70849074696673,279.15674201765177,281.6084913945036,284.06375872543595,286.52256386620707,288.9849266615222,291.45086692710635,293.92040443267626,296.39355888577,298.87034991637347,301.35079706230096
-0.052763819095477386,,,,,,1.0870314804824813e-21,1.0973925754393335e-17,7.951474264721842e-15,1.1104829316505511e-12,5.174819163811106e-11,1.118411978493e-09,1.3824024944225185e-08,1.1237294375016073e-07,6.617360806317241e-07,3.024855117632638e-06,1.1290721782228145e-05,3.574676069665782e-05,9.882516858576353e-05,0.00024402163800012859,0.0005478566346258408,0.0011344403208578275,0.0021917459768454653,0.003988393533977285,0.0068896382030889415,0.01137133955612095,0.01803090905475488,0.027594539856894577,0.04092035487591086,0.05899742245072448,0.08294085389802161,0.11398339861793075,0.15346408701466754,0.20281454409561228,0.26354361677701155,0.33722093720638474,0.4254599944689452,0.5299012184343872,0.6521955010682267,0.7939884992377552,0.9569059839680218,1.1425404277462883,1.3524389559471046,1.5880927318224056,1.850927797063128,2.1422973514070516,2.4634754245170307,2.8156518705302895,3.1999285993481292,3.6173169479022635,4.0687360884196275,4.555012368172265,5.076879475641436,5.634979330717199,6.229863600926205,6.861995751252278,7.53175354147097,8.23943189171666,8.985246044041476,9.769334954700627,10.591764858780664,11.45253295534736,12.351571167542257,13.28874993787152,14.263882024376853,15.27672626824736,16.32699130810363,17.414339220094394,18.538389066740557,19.698720340645938,20.894876292210704,22.12636713281775,23.392673107456087,24.693247432497714,26.02751909608915,27.394895520065532,28.794765083503844,30.22649950908991,31.689456114366525,33.18297993064189,34.706405693118754,36.25905970624832,37.840261588958484,39.44932590499324,41.0855636838681,42.74828383876292,44.43679448785074,46.150404186086945,47.88842307473801,49.65016395594122,51.43494329989652,53.24208219159873,55.07090722399337,56.92075134362232,58.79095465409163,60.68086518177078,62.58983960712223,64.51724396401231,66.4624543083249,68.42485735623137,70.40385109160576,72.39884534139345,74.40926231695306,76.43453711962097,78.47411820752833,80.52746782169669,82.59406236885297,84.67339275889937,86.7649646953235,88.86829891717849,90.9829313918139,93.10841345802514,95.24431191981836,97.39020909150815,99.54570279533836,101.71040631328684,103.88394829507736,106.0659726247968,108.25613824877436,110.45411896760497,112.65960319535253,114.87229368908207,117.0919072519024,119.31817441277353,121.55083908586867,123.78965821346421,126.03440139400328,128.2848504992979,130.54079928292776,132.80205298250664,135.0684279181079,137.33975108897536,139.6158597704592,141.896601112928,144.18183174422384,146.47141737705226,148.76523242252318,151.06315961090093,153.36508962046477,155.67092071524158,157.9805583922379,160.29391503867632,162.6109095996317,164.93146725636444,167.25551911553558,169.58300190945573,171.91385770738552,174.2480336378878,176.58548162215592,178.92615811819832,181.27002387571696,183.6170437014845,185.96718623498998,188.32042373410434,190.67673187049388,193.03608953449688,195.3984786491507,197.76388399310017,200.13229303201902,202.50369575827526,204.878084538501,207.25545396875688,209.63580073697742,212.01912349238916,214.40542272159593,216.79470063103727,219.18696103552782,221.58220925259312,223.98045200233494,226.38169731255257,228.7859544288688,231.19323372961037,233.60354664520887,236.01690558188656,238.43332384941945,240.85281559274162,243.2753957240026,245.7010798774016,248.12988431902394,250.56182592414143,252.99692210918627,255.43519078567877,257.8766503142104,260.3213194596254,262.7692173498297,265.2203634361787,267.6747774560851,270.1324793976041,272.5934894658845,275.05782805138193,277.5255156997331,279.9965730831974,282.47102097358476,284.94888021656743,287.4301717073207,289.9149163673956,292.40313512277186,294.89484888300353,297.3900785214194,299.8888448562957,302.39116863296056
-0.05175879396984925,,,,,,3.845596695061857e-22,4.643372584858806e-18,3.823444729056398e-15,5.877204185194853e-13,2.9508685331683794e-11,6.769757732084386e-10,8.786387329744157e-09,7.438888093433986e-08,4.534015353437285e-07,2.1346106273181926e-06,8.174156041710818e-06,2.6465289473832245e-05,7.462474776788508e-05,0.00018752802927215375,0.0004276859109902951,0.0008982098689347413,0.0017576805656986138,0.0032359099780435224,0.005649428570141519,0.00941554084610984,0.015063946395835751,0.023245171367802495,0.03473534625531588,0.050437156304075054,0.07137704924257186,0.09869899284218264,0.13365522466522653,0.1775945292462376,0.23194862025357488,0.2982172060986048,0.37795228709483064,0.47274218029082454,0.5841957030609833,0.7139268751569048,0.8635404272191662,1.0346183344408277,1.2287075311263176,1.4473089056603605,1.6918676272575623,1.963764815661451,2.2643105324141892,2.594738046856644,2.9561993108646503,3.349761562684997,3.7764049712223295,4.237021227405214,4.732412986102867,5.263294065119011,5.830290307219207,6.433941017561003,7.074700892639098,7.752942362862304,8.468958276884502,9.222964862034171,10.015104901418452,10.845451074386824,11.714009412884904,12.620722831833127,13.565474696849181,14.548092397555989,15.568350899084912,16.625976248593016,17.72064901719442,18.85200766112045,20.019651788875166,21.2231453238106,22.462019553908505,23.7357760625691,25.043889536108992,26.385810445113357,27.760967598223434,29.16877056807107,30.608611990050278,32.07986973549001,33.58190896139337,35.11408403977732,36.67574036984144,38.26621607704001,39.88484360321336,41.530951192860485,43.20386428051147,44.902906785008874,46.62740231665611,48.37667530345405,50.1500520432516,51.946861688004425,53.76643716713595,55.608116056156526,57.47124139661065,59.35516247280944,61.25923555012725,63.18282457884776,65.12530186667266,67.08604872209781,69.06445606996776,71.05992503966708,73.07186752569159,75.09970671944632,77.14287761122074,79.20082746001809,81.27301622949973,83.35891698776123,85.45801626890024,87.56981439441235,89.69382575277126,91.82957903587037,93.97661743140611,96.13449877071717,98.30279563203868,100.48109539959806,102.66900027937014,104.86612727276064,107.07210810981698,109.28658914390155,111.50923121002532,113.73970944926621,115.97771310186474,118.22294527176142,120.47512266502429,122.73397530581649,124.99924623152442,127.27069117080144,129.54807820669447,131.83118742757935,134.11981056834435,136.4137506441487,138.71282157892816,141.01684783066895,143.32566401531068,145.63911453097558,147.9570531840621,150.27934281858097,152.60585494996204,154.93646940440948,157.27107396474355,159.6095640235381,161.95184224423812,164.2978182308099,166.6474082064183,169.00053470146028,171.35712625125134,173.71711710355416,176.08044693607278,178.44706058397253,180.8169077774283,183.1899428891491,185.56612469179143,187.94541612513,190.3277840728206,192.71319914857,195.10163549149212,197.4930705704337,199.8874849970031,202.28486234705704,204.6851889903751,207.088453928245,209.49464863868582,211.90376692902535,214.31580479555396,216.73076028997806,219.14863339239545,221.5694258905232,223.99314126490984,226.41978457987355,228.84936237990732,231.28188259130891,233.71735442878852,236.15578830682787,238.59719575555988,241.04158934095335,243.48898258909313,245.93938991435502,248.39282655127963,250.84930848996126,253.30885241477304,255.77147564625784,258.2371960860227,260.70603216448086,263.178002791293,265.653127308366,268.13142544528677,270.612917277006,273.0976231837575,275.58556381299877,278.07676004330057,280.5712329500848,283.0690037729558,285.57009388539973,288.07452476461543,290.5823179642443,293.093495087783,295.6080777634602,298.12608762035813,300.6475462657152,303.1724752633448
-0.05075376884422111,,,,,,1.303431345601514e-22,1.89577618300774e-18,1.7829674771848326e-15,3.02803360220394e-13,1.6429281316102115e-11,4.0103739138591847e-10,5.476037145053614e-09,4.836534807357272e-08,3.0552963218482756e-07,1.4832436471208522e-06,5.832889761709787e-06,1.9329522749585156e-05,5.563426229845879e-05,0.00014238035427545278,0.00033006471226696766,0.0007034499766342193,0.0013949828082354114,0.0025994051731224976,0.004588537750500362,0.007725168216678085,0.012475067096214078,0.01941634386696396,0.029245602326707396,0.042780616093375134,0.06095949057727224,0.08483648583161203,0.11557483450840607,0.15443699828726667,0.20277286780413858,0.2620064320789332,0.33362143204670414,0.41914647761381346,0.5201400566044153,0.6381758038171989,0.7748283346470681,0.9316598844694101,1.1102079351855543,1.311973955896913,1.5384133367000907,1.790926553535491,2.070851567859766,2.3794574373178983,2.7179390920363242,3.0874132149625293,3.4889151531822544,3.9233967796200013,4.391725220300291,4.894682360829782,5.432965046393918,6.0071858917936005,6.617874621614651,7.265479864963485,7.950371334246815,8.67284232277099,9.4331124614876,10.231330680674612,11.067578327846105,11.941872398303374,12.854168839811056,13.804365897451436,14.792307469252204,15.81778644693752,16.88054802013057,17.98029292547768,19.116680625308817,20.289332403139415,21.49783436576663,22.741740343830518,24.020574684768306,25.33383493347079,26.680994397781372,28.061504596943795,29.474797592356634,30.920288200886716,32.39737609172954,33.90544776870375,35.44387844005554,37.01203377880223,38.60927157676919,40.23494329601198,41.88839552168481,43.568971320799726,45.27601151164107,47.00885584900382,48.766844131732896,50.549317230521055,52.35561806539211,54.18509249931777,56.0370901934639,57.91096540596817,59.8060777475591,61.72179289778176,63.65748328614054,65.61252874178348,67.58631711459378,69.57824486977269,71.58771765724205,73.6141508562415,75.65697009542173,77.71561174712261,79.78952339515281,81.87816427423833,83.98100567947033,86.09753134381417,88.22723778181205,90.36963459770081,92.52424475636545,94.69060481582687,96.86826512027494,99.0567899530532,101.25575764933131,103.46476066864847,105.68340562786057,107.911313295388,110.14811854800813,112.39347029172626,114.6470313485259,116.90847831107101,119.17750136722604,121.45380409752688,123.73710324689694,126.02712847401557,128.32362208034854,130.626338721441,132.93504510288113,135.24951966328987,137.56955224659924,139.89494376578435,142.22550586008524,144.56106054763697,146.9014398752831,149.24648556721633,151.5960486739437,153.94998922294454,156.30817587223945,158.67048556797383,161.03680320696074,163.40702130506233,165.78103967210276,168.15876509395463,170.54011102231246,172.92499727258095,175.31334973022032,177.70510006581114,180.10018545902818,182.4985483316537,184.90013608969792,187.30490087464437,189.71279932379483,192.1237923396437,194.5378448681799,196.95492568599335,199.37500719600953,201.7980652316845,204.22407886947448,206.65303024933922,209.08490440307997,211.51968909026832,213.95737464152765,216.39795380892375,218.84142162321783,221.28777525773336,223.73701389858982,226.1891386210564,228.64415227178347,231.10205935667355,233.56286593415012,236.0265795136051,238.4932089587875,240.96276439592552,243.43525712636287,245.91069954350422,248.3891050538733,250.8704880020909,253.35486359957997,255.8422478568324,258.3326575190534,260.82611000502516,263.3226233490318,265.82221614568857,268.32490749753794,270.8307169652683,273.33966452042563,275.851770500491,278.3670555662023,280.8855406610069,283.40724697253887,285.9321958960047,288.4604089993977,290.9919079904281,293.52671468509806,296.0648509778102,298.60633881294217,301.15120015785305,303.6994569771701
-0.04974874371859297,,,,,,4.222357415521094e-23,7.453303773065532e-19,8.049575641691139e-16,1.516495439436715e-13,8.9194594912213e-12,2.3223970999844512e-10,3.3431278031989795e-09,3.0855557318670474e-08,2.023133382305584e-07,1.0140175626691737e-06,4.099494515608606e-06,1.3918086728004523e-05,4.092379652030657e-05,0.00010674025913592708,0.00025168308421332245,0.0005446621854839306,0.0010951399971384488,0.002066500305369225,0.0036899600923426656,0.006278063175705536,0.010236827218013498,0.016075749943240486,0.024415080353206896,0.03598998971923796,0.051651504061740745,0.07236426226859125,0.09920132851160474,0.13333640860499277,0.17603389775541867,0.22863722606141135,0.2925559745881718,0.3692522161480679,0.4602264981926265,0.5670038368868225,0.6911200368828646,0.8341085948198486,0.9974883893440845,1.1827523087235767,1.391356920328542,1.6247132451898822,1.8841786657642523,2.1710499659233773,2.486557478660995,2.8318602986467165,3.208042502969914,3.616110313605667,4.056990128735578,4.531527346461397,5.040485903182638,5.584548449472306,6.164317088287235,6.780314603408818,7.43298610981111,8.122701062660564,8.849755563990469,9.614374915755764,10.416716366789768,11.256872010844711,12.134871795111106,13.050686603725369,14.004231384885475,14.995368294140055,16.023909829911748,17.089621940852098,18.192227087499965,19.3314072435095,20.506806824338,21.718035533297144,22.964671117064245,24.24626202440821,25.56232996347473,26.912372354345607,28.29586467477256,29.712262697670308,31.1610046226663,32.6415130948714,34.153197124492046,35.695453896696584,37.267670481431594,38.869225443436534,40.49949035581224,42.157831220620146,43.84360980020463,45.556184863300615,47.29491335030928,49.059151462299056,50.848255678809,52.661583709386775,54.498495384248486,56.35835348933551,58.240524551047066,60.14437957575283,62.069294748903495,64.0146520981528,65.97984012439564,67.96425440403516,69.96729816513471,71.98838283946644,74.02692859157973,76.08236482584918,78.15413067114972,80.24167544286901,82.34445908125045,84.46195256473756,86.59363829680186,88.7390104645795,90.89757536761175,93.06885171505382,95.25237088985116,97.44767717859666,99.65432796605242,101.87189389360023,104.09995898124288,106.33812071308984,108.58599008661209,110.84319162627015,113.10936336243427,115.38415677684192,117.66723671571529,119.95828127301114,122.25698164448917,124.56304195556548,126.87617906452466,129.196122343396,131.52261343867008,133.85540601405907,136.19426547748756,138.5389686944591,140.88930368987835,143.24506934033718,145.60607505877113,147.97214047329982,150.3430951019452,152.71877802480566,155.09903755516092,157.48373091081245,159.8727238869283,162.26589053145068,164.66311282406684,167.0642803596189,169.46929003671326,171.87804575219934,174.2904581020875,176.7064440893864,179.1259268392632,181.54883532184382,183.9751040829122,186.40467298269462,188.83748694286274,191.27349570182537,193.71265357836833,196.15491924359256,198.6002555011412,201.0486290756186,203.50001040910823,205.95437346562377,208.41169554342352,210.8719570949168,213.3351415540573,215.80123517099764,218.27022685380823,220.74210801705144,223.2168724369939,225.6945161132389,228.17503713656095,230.6584355627181,233.14471329202448,235.6338739544618,238.1259228001187,240.62086659473798,243.11871352017076,245.6194730795267,248.123156006826,250.62977418095429,253.13934054373556,255.6518690219387,258.16737445303863,260.68587251456654,263.2073796568751,265.7319130391689,268.2594904686409,270.7901303425706,273.32385159324105,275.86067363554196,278.40061631712376,280.94369987098696,283.48994487037976,286.03937218589556,288.5920029446597,291.14785849150604,293.7069603520368,296.2693301974833,298.83498981126746,301.40396105718565,303.9762658491334
-0.04874371859296482,,,,,,1.3037937836302683e-23,2.815564589820141e-19,3.5118381022997216e-16,7.370742350007489e-14,4.715124258678336e-12,1.3130421626944179e-10,1.996990152266081e-09,1.929554128739221e-08,1.3151857034980523e-07,6.814617152307021e-07,2.8355366198554615e-06,9.872561185654654e-06,2.9681364992265486e-05,7.896248182392908e-05,0.00018950798253809185,0.0004166904572817875,0.0008499834191189991,0.001625032983807059,0.002936566524803106,0.005051294644332295,0.008319946454675608,0.013187660506128952,0.02020210725475595,0.030018912145727834,0.04340415212766248,0.061233889900698654,0.08449087416607516,0.11425866245637871,0.15171351347936074,0.19811445019544394,0.2547919175926583,0.32313545616201333,0.40458078959663035,0.500596689113207,0.6126719321828241,0.7423026246505255,0.8909801055657798,1.0601796060289357,1.251349788700965,1.4659032543925528,1.7052080669439131,1.970580317561847,2.2632777248513354,2.584494246633333,2.9353556638818357,3.3169160852654036,3.730155312323358,4.175976999764035,4.6552075422485055,5.168595617887678,5.716812319144677,6.300451803537627,6.92003239918225,7.575998103560622,8.268720417690623,8.99850046202551,9.765571324571466,10.570100596123462,11.412193051660767,12.291893441111187,13.209189356611281,14.164014147168224,15.156249855046584,16.18573015160871,17.252243253189967,18.35553480046343,19.495310687238415,20.671239826840637,21.882956846454565,23.130064701406646,24.412137203221693,25.7287214566085,27.079340201854507,28.46349406023722,29.88066368101918,31.330311789473857,32.811885136022916,34.32481634740569,35.86852568104797,37.44242268449179,39.04590776207464,40.67837365129285,42.33920681178722,44.027788730015416,45.7434971430379,47.485707185126465,49.25379246102501,51.04712605026322,52.86508144670695,54.70703343808687,56.572358930169244,58.46043772034071,60.37065322532883,62.30239316764007,64.25505022504724,66.22802264711932,68.22071484234495,70.23253793889249,72.26291032153112,74.31125814637791,76.37701583519716,78.45962654941461,80.55854264436739,82.67322610328328,84.80314895028089,86.9477936412901,89.10665343157103,91.27923271835525,93.46504735706965,95.66362494962392,97.87450510335468,100.09723965933736,102.33139288903439,104.57654165846553,106.83227555937168,109.09819700713645,111.37392130552408,113.65907667864536,115.95330427044861,118.25625811349201,120.56760506686673,122.88702472574,125.21420930342595,127.54886348784312,129.89070427411846,132.23946077521313,134.59487401250138,136.95669668826227,139.3246929420483,141.6986380928826,144.07831836919092,146.46353062832253,148.854082067451,151.2497899275539,153.65048119209072,156.05599228188973,158.4661687476762,160.8808649615323,163.29994380851238,165.7232763795017,168.15074166632564,170.58222625999744,173.0176240529035,175.45683594563135,177.89976955905524,180.34633895220267,182.79646434636203,185.2500718558012,187.7070932254097,190.16746557550258,192.63113115399622,195.0980370960572,197.5681351913403,200.0413816588547,202.5177369294585,204.99716543595235,207.47963541074392,209.96511869094275,212.45359053086554,214.94502942172974,217.43941691846248,219.93673747344351,222.43697827701723,224.94012910459807,227.44618217018095,229.95513198607523,232.46697522865998,234.98171060996938,237.49933875490814,240.01986208390284,242.5432847007877,245.06961228573255,247.5988519930201,250.1310123534827,252.66610318141065,255.20413548575107,257.7451213854231,260.28907402856726,262.8360075155689,265.3859368256902,267.9388777471491,270.4948468104961,273.0538612251405,275.61593881888206,278.18109798031145,280.749357603951,283.32073703800324,285.8952560345897,288.4729347023634,291.05379346138204,293.6378530001367,296.2251342346304,298.8156582694116,301.40944636047374,304.0065198799212
-0.04773869346733668,,,,,,3.826404248584581e-24,1.019523054788215e-19,1.477557318919009e-16,3.4706019166777295e-14,2.4233011367520537e-12,7.237847910933861e-11,1.1657165501985317e-09,1.1814424016803853e-08,8.384760635977127e-08,4.4976555967414417e-07,1.9284822859415396e-06,6.893129365893807e-06,2.1209711448982104e-05,5.759936836937956e-05,0.00014080847380012955,0.00031478842488994385,0.0006518287069360309,0.0012633116734190263,0.0023115230506630313,0.004021798471757579,0.006694229769625147,0.01071419046563113,0.01656104863866976,0.024814591280373045,0.036158861235212454,0.05138328371853653,0.07138111793115866,0.09714540038417935,0.12976264562943987,0.170404636831261,0.22031867561517476,0.28081667221945683,0.3532634482551933,0.43906460051860147,0.5396542400916512,0.6564828805421968,0.7910057058255542,0.9446714050175736,1.1189117196427383,1.3151318103275589,1.5347015155430126,1.7789475444333007,2.0491466201781323,2.346519568813315,2.6722263310918484,3.027361861335736,3.4129528669793165,3.8299553350829267,4.279252787272479,4.761655201729464,5.277898539796137,5.828644815095147,6.414482644442794,7.035928222098554,7.69342666174523,8.387353653878659,9.118017389852861,9.88566070753489,10.69046341729322,11.532544770770738,12.411966038536335,13.32873316620134,14.282799481959165,15.27406843156161,16.3023963198035,17.367595040173384,18.46943477692634,19.607646666082857,20.78192540394865,21.991931793653794,23.237295221852584,24.517616059339876,25.83246798058591,27.1814001984658,28.56393961149181,29.979592861779576,31.42784830282322,32.90817787672711,34.42003890142709,35.96287576858558,37.536121553573516,39.13919953926387,40.77152465556778,42.432504837150894,44.12154230185357,45.838034753767786,47.58137650653144,49.35095955268298,51.14617454512202,52.96641173192195,54.81106182597241,56.679516821054726,58.57117075750352,60.485420441721985,62.4216661237847,64.3793121372442,66.35776750505468,68.35644651523009,70.37476926952013,72.41216220772273,74.46805861042942,76.54189908131062,78.63313201082428,80.74121402176482,82.86561039700109,85.00579548919627,87.16125311194342,89.3314769114029,91.5159707173119,93.71424887206072,95.92583653644199,98.150269970682,100.38709678938764,102.63587618918913,104.8961791479989,107.16758859501591,109.44969955083882,111.74211923729538,114.04446715692008,116.35637514191825,118.67748737366354,121.00746037254093,123.34596295959271,125.69267619077088,128.04729326509283,130.40951940808475,132.77907173203153,135.15567907464862,137.53908181786366,139.92903168844654,142.32529154224437,144.727635133788,147.13584687301227,149.54972157080928,151.96906417506128,154.39368949878633,156.8234219419018,159.2580952080711,161.69755201800413,164.14164382048725,166.59023050233301,169.04318009834614,171.50036850230453,173.9616791798705,176.42700288425146,178.89623737534208,181.36928714300373,183.84606313504855,186.32648249042603,188.81046827803047,191.29794924150977,193.7888595503362,196.28313855741354,198.7807305633874,201.28158458780018,203.78565414720654,206.2928970402759,208.80327513992813,211.31675419245974,213.83330362368469,216.3528963519421,218.87550860795665,221.40111976141063,223.9297121541206,226.46127093968434,228.9957839294503,231.5332414446569,234.0736361717165,236.6169630405287,239.16321906548927,241.7124032492909,244.26451644906544,246.81956126485903,249.377541930199,251.93846420744737,254.5023352877666,257.0691636955181,259.6389591969298,262.21173271286585,264.7874962355276,267.36626274893814,269.9480461530447,272.532861191293,275.1207233815282,277.71164895007496,280.30565476886585,282.90275829548114,285.5029775159732,288.10633089035235,290.71283730061583,293.32251600120594,295.93538657178726,298.551468872235,301.1707829997438,303.79334924794574
-0.04673366834170854,,,,,,1.063966339726468e-24,3.529461236435041e-20,5.981875432234695e-17,1.580098192651967e-14,1.2087670962820025e-12,3.8839128133437784e-11,6.640635093956079e-10,7.073913357223532e-09,5.236493959912707e-08,2.912220203284603e-07,1.2883978758119334e-06,4.733120552812426e-06,1.4919802200521424e-05,4.139776003120392e-05,0.00010316598716795039,0.0002346606471651836,0.0004935750053705808,0.0009703096175386764,0.0017986257311159632,0.003166907627526755,0.0053293522012115655,0.008616399590492568,0.013443785683460432,0.020319715974589342,0.029849808157184136,0.042739607354047866,0.059794626566232106,0.0819179944157854,0.11010589615486684,0.14544106991285516,0.18908466902978172,0.2422668258796296,0.30627625674635334,0.3824492354275634,0.4721582395761368,0.5768005422388827,0.6977869849331015,0.8365311306192043,0.9944389571750588,1.1728992159621194,1.3732745468523522,1.596893411286673,1.8450428788567157,2.1189622806729362,2.4198377242204816,2.748797449370941,3.106907993364673,3.4951711235462573,3.914521490172622,4.365824947209483,4.84987748648885,5.367404729565944,5.919061921708992,6.505434373644623,7.127038298478938,7.784321993675377,8.477667320744663,9.207391438405729,9.973748748162544,10.776933014568312,11.617079625678738,12.494267962444596,13.408523848855399,14.35982205767955,15.348088849345668,16.37320452427558,17.43500597130799,18.53328919720156,19.667811824253103,20.8382955449829,22.044428524582454,23.28586774332119,24.562241272657428,25.873150479884437,27.218172157402314,28.59686057364475,30.00874944358829,31.45335381746858,32.9301718872524,34.438686710523115,35.97836785251777,37.54867294701721,39.14904917746997,40.77893467982559,42.43775986904566,44.124948691352365,45.839919804581456,47.5820876892402,49.35086369291369,51.14565701124297,52.96587560839585,54.81092708056237,56.680219465955425,58.57316200500479,60.489165854519804,62.42764475964399,64.38801568740162,66.3696994255421,68.37212115022356,70.39471096586054,72.43690441993735,74.49814299582134,76.57787458515236,78.67555394206008,80.79064312018549,82.9226118933873,85.07093816046843,87.23510833386295,89.41461771185651,91.60897083361353,93.81768181602936,96.04027467128182,98.2762836037951,100.52525328534966,102.78673910704606,105.06030740692299,107.34553567214947,109.64201271487043,111.94933882103318,114.26712587136672,116.5949974350086,118.93258883461296,121.27954718407851,123.63553139879087,126.00021217914359,128.373271968126,130.7544048839666,133.1433166289684,135.53972437581257,137.94335663271,140.35395308886584,142.77126444178597,145.19505220799593,147.62508851875677,150.06115590237107,152.5030470546605,154.9505645991506,157.40352083847375,159.86173749843903,162.32504546615468,164.7932845235296,167.26630307738768,169.74395788736894,172.22611379270117,174.71264343883968,177.20342700490247,179.69835193273374,182.1973126583593,184.7002103465126,187.20695262883248,189.71745334629082,192.23163229628122,194.74941498480007,197.27073238404486,199.79552069574467,202.3237211204221,204.85527963279637,207.3901467634595,209.92827738693975,212.46963051620483,215.01416910364318,217.5618598485416,220.11267301100622,222.6665822323073,225.22356436156758,227.78359928871564,230.34666978360033,232.91276134115233,235.48186203247286,238.05396236170802,240.62905512857458,243.20713529638255,245.78819986540597,248.37224775144296,250.95927966940914,253.5492980218014,256.1423067918737,258.73831144136403,261.33731881261264,263.9393370349144,266.5443754349512,269.15244445114826,271.76355555180635,274.3777211568646,276.9949545631451,279.61526987294667,282.2386819258451,284.8652062335741,287.4948589178532,290.12765665104416,292.763616599514,295.40275636958694,298.0450939559792,300.69064769260575,303.3394362056562
-0.0457286432160804,,,,,,2.793325334357708e-25,1.1648227976116956e-20,2.3246559029787463e-17,6.9411717258565645e-15,5.841043377027172e-13,2.0255200445743432e-11,3.686160787400385e-10,4.136239866409426e-09,3.199586522814223e-08,1.8478006856065209e-07,8.446463059349725e-07,3.192950455562954e-06,1.0322057203071341e-05,2.92901098796074e-05,7.447256189165579e-05,0.00017248211060569738,0.0003687686041285487,0.0007358053184744101,0.0013825605742768356,0.00246478273527479,0.004195517726407752,0.006855240799892244,0.01080101387732091,0.016474162561819092,0.02440608466256756,0.03522193641286408,0.04964207763144827,0.06848128091560415,0.0926458148043351,0.12312859276531479,0.1610026379507889,0.2074131492534414,0.26356846998573946,0.33073025994124833,0.4102031583224923,0.5033242025418937,0.6114522393633315,0.7359575329212031,0.8782117409856657,1.0395783980975515,1.2214040130833477,1.4250098597957157,1.6516845142170538,1.9026771685493336,2.179191733647317,2.4823817250544895,2.8133459147676105,3.1731247204580506,3.562697295911535,3.982979280636604,4.434821162642644,4.919007205958672,5.436254893428594,5.987214835260468,6.572471094666268,7.192541883330687,7.847880582158637,8.53887704273146,9.265859132273183,10.029094481777488,10.828792404563494,11.665105952963104,12.538134084400475,13.447923910716424,14.394473007152776,15.377731761101428,16.397605738589668,17.45395805786278,18.546611749908863,19.675352096948064,20.839928937010594,22.040058925643386,23.275427747008457,24.545692268088157,25.850482630695648,27.189404277519138,28.562039906698466,29.96795135939089,31.40668142725268,32.877755590370455,34.380683678151684,35.91496145573777,37.48007213595343,39.07548781775554,40.70067085224052,42.355075137765816,44.038147345812654,45.74932807951757,47.48805296700937,49.253753691724306,51.045858962414904,52.86379542525782,54.70698852106093,56.57486329051585,58.466845130658655,60.382360505826085,62.320837616477625,64.2817070293097,66.26440227207392,68.26836039644306,70.29302251216588,72.33783429534769,74.40224647398622,76.48571529266589,78.5877029588919,80.70767807251151,82.84511603953314,84.99949947116777,87.1703185685242,89.35707149301135,91.55926472215522,93.7764133902572,96.00804161307376,98.25368279549484,100.51287992111344,102.78518582248012,105.07016343083902,107.3673860041805,109.67643733253175,111.99691191958874,114.32841513960591,116.67056336955199,119.02298409534474,121.38531599249956,123.75720898095909,126.13832425434981,128.5283342840646,130.92692279875604,133.3337847399999,135.74862619504685,138.1711643077081,140.60112716854331,143.03825368561752,145.48229343713942,147.93300650740952,150.39016330746674,152.8535443818964,155.32294020323528,157.79815095541252,160.278986307625,162.76526518001953,165.25681550250042,167.7534739679308,170.25508578092996,172.76150440341004,175.272591297915,177.78821566976632,180.30825420893308,182.8325908324831,185.36111642838077,187.89372860136552,190.43033142151052,192.97083517603252,195.51515612491548,198.06321626071437,200.6149430729639,203.17026931751477,205.72913279107274,208.29147611117517,210.85724650178562,213.4263955846579,215.99887917657392,218.57465709252708,221.15369295490657,223.7359540086831,226.3214109425926,228.91003771629417,231.50181139343908,234.09671198058962,236.69472227190556,239.2958276994965,241.90001618933653,244.5072780226269,247.11760570247463,249.73099382576493,252.347438960086,254.96693952556836,257.5894956814978,260.21510921755436,262.8437834495349,265.47552311941575,268.11033429960247,270.74822430123334,273.3892015863874,276.03327568405655,278.6804571097485,281.3307572885791,283.9841884817257,286.6407637161108,289.30049671718933,291.9634018447181,294.62949403138646,297.29878872419494,299.97130182846826,302.6470496543969
-0.04472361809045226,,,,,,6.898176168010393e-26,3.6533893340558876e-21,8.648768965672657e-18,2.9352699639272463e-15,2.728760470902791e-13,1.0247532561208789e-11,1.9905472505573668e-10,2.3583059382204053e-09,1.9100921197180017e-08,1.1474382267995925e-07,5.427264431732189e-07,2.113859857684343e-06,7.016190565638781e-06,2.0381440428901147e-05,5.291971260655602e-05,0.0001248998220908129,0.0002716362045912613,0.0005504760288449874,0.0010490959029979335,0.001894751408420338,0.0032640012944898595,0.005392365515772785,0.008583373812308117,0.013216511050553997,0.019753653303005228,0.028743699067083295,0.04082521850544374,0.0567270581904564,0.07726694098018264,0.10334818511709024,0.13595473110418085,0.17614470931211174,0.22504280711966168,0.2838317041649737,0.3537428409233767,0.43604677235619405,0.5320433376573354,0.6430518516935497,0.7704014957510139,0.9154220563751664,1.0794351327654768,1.2637459063236347,1.4696355412099005,1.6983542625402703,1.9511151393556727,2.2290885827485827,2.5333975554772694,2.8651134778726153,3.22525280564696,3.6147742481117544,4.034576590062308,4.485497076934567,4.968310320560968,5.483727681718596,6.032397085468491,6.6149032258689155,7.231768117790324,7.883451955263757,8.570354237657012,9.292815127354228,10.051117004798547,10.845486189403337,11.676094797165506,12.543062708393704,13.446459621278395,14.386307169491857,15.362581084046967,16.375213381957664,17.42409456606637,18.509075822349217,19.629971202695355,20.786559782751585,21.97858778589688,23.20577066566782,24.46779514032944,25.764321174171556,27.094983901264666,28.459395488213307,29.857146933267877,31.287809799790658,32.750937882861436,34.24606880811835,35.772725562576575,37.33041795755739,38.91864402421431,40.536891342368314,42.184638303806416,43.861355311288605,45.56650591478851,47.29954788669376,49.05993423772301,50.84711417581946,52.66053400998676,54.49963800157989,56.36386916618016,58.25267002409181,60.16548331618802,62.10175266482887,64.06092320606658,66.04244218228042,68.04575950294867,70.07032827594732,72.1156053121162,74.1810516062349,76.26613279641424,78.37031960458354,80.49308825980916,82.63392090610542,84.79230599596501,86.96773867048014,89.15972112654983,91.36776297133287,93.59138156377773,95.83010234278868,98.08345914133405,100.35099448563203,102.6322598783985,104.92681606506076,107.23423328180407,109.55409148438511,111.88598055633099,114.22950049636286,116.58426158299798,118.9498845167062,121.3260005384991,123.71225152478331,126.10829005828957,128.51377947510534,130.92839388801917,133.35181818657344,135.783748014376,138.22388972438554,140.67196031302225,143.12768733405701,145.59080879337816,148.06107302576578,150.53823855490572,153.02207393791366,155.5123575956691,158.00887763027748,160.51143163097865,163.01982646981122,165.53387808831536,168.05341127652972,170.57825944548816,173.10826439438333,175.64327607350003,178.1831523439719,180.7277587353416,183.27696820185366,185.8306608783371,188.3887238364428,190.95105084200418,193.51754211415727,196.0881040868084,198.66264917299935,201.24109553264364,203.82336684405317,206.40939207962492,208.9991052860041,211.5924453689924,214.18935588343234,216.78978482824834,219.39368444679263,222.00101103261366,224.61172474072174,227.22578940441042,229.84317235765383,232.46384426308853,235.0877789455567,237.7149532311782,240.34534679189252,242.97894199540772,245.61572376047192,248.25567941737796,250.89879857359853,253.54507298444392,256.1944964286283,258.84706458862195,261.5027749356639,264.16162661931526,266.82362036141046,269.48875835428663,272.1570441631541,274.8284826324754,277.5030797962243,280.1808427918908,282.8617797781084,285.54589985576973,288.23321299251234,290.92372995044684,293.61746221701014,296.3144219388276,299.0146218584646,301.718075253966
-0.043718592964824124,,,,,,1.59578501380891e-26,1.0852577042408742e-21,3.071569696214938e-18,1.1918757858458982e-15,1.229693950310931e-13,5.019377600224402e-12,1.0438073892472159e-10,1.3089682601053623e-09,1.1124161570972192e-08,6.963745073504555e-08,3.4135664666605593e-07,1.3717601283325222e-06,4.680378230690223e-06,1.3933531229858219e-05,3.698024935738792e-05,8.902000436107407e-05,0.00019709261916878385,0.0004059502942955262,0.0007852142750542208,0.0014375641541767414,0.0025075820930077104,0.004190794074186566,0.006742421751001025,0.01048537842812129,0.015817101836009474,0.023214902225705315,0.03323960410949183,0.04653736237022432,0.06383962958600618,0.08596133517530043,0.11379740488619201,0.14831779993922095,0.19056128922421983,0.24162818670082295,0.30267229201300355,0.3748922674393765,0.4595226714286298,0.5578248502891793,0.6710778672225278,0.8005696235318317,0.9475883018992597,1.1134142371623905,1.2993122968517419,1.5065248323596727,1.7362652423783878,1.9897121732934289,2.2680043666154956,2.5722361511944443,2.903453567788806,3.2626511053753298,3.650769022192776,4.068691219726267,4.517243634432094,4.997193109801122,5.509246710164087,6.054051437279405,6.632194311084904,7.24420277683357,7.890545402197763,8.571632829463946,9.287818949869282,10.03940226906636,10.826627434896947,11.649686900691735,12.508722699558126,13.40382830713029,14.335050572448425,15.302391698412732,16.3058112553493,17.345228212840563,18.420522976734333,19.531539419772745,20.678086895729443,21.859942228300774,23.076851667146773,24.32853280475197,25.614676448594512,26.934948444205972,28.2889914451112,29.676426629072925,31.096855351416355,32.549860745471,34.035009257326486,35.55185212125078,37.09992677324143,38.67875820314601,40.28786024574801,41.92673681258055,43.59488305833702,45.29178650414061,47.01692808384758,48.76978314996326,50.549822419887626,52.35651287114368,54.189318586635835,56.0477015519897,57.93112240720361,59.83904115497531,61.770917828192786,63.72621311918918,65.70438897344648,67.7049091504872,69.72723975474662,71.77084973897202,73.83521138321126,75.91980075134519,78.02409812796293,80.14758843745513,82.28976164723214,84.45011315660354,86.62814417254259,88.82336207321401,91.0352807599334,93.26342099748487,95.50731074327662,97.76648546446309,100.04048844281928,102.32887106649011,104.63119310773905,106.94702298569649,109.27593801310172,111.61752462567487,113.97137859379492,116.33710521450132,118.71431948378836,121.10264624798754,123.5017203337479,125.91118665613263,128.3307003045372,130.7599266063066,133.19854116809793,135.6462298952053,138.10268898922578,140.56762492458586,143.04075440460895,145.52180429789473,148.0105115559155,150.50662311281607,153.009895768478,155.52009605597303,158.03700009456801,160.56039342947926,163.09007085958086,165.6258362542823,168.16750236077118,170.71489060280592,173.26783087220832,175.82616131416972,178.38972810744525,180.95838524045635,183.53199428428252,186.11042416340194,188.69355092515195,191.28125750859118,193.87343351355764,196.46997497059104,199.07078411233965,201.675769147012,204.2848440343828,206.8979282648039,209.51494664162243,212.13582906736195,214.76051033396857,217.38892991738803,220.02103177669832,222.65676415797634,225.2960794030544,227.93893376328012,230.58528721836905,233.23510330040813,235.8883489230476,238.5449942158937,241.20501236409635,243.86837945310594,246.53507431856,249.2050784012434,251.878375607059,254.5549521719248,257.2347965315196,259.917899195772,262.6042526280048,265.29385112861286,267.986690723179,270.6827690549012,273.382085281224,276.08463997454794,278.79043502690376,281.49947355846547,284.2117598297891,286.9272991576518,289.6460978343745,292.3681630505154,295.0935028208125,297.82212591326663,300.55404178125127
-0.04271356783919598,,,,,,3.442532738617382e-27,3.041892297274816e-22,1.0379843374388459e-18,4.634213368418944e-16,5.3323677098235183e-14,2.3750641330658266e-12,5.304652149901302e-11,7.060057176669524e-10,6.309764799594705e-09,4.1241238774894356e-08,2.0986552170912798e-07,8.714135617032e-07,3.0603305065046183e-06,9.34751878544234e-06,2.538512507147884e-05,6.238410837207954e-05,0.00014072740163499427,0.00029482530529685493,0.0005791907533350811,0.0010755742857576282,0.001900875610804612,0.0032154583398868904,0.00523144622551453,0.008220574179169686,0.01252120025057312,0.018544146488118828,0.026777116563273765,0.037787525994103566,0.05222366807047452,0.07081421862364005,0.09436615128422292,0.12376118954521564,0.15995096215393684,0.20395105464430033,0.2568341637606298,0.3197225645265548,0.39378009456146024,0.48020384836275226,0.580215757419686,0.6950542130454388,0.8259658673134841,0.9741977262041767,1.1409896279243419,1.3275671793785437,1.5351352052844192,1.7648717477298723,2.017922639208637,2.2953966593721438,2.5983612748725715,2.9278389526292723,3.284804029526648,3.6701801157406413,4.084838004502569,4.529594057887912,5.005209036072582,5.512387336238887,6.05177660678846,6.623967702640823,7.229494947951277,7.868836673652126,8.542415998423193,9.250601823301334,9.993710011746368,10.77200472884177,11.585699915051448,12.434960871892567,13.319905938637898,14.240608241076817,15.197097494948034,16.189361848500806,17.21734975009415,18.280971828315618,19.380102773504838,20.51458321132781,21.684221556479866,22.888795849073684,24.128055550568696,25.401723310469556,26.70949668913954,28.05104983591241,29.4260351211827,30.834084713060715,32.274812108243914,33.747813604069236,35.252669717762764,36.78894655001394,38.35619709297627,39.95396248278119,41.58177319695845,43.239150197348316,44.92560601932097,46.640645808312,48.38376830475775,50.154466778864155,51.952229916505594,53.77654265792218,55.62688699087804,57.50274270012045,59.403588075098604,61.3289005780236,63.278157474468706,65.25083642881309,67.2464160669232,69.26437650853153,71.3041998716465,73.36537075184525,75.44737667827052,77.54970854915274,79.67186104873993,81.81333304768694,83.97362798863877,86.15225425849434,88.34872554854648,90.56256120351296,92.79328655976272,95.040433273586,97.30353963902223,99.5821508953554,101.87581952372581,104.18410553224611,106.50657672882663,108.84280898086311,111.19238646052959,113.55490187530535,115.92995668188891,118.3171612831887,120.71613520717571,123.12650726687421,125.54791570079215,127.98000829324077,130.42244247413495,132.87488539802504,135.33701400226485,137.80851504437877,140.28908511885058,142.77843065368563,145.2762678872507,147.78232282601073,150.29633118389555,152.81803830412852,155.34719906442317,157.88357776653856,160.42694801121507,162.9770925595761,165.53380318208494,168.0968804961748,170.66613379366768,173.241380859085,175.82244777994273,178.40916875009611,181.0013858671545,183.59894892494648,186.20171520204852,188.80954924719447,191.42232266246154,194.0399138850247,196.66220796822185,199.28909636262338,201.92047669774163,204.55625256496407,207.19633330224417,209.8406337810292,212.4890741958562,215.14157985700118,217.79808098652447,220.45851251800175,223.12281390020866,225.79092890496568,228.46280543933713,231.13839536233203,233.81765430622593,236.50054150259857,239.1870196131567,241.87705456538077,244.57061539302543,247.26767408147165,249.96820541792144,252.6721868464053,255.37959832755868,258.0904222031157,260.80464306505553,263.52224762932616,266.243224614065,268.9675646222284,271.6952600285376,274.4263048706384,277.1606947443833,279.8984267031145,282.63949916086165,285.38391179932637,288.13166547856264,290.8827621512282,293.63720478030933,296.3949972602044,299.156144341062
-0.04170854271356784,,,,,,,8.012025016157647e-23,3.326005213695775e-19,1.7201186215604463e-16,2.219033018145387e-14,1.083048880848553e-12,2.6069650398173458e-11,3.6929591036875503e-10,3.4793654948037386e-09,2.3793855114886296e-08,1.2592180447869592e-07,5.411062480123911e-07,1.958719308962904e-06,6.1458963566510615e-06,1.7097129613649938e-05,4.2936573078584665e-05,9.877463688198557e-05,0.000210654603103988,0.00042062419154611217,0.0007928492122907561,0.0014205719763375898,0.0024336234192585985,0.004006136302165907,0.0063640818460423765,0.009792262121091954,0.014640429553600657,0.021328264847777896,0.030349016674916622,0.0422716826601045,0.057741684873727606,0.07748005940318876,0.10228123563291025,0.13300952501630284,0.1705944655260991,0.2160252338686499,0.27034418927486503,0.33463993159568695,0.4100398545784114,0.49770248181966054,0.5988096998751741,0.7145590315018634,0.8461560682321181,0.9948071629990358,1.161712465415412,1.3480593650517076,1.555016392082393,1.7837276101458848,2.035307523386717,2.3108365083868527,2.611356772094945,2.937868828775595,3.2913284824194675,3.6726442957316743,4.082675522762785,4.522230479179091,4.992065322066024,5.492883209826295,6.025333812070013,6.590013139303177,7.187463662536813,7.818174693721062,8.482582998832333,9.181073616731618,9.913980858239114,10.681589461413225,11.484135880515868,12.321809687790127,13.194755068706726,14.103072392985817,15.046819845113182,16.026015099687243,17.04063702822085,18.09062742544727,19.17589274442225,20.296305830894983,21.451707648559168,22.641908987777978,23.866692151413044,25.125812612164754,26.419000636714188,27.74596287231793,29.106383894863892,30.49992770864977,31.9262392072951,33.38494558261591,34.87565768693867,36.397971345850536,37.9514686211582,39.535719023678844,41.150280676222465,42.794701426748894,44.46851991237778,46.17126657489088,47.90246462848501,49.66163098098439,51.44827710931211,53.26190989074713,55.10203239117865,56.96814461187876,58.8597441963856,60.77632709921067,62.71738821819445,64.68242199244672,66.67092296790364,68.68238633265085,70.71630842401694,72.77218721011054,74.84952274733185,76.94781761666852,79.06657734053348,81.20531078225034,83.36353053000752,85.54075326693547,87.73650012871315,89.950297050043,92.18167510048862,94.43017081104536,96.69532649113367,98.97669053657116,101.27381772827813,103.5862695213943,105.91361432430902,108.25542776695961,110.61129295733434,112.9808007258649,115.36354985605512,117.75914730089187,120.16720838387572,122.58735698381506,125.01922570254968,127.46245601486736,129.91669839999338,132.3816124541551,134.85686698386434,137.34214007971033,139.83711917057963,142.34150105838899,144.85499193353712,147.3773073714237,149.90817231050107,152.44732101244315,154.99449700510706,157.54945300906223,160.11195084852633,162.6817613476167,165.25866421286824,167.84244790301125,170.4329094870204,173.02985449146263,175.6330967381786,178.2424581733096,180.85776868864713,183.47886593640195,186.10559513820365,188.7378088893384,191.37536695908068,194.01813608796365,196.66598978277787,199.31880811004757,201.97647748868118,204.6388904824489,207.3059455928814,209.97754705314904,212.65360462342173,215.3340333881651,218.0187535557927,220.7076902610365,223.40077337036666,226.0979372907501,228.79912078199908,231.50426677292242,234.21332218146884,236.92623773901138,239.6429678188982,242.36347026936886,245.08770625091034,247.8156400781045,250.5472390659986,253.2824733810147,256.0213158963936,258.76374205215666,261.50972971955537,264.25925906996616,267.01231244817814,269.7688742500133,272.52893080420625,275.2924702584764,278.05948246969825,280.8299588980965,283.6038925053667,286.3812776566332,289.16211002614676,291.946386506624,294.73410512213457,297.52526494442907
-0.0407035175879397,,,,,,,1.9740706470591982e-23,1.0066560622375586e-19,6.074631390570952e-17,8.835660285648934e-15,4.746945804943544e-13,1.235982200718871e-11,1.8692920937899316e-10,1.8614664189639054e-09,1.3348620315764659e-08,7.361055035148576e-08,3.27910851293103e-07,1.2252938422076468e-06,3.95471625089588e-06,1.1283000527738818e-05,2.8986979301139743e-05,6.806985141787116e-05,0.0001479114967918546,0.00030042814429424164,0.0005752205701451403,0.0010455882587870563,0.0018151955851757398,0.003025107192104121,0.004860870083098709,0.007559310911342442,0.01141473559147253,0.01678425897414679,0.024092047901370293,0.03383232445350111,0.046571041356642834,0.06294620336251115,0.0836668633920703,0.10951086817502627,0.14132146402788956,0.18000289923919807,0.22651517589223014,0.28186811191258515,0.3471148749791734,0.4233451450636279,0.511678053119878,0.6132550310754367,0.7292326938909836,0.8607758589554112,1.009050792351905,1.175218755684994,1.3604299128676653,1.565817641724877,1.792493283199948,2.041541349402846,2.314015201886738,2.6109332030164984,2.933275336031493,3.2819802834581826,3.657942948631149,4.062012401307074,4.494990225425262,4.957629244993378,5.450632602681827,5.974653164916246,6.530293226978059,7.118104491725567,7.738588296065117,8.392196059985563,9.079329933964493,9.80034362164041,10.555543355887961,11.345189007710024,12.169495308731225,13.028633169402434,13.922731076444782,14.851876554285882,15.816117676692858,16.815464615902417,17.849891217859113,18.919336593231908,20.023706715073608,21.16287601478175,22.3366889692168,23.544961672530683,24.787483387127956,26.064018068938395,27.37430586285287,28.718064564801075,30.09499104755413,31.50476264773348,32.947038512242095,34.421460902381774,35.92765645467584,37.46523739745487,39.03380272375769,40.63293931360433,42.26222302543674,43.921219724077396,45.60948627839202,47.32657150959024,49.072017097241876,50.84535844321664,52.646125494163556,54.47384352378921,56.328033876047186,58.20821467050595,60.11390147128706,62.04460792105365,63.99984634241925,65.9791283030661,67.98196516253284,70.00786857565988,72.0563509813352,74.12692606278308,76.21910918631285,78.33241782002898,80.46637193432308,82.6204943860007,84.79431128775762,86.98735236457887,89.19915129832427,91.42924606200569,93.67717924411679,95.94249836429064,98.22475618039637,100.5235109874059,102.83832690800345,105.16877417471954,107.51442940322517,109.87487585597346,112.24970369601435,114.63851022954715,117.04090013677767,119.45648569000316,121.8848869580463,124.32573199614917,126.77865702049063,129.2433065665626,131.71933363073487,134.20639979444914,136.70417533059117,139.2123392917282,141.73057958002792,144.2585929988062,146.79608528578183,149.34277112824753,151.89837416048016,154.46262694382878,157.0352709300244,159.61605640833727,162.2047424372967,164.80109676175144,167.404895716107,170.0159241146184,172.633975129656,175.25885015888315,177.89035868221978,180.5283181097285,183.17255362115407,185.82289799817354,188.47919145023351,191.14128143486417,193.80902247332452,196.48227596240076,199.1609099831393,201.84479910725724,204.53382420192852,207.22787223360427,209.92683607147595,212.63061429115135,215.3391109790641,218.052235538099,220.76990249486727,223.4920313090279,226.21854618501536,228.94937588648432,231.68445355375837,234.42371652452633,237.1671061580034,239.91456766273888,242.6660499282232,245.42150536042746,248.1808897213795,250.9441619728495,253.7112841242159,256.48222108454496,259.25694051890997,262.0354127089599,264.8176104177275,267.60350875865845,270.39308506883293,273.18631878633784,275.98319133173567,278.7836859935835,281.58778781792336,284.3954835016858,287.20676128992574,290.02161087681463,292.8400233103031,295.66199090037225
-0.03969849246231156,,,,,,,4.527287582969407e-24,2.865614268186687e-20,2.033538818256707e-17,3.3552426103578565e-15,1.9938895522052195e-13,5.638154381917403e-12,9.134122914815504e-11,9.640847613260881e-10,7.26702535677702e-09,4.184394332709794e-08,1.9358604342304414e-07,7.479142078941169e-07,2.4866220155112106e-06,7.2852736856889974e-06,1.916895151827909e-05,4.599772196490542e-05,0.00010193334869823445,0.00021078797313434818,0.0004102808398538072,0.0007571428251421613,0.001332924096794996,0.0022502894789453187,0.003659537045760759,0.005755051749488754,0.008781407130725722,0.01303885100447089,0.018887950327968826,0.026753220434904964,0.03712561886600084,0.05056383929739563,0.0676943928354073,0.0892105094664207,0.11586993034619592,0.14849169099129125,0.1879520165334261,0.23517946346383373,0.29114944865125303,0.3568783069224924,0.433417014268534,0.5218447058809532,0.6232621077477932,0.7387849883403705,0.8695377237672232,1.0166470562843943,1.1812361127273434,1.364418736645096,1.5672941759349626,1.790942156799349,2.0364183649398355,2.3047503461544343,2.5969338309139425,2.913929480960715,3.2566600505688825,3.626007950591173,4.022813199877593,4.447871745847928,4.901934133944883,5.3857045042462355,5.8998398926047395,6.444949813237373,7.021596099598256,7.63029298065568,8.271507370134549,8.945659347077347,9.653122806859688,10.394226262844379,11.169253779890274,11.97844602207281,12.822001398105002,13.700077289154423,14.612791344800458,15.560222834180614,16.542414040285543,17.559371686542445,18.611068385851077,19.697444103076112,20.818407623080386,21.973838017103077,23.163586101176755,24.387475880959517,25.64530597810529,26.936851033900844,28.26186308649838,29.620072918627244,31.011191373099614,32.43491063396706,33.890905471595815,35.37883445006215,36.898341096003094,38.449055028020176,40.0305930461268,41.642560180991715,43.28455070288663,44.95614909045819,46.65693095963943,48.38646395302317,50.144308590443025,51.93001908125296,53.74314409920542,55.58322752078212,57.449809127968614,59.34242527656231,61.26060953118999,63.203893268319675,65.17180624863386,67.16387716024906,69.1796341343585,71.21860523480098,73.28031892355713,75.36430450359512,77.47009254106626,79.59721526855292,81.74520697112979,83.91360435692648,86.10194691379033,88.30977725345839,90.53664144473322,92.78208933649215,95.04567487177334,97.32695639348738,99.62549694232366,101.94086454713774,104.27263250790286,106.62037967116038,108.98369069741842,111.362156320577,113.7553735981439,116.1629461519823,118.58448439863035,121.01960576838829,123.46793491231533,125.92910389628129,128.40275238124616,130.88852778900647,133.38608545269176,135.89508875141325,138.41520922854517,140.94612669324655,143.48752930493495,146.0391136405556,148.60058474460396,151.17165616198187,153.7520499538836,156.3414966970158,158.93973546655437,161.5465138033421,164.16158766590502,166.78472136794304,169.41568750200977,172.05426685018196,174.70024828239244,177.3534286435096,180.01361262981186,182.68061265580536,185.3542487122701,188.03434821639848,190.72074585488232,193.41328342080087,196.11180964512798,198.81618002365192,201.5262566400784,204.2419079860418,206.9630087787228,209.6894397767265,212.42108759483966,215.15784451824726,217.8996083167374,220.64628205940178,223.39777393028086,226.15399704537725,228.9148692714165,231.68031304669847,234.4502552043494,237.22462679825105,240.00336293188698,242.78640259032048,245.57368847550467,248.3651668450335,251.1607873545338,253.96050290375914,256.76426948648896,259.5720460443028,262.38379432427774,265.1994787406382,268.0190662403819,270.8425261728847,273.6698301634698,276.50095199093204,279.33586746897794,282.17455433155186,285.01699212199145,287.8631620859721,290.7130470681709,293.5666314125912
-0.03869346733668342,,,,,,,9.611127828825044e-25,7.636443368124718e-21,6.426562297398379e-18,1.2107287202549767e-15,8.000209185817585e-14,2.4673845525321672e-12,4.2971754927071395e-11,4.821859276091171e-10,3.830376649414745e-09,2.308154297747359e-08,1.1111821964232523e-07,4.446406755797883e-07,1.5251737987380408e-06,4.5949527078141e-06,1.2397855920129723e-05,3.0433945821423435e-05,6.885164712067812e-05,0.00014509065544150127,0.00028733429103455375,0.0005387603586736347,0.0009625054100760905,0.001647189251011168,0.0027127929874348634,0.004316649956422302,0.006659296198972277,0.009989934450689728,0.014611289669074112,0.02088367047537605,0.029228094858880237,0.04012838566144504,0.05413218799893537,0.07185090401552187,0.09395857823087246,0.121189798077242,0.15433669857495055,0.1942451775444573,0.24181043877317276,0.29797198586912943,0.3637081900040808,0.44003055127724006,0.527977766915323,0.6286097107777912,0.7430014183999658,0.8722371607047645,1.0174046780678896,1.1795896350476913,1.359870345109453,1.5593128043136157,1.7789660633814768,2.0198579588590007,2.2829912163647275,2.5693399321274475,2.8798464331384652,3.2154185113024907,3.5769270228116645,3.9652038406306898,4.381040145282159,4.825185037119039,5.298344451745291,5.801180359246727,6.334310227315324,6.898306728074357,7.493697668491382,8.120966124549062,8.78055075980504,9.472846309701204,10.1982042136412,10.956933377801343,11.74930105251682,12.575533809048014,13.435818601528245,14.330303900883676,15.259100888422166,16.222284697892672,17.219895695592438,18.251940789100317,19.31839475603475,20.419201585061998,21.554275822182124,22.723503915942462,23.926745556137973,25.163835000906754,26.4345823879637,27.73877502613696,29.076178663931504,30.44653873225852,31.849581558980656,33.2850155532639,34.75253235800116,36.25180796910662,37.78250382050764,39.344267834252975,40.93673543491733,42.55953052825577,44.212266443798505,45.89454684149414,47.60596658247129,49.34611256447393,51.114564522051054,52.910895792356584,54.73467404702318,56.58546199089936,58.46281802846065,60.36629689881451,62.29545028028888,64.24982736569737,66.22897540946175,68.23244024788029,70.25976679372702,72.31049950702692,74.38418284290736,76.4803616785933,78.59858172085083,80.73838989555787,82.89933472097086,85.08096666623231,87.28283849656572,89.50450560660029,91.7455263429616,94.00546231733864,96.28387871090064,98.58034457083578,100.89443309956773,103.22572193701923,105.57379343614414,107.93823493146026,110.3186390009653,112.71460372036834,115.12573290970582,117.55163637149684,119.99193011980829,122.44623659947707,124.91418489469244,127.39541092615097,129.88955763597272,132.39627515962897,134.91522098416996,137.4460600921126,139.98846509042625,142.54211632416028,145.10670197434112,147.68191813989148,150.26746890342395,152.86306638087393,155.46843075504626,158.08329029325523,160.7073813493332,163.34044835038125,165.9822437687107,168.6325280795307,171.2910697048967,173.9576449446854,176.63203789524968,179.3140403564631,182.00345172795392,184.70007889531354,187.40373610708284,190.11424484331488,192.83143367652485,195.55513812582063,198.28520050499293,201.02146976533112,203.76380133390242,206.51205694800458,209.2661044864799,212.02581779853583,214.79107653069272,217.56176595243906,220.33777678114208,223.1190050067199,225.90535171655347,228.69672292107285,231.4930293804221,234.2941864325667,237.10011382318473,239.91073553763695,242.7259796353474,245.54577808641773,248.37006661197952,251.19878452625846,254.03187458278074,256.86928282346577,259.710958431196,262.55685358588863,265.4069233241477,268.26112540255315,271.1194201646305,273.9817704115308,276.8481412764315,279.718500102667,282.592816325572,285.4710613580274,288.35320847967597,291.2392327297766
-0.03768844221105527,,,,,,,1.8772417247389762e-25,1.895134748160922e-21,1.9086663493793587e-18,4.134915347565337e-16,3.0553144053976534e-14,1.0325276400271473e-12,1.940617015509661e-11,2.3225876623398048e-10,1.949843625765662e-09,1.232604537926544e-08,6.187920766323116e-08,2.569377776113468e-07,9.107790811492552e-07,2.825836754221709e-06,7.82902517485283e-06,1.968428657839795e-05,4.551248814692653e-05,9.783367257003319e-05,0.00019731025289521334,0.0003762166794471675,0.0006825992284956784,0.0011850277540865976,0.0019777874977844664,0.0031863191745438897,0.004972692644112842,0.007540894032850643,0.011141716605118828,0.01607706902548263,0.022703547240887165,0.03143515427520992,0.04274509230979953,0.057166590636177315,0.07529276921179996,0.09777556912406958,0.12532380740472326,0.15870043400313774,0.19871908340768388,0.24624002278214566,0.3021656031430008,0.3674353207283833,0.4430205930360956,0.5299193487428275,0.6291505235400303,0.7417485454255063,0.8687578836951094,1.0112277262222025,1.1702068399428536,1.346738660055551,1.541856644515124,1.756579922060669,1.991909254425426,2.248823326507168,2.5282753722267657,2.831190138498699,3.1584611852111943,3.5109485152749236,3.889476525640211,4.294832267619018,4.72776400283431,5.1889800395858146,5.679147833354488,6.198893334407907,6.748800565102949,7.329411409347797,7.9412255967885885,8.58470086459028,9.260253280116338,9.968257708418248,10.70904840904607,11.48291974750581,12.290127007422967,13.1308872902628,14.005380490402484,14.913750334004805,15.856105471159562,16.832520611425316,17.8430376937722,18.88766708266071,19.966388782728234,21.079153665259735,22.225884700243178,23.406478188514072,24.620804988971667,25.868711736492966,27.150022046627832,28.464537703648485,29.812039829001733,31.192290027448912,32.605031508965695,34.04999018414761,35.52687573194872,37.03538263819746,38.575191204052665,40.14596852351413,41.74736942949017,43.379037408004564,45.04060548034468,46.7316970531248,48.451926736224955,50.20090112902529,51.978219575014215,53.78347488532641,55.6162540316604,57.47613880917454,59.36270647002797,61.275530328312236,63.214180337225805,65.17822363937435,67.16722509120903,69.18074776271264,71.21835341329835,73.27960294553145,75.36405683753786,77.47127555572945,79.6008199491381,81.75225162678886,83.92513331952752,86.11902922768185,88.33350535599928,90.56812983687267,92.82247324345931,95.09610889334093,97.3886131438964,99.69956568007377,102.02854979518092,104.3751526651803,106.73896561647949,109.11958438794072,111.51660938617428,113.92964593461123,116.35830451561938,118.80220100530961,121.26095690041251,123.73419953660932,126.2215622975846,128.722684814081,131.2372131522125,133.76479999030389,136.30510478356132,138.85779391592325,141.42254083850477,143.9990261941269,146.58693792750154,149.18597138074102,151.79582937395395,154.416222270792,157.04686802890603,159.6874922353748,162.33782812725855,164.99761659761168,167.66660618670846,170.3445530605244,173.0312209742819,175.7263812242652,178.429812586845,181.1413012459351,183.86064070944852,186.58763171545792,189.3220821287753,192.06380682868567,194.81262758856852,197.56837294814852,200.33087807910405,203.09998464475626,205.8755406545437,208.65740031396874,211.44542387067676,214.23947745731076,217.03943293174623,219.84516771528897,222.65656462938585,225.4735117313639,228.2959021496862,231.1236339191733,233.95660981661533,236.7947371971577,239.63792783179,242.4860977464812,245.33916706261715,248.19705984003636,251.0597039219371,253.92703078233671,256.79897537645326,259.6754759934042,262.5564741125178,265.44191426183625,268.3317438811893,271.22591318724005,274.1243750425455,277.02708482789274,279.9340003180872,282.84508156121103,285.7602907613715,288.679592164937
-0.036683417085427134,,,,,,,3.350673888479475e-26,4.354657194502853e-22,5.300542617239555e-19,1.3306067445634516e-16,1.1061989255529376e-14,4.1168514507677883e-13,8.385104898978948e-12,1.0741771523816666e-10,9.559152841664446e-10,6.355998233475773e-09,3.335051807789774e-08,1.4398759250850774e-07,5.284054395045096e-07,1.6911162667016975e-06,4.8179139117124e-06,1.2423421401417846e-05,2.9391721085162023e-05,6.451912786530447e-05,0.00013264676702761256,0.0002574329872403994,0.0004747668363819282,0.0008367707026126509,0.0014162897831727886,0.0023117241448887666,0.003652029721848033,0.005601699459683865,0.008365534831702387,0.012193029506437927,0.01738220848424214,0.024282794558419637,0.03329860650067441,0.04488912721403806,0.05957021299632983,0.07791394531006704,0.10054765289896203,0.12815215405469446,0.16145928606193474,0.20124880140021192,0.2483447184589732,0.3036112187843006,0.36794818376755245,0.44228646179215814,0.5275829527443979,0.6248155910183757,0.7349783011888447,0.8590759928204433,0.9981196527925925,1.1531215853421448,1.325090842000913,1.5150288759157242,1.7239254478042922,1.9527548041411924,2.2024721421495794,2.4740103703527465,2.7682771700916664,3.0861523563950177,3.428485536630517,3.7960940595167263,4.189761246044452,4.61023489147833,5.058226026101148,5.534407921214586,6.0394153260706,6.573843920899085,7.138249970878663,7.733150165920939,8.359021631155668,9.0163020933706,9.705390188985811,10.426645899689955,11.180391102379874,11.966910220714261,12.786450966204537,13.63922515752768,14.525409607320274,15.445147066590064,16.39854721740532,17.38568770530825,18.406615203584888,19.461346502045423,20.54986961375841,21.67214489363202,22.82810616340449,24.01766183804578,25.24069604916709,26.497069761440937,27.78662187850523,29.10917033524481,30.464513173661754,31.852429600006804,33.27268102114344,34.72501205822064,36.209151536388376,37.724813449136,39.271697896461674,40.84949199579707,42.45787076536225,44.096497979349216,45.76502699473513,47.46310154947128,49.1903565322811,50.946418723812556,52.73090750965508,54.543435565339344,56.383609513746784,58.251030555378755,60.14529507200211,62.06599520429484,64.01271940414695,65.98505296237052,67.98257851267604,70.00487651264643,72.05152570304668,74.12210354601467,76.21618664364043,78.33335113789022,80.47317309314013,82.63522886254856,84.81909543953016,87.02435079551455,89.25057420541408,91.49734656163871,93.76425067810489,96.05087158505324,98.35679681565254,100.6816166851615,103.02492456334792,105.38631714038253,107.76539468726564,110.16176130994262,112.57502519808098,115.00479886790967,117.45069939902424,119.91234866481915,122.38937355607656,124.88140619717822,127.3880841543441,129.9090506352525,132.4439546793709,134.9924513383192,137.5542018455999,140.12887377505734,142.7161411874724,145.31568476475235,147.9271919312436,150.55035696177148,153.18488107608948,155.83047251951234,158.48684662958715,161.1537258887566,163.83083996314932,166.51792572695996,169.21472727446493,171.92099591702998,174.6364901683041,177.36097571630614,180.09422538346445,182.83601907503262,185.58614371645004,188.34439318024133,191.11056820308215,193.88447629367673,196.66593163211104,199.45475496134856,202.25077347154158,205.05382067782926,207.86373629228277,210.68036609064683,213.50356177451758,216.33318082956723,219.1690863804166,222.0111470427217,224.85923677302569,227.71323471689146,230.5730250558099,233.43849685336548,236.30954390093268,239.18606456386263,242.0679616274546,244.95514214437114,247.84751728281506,250.7450021762241,253.64751577464224,256.5549806980087,259.4673230915833,262.3844724837232,265.30636164613736,268.23292645681755,271.1641057657485,274.09984126351725,277.0400773529174,279.9847610236233,282.9338417300051,285.88727127212366
-0.035678391959798994,,,,,,,5.4241754526222005e-27,9.205297835682495e-23,1.3687241538343398e-19,4.014609723041905e-17,3.780117092689283e-15,1.5576977327202954e-13,3.4538075430130554e-12,4.7540596470538247e-11,4.4993542854761427e-10,3.1556658833531027e-09,1.7349590746696963e-08,7.80558237790829e-08,2.9713440077886637e-07,9.82630596437206e-07,2.8832605880154962e-06,7.635795823314268e-06,1.850856988327627e-05,4.1538902979226115e-05,8.715259762717077e-05,0.0001723294984740928,0.00032334308854299593,0.0005790589825699677,0.0009947326315316763,0.0016462059383996757,0.002634370027022656,0.004089739744348866,0.0061769756111135265,0.009099190444358665,0.013101889277228313,0.018476410371236252,0.02556275965776463,0.03475175849472343,0.04648645305976006,0.06126276126983637,0.07962935848411153,0.10218682549755388,0.12958610092909087,0.1625262948352295,0.20175193127585828,0.24804969484833245,0.30224476024201163,0.36519678507271275,0.4377956450995813,0.5209569878588429,0.6156176762180003,0.7227311877538659,0.8432630295490972,0.9781862212877824,1.128476892665595,1.295110034322448,1.4790554349114577,1.6812738306660682,1.9027132879956725,2.1443058343396086,2.406964347281583,2.69157970898916,2.999018226500269,3.330119318531431,3.685693463938617,4.06652040596543,4.4733476041019555,4.906888923859041,5.367823553552818,5.856795136282593,6.3744111046476135,6.921242205332059,7.497822200504816,8.10464773292291,8.74217834176586,9.410836616447478,10.111008475995533,10.843043561996636,11.60725573358355,12.403923653444908,13.233291454432969,14.095569476867755,14.990935067231145,15.919533429602707,16.881478521668285,17.876853987792817,18.90571412217777,19.968084855678864,21.06396476040178,22.193326066640346,23.356115687326934,24.5522562454644,25.78164710057407,27.044165370531196,28.339666945574475,29.6679874915683,31.028943440101184,32.422332963066225,33.847936929795665,35.30551984522108,36.7948307674321,38.315604203569784,39.86756098297674,41.450409106835934,43.063844573632444,44.707552179957624,46.381206296333325,48.08447161774244,49.8170038889373,51.57845060433765,53.36845168272736,55.18664011688726,57.032642598428126,58.9060801181462,60.80656854231236,62.73371916533888,64.68713923937156,66.6664324813892,68.6711995585157,70.70103855208232,72.75554540161171,74.83431432915185,76.93693824515552,79.0630091367813,81.21211843966074,83.38385739418038,85.57781738737943,87.79359028158628,90.03076873082613,92.28894648614414,94.5677186908286,96.86668216651748,99.1854356910735,101.52358026901904,103.88071939527514,106.25645931249234,108.65040926296713,111.06218173480954,113.49139270294262,115.93766186482036,118.4006128708046,120.87987354898443,123.37507612412729,125.88585743037562,128.41185911719174,130.95272784803242,133.5081154911627,136.07767930201265,138.6610820964661,141.25799241447075,143.86808467339296,146.49103931056692,149.12654291453742,151.7742883445516,154.4339748379204,157.10530810493842,159.78800041121227,162.4817706467129,165.18634438298187,167.90145391601806,170.62683829741601,173.36224335237867,176.10742168533122,178.8621326733717,181.62614244788574,184.3992238647291,187.1811564634214,189.97172641584018,192.7707264649374,195.57795585402707,198.39322024721997,201.21633164159613,204.04710827171056,206.8853745070475,209.73096074302342,212.58370328614956,215.44344423394406,218.31003135018716,221.18331793608593,224.06316269790216,226.94942961158824,229.84198778496955,232.74071131770398,235.64547916034613,238.55617497141083,241.47268697456323,244.39490781515076,247.322734416931,250.25606783923243,253.1948131348699,256.13887920911,259.08817867995003,262.04262773982447,265.00214601969134,267.9666564539064,270.93608514856453,273.91036125133587,276.8894168240398,279.873186717764,282.86160845066837
-0.034673366834170855,,,,,,,,1.7773441435575545e-23,3.265876093581103e-20,1.129389746989101e-17,1.2131629831989138e-15,5.568112996779334e-14,1.3506166983478944e-12,2.0058863910730743e-11,2.0262089636482715e-10,1.5036441855867789e-09,8.685569912130436e-09,4.0817396277662404e-08,1.6151779938653564e-07,5.529856881165002e-07,1.6740099834503908e-06,4.56024805936162e-06,1.134102972033166e-05,2.605619182532433e-05,5.5855317641773507e-05,0.00011264860614887142,0.00021525420019627195,0.00039205401422918643,0.0006841330708883099,0.0011488405843917747,0.0018636785561058629,0.002930398499507557,0.004479170855757498,0.006672685224687996,0.009710042201602336,0.01383030810230815,0.019315620449962247,0.026493752883931063,0.035740071272438764,0.04747883660106399,0.06218383328807886,0.08037832288751488,0.10263434194599101,0.12957137863749732,0.16185447551972906,0.2001918153453354,0.24533185348023867,0.298060064394301,0.3591953712221272,0.429586326910198,0.5101071133258622,0.601653421271489,0.7051382699366607,0.8214878192391927,0.9516372229997822,1.09652656518487,1.2570969157213667,1.4342865367689421,1.629027264930962,1.8422410899676374,2.07483694531488,2.327707722511042,2.6017275163772164,2.8977491054281534,3.2166016684440915,3.5590887356009633,3.9259863703509907,4.318041576337983,4.735970922059575,5.180459374766426,5.6521593341167895,6.15168985533243,6.679636051124341,7.236548661312249,7.822943778892795,8.439302721294869,9.086072035655185,9.76366362710567,10.472454999415268,11.212789597565568,11.984977242318779,12.789294647195057,13.625986008820233,14.49526366194771,15.397308791123942,16.332272191285295,17.30027507020684,18.301409886062572,19.335741214053165,20.403306636247027,21.504117649451967,22.638160586266704,23.805397544871077,25.005767323547413,26.239186356265858,27.50554964603305,28.80473169304606,30.136587414945566,31.500953056855682,32.89764708914668,34.326471090898934,35.78721061771082,37.27963605225272,38.80350343653058,40.35855528470887,41.94452137578601,43.56111952536174,45.208056335984786,46.8850279257001,48.591720634346835,50.32781170771932,52.09296995917242,53.8868564088709,55.70912490068611,57.5594226968937,59.437391050891684,61.34266575820269,63.27487768610229,65.23365328225957,67.21861506287593,69.22938208065385,71.26557037356822,73.32679339448944,75.41266242283402,77.5227869587153,79.65677510046879,81.81423390638203,83.9947697415319,86.197988610581,88.4234964777005,90.67089957422556,92.93980469536407,95.22981948669131,97.5405527214124,99.87161456924497,102.22261685777008,104.59317332671978,106.98289987638516,109.39141480994108,111.81833907066537,114.2632964740915,116.72591393532396,119.20582169158259,121.7026535199258,124.21604694999837,126.7456434715509,129.29108873640982,131.8520327544792,134.42813008332283,137.0190400108154,139.62442673033178,142.2439595079245,144.87731284094193,147.52416660755088,150.18420620665324,152.85712268772065,155.54261287011894,158.24037945162965,160.95013110530212,163.6715825659278,166.40445470345685,169.14847458571217,171.90337552885447,174.6688971361116,177.4447853248091,180.23079234183544,183.02667676775843,185.83220350985476,188.64714378437785,191.47127508842038,194.3043811617846,197.146251939297,199.99668349404325,202.85547797201463,205.72244351869014,208.59739419556806,211.48014990475068,214.3705362694583,217.26838455879445,220.17353156953237,223.08581951812792,226.0050959259617,228.9312135005721,231.8640300142313,234.80340817882714,237.7492155191833,240.70132424412648,243.6596111161969,246.62395732030333,249.5942483317129,252.5703737837361,255.55222733531906,258.53970653958334,261.5327127117397,264.53115079939295,267.5349292530109,270.54395989814446,273.55815780919085,276.5774411849388,279.60173122607006
-0.033668341708542715,,,,,,,,3.109290119402173e-24,7.150379134631004e-21,2.9441477379546003e-18,3.6363361426117826e-16,1.8709343591386865e-14,4.99138026515497e-13,8.034765562918952e-12,8.696260479955416e-11,6.851367963326792e-10,4.17029186962204e-09,2.052459199534087e-08,8.462169418404279e-08,3.005593538607901e-07,9.404461386482743e-07,2.639710525171814e-06,6.745764751243293e-06,1.5888155455433686e-05,3.4842735584078874e-05,7.17576006197581e-05,0.00013979399657108337,0.0002592123890993941,0.00045990505830279264,0.0007843453866140831,0.0012908939418121508,0.0020573755359045627,0.003184821834584334,0.0048012619973687165,0.007065439511332821,0.01017033633867155,0.014346394676775752,0.019864340651767006,0.02703753163323331,0.03622376810772286,0.04782653087001105,0.062295623589564864,0.08012721873688597,0.1018633208086352,0.1280906743972424,0.15943915573179132,0.19657969485365878,0.24022178168616068,0.29111061310242264,0.35002393993969233,0.4177686730221813,0.4951773059382833,0.5831042098374388,0.6824218521523184,0.7940169871388779,0.9187868616844478,1.057635475145444,1.2114699272158658,1.3811968829603476,1.5677191799485195,1.7719325972268987,1.9947228027524606,2.2369624912786477,2.4995087216345193,2.7832004590509305,3.088856325436764,3.417272558034167,3.769221174763839,4.145448342740171,4.546672944905677,4.9735853384637725,5.426846297765853,5.907086133497201,6.414903979405138,6.9508672373628,7.5155111712973035,8.109338640372178,8.73281996171778,9.386392893166768,10.070462726515553,10.785402482085939,11.531553195627676,12.309224288898086,13.118694015651126,13.960209975080476,14.83398968517897,15.740221208932287,16.67906382657412,17.650648747623517,18.655079856796622,19.692434488288214,20.76276422332699,21.8660957062444,23.002431474748814,24.17175080034191,25.374010535242174,26.609145962454065,27.877071645950043,29.177682278156176,30.51085352240356,31.876442847927443,33.274290355516634,34.7042195921433,36.16603835284849,37.659539468590204,39.18450157900143,40.740689888761985,42.327856907008965,43.94574316890027,45.59407793879965,47.27257989452594,48.98095779251564,50.718911113316075,52.48613068751323,54.282299301842535,56.107092285504926,57.960178076729036,59.84121876967327,61.74987064183265,63.68578466215859,65.64860698014517,67.63797939623558,69.65353981375033,71.6949226730307,73.76175936793672,75.85367864541097,77.9703069885902,80.11126898410834,82.27618767420093,84.4646848943998,86.67638159755133,88.91089816486136,91.16785470499181,93.44687134186714,95.74756849215719,98.06956713325296,100.4124890626203,102.7759571490538,105.15959557730099,107.56303008565793,109.98588819814462,112.4277994512315,114.88839561571453,117.3673109140529,119.86418223339585,122.37864933442188,124.91035505601451,127.45894551569691,130.02407030565846,132.6053826841306,135.20253976178256,137.8152026827601,140.44303679993584,143.08571184390198,145.74290208521958,148.41428648941863,151.09954886425126,153.7983779987122,156.51046779345506,159.2355173815855,161.97323124106256,164.72331929579366,167.4854970076401,170.25948545760258,173.04501141649482,175.84180740494318,178.64961174264477,181.46816858689115,184.29722796042824,187.13654576877022,189.9858838071485,192.84500975732215,195.71369717452447,198.59172546486005,201.47887985351,204.3749513441276,207.27973666984482,210.19303823632308,213.11466405730738,216.04442768315906,218.98214812284323,221.9276497598837,224.88076226262444,227.84132048978213,230.80916439084325,233.78413890287646,236.766093843417,239.75488380025473,242.7503680184701,245.75241028516308,248.76087881228193,251.77564611782185,254.79658890637663,257.82358794809636,260.8565279579564,263.8952974745297,266.939788739029,269.989897574793,273.045523267484,276.1065684462284
-0.032663316582914576,,,,,,,,4.8840755042877165e-25,1.425233840029569e-21,7.0626360160718255e-19,1.0116525585731606e-16,5.876032722281725e-15,1.7343159708757553e-13,3.0409664105492844e-12,3.541582754958203e-11,2.973206424819929e-10,1.9131511025973303e-09,9.88901389056251e-09,4.258823306185093e-08,1.5728055479748852e-07,5.097085133126405e-07,1.4768477849188015e-06,3.884617948655658e-06,9.393729631422085e-06,2.1104269365177197e-05,4.444060936297824e-05,8.837145819078575e-05,0.00016700541557502005,0.0003015816457093087,0.0005228505625679021,0.0008738134816818776,0.001412765724888527,0.0022165669114013738,0.0033840467030731456,0.005039444923479174,0.007335781873778803,0.010458057388554058,0.014626184871117982,0.020097578139677063,0.02716932323139812,0.036179883205474835,0.04751030042390379,0.061584876896250855,0.07887132836467683,0.0998804213768957,0.12516511433513425,0.15531923319673074,0.19097572021910636,0.23280449977699125,0.28151000904516166,0.33782844355057967,0.40252476814398813,0.47638954337895073,0.5602356156304061,0.6548947168312741,0.7612140166344195,0.8800526663018269,1.0122783698349582,1.1587640139327668,1.3203843843961687,1.4980129927067638,1.692519032717534,1.9047644838303048,2.1356013736620647,2.3858692101046373,2.6563925898477687,2.947978987880351,3.2614167301939383,3.5974731499246397,3.9568929253937006,4.3403965970257525,4.7486792588355105,5.182409419146173,5.642228024287631,6.128747638405987,6.642551771939109,7.1841943509612065,7.754199319335367,8.353060365468117,8.981240765421008,9.63917333414066,10.327260476722676,11.045874331720771,11.795356998778772,12.576020843063255,13.388148869321158,14.231995158558673,15.10778536085511,16.01571723794395,16.955961249679298,17.92866117878352,18.933934788625137,19.971874509103817,21.042548146088382,22.145999610048243,23.28224966008464,24.451296659549776,25.65311733969425,26.887667570295633,28.15488312824834,29.45468047187537,30.786957508300716,32.15159435803718,33.54845411264083,34.97738358429916,36.43821404560968,37.93076195835817,39.45482969000207,41.01020621696874,42.59666781375561,44.21397872714859,45.861891834905016,47.54014928831383,49.24848313832442,50.98661594476783,52.75426136849656,54.551124746230784,56.37690364800227,58.231288417132156,60.113962692744735,62.02460391486462,63.96288381218382,65.92846887263366,67.92102079697169,69.9401969354091,71.98565070790545,74.0570320079944,76.15398759075357,78.27616144520088,80.42319515156406,82.59472822390589,84.7903984386219,87.00984214947736,89.25269458968585,91.51859016186346,93.80716271650249,96.11804581975544,98.45087301131484,100.80527805323395,103.18089517025604,105.57735928292229,107.9943062336033,110.43137300660938,112.88819794281832,115.36442094945288,117.8596837054938,120.37362986313849,122.90590524562012,125.45615804160471,128.0240389962867,130.6092015992112,133.21130226874865,135.83000053308325,138.46495920747066,141.11584456747573,143.7823265178276,146.464078756489,149.1607789334996,151.8721088042027,154.59775437594064,157.33740604873964,160.09075874849214,162.85751205226063,165.63737030618964,168.43004273467773,171.23524354086248,174.0526919980694,176.8821125319553,179.72323479314701,182.5757937202312,185.43952959300043,188.31418807592786,191.19952025188374,194.0952826461721,197.00123724100882,199.91715148061363,202.84279826713274,205.77795594764825,208.722408292567,211.67594446572033,214.63835898652076,217.60945168456456,220.5890276470544,223.5768971595885,226.57287564036235,229.57678356884708,232.58844640877095,235.60769452620164,238.63436310306693,241.66829204655704,244.70932589472494,247.75731371939492,250.81210902499365,253.87356964641066,256.94155764377064,260.01593919590175,263.0965844924082,266.18336762474405,269.2761664766186,272.3748626140258
-0.031658291457286436,,,,,,,,6.818851213824784e-26,2.563411122895051e-22,1.5468816270238997e-19,2.5939890268588677e-17,1.7140466310418752e-15,5.632934674167053e-14,1.0816991197107035e-12,1.3618817959454314e-11,1.2232107659242954e-10,8.350124288273137e-10,4.547203508382673e-09,2.0512204999472134e-08,7.89605189264339e-08,2.656243440448474e-07,7.960655222100674e-07,2.1592111987978163e-06,5.3698127951092755e-06,1.237801956933227e-05,2.6688724768704612e-05,5.4242168783758623e-05,0.00010459977986774843,0.00019246577597456028,0.0003395569483904171,0.0005768122233288176,0.0009469122135653578,0.001507059078591955,0.002331950286786123,0.0035168674752866966,0.005180794130541317,0.007469473343440832,0.0105583190817584,0.014655100618122032,0.02000232911987863,0.026879287039250466,0.035603653943276366,0.046532695975394646,0.060063999543722664,0.07663574252286647,0.09672650781634533,0.12085465426992813,0.14957726848925587,0.18348872803478763,0.22321891176308606,0.26943109684134287,0.3228195843012252,0.38410709608195726,0.45404198650380573,0.5333953101902259,0.6229577867893316,0.7235367005949073,0.8359527704827431,0.9610370225906933,1.0996276949997232,1.2525672004119968,1.4206991695600275,1.604865594877622,1.8059040908789865,2.0246452847616583,2.2619103480032625,2.5185086771836422,2.7952357299365653,3.092871019840748,3.4121762721663886,3.7538937407440116,4.1187446847549145,4.507428002991304,4.920619022061056,5.358968434116947,5.823101378946483,6.3136166646714535,6.831086120833519,7.376054077317386,7.949036962291168,8.55052301223944,9.1809720870397,9.840815583097747,10.53045643756756,11.250269216820879,12.000600282485815,12.781768028522798,13.594063183118465,14.437749169267997,15.31306251834046,16.220213331040892,17.159385780566485,18.130738652933616,19.134405919873974,20.170497339797393,21.23909908275017,22.340274375494417,23.474064163099406,24.640487783720893,25.839543653467675,27.07120995850353,28.335445351780876,29.6321896519347,30.961364542215648,32.3228742674841,33.71660632724879,35.14243216340389,36.600207840959385,38.089774720561664,39.610960121579005,41.16357797474533,42.7474294634317,44.36230365275772,46.00797810587546,47.684219486758664,49.390784149161,51.1274187111623,52.89386061507693,54.68983867242476,56.51507359375871,58.369278503202594,60.252159437595104,62.1634158301747,64.10274097878,66.06982249860103,68.06434275934419,70.08597930731878,72.13440527188,74.20928975695415,76.31029821748092,78.43709282102449,80.5893327949512,82.766674759207,84.96877304525874,87.19528000166798,89.44584628645597,91.72012114718709,94.01775268913995,96.33838813231401,98.68167405797762,101.04725664558507,103.43478190055183,105.84389587431565,108.27424487679768,110.72547568251953,113.19723573098673,115.68917332209679,118.20093780724181,120.73217977671345,123.28255124393478,125.85170582695459,128.43929892755037,131.04498790818147,133.66843226694127,136.3092938105509,138.96723682535887,141.6419282462007,144.3330378229054,147.0402382841651,149.763205498481,152.50161863136202,155.25516029938518,158.02351671908949,160.80637785194077,163.60343754302102,166.41439365472286,169.23894819375806,172.0768074314794,174.92768201701338,177.7912870827971,180.6673423421666,183.5555721786834,186.45570572693532,189.36747694460962,192.2906246756705,195.22489270455054,198.17002980129726,201.1257897576844,204.09193141433866,207.06821867898458,210.0544205359551,213.05031104715806,216.05566934468806,219.07027961560752,222.0939310784217,225.12641795283037,228.16753942187063,231.2170995875241,234.27490741995206,237.34077670077602,240.41452596068476,243.4959784124051,246.58496187788572,249.6813087123508,252.7848557236229,255.89544408820993,259.0129192642068,262.1371309014506,265.26793274929025,268.4051825623339
-0.030653266331658297,,,,,,,,8.364566592733393e-27,4.1187659879690615e-23,3.066016024146296e-20,6.081633749572623e-18,4.610506923883597e-16,1.698982968960045e-14,3.5945005108231315e-13,4.917429495735615e-12,4.746328450013823e-11,3.4506425970600926e-10,1.986480312395278e-09,9.414638103921489e-09,3.787866302020754e-08,1.325948179998628e-07,4.119422861181455e-07,1.1544915528778734e-06,2.9581989042487526e-06,7.008271742841067e-06,1.5496292645042722e-05,3.223559532850892e-05,6.351554572799855e-05,0.00011922998554474501,0.0002143031246622745,0.00037042075670859573,0.0006180573609790093,0.0009987721180354304,0.0015677306652052215,0.0023963958176717254,0.0035753203529735296,0.005216968754081673,0.007458492593217105,0.010464385760101988,0.014428950505899306,0.01957851265456669,0.0261733336291352,0.03450917745531068,0.04491850199318231,0.05777125474646751,0.07347526424518634,0.09247622783607407,0.1152573054920634,0.14233833681005986,0.1742747046273473,0.21165587364335053,0.25510363612631204,0.30527009929859067,0.36283545043756077,0.4285055362292539,0.5030092925955832,0.5870960602318677,0.6815328195473397,0.7871013767334848,0.9045955304749407,1.0348182460695703,1.178578861607058,1.3366903475336178,1.5099666387684667,1.699220055656018,1.9052588275832967,2.1288847306841916,2.3708908487960825,2.632059464742423,2.913160087099726,3.2149476158510972,3.538160648785734,3.8835199290781266,4.251726933286681,4.643462597911204,5.0593861817571035,5.5001342605731445,5.966319849765521,6.458531650493119,6.977333413986241,7.523263418680761,8.09683405443232,8.698531508007092,9.328815543896262,9.988119374510127,10.676849613808697,11.395386308511528,12.144083041105588,12.92326709906985,13.733239704805037,14.574276301009144,15.446626886445216,16.35051639719383,17.286145128764886,18.253689194664048,19.253301017156012,20.285109846383808,21.349222303981573,22.44572294777626,23.574674854242545,24.736120215673292,25.930080949198643,27.15655931501685,28.415538541402036,29.706983454126753,31.030841108447007,32.38704142141478,33.77549780309546,35.19610778489501,36.648753643617134,38.1333030199771,39.649609530346666,41.19751337072238,42.77684191196862,44.38741028549652,46.0290219586924,47.701469299354265,49.404534128766095,51.13798826274111,52.90159404035615,54.69510483998026,56.51826558232244,58.370813220249765,60.252477215175695,62.16297999984111,64.10203742734731,66.06935920634716,68.0646493221272,70.08760644390001,72.13792431766451,74.21529214510018,76.31939494818965,78.449913919748,80.60652675975419,82.78890799766974,84.99672930119868,87.22965977101204,89.48736622265477,91.76951345530433,94.07576450824865,96.40578090553163,98.7592228894606,101.13574964348717,103.53501950580004,105.95669017367678,108.40041890017058,110.8658626836665,113.35267845132685,115.86052323731245,118.38905435664377,120.9379295755249,123.50680727888994,126.09534663585477,128.7032077636652,131.33005189064156,133.97554151851196,136.63934058441652,139.32111462275452,142.02053092695158,144.7372587110945,147.470969271377,150.22133614670292,152.98803527919515,155.7707451726385,158.56914705020048,161.38292500905243,164.21176617312878,167.05536084229044,169.91340263776104,172.78558864320397,175.67161954086342,178.57119974222374,181.4840375126582,184.40984508958252,187.34833879365462,190.2992391326221,193.26227089745126,196.23716325044234,199.22364980507,202.22146869736463,205.23036264868387,208.25007901980086,211.2803698562851,214.32099192509241,217.37170674279218,220.4322805948782,223.5024845471067,226.58209444848103,229.67089092638898,232.76865937409326,235.8751899307598,238.99027745494183,242.11372149042603,245.24532622683373,248.3849004535553,251.5322575083697,254.68721522084027,257.84959585091644,261.0192260231342,264.1959366568023
-0.029648241206030143,,,,,,,,,5.844980029810149e-24,5.444270991367898e-21,1.2920076835485747e-18,1.1342613140120926e-16,4.7233827541363426e-15,1.1082383029495664e-13,1.6567027722628612e-12,1.7267965915077306e-11,1.342728458030338e-10,8.202409329675661e-10,4.097948958988893e-09,1.728431475705737e-08,6.312904593359332e-08,2.038109520975709e-07,5.914979416617079e-07,1.5647391126614002e-06,3.817009558344936e-06,8.670058978651154e-06,1.848899290475884e-05,3.727710254371341e-05,7.148566756864692e-05,0.00013106718010881817,0.00023079014981185054,0.0003918207805084614,0.000643562565763426,0.001025730517722365,0.0015906235088157328,0.0024055470342717222,0.0035553302674829505,0.005144875940916951,0.007301679412959991,0.010178254103800233,0.013954403947911802,0.018839289146253557,0.02507323877908442,0.03292927222278496,0.042714300292981316,0.05476998615921746,0.06947325496208893,0.08723644940926156,0.10850713620734612,0.1337675748502363,0.16353386594476843,0.19835480087945354,0.23881043824461307,0.2855104350404782,0.33909216243557944,0.4002186367491176,0.4695762965309788,0.5478726561980426,0.6358338657629473,0.7342022048563875,0.8437335375891457,0.9651947529078071,1.0993612130437627,1.247014230502948,1.4089385918506327,1.5859201443555233,1.778743459455093,1.9881895845958606,2.215033894204245,2.460044046331562,2.723978052726338,3.007582466140037,3.311590688382103,3.636721401000951,3.983677119311987,4.353142869460212,4.745784987276,5.16225003690339,5.603163846466705,6.069130657504669,6.560732384387625,7.07852797957736,7.62305290025176,8.194818671612268,8.794312542011342,9.421997224925507,10.07831072276511,10.763666227472786,11.478452092917177,12.223031874131852,12.997744428547696,13.802904074515537,14.638800802443933,15.505700534193661,16.40384542637652,17.333454213474813,18.294722586842717,19.287823605841158,20.312908137556043,21.370105321701566,22.45952305756869,23.581248509977396,24.73534863144388,25.921870697919683,27.140842855649137,28.392274676796728,29.676157721859543,30.992466106701844,32.34115707248838,33.72217155689381,35.1354347649404,36.58085673809165,38.05833292035337,39.56774472015407,41.10896006698989,42.681833962360486,44.286209020648705,45.92191600966411,47.58877437265027,49.28659274873998,51.01516948069249,52.77429311303017,54.56374287961958,56.38328918033053,58.23269404643348,60.1117115944313,62.02008846804177,63.95756426806248,65.92387196989498,67.91873832832407,69.9418842696911,71.99302527069581,74.0718717240796,76.17812929072281,78.31149923813967,80.47167876495519,82.65836131187028,84.87123685831517,87.1099922054847,89.37431124562754,91.66387521785656,93.97836295087262,96.31745109303765,98.68081433044257,101.06812559342575,103.4790562527479,105.91327630584539,108.37045455440811,110.85025877419751,113.35235587817773,115.8764120740396,118.42209301720378,120.98906396035692,123.57698990054796,126.18553572479765,128.8143663551032,131.46314689362578,134.13154276873473,136.81921988247785,139.52584475991029,142.2510847005905,144.9946079325107,147.756083768076,150.53518276317314,153.33157687744483,156.14493963742444,158.9749463001514,161.82127401859483,164.68360200717765,167.56161170722334,170.4549869516262,173.36341412805092,176.2865823399597,179.22418356476155,182.17591280837408,185.14146825551074,188.12055141503203,191.11286725972153,194.11812435990876,197.13603501038745,200.1663153501469,203.20868547448075,206.26286953910474,209.3285958559361,212.405596980511,215.4936097901923,218.5923755541282,221.7016399938271,224.82115333496412,227.95067035026935,231.08995039350245,234.23875742524015,237.39686002920976,240.56403142152234,243.74004945113128,246.92469659288201,250.11775993313373,253.3190311483383,256.5283064769339,259.7453866849256
-0.028643216080402004,,,,,,,,,7.231385940484403e-25,8.561683714640757e-22,2.461666932140914e-19,2.5285321151870993e-17,1.2001470425219105e-15,3.1455600844144816e-14,5.170396686565684e-13,5.851128375119615e-12,4.88923507402271e-11,3.182522408590692e-10,1.682324378802834e-09,7.463253423215774e-09,2.8526257241101393e-08,9.596274784847376e-08,2.891108465412497e-07,7.913657515035099e-07,1.9918075670810896e-06,4.656374419611584e-06,1.0197157821765814e-05,2.107139351785965e-05,4.134205692551942e-05,7.742920099812272e-05,0.0001390752859988169,0.00024053915388240113,0.00040202272930787216,0.0006513229118550446,0.00102568943815284,0.0015738586447343265,0.0023582237969498217,0.0034570954970269806,0.004967000946549547,0.0070049685995384105,0.009710744900922927,0.013248892118188523,0.017810720400926728,0.023616012749791946,0.030914508132781286,0.0399871151553737,0.05114683611005728,0.06473938858641365,0.08114351885759948,0.10077100777377669,0.1240663757436694,0.15150629847996974,0.1835987494747641,0.2208818886477517,0.2639227192917916,0.3133155373709026,0.36968019846357475,0.4336602282599039,0.5059208025899972,0.5871466225618828,0.6780397095971854,0.7793171440454859,0.8917087697029153,1.015954885020392,1.1528039401202437,1.3030102569860045,1.46733178842168,1.6465279295685127,1.8413573940457093,2.052576165049629,2.2809355301462637,2.5271802069386338,2.7920465653469324,3.076260950888014,3.380538112373285,3.7055797353225906,4.052073083439289,4.420689746996891,4.812084498268616,5.2268942523890285,5.665737131729016,6.129211631301942,6.6178958822878124,7.132347010394027,7.6731005854740255,8.240670158596782,8.83554688258552,9.458199211900615,10.109072677699155,10.788589733816101,11.497149669444937,12.235128584295909,13.002879422072382,13.800732058209094,14.62899343780142,15.48794775993663,16.377856704592475,17.298959698501303,18.2514742164822,19.235596114888466,20.251499993990933,21.29933958621579,22.379248167396465,23.491338988251897,24.635705723240328,25.81242293639792,27.021546555712288,28.263114364115893,29.53714649493838,30.843645935955685,32.18259903830808,33.55397602903657,34.957731525631054,36.39380505125969,37.86212154943182,39.36259189687484,40.895113413628586,42.459570369329796,44.055834484826576,45.68376542834519,47.34321130538818,49.03400914187874,50.75598535977289,52.508956244713126,54.29272840518732,56.10709922274117,57.95185729281224,59.82678285577455,61.73164821779456,63.666218161102364,65.63025034331456,67.62349568525215,69.6456987472236,71.69659809284616,73.77592664044504,75.88341200140663,78.0187768052137,80.18173901070095,82.37201220346068,84.58930587897079,86.83332571143688,89.10377380829985,91.40034895048883,93.72274681864678,96.07066020569368,98.4437792162817,100.84179145353008,103.2643821943554,105.71123455373076,108.18202963929035,110.67644669728904,113.19416325116141,115.73485523396319,118.2981971160179,120.88386202909315,123.49152188842464,126.12084751385724,128.77150875130968,131.44317459568438,134.135513316234,136.84819258527511,139.58087961100105,142.33324127500768,145.1049442750424,147.8956552729375,150.70504104854072,153.53276865922595,156.37850560426205,159.24191999503523,162.12268072965483,165.02045767180434,167.93492183317457,170.8657455587384,173.81260271409002,176.77516887399892,179.75312151130387,182.74614018524403,185.75390672830855,188.77610543070386,191.81242322154415,194.86254984590548,197.92617803691982,201.00300368213723,204.092725983436,207.19504760981303,210.30967484253878,213.43631771194097,216.5746901257219,219.72450998808964,222.8854993096073,226.05738430747667,229.2398954959075,232.43276776726654,235.63574046250102,238.84855743247553,242.0709670893029,245.30272244817516,248.5435811598338,251.79330553392407,255.05166255350917
-0.027638190954773864,,,,,,,,,7.684529009079337e-26,1.176827006618861e-22,4.157085184000302e-20,5.0533411904844115e-18,2.7599637002894297e-16,8.146055937196984e-15,1.4824672828144745e-13,1.8323895926294033e-12,1.6540415998207364e-11,1.152550355024539e-10,6.472828703087938e-10,3.0313808873406846e-09,1.2165564419644505e-08,4.277092199244395e-08,1.3413036665285766e-07,3.8083974307087695e-07,9.912643465745198e-07,2.390016672487074e-06,5.38531975569006e-06,1.142583487063504e-05,2.297366900258485e-05,4.402026060769136e-05,8.076937254165756e-05,0.00014250652101603016,0.00024266716411195153,0.0004001074227127006,0.000640571710807516,0.0009983421513865389,0.001518045741474711,0.0022565874850886286,0.0032851715632803667,0.004691368316039019,0.006581182469960626,0.009081077615292811,0.012339913260079412,0.016530753630918247,0.021852511462772665,0.028531395016359123,0.03682213217436031,0.04700895140963189,0.059406305433694864,0.07435932920444073,0.09224402952280467,0.11346720854527403,0.13846612808868053,0.16770792554682706,0.2016887955498194,0.2409329541714533,0.28599140455050287,0.33744052427233157,0.39588049579885265,0.46193360170240044,0.5362424064960692,0.6194678465300738,0.7122872487924303,0.8153922985711323,0.9294869748555896,1.0552854711255897,1.1935101178401337,1.3448893215343778,1.5101555339905355,1.690043263507254,1.8852871388562962,2.096620035126248,2.324771269311903,2.5704648722290964,2.8344179421327764,3.1173390842993682,3.4199269397715333,3.742868805542402,4.086839347557216,4.452499407141576,4.840494900758539,5.251455812375068,5.685995277173469,6.1447087548613375,6.628173290595319,7.136946859913126,7.6715677982148165,8.232554306240067,8.820404033882292,9.435593735658001,10.07857899551785,10.749794017306044,11.44965147733327,12.17854243550019,12.93683630143295,13.724880852158513,14.543002297802778,15.391505392028991,16.270673583859967,17.18076920771939,18.122033708595723,19.094687899348404,20.098932247300784,21.13494718735321,22.20289345903477,23.302912464949816,24.43512664800013,25.59963988709529,26.796537903283188,28.025888684173495,29.287742914960873,30.58213442007102,31.909080611854332,33.26858294513137,34.66062737602721,36.08518482379249,37.54221163443065,39.03165004477666,40.5534286462718,42.107462847147644,43.69365533229175,45.31189651991627,46.96206501421801,48.64402805346038,50.35764195263844,52.102752540273805,53.879195588692795,55.68679723725991,57.52537440803795,59.3947352133499,61.29467935471958,63.22499851265599,65.18547672676621,67.17589076546739,69.19601048511487,71.24559917737626,73.32441390475566,75.4322058233773,77.56872049259474,79.73369817069599,81.92687409648003,84.14797875602386,86.39673813446674,88.67287395256879,90.97610388797808,93.30614178130004,95.66269782721712,98.04547875117912,100.45418797195384,102.88852575148023,105.34818933228604,107.83287306406929,110.34226852056538,112.87606460813949,115.43394766761635,118.01560157093932,120.62070781429009,123.2489456093198,125.89999197412111,128.57352182552597,131.2692080742385,133.9867217242041,136.7257319774983,139.48590634586301,142.26691076992762,145.06840974653358,147.8900664656261,150.731542955921,153.59250024093402,156.47259850380448,159.37149726239807,162.28885555323612,165.22433212417604,168.1775856351534,171.14827486620277,174.1360589318616,177.14059750097718,180.1615510208447,183.19858094455145,186.2513499603584,189.31952222192643,192.402763578192,195.50074180170415,198.61312681426008,201.73959090875326,204.87980896592023,208.03345866571237,211.2002206910995,214.3797789247414,217.57182063692943,220.77603666441988,223.99212157936947,227.21977384834986,230.45869598014337,233.70859466291793,236.96918088996918,240.24017007406545,243.52128215029478,246.812241667419,250.11277786779797
-0.026633165829145725,,,,,,,,,6.8949194880283e-27,1.3925694049178763e-23,6.138283878608981e-21,8.943509585958422e-19,5.680573056924343e-17,1.905063808471756e-15,3.8680835810718064e-14,5.256992164782024e-13,5.156127224322706e-12,3.865918628854487e-11,2.3172209687426502e-10,1.150316849927768e-09,4.8649962501397e-09,1.7935077178366136e-08,5.8723646210526396e-08,1.7343255566809606e-07,4.6800996459905e-07,1.166513093628514e-06,2.710277679110024e-06,5.915856760401121e-06,1.2212566736719355e-05,2.3982068718566074e-05,4.502230129318522e-05,8.115605492801244e-05,0.00014100055999707317,0.00023690889064410846,0.00038608717847370404,0.0006118841027554718,0.0009452414332453708,0.0014262870772255027,0.0021060455784332787,0.0030482356807101456,0.0043311206321660824,0.0060493744757399125,0.008315926650812126,0.011263747730101562,0.015047540880950375,0.01984530646945258,0.025859750894434055,0.03331951501363455,0.04248020218227534,0.05362519075741867,0.06706622074899654,0.08314374896706653,0.10222707140321102,0.12471421559933979,0.15103160933578288,0.18163353507333063,0.21700138219360016,0.2576427111995095,0.3040901456784071,0.3569001090209862,0.41665142366263763,0.4839437910156514,0.5593961703220482,0.6436450744397184,0.7373428001013611,0.8411556095203098,0.9557618793800937,1.0818502322874641,1.2201176647154184,1.3712676843484481,1.536008468588801,1.7150510548203426,1.9091075718628763,2.1188895209113117,2.345106113154168,2.5884626701989624,2.8496590924689085,3.1293883995056357,3.4283353461838315,3.7471751161371247,4.086572095284753,4.447178725796329,4.829634441141165,5.234564682047662,5.662579992734028,6.114275196335615,6.590228757525348,7.091001564369078,7.617137425870813,8.169161452034608,8.747580144823784,9.352880898831785,9.985531675085687,10.645980735649665,11.334656436116996,12.051967073026821,12.798300783529072,13.574025492277988,14.379488908786982,15.215018562031325,16.08092187977406,16.97748630361849,17.904979439168958,18.86364923828356,19.853724211010352,20.87541366459533,21.928907967300617,23.014378834714545,24.131979636111115,25.281845720821504,26.464094756536714,27.678827087817503,28.926126103000875,30.206058613645435,31.518675243302013,32.86401082399284,34.24208479931918,35.652901632759445,37.096451219899855,38.572709303576865,40.08163789071042,41.623185669985155,43.19728842935902,44.80386947260467,46.44284003397181,48.11409969047983,49.81753677074403,51.553028760027416,53.32044270065987,55.1196355872537,56.950454756071814,58.812738267906035,60.70631528380224,62.63100643294654,64.58662417202635,66.57297313514437,68.58985047394319,70.63704618647158,72.71434343457412,74.82151884862114,76.95834281895937,79.12457977299984,81.31998843774318,83.5443220865396,85.79732876993079,88.0787515300525,90.38832859838854,92.72579357683641,95.09087560229122,97.48329949487703,99.90278589105714,102.34905136150694,104.82180851566304,107.32076609372548,109.84562904772132,112.39609861324418,114.97187237364916,117.57264431860844,120.19810489900942,122.84794108023733,125.52183639588584,128.21947100392703,130.94052174730106,133.68466222079613,136.45156284596254,139.2408909557145,142.0523108896277,144.8854841021509,147.7400692831346,150.61572249327656,153.51209731306693,156.42884500725796,159.36561470377072,162.32205358724377,165.2978071067711,168.292519197181,171.30583251304444,174.3373886744149,177.3868285231612,180.45379238860443,183.53792036108646,186.63885257198962,189.756229478683,192.8896921528221,196.03888257041785,199.20344390205625,202.38302080198122,205.57725969373107,208.78580905214486,212.0083196792267,215.24444497304245,218.49384118840734,221.75616768859393,225.03108718596047,228.31826597233967,231.61737413685717,234.92808577142154,238.25007916309028,241.58303697293093,244.9266464010896
-0.025628140703517585,,,,,,,,,,1.3939800317380075e-24,7.801569317877504e-22,1.381925361105976e-19,1.0329281184129031e-17,3.9756824420750816e-16,9.083974490104533e-15,1.3675972799350838e-13,1.467000495163676e-12,1.190337974347745e-11,7.653915217890111e-11,4.0459630793902965e-10,1.810699395942037e-09,7.025666296152095e-09,2.409892468698423e-08,7.426071092861577e-08,2.0834852052343943e-07,5.382440451665868e-07,1.2925912592352709e-06,2.9091046561563417e-06,6.178646148918388e-06,1.2458516688773074e-05,2.3973667910635513e-05,4.422448166334706e-05,7.851823003298307e-05,0.00013463832195432753,0.00022366113027399577,0.0003609248689587279,0.0005671490311630794,0.0008696967175530185,0.0013039661830919088,0.0019148924660986697,0.002758535321707717,0.0039037260649693664,0.0054337434521262865,0.007447987426110926,0.010063619387739402,0.013417138535005287,0.017665865606234222,0.022989307909841876,0.029590382653178773,0.03769647912389266,0.04756034406528722,0.059460778474319,0.07370313790596063,0.090619632083586,0.11056942309331057,0.1339385246646144,0.1611395078320935,0.19261102084037549,0.22881713316420108,0.270246515394591,0.3174114678435644,0.37084681203476,0.4311086596814406,0.4987730742602543,0.5744346403731264,0.6587049559818398,0.7522110622831188,0.8555938255197939,0.9695062843950902,1.0946119760387132,1.2315832526581634,1.381099600140875,1.543845968961654,1.7205111268226516,1.9117860415191128,2.118362301591028,2.3409305814300376,2.580179156616349,2.83679247443701,3.111449783716879,3.404823827372187,3.717579600356561,4.050373175044548,4.40385059548116,4.778646841379274,5.175384862246932,5.594674681573973,6.037112570605708,6.503280290871164,6.993744404322373,7.509055649663813,8.049748383217576,8.616340082471288,9.209330910282514,9.82920333759001,10.476421822356807,11.15143254240362,11.854663179705451,12.586522753747081,13.347401501401107,14.137670800897977,14.957683137431278,15.807772107917616,16.688252462550732,17.599420180711515,18.541552579036647,19.514908449275058,20.51972822381247,21.556234166726394,22.624630588321388,23.72510408117543,24.857823775802867,26.022941614119027,27.220592638991896,28.45089529815555,29.7139517610082,31.009848246786188,32.33865536254071,33.70042844982397,35.095207938631724,36.52301970747465,37.98387544846978,39.477773036352865,41.004696900467664,42.56461839875819,44.15749619291543,45.7832766238581,47.44189408664735,49.13327140429278,50.85732019947518,52.613941263600516,54.4030249224007,56.224451397337745,58.078091162032656,59.96380529290588,61.881445813168,63.83085602924773,65.81187085873978,67.82431714868086,69.86801398345781,71.94277298087886,74.0483985755714,76.18468828853536,78.35143298185461,80.5484170975502,82.77541887979709,85.0322105795508,87.31855864136004,89.63422387160871,91.97896158824281,94.3525217520212,96.75464907939151,99.18508313820112,101.64355842621046,104.12980443439368,106.64354569597681,109.18450182303044,111.75238753249462,114.34691266373939,116.96778218993354,119.61469622562164,122.2873500330106,124.98543402950573,127.70863379904934,130.45663010976725,133.22909894035575,136.0257115175027,138.8461343665589,141.6900293770594,144.55705388551198,147.44686077602285,150.35909860095126,153.2934117211364,156.2494404678211,159.22682132547453,162.22518713591165,165.24416732335914,168.28338813987125,171.34247293023918,174.4210424152988,177.51871499230828,180.63510705087026,183.76983330270954,186.92250712346177,190.09274090452587,193.2801464129516,196.48433515724219,199.704918757147,202.94150931480416,206.19371978603291,209.46116434887801,212.74345876799015,216.04022075266545,219.35107030730967,222.67563007183745,226.01352565141138,229.36438593362521,232.72784339211788,236.1035343755498,239.4910993810497
-0.024623115577889446,,,,,,,,,,1.1565755858248417e-25,8.380301828113719e-23,1.8337061003412425e-20,1.6345120278555974e-18,7.301927700644269e-17,1.8956824623708047e-15,3.1879872873334393e-14,3.7674603984373697e-13,3.329665161919251e-12,2.3099480932748023e-11,1.3069420664886777e-10,6.217918724975953e-10,2.549884654655849e-09,9.197717694017193e-09,2.9675015893120944e-08,8.683789174934968e-08,2.331965479097611e-07,5.804087819711752e-07,1.350242025868511e-06,2.9573178652230974e-06,6.136243327935476e-06,1.2127561933516841e-05,2.2938022926294597e-05,4.169073566887182e-05,7.307971711429515e-05,0.00012394114153001557,0.00020395036636068481,0.00032644973562074534,0.0005094075189681267,0.0007765034312125134,0.0011583312963279904,0.0016937048503643773,0.0024310486528704065,0.003429852773928146,0.004762167459611581,0.006514112408383341,0.008787374615859668,0.011700668920927417,0.015391136332154854,0.02001565682442028,0.025752055451247077,0.0328001831915199,0.04138285681444988,0.051746645084510254,0.06416249173052932,0.0789261686758035,0.09635855598873737,0.11680574780303656,0.1406389860226436,0.16825442593593523,0.20007273989228253,0.23653856693323988,0.27811981771578376,0.32530684522709985,0.37861149267511324,0.43856603057243587,0.5057219954244173,0.5806489426154251,0.6639331260802191,0.7561761171734452,0.8579933748427824,0.9700127787688437,1.092873136619835,1.2272226759541223,1.3737175306473517,1.533020231014324,1.705798206068494,1.892722305618024,2.094465349150176,2.3117007077256635,2.5451009243758427,2.795336377797462,3.063073993486148,3.348976005772224,3.653698773667349,3.9778916528253263,4.322195925412395,4.687243789181874,5.073657406621717,5.482048014586778,5.913015094581745,6.367145602946629,6.845013261767427,7.347177907372092,7.874184897663106,8.426564575605246,9.004831787915082,9.609485457273918,10.241008206351331,10.899866031818673,11.586508026461612,12.301366147397802,13.044855028459516,13.817371834604684,14.619296156418896,15.450989942567597,16.312797468195097,17.205045337235173,18.128042516632785,19.082080400509277,20.067432902368903,21.08435657339654,22.133090745140798,23.213857694683924,24.326862830657003,25.472294898418607,26.6503262028156,27.86111284695511,29.104794985571505,30.38149709158467,31.69132823438818,33.03438236878476,34.410738633196004,35.82046165605786,37.26360186926168,38.74019582772576,40.250266533890745,41.79382376642817,43.37086441213222,44.9813728001979,46.62532103797491,48.30266934754917,50.01336640212645,51.757349661574764,53.534545706195175,55.344870567867616,57.18823005763779,59.06452008875383,60.97362699409232,62.915427836835825,64.88979071322375,66.89657504597649,68.93563186730705,71.00680408987104,73.10992676445599,75.24482732296627,77.41132580538668,79.60923506949447,81.83836098208447,84.09850259103095,86.38945227691421,88.7109958841404,91.06291283097221,93.44497619860212,95.85695279931744,98.29860322500521,100.76968187602638,103.26993697262127,105.79911054998055,108.35693843908238,110.94315023550034,113.55746925868318,116.1996125044274,118.86929059345489,121.5662077191476,124.29006159758256,127.04054342305291,129.81733783224368,132.62012288016896,135.44857003092324,138.30234416569044,141.18110361156081,144.08450019202482,147.01217930295778,149.96378001394044,152.9389351980115,155.93727168974056,158.95841047267066,162.0019668963062,165.06755092249412,168.15476740067922,171.26321637115453,174.39249339507612,177.54218990970912,180.7118936070692,183.90118883387987,187.1096570105455,190.33687706664944,193.58242589033634,196.84587878898276,200.12680995794554,203.42479295525382,206.73940117874866,210.07020834321565,213.41678895516026,216.77871878136858,220.15557531078645,223.54693820548349,226.95238973967105,230.37151522444898,233.8039034165545
-0.023618090452261306,,,,,,,,,,7.76613780744733e-27,7.447259801509869e-24,2.0494815999377766e-21,2.2114830890058227e-19,1.1613092863631992e-17,3.4630609529018555e-16,6.567056317770645e-15,8.62069976794547e-14,8.359199277182738e-13,6.297412657638847e-12,3.8356953254957857e-11,1.9501043844816215e-10,8.492062098834682e-10,3.235054624436851e-09,1.0970837301712974e-08,3.360480794848481e-08,9.411744514114864e-08,2.435193948320691e-07,5.872384802911894e-07,1.3298102440977824e-06,2.8463204704235475e-06,5.79088548415014e-06,1.1253961782289553e-05,2.0981226226993533e-05,3.7666981295217245e-05,6.533440580722502e-05,0.00010981346161949846,0.00017932493527668023,0.0002851760672041433,0.0004425696805016834,0.0006715248803630402,0.0009979034768236765,0.0014545325026207275,0.0020824097430352153,0.002931976219042546,0.004064437180154021,0.005553111437118486,0.007484787824081787,0.0099610672153197,0.013099668793320229,0.017035680109785022,0.021922731819429053,0.027934079709508716,0.03526357870273992,0.04412653578604737,0.05476043122509322,0.06742549988618256,0.08240516693154291,0.10000633452364356,0.12055951841859813,0.14441883541131034,0.17196184448709848,0.20358924621802235,0.23972444640593285,0.28081299121507913,0.3273218820597837,0.3797387793167792,0.4385711045423717,0.5043450512882911,0.5776045148575564,0.6589099514298264,0.7488371769405352,0.847976115923958,0.9569295102656786,1.0763115974465671,1.2067467674338588,1.3488682068900626,1.5033165388400642,1.6707384653826918,1.85178542044874,2.0471122390228222,2.257375848653306,2.4832339884922408,2.7253439605182193,2.984361417069704,3.260939188229898,3.555726152135593,3.869366150768843,4.202496953320946,4.555749268829188,4.929745809320597,5.325100404386758,5.7424171677278215,6.18228951057215,6.64530043931878,7.1320198249178,7.643005830440466,8.17880330911696,8.7399434841266,9.326943471649487,9.940305851346508,10.580518282910402,11.248053167284361,11.943367351034777,12.666901872312929,13.41908174680896,14.200315791984076,15.010996487979869,15.851499873449301,16.722185474644032,17.623396266027257,18.55545866081914,19.518682529668972,20.51336124595159,21.539771756009987,22.598174672783117,23.688814391288723,24.81191922446481,25.9677015579296,27.15635802220974,28.37806968119401,29.633002235371414,30.921306238635534,32.24311732755057,33.59855646177969,34.98773017464901,36.41073083276263,37.86763690367747,39.3585132306288,40.88341131341848,42.44236959452812,44.03541374959633,45.662556981420586,47.32380031649159,49.0191329034124,50.748532312040766,52.51196483254736,54.3093857733111,56.140739756554076,58.00596101051643,59.90497365687331,61.83769199199179,63.80402076055274,65.80385541978725,67.83708239305932,69.9035793104851,72.00321523538632,74.1358508745527,76.30133877074935,78.49952347585018,80.73024170321587,82.9933224580792,85.28858714485597,87.61584965076564,89.97491640527092,92.36558641529568,94.78765127659823,97.24089516168333,99.72509478596348,102.24001935301443,104.78543048125489,107.36108211420377,109.9667204169988,112.60208366217357,115.26690210798628,117.96089787284663,120.68378480958332,123.43526838344106,126.21504555777783,129.02280469145197,131.8582254518439,134.72097874741775,137.61072668317377,140.5271225430734,143.46981080173612,146.43842716921876,149.4325986699279,152.4519437591675,155.49607247779565,158.5645866464371,161.65708009975748,164.773138960871,167.9123419554231,171.07426076444514,174.25846041458985,177.46449970392823,180.69193166107968,183.94030403507716,187.20915981306104,190.49803776258182,193.8064729952363,197.1339975476508,200.48014097676398,203.84443096498234,207.22639393173662,210.62555564781115,214.04144184824432,217.47357884089183,220.92149410671715,224.38471688884454,227.86277876728292
-0.022613065326633167,,,,,,,,,,,5.3390039541921955e-25,1.885977642483151e-22,2.5057252805622726e-20,1.5691119173497275e-18,5.4412669717059924e-17,1.175998226545386e-15,1.7309119244632613e-14,1.8567225070771094e-13,1.5301081964401145e-12,1.0099011005071335e-11,5.519247618907161e-11,2.5658614092591414e-10,1.0373326027391831e-09,3.7140492434753683e-09,1.195684185130257e-08,3.505611672284424e-08,9.461864363977854e-08,2.372727877364455e-07,5.571854603727047e-07,1.233623189931291e-06,2.590318045717476e-06,5.184877017815973e-06,9.937731132244884e-06,1.8310991327974268e-05,3.254792140927803e-05,5.5983458332798685e-05,9.343526646658333e-05,0.00015168322358541077,0.0002400430743936205,0.00037103736798042484,0.0005611638642629264,0.0008317585114305301,0.0012099470225885,0.0017296761646573315,0.0024328132449254547,0.003370300042620094,0.004603345656994486,0.0062046414723840055,0.008259580689028108,0.010867464626041141,0.014142678239049189,0.018215817963384243,0.023234756036360032,0.029365626805402865,0.03679372212449143,0.04572428471395683,0.05638319024300988,0.0690175108330036,0.08389595461907001,0.10130917790301723,0.1215699682447991,0.1450132985403777,0.17199625370055188,0.20289783295916586,0.23811863209075082,0.27808041090149954,0.3232255522748673,0.37401641980090067,0.43093462161427204,0.4944801885049131,0.5651706746687197,0.6435401896396765,0.7301383700016915,0.8255292994362088,0.9302903855230645,1.0450112015017765,1.1702923009199706,1.306744012764087,1.454985224285597,1.6156421583353664,1.7893471515659056,1.976737439427858,2.17845395340609,2.395140135486524,2.627440774372201,2.876000867517465,3.1414645125882394,3.424473831541132,3.725667930077992,4.045681894848197,4.385145830385014,4.744683937408038,5.124913633788863,5.52644471916411,5.949878583890984,6.395807462766249,6.864813733711532,7.357469261352137,7.874334785269639,8.415959352500252,8.982879793677236,9.575620242094873,10.194691694829478,10.84059161520358,11.513803573712199,12.2147969317041,12.944026557545476,13.701932583014191,14.48894019324777,15.305459450632474,16.15188515103914,17.028596711005324,17.935958084466606,18.874317707632315,19.844008470640528,20.845347714530682,21.878637252294226,22.944163412534134,24.042197104482963,25.172993903060664,26.336794152727993,27.533823088852834,28.764290975464878,30.028393258227442,31.326310731383977,32.65820971779777,34.02424226087017,35.42454632740306,36.85924602039464,38.32845180088348,39.83226071782702,41.37075664519973,42.94401052537013,44.55208061789198,46.195012752694225,47.87284058693676,49.585585864188424,51.33325867512521,53.115857718389016,54.9333705603436,56.78577389227798,58.6730337834708,60.59510592839177,62.551935886175634,64.54345931042299,66.56960216710236,68.63028093869028,70.72540281206639,72.85486584821156,75.01855913154678,77.21636289700055,79.44814863296993,81.71377915869593,84.01310867476022,86.34598278582116,88.71223849504646,91.11170417014476,93.54419948140887,96.00953531235348,98.50751364473737,101.03792741927725,103.60056037468124,106.19518686767579,108.821571677279,111.47946979697619,114.16862621883405,116.88877571391407,119.63964261361616,122.42094059679187,125.23237248759118,128.07363006907883,130.9443939176924,133.84433326309306,136.77310587907743,139.73035800864173,142.71572432855123,145.7288279569029,148.76928050607475,151.83668218524545,154.93062195362825,158.0506777264065,161.19641663428408,164.36739533693577,167.56316039003516,170.7832486648475,174.02718781877846,177.2944968146475,180.58468648590983,183.89726014452484,187.2317142276816,190.58753897939704,193.964219161999,197.36123479355362,200.7780619054947,204.21417331576507,207.66903941252696,211.14212894279467,214.63290980155733,218.14084981616602,221.66541752143632
-0.021608040201005027,,,,,,,,,,,2.997001029339587e-26,1.3908438236536548e-23,2.319732612043062e-21,1.760867946921964e-19,7.201168179702818e-18,1.7955146957557832e-16,2.9948613633299058e-15,3.587382513449511e-14,3.261041467608339e-13,2.349805639232829e-12,1.3897606154862272e-11,6.939577099011212e-11,2.993889292922607e-10,1.1374427210665481e-09,3.8664777737754205e-09,1.191764985662622e-08,3.368681472703141e-08,8.816615817238145e-08,2.154259569682613e-07,4.949208978604909e-07,1.0756996714767441e-06,2.2237928453490983e-06,4.39323986173972e-06,8.328271232765498e-06,1.520496404094851e-05,2.682112846358406e-05,4.5843177780519054e-05,7.61182377684868e-05,0.0001230587572254713,0.00019410542251475303,0.00029927232249040694,0.00045177614908284907,0.0006687488628424221,0.0009720308183100647,0.0013890389454250195,0.0019537023248604414,0.002707455466538282,0.003700277872121509,0.004991767084162401,0.0066522314262977625,0.008763788030891374,0.011421451526076012,0.014734198892384143,0.018825996467882893,0.023836775839852078,0.029923346364984428,0.037260233260986424,0.046040431562174834,0.056476067683091075,0.06879896184410896,0.08326108614111999,0.10013491455358563,0.1197136626496132,0.14231141614152995,0.16826314874721418,0.19792463100955662,0.23167223280585486,0.26990262323599945,0.3130323724086983,0.36149746034955843,0.41575269883550614,0.4762710724226732,0.5435430052825859,0.6180755607080406,0.7003915802942771,0.7910287698611409,0.8905387391636559,0.9994860023440094,1.1184469459317359,1.2480087709912246,1.388768415776788,1.5413314649591596,1.706311051192549,1.8843267544430373,2.076003504158887,2.2819704890025845,2.502860078493295,2.7393067605477612,2.9919460985487913,3.261413711190607,3.5483442780335395,3.8533705733267802,4.177122530370946,4.5202263383282455,4.883303573144785,5.266970363937567,5.671836595932961,6.098505150814558,6.547571185087806,7.019621446872071,7.515233631319261,8.034975774687247,8.579405686930324,9.149070422507917,9.744505789004123,10.366235893245042,11.01477272254393,11.6906157655006,12.394251662912415,13.12615389650822,13.886782509364144,14.676583858751416,15.495990400070582,16.345420500834184,17.22527828350665,18.135953496196088,19.077821409927058,20.05124274142441,21.056563600232554,22.094115459022724,23.164215145959382,24.267164857990455,25.403252193964466,26.572750206429205,27.775917471184734,29.012998173280593,30.284222208785085,31.589805300942196,32.92994913007579,34.30484147609239,35.71465637272449,37.1595542725814,38.639682222213075,40.1551740460971,41.70615053886013,43.292719664674166,44.91497676292632,46.573004759035825,48.26687437941747,49.996644369204986,51.76236171141782,53.56406184598475,55.401768886883744,57.27549583546222,59.18524478781342,61.13100713390229,63.112763745998656,65.1304851536695,67.18413170304393,69.2736536970491,71.39899151446113,73.5600757048839,75.75682705730688,77.98915664003168,80.2569658100012,82.56014619021684,84.89857961373784,87.2721380340431,89.68068340139402,92.12406750579225,94.60213178739126,97.11470711634622,99.6616135440118,102.24266002858425,104.8576441385702,107.50635173811935,110.18855665877038,112.90402036263922,115.65249160249964,118.43370608455695,121.24738613999727,124.09324041158915,126.97096356171508,129.880236008293,132.8207236945708,135.7920778996525,138.79393509449778,141.8259168501355,144.88762980154505,147.97866567309646,151.0986013682671,154.24699912706475,157.42340675333043,160.62735791335132,163.85837250636416,167.11595710663343,170.39960547597735,173.70879914469958,177.04300805811243,180.40169128503516,183.7842977817912,187.1902672218702,190.6190308403058,194.0700123624625,197.5426289351649,201.03629209877045,204.5504087786543,208.08438229055957,211.6376133536839,215.2095011042146
-0.020603015075376888,,,,,,,,,,,,7.958932783001574e-25,1.7037757245363215e-22,1.5974331544443315e-20,7.829196786014936e-19,2.2837003705662632e-17,4.3696413890176357e-16,5.908152345025787e-15,5.981226560698857e-14,4.745737458321813e-13,3.061017543258119e-12,1.653205247931411e-11,7.659499147249314e-11,3.1057887834197126e-10,1.120673665779918e-09,3.6492350405960402e-09,1.0851363222440095e-08,2.9765199970848054e-08,7.596815136803613e-08,1.817568024411542e-07,4.102914953685106e-07,8.787823667968463e-07,1.7947164848671659e-06,3.5100681657328238e-06,6.599314052749103e-06,1.1967802900124948e-05,2.0997523709020607e-05,3.57375057134965e-05,5.9145922250906235e-05,9.5390436532265e-05,0.00015021242696428228,0.0002313594949242081,0.00034908914240982847,0.0005167447805535935,0.0007514033721895344,0.001074592105583203,0.001513069623008763,0.0020996655610773236,0.0028741705631252883,0.0038842675484313124,0.005186493905418371,0.006847223439372897,0.008943656359275536,0.011564805330945683,0.014812465642518199,0.018802157802727624,0.023664031395849435,0.029543719718351857,0.03660313558779524,0.045021199710223926,0.05499449408336181,0.0667378340682247,0.08048475394953261,0.09648790199986376,0.11501934223831592,0.1363707612122081,0.16085357921240442,0.18879896634573867,0.2205577648205969,0.25650031964888653,0.2970162207211021,0.34251395987234284,0.39342050712327514,0.4501808107539338,0.5132572262521923,0.5831288794778589,0.6602909696017927,0.7452540175220934,0.8385430655383844,0.9406968340718577,1.0522668411845457,1.1738164905532573,1.305920133424657,1.4491621099009093,1.6041357747333278,1.7714425124087398,1.9516907466114228,2.145494947808393,2.3534746437637613,2.576253436444474,2.8144580290257033,3.0687172662580475,3.339661191211806,3.627920121108462,3.934123744694496,4.258900243335594,4.6028754377583185,4.966671962101269,5.350908466737941,5.756198851059099,6.183151527235466,6.632368715744884,7.1044457732947945,7.599970553561332,8.119522801029927,8.663673578066607,9.232984725184838,9.828008354410064,10.4492863754461,11.097350054314097,11.772719603998688,12.475903806572948,13.207399666209856,13.967692092355378,14.757253612406704,15.576544113057064,16.426010609521345,17.30608704175164,18.21719409684218,19.159739056594642,20.134115669433243,21.14070404568837,22.1798705753088,23.251967867071553,24.35733470834124,25.496296044449593,26.669162976739745,27.876232778394286,29.117788927131258,30.394101153789023,31.70542550608036,33.052004426501206,34.43406684360113,35.85182827575318,37.30549094661924,38.795243911266624,40.32126319234066,41.88371192504532,43.48274051008777,45.118486773425566,46.79107613146359,48.50062176044486,50.24722476821246,52.030974366596375,53.851948042273335,55.71021172373647,57.605819941742574,59.53881598036668,61.50923201557524,63.517089238087955,65.5623979570463,67.64515768128291,69.76535717459073,71.92297448186518,74.1179769230223,76.35032105196441,78.61995257820482,80.92680624929552,83.27080569268621,85.65186321630522,88.06987956778808,90.52474365305682,93.01633221543926,95.54450947795893,98.10912675105669,100.71002201001384,103.34701944618361,106.01992899726233,108.72854586238255,111.47265000843139,114.25200567453192,117.06636088208998,119.91544695816417,122.79897808019875,125.71665085029862,128.66814390735234,131.65311758480502,134.67121362272746,137.72205494080748,140.80524548050337,143.9203701214814,147.06699467959828,150.24466599037592,153.45291208239703,156.69124244357576,159.95914838224022,163.25610348381582,166.58156416275315,169.93497030815686,173.31574602042159,176.72330043506443,180.15702862889353,183.61631260249038,187.1005223327185,190.60901688694574,194.14114559158506,197.6962492455934,201.27366137052195,204.87270948683496,208.4927164079711
-0.019597989949748734,,,,,,,,,,,,3.3992263013041595e-26,9.581939875623443e-24,1.1339461763389827e-21,6.785294878472889e-20,2.352961602502053e-18,5.23787572120634e-17,8.093966090746693e-16,9.226899122281198e-15,8.141381821438475e-14,5.77798272031894e-13,3.4025091020151175e-12,1.7053764308603532e-11,7.429675220016428e-11,2.863234629618289e-10,9.905424175894358e-10,3.1147732606626747e-09,8.997544291533342e-09,2.4094314808420184e-08,6.028404265644363e-08,1.4188537662836532e-07,3.1600211229386824e-07,6.694340710970511e-07,1.3550863873190174e-06,2.6315456462829953e-06,4.920211267785113e-06,8.885013736033509e-06,1.5540255919357006e-05,2.6392423953944593e-05,4.362188582542438e-05,7.031020054285716e-05,0.00011071828841369295,0.0001706199715214391,0.0002576944081446287,0.00038197975476317504,0.0005563890442091228,0.0007972878246440751,0.0011251316199212538,0.0015651598053494841,0.002148141095852319,0.0029111645644307326,0.0038984689833378586,0.005162302339453747,0.006763802637272792,0.008773890578541423,0.011274164398794216,0.014357787042376155,0.018130355957466444,0.02271074607472864,0.028231916976900497,0.034841675850258456,0.04270338850717759,0.05199663155935518,0.0629177796780467,0.0756805227798955,0.09051630890218494,0.10767470946085901,0.1274237045023531,0.1500498864494664,0.1758585816903381,0.20517389017631807,0.2383386438813115,0.2757142857692644,0.31768067138691686,0.36463579585934086,0.41699544947966005,0.4751928055098636,0.539677944141187,0.6109173168391092,0.6893931555044153,0.7756028310369509,0.8700581659865899,0.9732847060217664,1.0858209549554487,1.2082175780238789,1.341036578047549,1.4848504489934058,1.640241311331432,1.8078000334187778,1.988125342973878,2.181822932512355,2.3895045624160365,2.6117871650898876,2.8492919534561953,3.1026435367963447,3.3724690467482157,3.6593972760257056,3.9640578322200195,4.287080308819772,4.6290934753708,4.990724488515568,5.372598125401375,5.77533604082157,6.199556049222989,6.645871432547567,7.114890274739484,7.607214823549909,8.123440880160599,8.664157217001783,9.229945023979468,9.821377383289311,10.439018772779779,11.083424597816178,11.755140751448216,12.454703202631885,13.182637612183804,13.939458976007277,14.72567129520267,15.541767272479806,16.388228034329664,17.265522878351796,18.174109045054596,19.114431513516,20.086922820122236,21.092002899732353,22.130078948479376,23.201545307476934,24.306783366662373,25.446161488018294,26.62003494736313,27.828745893999553,29.072623327425532,30.351983090264138,31.667127876800404,33.018347256212316,34.40591770979425,35.83010268134453,37.29115263996144,38.78930515418266,40.32478497681038,41.897804139055026,43.50856205295326,45.15724562061759,46.844029348573024,48.5690754654593,50.33253404065047,52.134543101354325,53.97522874522264,55.854705245205864,57.77307514304708,59.73042932752207,61.72684709329991,63.762396176181554,65.83713276021138,67.95110145268309,70.10433522254198,72.29685529854146,74.52867102363226,76.79977966255402,79.11016616036969,81.45980285035354,83.84864911018545,86.27665096677144,88.74374065046321,91.24983610075697,93.79484042607537,96.37864132206471,99.00111045271821,101.66210280049964,104.36145599207859,107.09898960726888,109.87450447953006,112.68778199707545,115.53858341422054,118.4266491830877,121.35169831612147,124.31342779014726,127.31151200235777,130.34560228973194,133.4153265209628,136.52028877181735,139.6600690931983,142.83422337940675,146.0422833455786,149.28375661976787,152.55812695525472,155.86485456689397,159.20337659388204,162.57310768978303,165.97344073907533,169.40374769788082,172.86338055494716,176.35167240741933,179.86793864240948,183.41147823065842,186.9815750790996,190.57749950467198,194.19850974493312,197.84385353763946,201.51276974120273
-0.018592964824120595,,,,,,,,,,,,,3.9521330423856605e-25,6.053856510464855e-23,4.519196032599744e-21,1.8982483464667522e-19,4.997276720020821e-18,8.953857835085209e-17,1.1642172049821863e-15,1.155559111893598e-14,9.117473390239838e-14,5.909087614840529e-13,3.231322919904194e-12,1.52432846493983e-11,6.318809197118523e-11,2.33769252972015e-10,7.820518092796651e-10,2.392410231711291e-09,6.756939864846656e-09,1.776506952715452e-08,4.3792120865777804e-08,1.0184641613363235e-07,2.2469125138878526e-07,4.724979005211976e-07,9.510964505046542e-07,1.83944932731576e-06,3.429544718865517e-06,6.1824535322654145e-06,1.0804770504503913e-05,1.8350024951955523e-05,3.034986166060278e-05,4.89798282112332e-05,7.726444302921645e-05,0.00011932585215722933,0.00018067981788226912,0.00026858203590430054,0.0003924268762742637,0.0005641996207173221,0.0007989821638179175,0.0011155109987080313,0.001536785160018192,0.002090720686320629,0.0028108471256200183,0.0037370406700165107,0.0049162876929695854,0.006403471791999897,0.008262176922154654,0.010565498846456672,0.013396856928558723,0.016850798245133233,0.021033786092271908,0.026064965189804612,0.0320768962326306,0.03921625289659837,0.04764447492569907,0.057538371552847856,0.0690906701468085,0.08251050567906232,0.09802384731618943,0.11587385916481115,0.13632119291305872,0.15964421081180746,0.18613913811578614,0.21612014474537894,0.24991935653439568,0.28788679698740843,0.33039026098216967,0.3778151223146889,0.43056407739468905,0.489056827759147,0.5537297043795546,0.6250352369981751,0.7034416719382988,0.7894324420008036,0.8835055921799138,0.9861731650143932,1.0979605494354967,1.2194057969832424,1.3510589092459195,1.4934811003256812,1.6472440380677345,1.8129290676929146,1.9911264213642736,2.182434417091906,2.3874586502404025,2.6068111807476666,2.8411097190185526,3.090976813271113,3.357039040967713,3.6399262067703333,3.9402705493007826,4.258705958806799,4.59586720767309,4.952389195522661,5.328906210539458,5.726051208420636,6.144455110263777,6.584746120508822,7.047549065941293,7.533484756596227,8.04316936928976,8.577213854388054,9.136223366266657,9.720796717871542,10.33152585961187,10.968995382779687,11.633782047563452,12.32645433566103,13.04757202742434,13.797685803340464,14.577336869702002,15.387056608136406,16.22736624870089,17.0987765661303,18.00178759890575,18.936888390555808,19.904556752817705,20.905259050091402,21.93945000463672,23.00757252196262,24.110057535818612,25.247323872202145,26.419778131727387,27.627814589800664,28.8718151139445,30.152149097549124,31.46917340955303,32.82323235924209,34.21465767549831,35.643768499762054,37.11087139178761,38.61626034739504,40.16021682686594,41.74300979290541,43.36489575644821,45.0261188284911,46.726910775563184,48.46749107634527,50.24806697606802,52.06883353518971,53.929973668194144,55.83165816795161,57.774045710675026,59.75728283618156,61.78150389798077,63.846830977433626,65.95337375683714,68.10122934545053,70.29048205407346,72.52120311335658,74.79345033219411,77.1072676931791,79.4626848831553,81.85971675789918,84.29836274116701,86.77860615955153,89.30041351592361,91.86373370535922,94.46849717915188,97.11461506328232,99.80197823940311,102.53045639735944,105.2998970694496,108.11012465763187,110.96093946578318,113.85211674987475,116.7834057995452,119.75452906498145,122.76518134334079,125.81502903861899,128.90370950978053,132.03083051976694,135.1959697991831,138.39867473696188,141.63846220804035,144.91481854921406,148.22719969041177,151.57503144826154,154.95770998651454,158.37460244587186,161.82504774366006,165.3083575415646,168.8238173774512,172.37068795509498,175.9482065835284,179.55558875582705,183.192029854909,186.8567069734135,190.5487808313731,194.26739777687132
-0.017587939698492455,,,,,,,,,,,,,1.1338149402005272e-26,2.315321721623753e-24,2.211416957445469e-22,1.150064027660284e-20,3.6497824673384825e-19,7.711868105185761e-18,1.1610259204668666e-16,1.3138859780611807e-15,1.1665459862909774e-14,8.412548010716717e-14,5.069334068989922e-13,2.6130405578425885e-12,1.1748753333755083e-11,4.683923250875403e-11,1.6789059616881398e-10,5.474885941024115e-10,1.6408013924153911e-09,4.5589245881275706e-09,1.1832641534887377e-08,2.887866958268483e-08,6.665829307718125e-08,1.4625624088429907e-07,3.0640827848238505e-07,6.153654260224953e-07,1.188889950380745e-06,2.2166151522041337e-06,3.999443234480555e-06,7.0010747232582185e-06,1.1917128712788842e-05,1.9765596122160808e-05,3.200254198754956e-05,5.0667016828172666e-05,7.855903756837778e-05,0.00011945424949692945,0.0001783584844759789,0.00026180489686203974,0.0003781957038111442,0.0005381898025846994,0.0007551367097282771,0.0010455563933390272,0.0014296636785015658,0.001931935025039487,0.002581714631760641,0.003413856035274302,0.0044693946636132145,0.005796246190758262,0.007449925029113859,0.009494276900352275,0.012002219144256721,0.015056482260231142,0.01875034612390902,0.023188364375786995,0.028487070632500253,0.03477566041423488,0.04219664300378315,0.05090645784166397,0.061076050506774476,0.07289140382068202,0.08655402013531381,0.10228135140681419,0.1203071742135558,0.14088190743348172,0.16427287084804018,0.1907644834782282,0.2206584009780551,0.2542735919052929,0.29194635315581713,0.33403026528142515,0.38089608881093545,0.4329316030569578,0.4905413892171444,0.5541465598665924,0.6241844371896118,0.701108182512308,0.785386379878146,0.8775025765507256,0.9779547834429965,1.0872549385510952,1.205928336525683,1.3345130275416324,1.473559188625197,1.6236284705840833,1.7852933236424553,1.9591363048275072,2.145749370083372,2.3457331540005617,2.5596962399517604,2.7882544233228685,3.0320299704016622,3.291650875383073,3.5677501178041084,3.8609649226074048,4.17193602488946,4.501306941267742,4.849723249649352,5.217831879075851,5.606280411162053,6.015716394537259,6.446786673557514,6.900136732445841,7.37641005588696,7.876247506996187,8.400286723470126,8.94916153261155,9.523501385838493,10.123930813169059,10.751068898099692,11.405528773192126,12.087917136629544,12.798833789892784,13.538871196802786,14.308614062863834,15.108638938245512,15.939513838622995,16.80179788948251,17.69604099018594,18.62278349879254,19.582555937141098,20.575878715906843,21.603261879275156,22.66520486886576,23.762196306499124,24.89471379540103,26.063223739353376,27.26818117939047,28.510029647519353,29.78920103688864,31.106115487999165,32.46118129021858,33.85479479799394,35.287340360972614,36.759190267076995,38.27070469746112,39.82223169182658,41.41410712244814,43.04665467465192,44.72018583110233,46.43499985652657,48.19138377915591,49.98961236414103,51.82994807383107,53.712641009024146,55.63792882477446,57.606036613871794,59.617176750794094,61.67154868879714,63.7693387026881,65.91071957058092,68.09585018751682,70.32487510555562,72.59792399509023,74.91511102363552,77.27653414950711,79.68227432934479,82.13239463993847,84.62693931658993,87.16593271193301,89.74937818105212,92.37725690010167,95.04952662833868,97.76612042392603,100.52694532653204,103.33188102071813,106.1807784956149,109.07345871755871,112.0097113333611,114.9892934226468,118.011928318235,121.0773045138615,124.18507467817832,127.33485479455021,130.52622344409343,133.75872124972935,137.03185049748384,140.3450749483034,143.69781985414215,147.0894721875108,150.519381092487,153.9868585620571,157.49118034377668,161.03158707269665,164.607285627419,168.217450702025,171.86122658357166,175.53772912228627,179.24604787774084,182.98524842425266,186.75437479360156
-0.016582914572864316,,,,,,,,,,,,,,5.971516843492699e-26,7.518782885807652e-24,4.9682339984912045e-22,1.944239348767685e-20,4.942411063116292e-19,8.769924845845207e-18,1.1496699902763791e-16,1.1651793690373515e-15,9.471527736962105e-15,6.363814833886144e-14,3.6230649601945013e-13,1.78438333360181e-12,7.735835616773336e-12,2.9958829387784244e-11,1.0495075980436308e-10,3.361679308408585e-10,9.937108472467078e-10,2.7326469776640207e-09,7.039852796450021e-09,1.7094538202468585e-08,3.933689069546629e-08,8.61890195624189e-08,1.8056685272731823e-07,3.6306170659419734e-07,7.029524901983002e-07,1.3145257761825195e-06,2.3805185265713927e-06,4.184840422972637e-06,7.1570600480146e-06,1.193143079598532e-05,1.942346782864968e-05,3.092724795222998e-05,4.8236674503705226e-05,7.379391800420826e-05,0.00011086810422386413,0.00016376707339323574,0.00023808468170485053,0.00034098566776713974,0.00048152957509512887,0.0006710346229572057,0.0009234817700206354,0.0012559585375160923,0.0016891414705921363,0.0022478154369217564,0.0029614273089185574,0.003864670963627834,0.004998099980044576,0.006408763923365901,0.008150863692000198,0.010286421069378717,0.012885957372751776,0.01602917592595125,0.01980564300113704,0.024315461872763403,0.029669934700656205,0.03599220710238031,0.04341789048095553,0.052095657435081655,0.06218780588896738,0.07387078791473976,0.08733569964039296,0.10278872895645794,0.12045155825573833,0.14056171978576046,0.16337290166493051,0.18915520302870908,0.21819533719302525,0.2507967821272633,0.28727987792040593,0.32798187129246753,0.3732569075522103,0.4234759707249138,0.47902677287153556,0.5403135938935995,0.6077570733578138,0.6817939560961692,0.7628767935226082,0.8514736027723246,0.9480674859053304,1.0531562115305413,1.1672517612914808,1.2908798437255207,1.424579378047285,1.5689019504435917,1.724411245476779,1.8916824550461777,2.071301667880098,2.2638652413674216,2.469979158909036,2.690258374773194,2.925326148924389,3.175813374086168,3.4423578971975117,3.725603837359408,4.026200902266344,4.34480370501473,4.682071083087754,5.038665421211191,5.4152519796696845,5.8124982295740555,6.231073196471208,6.67164681355844,7.134889285728189,7.621470465480251,8.132059241738187,8.667322942421226,9.227926751615735,9.814533142042693,10.427801323458812,11.068386707555145,11.736940389802601,12.43410864867207,13.160532462576263,13.91684704471829,14.703681396156947,15.521657877153794,16.371391796920815,17.25349102179864,18.168555601854084,19.117177415820507,20.099939834337327,21.117417401253032,22.170175532914666,23.258770235175405,24.383747837905272,25.545644746712636,26.74498721160333,27.982291112235465,29.25806175929971,30.57279371172972,31.926970609045625,33.32106501822105,34.75553829418198,36.23084045278589,37.747410054803815,39.30567409890942,40.90604792118439,42.54893509790767,44.23472734766209,45.96380442784286,47.736534019888786,49.55327159642971,51.41436026279294,53.32013056442314,55.27090025110312,57.26697398838404,59.30864300634267,61.39618467585241,63.52986200268467,65.70992303084986,67.93660014672076,70.21010927764333,72.53064897961721,74.89839941077288,77.31352118925915,79.77615413660467,82.28641590966377,84.84440052713258,87.45017679891113,90.10378666911683,92.80524348635461,95.55453021684276,98.35159761861533,101.19636239694871,104.08870536309377,107.0284696199934,110.01545879998339,113.04943538044999,116.13011910400628,119.25718553001093,122.4302647437062,125.6489402492835,128.91274807099518,132.22117608554416,135.5736636070138,138.96960124157172,142.40833102847927,145.8891468782868,149.411295316582,152.9739765371718,156.57634576435092,160.21751491948015,163.89655458269536,167.61249623619176,171.36433477136845,175.1510312382258,178.97151581189055
-0.015577889447236176,,,,,,,,,,,,,,,1.6557472057460402e-25,1.433743294962843e-23,7.108272982077915e-22,2.2264379502067396e-20,4.756110408409653e-19,7.360901632445684e-18,8.662478938993943e-17,8.060850679238818e-16,6.124242904278271e-15,3.9007112773948877e-14,2.1292545680834397e-13,1.014716370230553e-12,4.28843561141384e-12,1.628868935752057e-11,5.624375386551506e-11,1.7829781966737814e-10,5.233750116365566e-10,1.4332035438012864e-09,3.685185320505494e-09,8.948559446628682e-09,2.0624459771055115e-08,4.532004711112346e-08,9.532421718977177e-08,1.92602265514068e-07,3.750099498157685e-07,7.056415061090824e-07,1.2864661976763969e-06,2.2776657635741713e-06,3.92434989154702e-06,6.592585758070539e-06,1.0816916754430405e-05,1.7361750524597005e-05,2.7299153880060736e-05,4.210569016812889e-05,6.378096377175793e-05,9.499049006360006e-05,0.0001392353840362427,0.00020105115705702857,0.00028623763206727504,0.0004021216393425491,0.0005578537464493358,0.0007647398180824954,0.0010366077062642035,0.0013902088519860828,0.0018456540490952484,0.002426882093129467,0.0031621595242505513,0.004084609185700186,0.005232764867250571,0.006651148895305911,0.008390869174409536,0.01051023188375913,0.013075365791571342,0.016160853965944844,0.01985036854829924,0.024237304187635304,0.02942540573942849,0.03552938588326679,0.04267552841851264,0.05100227314788582,0.060660778450539354,0.07181545787386551,0.0846444873311107,0.0993402797748346,0.11610992451854267,0.13517558869561497,0.1567748786705396,0.18116115954887704,0.20860383126343504,0.23938856004282819,0.27381746439095855,0.31220925501603836,0.3548993284517381,0.40223981439394296,0.4545995770511035,0.5123641710548735,0.5759357527134966,0.6457329476044692,0.72219067569786,0.8057599353772598,0.8969075478802891,0.9961158638169981,1.1038824335425825,1.2207196432530094,1.3471543187527792,1.483727299009473,1.6309929812461206,1.7895188402073,1.9598849231773343,2.1426833231990194,2.3385176325038786,2.548002378265409,2.7717624427579524,3.0104324699474385,3.26465626051824,3.5350861572725374,3.822382422785663,4.127212611155892,4.450250935578729,4.792177633456083,5.1536783306414815,5.535443406357386,5.9381673602479745,6.362548182942538,6.809286731435801,7.279086110504179,7.772651061299205,8.29068735818584,8.833901214807106,9.402998700292606,9.998685166439238,10.621664686633375,11.272639507200042,11.952309511812318,12.661371699516192,13.400519676838536,14.170443164467383,14.971827519163721,15.805353268838141,16.671695668292127,17.571524263776773,18.505502478575895,19.47428721251226,20.478528457873246,21.518868931165564,22.59594372248905,23.710379957162814,24.862796478345683,26.05380354177803,27.28400252755074,28.553985667159687,29.864335785398776,31.215626056826,32.608419775846,34.043270139366875,35.52072004045321,37.04130187078028,38.60553732909672,40.21393723165547,41.86700131993762,43.56521805945315,45.30906442217965,47.09900564413932,48.93549494770772,50.81897321774332,52.74986861904289,54.728596142115165,56.755557063720644,58.83113830856566,60.95571169891288,63.129633079517895,65.35324130704221,67.62685709401816,69.9507817005614,72.32529546880636,74.75065619876314,77.22709736645362,79.75482619019787,82.33402155287354,84.96483179316341,87.64737238171423,90.381723501913,93.16792755915661,96.00598664488965,98.89585998554203,101.83746140875283,104.83065686166233,107.87526201777362,110.97104001008064,114.11769932872518,117.31489192141966,120.56221153377844,123.85919232589217,127.20530779826032,130.59997005792263,134.04252945204328,137.5322745905856,141.06843277682188,144.65017085686628,148.27659649467827,151.94675987234635,155.659655809042,159.41422628559087,163.20936335525442,167.04391241524365,170.91667580795175
-0.014572864321608037,,,,,,,,,,,,,,,,2.5433610967594336e-25,1.6505073390677033e-23,6.5558013511982175e-22,1.7296830093268563e-20,3.2336457389984783e-19,4.5107189368485154e-18,4.895465744963593e-17,4.277613238029545e-16,3.0956189215103407e-15,1.899610837064796e-14,1.0082039922792527e-13,4.706216442011469e-13,1.959885402530731e-12,7.371150203810733e-12,2.5302513524972453e-11,7.999880690623951e-11,2.348283146343511e-10,6.444485159028717e-10,1.6636195247983362e-09,4.061555486912081e-09,9.422800753950007e-09,2.0862327449103397e-08,4.424732093069319e-08,9.020398365374311e-08,1.7729681334799106e-07,3.369010631799101e-07,6.204456761772583e-07,1.109881228012484e-06,1.9324206965174724e-06,3.280803771712722e-06,5.44053997084775e-06,8.82578298073727e-06,1.4025668803090477e-05,2.186310382849385e-05,3.34681068961613e-05,5.036788379947441e-05,7.459583720268588e-05,0.00010882168503574573,0.00015650477367468117,0.00022207252833837275,0.000311125783754941,0.00043067248724591435,0.0005893909690225194,0.0007979236377519229,0.0010692015910535291,0.001418800239168297,0.0018653256345398839,0.002430830789493832,0.0031412608572865546,0.004026925656841027,0.005122997645961385,0.006470033098412088,0.008114513922637092,0.01010940727868225,0.012514739908644832,0.01539818389714531,0.018835650423416964,0.022911887956019433,0.027721081274706027,0.033367447680088924,0.03996582676925822,0.04764226021104334,0.05653455804635095,0.06679284816300668,0.07858010574746448,0.09207265969436759,0.10746067315491394,0.12494859562315071,0.14475558419198217,0.16711589185332767,0.19227922096874941,0.22051104029049498,0.2520928641708003,0.2873224928513764,0.32651421297704636,0.3699989577229959,0.41812442616268264,0.4712551617329148,0.5297725898677484,0.5940750150834274,0.6645775779763323,0.7417121728428842,0.8259273265732928,0.917688040065174,1.0174755929875927,1.125787313291109,1.24313631274947,1.3700511899689534,1.507075702390558,1.6547684088585706,1.813702284404449,1.984464308921949,2.1676550314593226,2.363888111857816,2.573789841499578,2.797998644905667,3.0371645639433886,3.2919487263732923,3.5630228004515025,3.851068437273419,4.156776702512167,4.480847499172383,4.823988982923711,5.1869169715500005,5.57035434998177,5.975030472340799,6.4016805623563044,6.85104511347467,7.323869289892559,7.8209023297369855,8.342896951478346,8.890608764678456,9.464795686073066,10.066217361920689,10.695634597520298,11.353808794707728,12.041501398107831,12.759473350853758,13.508484560394393,14.289293375202657,15.102656071713083,15.949326355508658,16.8300548713467,17.74558872826128,18.696671036553774,19.684040458223137,20.708430770777895,21.77057044478842,22.871182235251915,24.010982786926167,25.190682253638226,26.4109839315955,27.672583906495436,28.976170714038993,30.322425013346678,31.712019272124216,33.14561746205219,34.62387476203809,36.147437265997155,37.71694169062249,39.33301507710163,40.99627447910763,42.70732662749597,44.46676756024313,46.27518220407757,48.133143892668855,50.04121380427179,51.99994030070861,54.00985814859241,56.07148760345591,58.18533333777952,60.35188319496478,62.5716067528713,64.84495368347996,67.17235189748736,69.55420546745403,71.99089232682054,74.48276174693676,77.0301316002729,79.63328542234545,82.2924692918248,85.00788855217127,87.77970441233285,90.60803044127495,93.49292903243013,96.43440784846528,99.43241631705568,102.48684222336733,105.59750845535893,108.76416995834704,111.98651095552503,115.26414249030617,118.59660034395837,121.98334337941293,125.42375235663607,128.917129260124,132.46269717175502,136.05960071541753,139.7069070894227,143.4036076962833,147.14862036735875,150.94079217150562,154.77890278666902,158.66166840395775,162.58774612484837
-0.013567839195979897,,,,,,,,,,,,,,,,,2.201155201434186e-25,1.1484287393721318e-23,3.8612621234332873e-22,8.967205544654816e-21,1.5205201525132592e-19,1.9690090272044537e-18,2.0201754781890346e-17,1.6927980301079096e-16,1.1881917264161731e-15,7.13617337324639e-15,3.7338217324378513e-14,1.728246172291326e-13,7.170102113387771e-13,2.696683162505561e-12,9.284977751794394e-12,2.951819619461645e-11,8.729803199848563e-11,2.4175686234584965e-10,6.305668664408794e-10,1.5570118606374525e-09,3.656316338048458e-09,8.19888821470535e-09,1.762007217327208e-08,3.64100939757546e-08,7.255631387985466e-08,1.398044960886234e-07,2.610976567711313e-07,4.736603703637878e-07,8.363222828281628e-07,1.4398148839178822e-06,2.4209269949055026e-06,3.981562474170197e-06,6.413902926083247e-06,1.0133032625730894e-05,1.5718525970879783e-05,2.396662302835093e-05,3.595471993499466e-05,5.3119972434510876e-05,7.735384795416899e-05,0.00011111446072311238,0.00015755848311299828,0.00022069434364391555,0.0003055582980779952,0.000418414796551441,0.000566982369216405,0.0007606860194246744,0.0010109368515885126,0.0013314393758711888,0.0017385266295402034,0.0022515229411862263,0.0028931338451701795,0.003689862335526892,0.004672450336915324,0.005876343970222097,0.007342180907024203,0.00911629784438764,0.011251255893020612,0.013806381460534147,0.016848320029610397,0.020451600079919207,0.024699204283396167,0.029683145015485857,0.03550504116975769,0.042276693239313545,0.05012065363430283,0.059170789239332194,0.0695728332754524,0.08148492361692528,0.09507812482065811,0.11053693125376755,0.12805974884953245,0.14785935318164248,0.1701633217193582,0.19521443830706245,0.2232710681025235,0.25460750140221,0.289514264980516,0.3282983997650607,0.3712837039001863,0.4188109403371573,0.4712380085032173,0.5289400795108995,0.5923096947759575,0.6617568279695044,0.7377089104322951,0.8206108203296172,0.9109248359735483,1.009130553876998,1.115724772231837,1.2312213406190544,1.3561509768727145,1.4910610521015784,1.636515344979819,1.7930937664709934,1.96139205623888,2.1420214520379934,2.335608333430298,2.5427938412255613,2.7642334740445778,3.000596663460254,3.2525663292434,3.5208384156278303,3.8061214116973305,4.109135854631284,4.430613819970181,4.771298398713587,5.131943163198773,5.513311623071852,5.9161766727090255,6.341320031416504,6.7895316776992525,7.261609278937122,7.7583576170835915,8.280588013356677,8.829117750047978,9.404769493540936,10.008370717760902,10.640753129660709,11.30275209758495,11.995206083417655,12.718956079368867,13.474845050158635,14.26371738141184,15.086418334918259,15.94379351144171,16.836688321686463,17.765947465989758,18.732414423264768,19.73693094967533,20.780336587475336,21.863468184397313,22.987159423898365,24.15224036654135,25.359537002498122,26.609870815241006,27.904058355929045,29.24291082755152,30.627233677469256,32.057826195722804,33.53548111542781,35.060984209873276,36.63511387893429,38.25864071509935,39.932327036613025,41.65692637250828,43.4331828812076,45.26183068144129,47.14359307185741,49.07918161301347,51.06929504443323,53.1146180082595,55.21581955139868,57.37355137925369,59.58844583649527,61.86111359388218,64.19214102449452,66.5820872590591,69.03148091588265,71.5408165092876,74.11055054788847,76.74109734383698,79.43282456221121,82.18604854982799,85.00102949152819,87.87796645071298,90.81699235938765,93.81816902976044,96.88148226589267,100.00683715835794,103.19405364794761,106.44286244557188,109.75290139467661,113.12371235958061,116.55473871769017,120.0453235270518,123.59470843041301,127.20203334672746,130.8663369876286,134.5865582233898,138.36153830596015,142.19002394388178,146.07067120584304,150.00205021579754,153.9826505875987
-0.012562814070351758,,,,,,,,,,,,,,,,,,1.0570738682434955e-25,4.7082616337051455e-24,1.4062503876554955e-22,2.990504880184519e-21,4.7531386650317545e-20,5.875071863704689e-19,5.835613456548682e-18,4.7870769256296296e-17,3.3184523396781024e-16,1.9820692595805126e-15,1.0370674715459575e-14,4.8212575114811246e-14,2.0159941980868795e-13,7.662955390489716e-13,2.6723292217748807e-12,8.619414579861451e-12,2.589655987882875e-11,7.292939301064736e-11,1.9358345424756775e-10,4.867211568669953e-10,1.1642555661480717e-09,2.659997681714657e-09,5.825222312822688e-09,1.2266543076056946e-08,2.4908971173812308e-08,4.890352592281691e-08,9.304592865167782e-08,1.719319236041889e-07,3.0914637038481903e-07,5.418676064203211e-07,9.273651640570314e-07,1.5519764744487393e-06,2.5432646611295896e-06,4.086182155039376e-06,6.444190242708835e-06,9.986408876660572e-06,1.5221989876497125e-05,2.2843015622575395e-05,3.37773201285461e-05,4.925270584873213e-05,7.087408402273691e-05,0.00010071509564260283,0.00014142577179937109,0.00019635776455583247,0.00026970862175442893,0.00036668649130067226,0.0004936965232690327,0.0006585500932389617,0.0008706977998418645,0.0011414869964409945,0.0014844444045118564,0.0019155841283381807,0.002453741151049518,0.003120930144852148,0.003942729177690875,0.004948687648481695,0.0061727575373854045,0.007653746819899509,0.009435793667156028,0.011568859842622518,0.01410924151006723,0.017120095491003177,0.020671978854130083,0.02484339958507369,0.029721375973665476,0.03540200226788138,0.041991018079124365,0.04960437898180241,0.05836882573178692,0.0684224495307924,0.07991525078811589,0.09300968887422183,0.10788122042261314,0.12471882381443271,0.14372550757462424,0.16511880051405156,0.18913122157267534,0.21601072744604338,0.24602113621609176,0.2794425253508319,0.31657160258701017,0.3577220483634521,0.40322482862794934,0.4534284769970769,0.508699345404949,0.5694218225313212,0.6359985194522539,0.7088504221048186,0.7884170103034556,0.8751563431837841,0.9695451110852764,1.072078654012332,1.1832709469324048,1.3036545522908602,1.4337805402202652,1.5742183770327967,1.7255557826682952,1.8883985578607445,2.063370381862539,2.2511125816358413,2.4522838734819308,2.6675600781409505,2.8976338104294914,3.1432141445476085,3.405026256195563,3.6838110426911657,3.98032472228985,4.295338413929212,4.629637698632886,4.984022163813119,5.359304931713267,5.756312173231689,6.175882608347556,6.618866994397209,7.086127603359641,7.578537689392375,8.09698094774194,8.642350966197204,9.215550670193975,9.817491762660195,10.449094159664206,11.111285422888646,11.805000189931407,12.531179603394824,13.290770739663616,14.084726038309686,14.914002732928667,15.779562284236608,16.682369816242062,17.623393556157414,18.603604278823195,19.623974756256136,20.6854792129314,21.789092787319948,22.93579100008924,24.12654922972024,25.36234219152575,26.644143431261845,27.972924812312385,29.34965601350879,30.77530402186392,32.2508326177856,33.77720184331812,35.35536744111494,36.98628024790383,38.67088552201412,40.410122179577634,42.20492190975358,44.05620813462798,45.96489477562998,47.93188478552885,49.95806840302477,52.04432108683754,54.19150108743224,56.40044661770048,58.67197258897834,61.0068668858117,63.40588616153433,65.86975114776712,68.39914148257341,70.9946900759167,73.65697704573,76.38652327255448,79.18378363714224,82.04914002007658,84.9828941576558,87.985260461363,91.05635892077302,94.19620821830839,97.40471919169227,100.68168878294028,104.02679461260477,107.43959031372786,110.91950175181206,114.46582424450258,118.07772088072163,121.7542220075409,125.4942259698845,129.29650108633555,133.15968891494788,137.08230875827437,141.06276337124794,145.09934579758826
-0.011557788944723618,,,,,,,,,,,,,,,,,,,2.6796811557882327e-26,1.0753841466300852e-24,2.983294219638229e-23,6.030972624062221e-22,9.276399016616787e-21,1.1250058584405958e-19,1.1081933335816743e-18,9.090743888185557e-18,6.342739265036886e-17,3.8323015105202075e-16,2.0363091348260817e-15,9.642757902089641e-15,4.11656502581036e-14,1.600302211316294e-13,5.714981667989918e-13,1.8893998201177126e-12,5.822175706708679e-12,1.682354526234055e-11,4.582979814495551e-11,1.1826395511758388e-10,2.90327515910915e-10,6.806473555157504e-10,1.5291652726997025e-09,3.3024692036407406e-09,6.875433120076637e-09,1.3834045334893614e-08,2.6964731111146956e-08,5.102240301898748e-08,9.390393149449252e-08,1.683966037561642e-07,2.9472308193268395e-07,5.041657110431396e-07,8.441237014669038e-07,1.3850362093822414e-06,2.229691677410631e-06,3.5255375141438384e-06,5.4807023722990065e-06,8.384543620144202e-06,1.263363245731518e-05,1.8764185645287004e-05,2.7492043025836783e-05,3.976137090237551e-05,5.680334008013809e-05,8.020608123478981e-05,0.0001119972569477302,0.00015474060724046516,0.00021164782224261522,0.0002867070707166339,0.0003848294660317241,0.0005120146818536097,0.0006755368388320321,0.000884151671781873,0.0011483258564425854,0.001480489225719041,0.0018953104429820322,0.002409996522776786,0.003044616403228143,0.0038224485802882224,0.004770352615244745,0.005919164126229409,0.00730411267453994,0.008965261760018025,0.01094796994894462,0.013303371975204084,0.016088878482744158,0.01936869291665108,0.023214343922630432,0.02770523148200605,0.03292918489220623,0.038983030602103855,0.04597316782769196,0.05401614980709714,0.06323926850444668,0.0737811405397297,0.08579229210617524,0.09943574063684268,0.11488757099826587,0.13233750401929967,0.1519894552075598,0.17406208156308903,0.19878931446731593,0.22642087670497155,0.25722278176484126,0.29147781366387804,0.32948598564100023,0.37156497618011375,0.418050540935186,0.46929689925648715,0.5256770940930758,0.5875833243283572,0.6554272484185482,0.7296402587168026,0.8106737256809292,0.8989992114403001,0.9951086522745991,1.0995145096800742,1.2127498898138505,1.3353686312224,1.4679453608576898,1.6110755184987637,1.765375349788961,1.9314818681862647,2.1100527862262357,2.3017664165615592,2.507321543339707,2.727437264525709,2.9628528058690073,3.214327307257392,3.482639582258357,3.76858785170091,4.07298945219615,4.396680520523341,4.740515654857471,5.105367553830023,5.492126634447804,5.901700629908151,6.33501416836659,6.793008333727485,7.276640209530785,7.78688240701152,8.324722578420955,8.89116291665899,9.487219642330983,10.113922479241747,10.77231411942246,11.463449678662435,12.188396143663951,12.948231811691095,13.744045723821557,14.576937092667945,15.44801472554664,16.358396443990998,17.30920850049184,18.301584993301343,19.33666728009443,20.415603391169377,21.539547442734396,22.709659050523058,23.927102743483854,25.19304737650169,26.508665539815638,27.87513296078837,29.293627891205226,30.765330469325953,32.29142204144373,33.87308442189841,35.51149906385419,37.20784610587583,38.9633032514109,40.7790444311697,42.65623819082637,44.59604574122834,46.599618603832326,48.668095782858686,50.80260039605029,53.00423570045785,55.27408045681787,57.61318358696933,60.02255809374703,62.50317422458336,65.0559519006896,67.68175241707296,70.38136949376776,73.15551974581626,76.00483268691671,78.9298404032352,81.93096706054543,85.00851843116953,88.16267164735103,91.39346540183925,94.700790826222,98.0843832788142,101.54381526853675,105.07849072735581,108.6876408221556,112.37032146713163,116.12541266235324,119.95161974279432,123.84747656624369,127.81135065909902,131.84145021410737,135.93583288428738
-0.010552763819095479,,,,,,,,,,,,,,,,,,,,3.268465875541131e-27,1.2442785037291096e-25,3.349349117388091e-24,6.683429105665769e-23,1.0279959642881027e-21,1.2591210033388371e-20,1.262110682066131e-19,1.0595589171252911e-18,7.598122395855748e-18,4.733414300763962e-17,2.599272663007383e-16,1.2741405531784286e-15,5.6369363152881254e-15,2.272504783902147e-14,8.419219588195084e-14,2.887898887147779e-13,9.23215269104888e-13,2.766839191471897e-12,7.814448285109855e-12,2.0896828917330276e-11,5.313194082511922e-11,1.289339265208777e-10,2.9963855019390433e-10,6.6894223795182e-10,1.438655188953016e-09,2.9881891357538405e-09,6.008284637332854e-09,1.1719365914501323e-08,2.2218296996083246e-08,4.101494597550427e-08,7.384259206389524e-08,1.2985453782775435e-07,2.2335392839348183e-07,3.7624519736468754e-07,6.214440280269284e-07,1.0075382723027707e-06,1.6050546708828692e-06,2.514754933886073e-06,3.878458938047639e-06,5.89297134419957e-06,8.827769434104467e-06,1.3047192765836583e-05,1.9037957516520297e-05,2.744289814787423e-05,3.9101914246076574e-05,5.5101168994424675e-05,7.683164573233056e-05,0.00010605821854981397,0.00014500043015146209,0.0001964261938074206,0.000263759644870622,0.0003512043601466724,0.00046388313975677164,0.0006079955056872357,0.0007909940142837454,0.0010217804061886584,0.0013109225285197691,0.0016708928599385839,0.002116329352060383,0.002664319171135161,0.0033347057839239955,0.004150419682878596,0.0051378328899257435,0.00632713721729371,0.007752746099683401,0.009453719646807295,0.011474212400464407,0.013863943117970208,0.016678685745314933,0.01998078059079126,0.023839664564074832,0.028332419208504083,0.033544335126462266,0.03956949128093178,0.046511347546609634,0.054483348802455936,0.06360953875070932,0.0740251816097626,0.08587738974732576,0.09932575528934748,0.11454298370677453,0.13171552736465825,0.15104421701284307,0.17274488920425754,0.1970490076442855,0.22420427650386848,0.2544752437671213,0.2881438927338352,0.32551021985237233,0.36689279712522166,0.4126293174008109,0.4630771209439631,0.51861370176097,0.5796371922463539,0.64656682480878,0.7198433692323867,0.7999295446280684,0.8873104049300075,0.9824936969961828,1.0860101904733686,1.1984139786906944,1.3202827499507035,1.4522180286817137,1.5948453860247873,1.7488146195202658,1.9147999016542714,2.0934998971260197,2.2856378487757203,2.491961632216228,2.713243779273539,2.950281470443199,3.2038964966331647,3.4749351905377153,3.7642683280574616,4.072791000247352,4.4014224563250055,4.751105918338463,5.122808368140696,5.51752030735994,5.936255491109042,6.38005063620351,6.84996510471017,7.347080563661661,7.872500621813562,8.427350444338346,9.012776346373153,9.629945366355678,10.28004482009601,10.964281836538982,11.68388287618985,12.440093233174574,13.234176521887143,14.067414149235772,14.941104773416555,15.856563750192326,16.81512256760694,17.81812827003408,18.866942872301156,19.96294276453775,21.10751810781958,22.302072220042465,23.548020950050372,24.846792035929255,26.199824440084345,27.60856764887602,29.074480918388044,30.59903243927222,32.18369838366852,33.82996178530002,35.53931119089957,37.31323900774056,39.1532394588952,41.06080604663471,43.03742841498911,45.0845884973689,47.203755834376985,49.39638195129363,51.663893695791,54.0076854533698,56.42911018204729,58.92946923832694,61.510001003190695,64.17186835949124,66.91614511869834,69.74380154562685,72.65568918113344,75.65252521402827,78.7348767013699,81.90314497859646,85.15755063450544,88.49811944867822,91.92466969729584,95.43680122643899,99.03388666793624,102.71506513184256,106.47923865250918,110.32507159337366,114.25099313384632,118.25520287073564,122.3356794750477,126.49019225403507
-0.00954773869346734,,,,,,,,,,,,,,,,,,,,,,6.277325622511627e-27,1.716563159253901e-25,3.520451654406936e-24,5.613177365859307e-23,7.171505165606149e-22,7.531891483733632e-21,6.645786801617715e-20,5.01929675719798e-19,3.2974708472469575e-18,1.910805649082925e-17,9.886076535322222e-17,4.615496801742816e-16,1.96270802784259e-15,7.665037463418757e-15,2.7692604483771e-14,9.315832774285605e-14,2.9349503632595765e-13,8.704610839221416e-13,2.4416601207712774e-12,6.504655011926942e-12,1.6519820449532193e-11,4.013387460218908e-11,9.355916890024705e-11,2.0987159082730944e-10,4.541787926998738e-10,9.504361645197315e-10,1.9274024733224105e-09,3.795142989150521e-09,7.268979379009039e-09,1.3565284875565592e-08,2.4703511743206604e-08,4.39618325666298e-08,7.65503098036856e-08,1.3058610345028052e-07,2.1848037264942538e-07,3.5887664599697514e-07,5.793158536365419e-07,9.198441338835228e-07,1.4378259996785977e-06,2.2142773570138783e-06,3.3620899026097146e-06,5.036580096444683e-06,7.448861513159775e-06,1.0882608052393474e-05,1.5714846186345497e-05,2.244148595284323e-05,3.170837145427749e-05,4.434870080086417e-05,6.142773129543078e-05,8.429574673685762e-05,0.00011465031858796044,0.00015460894003867264,0.000206793150422534,0.00027442529586539427,0.00036143908946700246,0.0004726051399263014,0.0006136726106325304,0.0007915281517585208,0.0010143732146091898,0.0012919208124178459,0.0016356127322621969,0.002058858132140683,0.002577294373948441,0.0032090708489683306,0.003975156448084775,0.004899671215285161,0.006010242601851409,0.007338386608592416,0.00891991397275344,0.01079536141403336,0.013010447816441274,0.015616555078545606,0.018671233222622978,0.02223872921153842,0.026390538783040852,0.031205980475730918,0.03677279088960422,0.043187740099124634,0.050557266017613234,0.058998126400439665,0.0686380670709717,0.07961650485848205,0.09208522365150405,0.10620908189409212,0.12216672978585498,0.14015133439092178,0.16037131081382455,0.18305105756511678,0.20843169421287183,0.23677179940009735,0.26834814730172524,0.3034564405970442,0.34241203804618286,0.3855506747785227,0.4332291734305074,0.48582614430584825,0.5437426727752896,0.6074029921831501,0.6772551405833994,0.7537715996919253,0.8374499145076322,0.9288132921239461,1.0284111783356915,1.1368198107144882,1.2546427469032202,1.3825113670732994,1.521085349171082,1.6710531164828075,1.8331322561126289,2.008069907877323,2.1966431227995575,2.399659190586785,2.617955935560541,2.85240198057662,3.103896978579797,3.373371811505296,3.6617887563189306,3.970141618096175,4.299455830073898,4.650788520723097,5.025228547881163,5.423896500526198,5.847944667218598,6.298556973536433,6.776948886848996,7.2843672900607634,7.822090324400245,8.391427201833954,8.993717987686829,9.630333354078585,10.302674304844967,11.012171872631429,11.760286788896348,12.548509127603596,13.378357923345705,14.251380764772184,15.169153364093516,16.13327910346276,17.145388558927657,18.207139002350242,19.320213881119752,20.48632227428292,21.707198321567336,22.984600618083995,24.32031156183694,25.71613663251592,27.17390356832448,28.6954613922903,30.282679220194453,31.93744476032956,33.66166239089242,35.457250675872174,37.32613915660821,39.2702642356946,41.29156395559403,43.39197146713796,45.57340698662547,47.837768055094756,50.18691794126683,52.62267207171769,55.14678242794739,57.76091992010012,60.466654829618314,63.265435506888686,66.15856560978936,69.14718027409985,72.23222170784109,75.41441479567494,78.69424337787241,82.07192792480367,85.54740535515312,89.12031174007227,92.78996859033929,96.55537334115704,100.41519452911287,104.36777200471784,108.41112234863229,112.54294947290839,116.76066019811557
-0.008542713567839186,,,,,,,,,,,,,,,,,,,,,,,,3.19939102564141e-27,7.065798970980184e-26,1.2182255833793662e-24,1.6872275527997723e-23,1.9233930870820816e-22,1.8427651320083508e-21,1.5107375689663452e-20,1.0764490274430902e-19,6.757378859078696e-19,3.7818257785132e-18,1.9067602303457695e-17,8.741008857677569e-17,3.673164995152306e-16,1.4252189824814796e-15,5.139176191859711e-15,1.732163968004075e-14,5.485587993671748e-14,1.6399313275710907e-13,4.647592239239137e-13,1.253393401604916e-12,3.2278014982813555e-12,7.962558276403732e-12,1.8869905552804498e-11,4.307197449991612e-11,9.492218043735977e-11,2.0241456454912646e-10,4.1849703036855767e-10,8.404753443913969e-10,1.6424107799428613e-09,3.127864632413494e-09,5.813757306105981e-09,1.0560759325113356e-08,1.8771827170875654e-08,3.268858435759087e-08,5.582560180425887e-08,9.359564351959749e-08,1.5419501120590553e-07,2.4983763193483056e-07,3.9844984701105785e-07,6.259652932341967e-07,9.6939107293495e-07,1.4808527592155455e-06,2.2328667546856526e-06,3.325134083252641e-06,4.8931996931571835e-06,7.119375506874469e-06,1.0246383362021737e-05,1.4594235111332316e-05,2.058093083109226e-05,2.8747621555162378e-05,3.978894933529282e-05,5.4589343773629946e-05,7.426611946124797e-05,0.0001002202819251408,0.00013419600965054745,0.00017834983542310844,0.00023533060056575147,0.00030837129961392475,0.0004013939696304556,0.0005191288068413778,0.0006672487128143569,0.0008525204823442836,0.0010829738450413935,0.0013680895619215855,0.0017190077568475857,0.0021487576303280955,0.002672509659971699,0.003307851338001431,0.00407508743191274,0.004997565680075641,0.006102028750294497,0.007418993196789545,0.008983156050330619,0.010833829568350335,0.013015404557370543,0.015577842560274094,0.01857719707651792,0.02207616385537977,0.026144660171866615,0.030860432862994405,0.036309694769333024,0.04258778909490961,0.04979988106756808,0.058061676153560594,0.06750016395468902,0.07825438679521521,0.09047623188835335,0.10433124586195021,0.11999947031622099,0.13767629698860448,0.15757334100839773,0.17991933063924098,0.20496101183143348,0.2329640658360837,0.26421403807396415,0.2990172763981203,0.33770187684697467,0.3806186349476647,0.42814200060336477,0.4806710345787235,0.5386303645872408,0.6024711389814408,0.6726719760507257,0.7497399069458376,0.8342113102669149,0.9266528363765436,1.0276623195380952,1.13786967600934,1.2579377862743164,1.3885633596393248,1.530477779479707,1.684447927477645,1.8512769852575635,2.0318052118927654,2.226910695827898,2.4375100798242073,2.664559257636266,2.909054041170246,3.172030796987238,3.454567051069466,3.757782060868188,4.08283735372261,4.430937230824099,4.8033292359836555,5.201304588547835,5.626198579876776,6.079390932901126,6.562306124310905,7.076413669086801,7.623228367058465,8.204310511543854,8.821266058565177,9.475746760690283,10.169450258755232,10.904120138316957,11.681545946950848,12.503563173977993,13.372053192648215,14.288943165107725,15.256205910295357,16.27585973464904,17.34996822468836,18.48063999873335,19.670028411635894,20.92033120007886,22.233790045825284,23.61269001842092,25.05935883639549,26.576165855702044,28.16552065605461,29.82987105142301,31.57170030144334,33.39352325037338,35.29788107312291,37.28733426907661,39.364453519660756,41.531808019056925,43.79195090603066,46.14740147031658,48.60062388490297,51.15400232595363,53.80981248642659,56.57018966471719,59.43709381149432,62.41227213770321,65.49722011382164,68.69314190819323,72.00091150485295,75.4210358876649,78.95362175981758,82.59834726902949,86.35444011838096,90.22066325682293,94.19530906803993,98.2762026266866,102.46071419097478,106.74578068149388
-0.007537688442211046,,,,,,,,,,,,,,,,,,,,,,,,,,,7.517313887698331e-27,1.1854311327960874e-25,1.5350829765372037e-24,1.666019593001539e-23,1.542381486352021e-22,1.23693793594369e-21,8.709520750068383e-21,5.448388921283333e-20,3.0598652840390847e-19,1.5570827726583764e-18,7.238773965674384e-18,3.097028340754603e-17,1.2274394335411132e-16,4.532997525567488e-16,1.5682006222803372e-15,5.106511231819235e-15,1.571924185010093e-14,4.592264907496255e-14,1.2777881169510415e-13,3.3973338625874526e-13,8.656718391105248e-13,2.119740045552044e-12,5.000420546049544e-12,1.1389829841428053e-11,2.5103109054994247e-11,5.363873944990754e-11,1.1131325452199697e-10,2.247244654345473e-10,4.420319922130967e-10,8.483465368912141e-10,1.5906750386437933e-09,2.9174969223346236e-09,5.240293243942219e-09,9.227390578049857e-09,1.594451965017184e-08,2.706175913717699e-08,4.5153299680123464e-08,7.412500848738572e-08,1.1981540700374236e-07,1.9082871233971075e-07,2.9967436161916105e-07,4.643062571680308e-07,7.101771445878409e-07,1.0729493444256487e-06,1.6020327430561142e-06,2.365154702386154e-06,3.454204504313889e-06,4.99263716725274e-06,7.144767947539804e-06,1.0127339458940202e-05,1.4223797936231284e-05,1.9801773431746944e-05,2.7334320308784294e-05,3.74255388068527e-05,5.084126515629523e-05,6.854558606058391e-05,9.17440026907107e-05,0.0001219341387921363,0.00016096495636957748,0.00021110550980714453,0.0002751243342092389,0.0003563806256016695,0.0004589284281808582,0.0005876350964809331,0.0007483153471442376,0.0009478822552150281,0.0011945165827796816,0.0014978558528373105,0.0018692045972873441,0.0023217672160846543,0.0028709048815529162,0.0035344179109251476,0.004332855007388489,0.005289850740576369,0.006432492590988927,0.007791718836980953,0.009402748496093686,0.011305544466482326,0.013545310928322223,0.01617302598299812,0.01924601040595439,0.022828533287416717,0.02699245522327505,0.03181790960137683,0.03739402240561586,0.04381967083292072,0.05120428088707984,0.05966866397897083,0.06934589242644865,0.08038221360909133,0.0929380023945896,0.10718875131538078,0.12332609374217385,0.14155888792047955,0.16211427496122865,0.1852388530300334,0.21119982324878206,0.24028619198511963,0.2728099994464195,0.30910757713789866,0.34954083254471346,0.39449855929771704,0.4443977709914783,0.4996850567395178,0.5608379564312405,0.6283663537416536,0.7028138845597346,0.7847593588489199,0.8748181935811491,0.9736438545073043,1.0819293044477183,1.200408455764936,1.329857624670455,1.4710969849924418,1.624992019046579,1.7924549632416282,1.9744462460699042,2.171975916149079,2.3861050580017147,2.6179471932998197,2.8686696653209576,3.1394950044246674,3.4317022723810684,3.746628383460781,4.085669400229001,4.450281802061303,4.841983724453987,5.262356167281874,5.713044170211508,6.195757953564454,6.712274022996776,7.264436236441082,7.854156831836772,8.483417414257262,9.154269901129009,9.868837424316919,10.629315187938019,11.43797128083919,12.297147442727017,13.209259782862746,14.176799449966374,15.20233325090834,16.28850421334473,17.43803208202199,18.653713728058793,19.938423431719308,21.29511296905055,22.726811387005906,24.236624288352374,25.827732365612547,27.503388824727615,29.266915229481395,31.121695185223306,33.071165177023936,35.11880179637121,37.26810454624584,39.52257342265632,41.88568054364463,44.36083524847884,46.95134232636943,49.66035336149563,52.49081159322707,55.44539117617435,58.52643225753464,61.73587383233611,65.07518684139079,68.54531038305441,72.1465941590754,75.87875031187187,79.74081759862003,83.7311403745812,87.84736414580004,92.08644855250544,96.44469764367976
-0.006532663316582907,,,,,,,,,,,,,,,,,,,,,,,,,,,,,,,2.9954226638772567e-26,3.3091401145712905e-25,3.146071843343849e-24,2.609432980021741e-23,1.9110758403405965e-22,1.2490978277581782e-21,7.355623811937547e-21,3.935679267973166e-20,1.9278934863001217e-19,8.70479423206689e-19,3.645022465491688e-18,1.423322417835769e-17,5.2087653676566137e-17,1.7945690910155256e-16,5.844753989601531e-16,1.806262679247619e-15,5.314844902887792e-15,1.4936718259844668e-14,4.020881353773867e-14,1.039521821171471e-13,2.5872921338959584e-13,6.213373333889415e-13,1.4426982598116968e-12,3.245024496071649e-12,7.083075011445076e-12,1.5027899758706215e-11,3.1039000069995333e-11,6.249772255427488e-11,1.2283988579609963e-10,2.359751680257158e-10,4.435497178464818e-10,8.166429405440533e-10,1.474248958930238e-09,2.6119530383183312e-09,4.5456664968855684e-09,7.777243685869908e-09,1.3091407007004514e-08,2.1696809708085187e-08,3.542845492856541e-08,5.7034271423840547e-08,9.0575653921842e-08,1.41980464016125e-07,2.1979763069028413e-07,3.362153791820329e-07,5.084205558791984e-07,7.603948144249007e-07,1.1252648930758246e-06,1.6483491470458504e-06,2.3910711883306215e-06,3.4359441923008807e-06,4.892866386545607e-06,6.907009634672786e-06,9.668629009989797e-06,1.3425171910258826e-05,1.8496120622294312e-05,2.5291062266606888e-05,3.433154461671088e-05,4.627734523483334e-05,6.195785438866006e-05,8.24093490195936e-05,0.00010891901519320472,0.00014307665942862703,0.00018683513465579966,0.00024258059348972516,0.0003132137695037165,0.0004022435754191594,0.0005138943948573536,0.0006532285307157878,0.0008262853575029581,0.001040238806252217,0.001303574888090258,0.0016262910353347418,0.0020201191062829828,0.002498773960910597,0.00307822956866845,0.0037770246558485703,0.004616599937835022,0.005621669010450589,0.0068206249939465205,0.008245985032584963,0.009934874751787864,0.011929554763210178,0.014277991285612572,0.017034472915913926,0.020260275540267894,0.024024377319430155,0.02840422561623461,0.03348655765576543,0.039368276621225703,0.046157384790695116,0.05397397521256193,0.06295128330075922,0.07323679960537971,0.08499344488111378,0.09840080843435786,0.11365645058276884,0.13097726990628505,0.15060093580990294,0.17278738675417474,0.19782039434145532,0.22600919327524882,0.2576901770363455,0.29322865894434375,0.3330206980986796,0.37749498951578636,0.42711481760576875,0.4823800719573375,0.5438293242291004,0.6120419647768706,0.6876403974800082,0.7712922910725037,0.8637128851238647,0.9656673486668638,1.0779731893226319,1.201502710636247,1.3371855151965193,1.4860110510009605,1.6490311983956558,1.827362894813191,2.0221907944340063,2.2347699597946513,2.4664285822802876,2.718570728371796,2.9926791084229403,3.290317864713999,3.6131353754475524,3.9628670713236573,4.341338261290364,4.750466964037292,5.192266741783866,5.668849532899446,6.182428479891786,6.735320749303238,7.329950340066601,7.968850876896535,8.65466838530696,9.390164044890698,10.178216917507914,11.021826646971512,11.924116126577617,12.888334129662459,13.917857895419267,15.016195654296197,16.186989060457353,17.434015463294514,18.76118989512344,20.172566543623336,21.672339346944973,23.264841142786715,24.95454056507229,26.746035602703916,28.644042449488516,30.653378014336315,32.77893427115079,35.025642555622426,37.398426011847626,39.902138702314446,42.5414904587267,45.32095739142266,48.244679085359905,51.316344847389296,54.53907283811926,57.91528737422143,61.446600928654824,65.13370816841436,68.9762995458997,72.97300135799497,77.12134776805127,81.41778815070874,85.85773050068437
-0.005527638190954767,,,,,,,,,,,,,,,,,,,,,,,,,,,,,,,,,,,8.348879964704475e-27,7.676910559325167e-26,6.240418705396513e-25,4.52950055248851e-24,2.961963586856456e-23,1.7590860841152246e-22,9.556725280682147e-22,4.780533640336007e-21,2.214878847461112e-20,9.555484393250056e-20,3.857413751277156e-19,1.4635395860767192e-18,5.240033985347436e-18,1.7770197719213046e-17,5.727329374230941e-17,1.759813956022824e-16,5.169883674767261e-16,1.4559326802504516e-15,3.9400994342076014e-15,1.02696909819448e-14,2.5834395446579614e-14,6.28449621960647e-14,1.4809975632662377e-13,3.386691412290194e-13,7.526792929655331e-13,1.6281230083599857e-12,3.432378853299003e-12,7.061277628668546e-12,1.4192708716291765e-11,2.7901173310029297e-11,5.3703919367143275e-11,1.0130694883302791e-10,1.8746490062031538e-10,3.405823730868979e-10,6.079919555964303e-10,1.0672804448788506e-09,1.8436435782491052e-09,3.136086973928553e-09,5.256426420846792e-09,8.686559660978445e-09,1.4161487816900928e-08,2.27881811926897e-08,3.621375692438955e-08,5.68607342594402e-08,8.8252551660931e-08,1.3545928917638435e-07,2.057018869163051e-07,3.091633598763417e-07,4.600678802031799e-07,6.781034539775288e-07,9.90281606108914e-07,1.4333483681444198e-06,2.0568853186185548e-06,2.9272678430626417e-06,4.132680554717879e-06,5.789427339811135e-06,8.04981614754591e-06,1.1111946804272957e-05,1.5231784141138942e-05,2.0737958902271827e-05,2.8049805526661587e-05,3.7699219206801276e-05,5.035699480461589e-05,6.686439737544238e-05,8.827080827445693e-05,0.00011587839208756144,0.00015129483785619272,0.00019649534309113144,0.00025389513065013375,0.0003264339163636731,0.00041767387892286117,0.0005319128225038951,0.0006743143663223061,0.0008510571431386373,0.00106950513995621,0.0013384014679638883,0.0016680880043318787,0.0020707535048647796,0.0025607129427719097,0.003154720983959019,0.003872322662228859,0.004736244467544929,0.005772829206010625,0.007012518130354383,0.008490383973429022,0.010246718643486221,0.012327679457719676,0.014785997898825131,0.0176817549770787,0.0210832273668646,0.02506780856075901,0.029723009345430644,0.03514754195104531,0.041452492259936455,0.04876258447032278,0.05721754264140829,0.0669735534773268,0.07820483474743255,0.09110531363909508,0.10589041930473436,0.1227989937777507,0.1420953253375558,0.16407130829260996,0.18904873302123976,0.2173817099671724,0.2494592311258964,0.28570787238573514,0.32659463989455634,0.37262996342446025,0.4243708394865467,0.4824241267213347,0.5474499958483922,0.6201655362073555,0.7013485206601524,0.7918413303537108,0.892555040561737,1.004473668538069,1.1286585840200625,1.2662530827219358,1.4184871228537974,1.5866822243966467,1.7722565305522793,1.9767300304777708,2.2017299421024465,2.4489962535105376,2.7203874210755554,3.0178862222006964,3.343605760245497,3.6997956188940933,4.088848162937609,4.51330498215286,4.975863474663771,5.479383565921742,6.02689455914492,6.621602112801312,7.26689534050133,7.966354028365411,8.723755964713616,9.543084376391505,10.428535465960591,11.384526037627815,12.415701196661528,13.526942073650362,14.723373472099821,16.010371212844596,17.393568727890646,18.878862095136114,20.472412177575897,22.180641835085794,24.010225353329737,25.968066369710137,28.061259804345045,30.297032799651202,32.682659637991335,35.22534625818746,37.9320815258139,40.809454963406715,43.86344422127319,47.09917996609359,50.52070061504574,54.130713696494254,57.93038363077546,61.91916645201079,66.09470977771262,70.45283108086679,74.98757965362232
-0.004522613065326628,,,,,,,,,,,,,,,,,,,,,,,,,,,,,,,,,,,,,,,,,6.640264873436932e-27,4.7503234959855215e-26,3.0943447162008413e-25,1.8473999233416307e-24,1.0169059190129589e-23,5.188953116332535e-23,2.466634774945512e-22,1.0972873545566936e-21,4.586980759697561e-21,1.8087481231733652e-20,6.751421486040671e-20,2.3932072249840755e-19,8.080300296973478e-19,2.6057532826852134e-18,8.046472623376255e-18,2.3849073885129777e-17,6.799627843554538e-17,1.8686732891540225e-16,4.959547085457837e-16,1.2734469960971757e-15,3.1686074111298102e-15,7.652019604047693e-15,1.7961055505119675e-14,4.103212039557537e-14,9.134900314887607e-14,1.9842157832605755e-13,4.209837654168105e-13,8.733538938629848e-13,1.7733475226502318e-12,3.5276167664595823e-12,6.880737879060039e-12,1.3170895018799251e-11,2.4760691950990714e-11,4.575087199537098e-11,8.314374461216204e-11,1.487105041008703e-10,2.619441217599244e-10,4.546628940434049e-10,7.780899972831401e-10,1.3135989804436764e-09,2.1888194984281332e-09,3.6014870442377048e-09,5.854352119069709e-09,9.40570945031202e-09,1.4941754410481973e-08,2.3479128945115305e-08,3.650881255787584e-08,5.619609999946555e-08,8.565596945593309e-08,1.2932889801502597e-07,1.9348937446098212e-07,2.869282803309164e-07,4.2186128595520133e-07,6.151288101696493e-07,8.897693354122458e-07,1.2770674169261892e-06,1.819201085300943e-06,2.5726410735560614e-06,3.6124870086714274e-06,5.037964044437961e-06,6.979348073307789e-06,9.606639376168896e-06,1.3140364124178503e-05,1.786495134142121e-05,2.4145210602780383e-05,3.244652372859408e-05,4.335946290852339e-05,5.762965890651351e-05,7.619386712517823e-05,0.00010022331718384713,0.00013117558410506982,0.00017085638698835333,0.00022149290490542763,0.000285820400351944,0.00036718415853014507,0.000469658986540489,0.000598188770648257,0.0007587488624916384,0.0009585343566217768,0.0012061776322087353,0.0015119988610739986,0.0018882935322540725,0.0023496614097535864,0.0029133817245596,0.0035998398037610005,0.004433010758008209,0.005441006282660061,0.006656691076745501,0.008118375846153759,0.009870594331895716,0.011964972289411612,0.014461196839115889,0.01742809510996665,0.020944831604983647,0.025102234228332812,0.03000425942593529,0.03576960740318563,0.04253349889244339,0.05044962544680754,0.05969228573343584,0.07045872078660749,0.08297166165590661,0.0974821033454409,0.11427231938424898,0.13365913179290498,0.1559974516153166,0.18168410556463824,0.21116196468715231,0.2449243912742989,0.28352002055054654,0.32755789392886353,0.37771296085958656,0.4347319664910007,0.49943974252404094,0.5727459187614814,0.6556520729353379,0.7492593364370094,0.8547764735739589,0.9735284519338792,1.1069655213499552,1.256672818832746,1.4243805166559618,1.6119745305700877,1.8215078048489517,2.055212190570882,2.31551093318311,2.605031785002621,2.926620757867815,3.283356530678068,3.6785655260313246,4.1158376696088705,4.599042845363238,5.132348058897383,5.720235320794442,6.367520260885367,7.079371483714445,7.861330674381277,8.719333461652731,9.659731036984368,10.689312499066325,11.815327803722875,13.045510964144993,14.388102624050585,15.851870126229054,17.44612153787404,19.180707684080808,21.06600319135758,23.11285423540633,25.33247780820849,27.736295844007813,30.335688670182996,33.141657229736836,36.16439333198795,39.41277196745568,42.89379810011834,46.612058947284204,50.56924639952838,54.76381727054853,59.19084768309322,63.8421124331161
-0.0035175879396984883,,,,,,,,,,,,,,,,,,,,,,,,,,,,,,,,,,,,,,,,,,,,,,,,,,1.0346533368679073e-26,5.626592408363671e-26,2.8632208592746654e-25,1.3686328457867034e-24,6.16708763677109e-24,2.6282018701265972e-23,1.0625357537334597e-22,4.086590019659607e-22,1.4991726716658853e-21,5.25868371814685e-21,1.7677750831632556e-20,5.707229017487995e-20,1.773107730980245e-19,5.310849379905277e-19,1.5362720174721284e-18,4.2988916716013686e-18,1.1654522132424727e-17,3.065540424665381e-17,7.83397055965924e-17,1.9474766859962623e-16,4.715189067121203e-16,1.113150178361707e-15,2.5650735786778587e-15,5.775308265116237e-15,1.271726304928611e-14,2.7412381944195503e-14,5.789021257129952e-14,1.1987258558907627e-13,2.4357001866096247e-13,4.859961318431089e-13,9.528984745756784e-13,1.837173216370823e-12,3.485089912389118e-12,6.5087235047509726e-12,1.1974041165401715e-11,2.1711119631018137e-11,3.8818854707109924e-11,6.847536673578313e-11,1.1922286145770565e-10,2.049799655736838e-10,3.4815648131366073e-10,5.844199602880202e-10,9.699104267450764e-10,1.5920454573768388e-09,2.5855374348681966e-09,4.155903396217925e-09,6.613643826425552e-09,1.0423474492269732e-08,1.62746092463221e-08,2.518022995395959e-08,3.8617089497028954e-08,5.871985689244985e-08,8.85495523448064e-08,1.3246150502895986e-07,1.9660602357534007e-07,2.896047893415054e-07,4.2345833005758144e-07,6.147553550576914e-07,8.862738768569889e-07,1.2690876578489935e-06,1.8053204748449724e-06,2.5517259891103127e-06,3.5843137910209203e-06,5.004293759949325e-06,6.945672715676685e-06,9.584911095988595e-06,1.315313493114271e-05,1.7951501763379094e-05,2.437044066259489e-05,3.291362863171688e-05,4.4227731230898906e-05,5.913912717802973e-05,7.869905825696655e-05,0.00010423890059198719,0.00013743754499318507,0.0001804032066632052,0.00023577236235762742,0.0003068289406247577,0.00039764737277910684,0.0005132636537608131,0.0006598791681958578,0.0008451027131785312,0.0010782369010939783,0.0013706159588861698,0.001736002860350821,0.002191054741208867,0.0027558666588146635,0.0034546049753639003,0.00431624297129775,0.0053754127401938155,0.006673388983432648,0.00825922201824623,0.010191039140641405,0.012537535454908247,0.015379677386994792,0.018812644365198326,0.02294803655786043,0.02791637912836047,0.03386995619430688,0.04098601056757985,0.04947034840612393,0.059561391128474465,0.07153472033013486,0.08570816499535722,0.10244748402072333,0.12217270095537187,0.14536515191405125,0.1725753118475778,0.2044314686806192,0.24164931945147097,0.2850425671443462,0.33553460182326655,0.3941713545866423,0.4621354179638516,0.5407615315842906,0.6315535372729653,0.7362029131538464,0.8566090018622875,0.9949010535725964,1.1534622102165095,1.3349555630036551,1.5423524211296515,1.7789629353669463,2.048469226061298,2.354961170885285,2.702975013521094,3.097534960237429,3.54419793706974,4.049101686027197,4.619016384329185,5.261399976232166,5.984457412214372,6.797203993485159,7.709533009322382,8.732287773632669,9.877337813356375,11.157657803332619,12.587404844299224,14.18198338805232,15.958076243731261,17.93360459289138,20.12756210196678,22.559653532637228,25.249665584950503,28.21651831619717,31.476999390690278,35.04427195514774,38.926353070272626,43.1248437797837,47.634203929335555,52.44177418518695
-0.0025125628140703488,,,,,,,,,,,,,,,,,,,,,,,,,,,,,,,,,,,,,,,,,,,,,,,,,,,,,,,,,,,,,,,4.152008647864917e-27,1.8368937610653735e-26,7.757606971078542e-26,3.134158315789851e-25,1.2137759759718507e-24,4.514434747886192e-24,1.6154363279387065e-23,5.570926479446614e-23,1.8544022058524293e-22,5.967170252378215e-22,1.8588053305817304e-21,5.6128028415323076e-21,1.644955504677376e-20,4.684636230805411e-20,1.2978858361583806e-19,3.501886226185291e-19,9.211165989688397e-19,2.3642530354887645e-18,5.9270531041069964e-18,1.4525405080393774e-17,3.482754185373603e-17,8.176467531413485e-17,1.8809782744296502e-16,4.243150892108631e-16,9.392404426716675e-16,2.0414184165099127e-15,4.359379254093769e-15,9.151935467238795e-15,1.8899213339303287e-14,3.8410764422620377e-14,7.6871670771477e-14,1.5156531730790302e-13,2.9455085810133556e-13,5.6447640663214e-13,1.0672008980601654e-12,1.991331064911498e-12,3.668700336515515e-12,6.676056830872956e-12,1.2004046104454757e-11,2.133484975900689e-11,3.749334863280457e-11,6.517247561383796e-11,1.1208737708594367e-10,1.907935213681633e-10,3.2152290685686756e-10,5.365668019970623e-10,8.869863565067133e-10,1.4527962215317434e-09,2.3582851840909985e-09,3.794871751749517e-09,6.054922442769686e-09,9.581394284906573e-09,1.5040144037537933e-08,2.342446368984767e-08,3.6205101671261575e-08,5.554403243314841e-08,8.459695697739514e-08,1.279384831419466e-07,1.921558212514599e-07,2.8667249123756907e-07,4.2488404401192314e-07,6.257144943950042e-07,9.157367108004914e-07,1.3320444699785727e-06,1.926120793629326e-06,2.7690196350758487e-06,3.958269743082825e-06,5.627025153331899e-06,7.956131732768553e-06,1.1189960102902823e-05,1.565707993668986e-05,2.1797128368882352e-05,3.0195567083262945e-05,4.162844148612037e-05,5.711976640875602e-05,7.801478369365416e-05,0.00010607308836331096,0.0001435865256309705,0.0001935278481996826,0.0002597374235832473,0.0003471568305646999,0.00046212002340477996,0.0006127149186000014,0.0008092308245508607,0.001064710148853779,0.0013956263478020804,0.0018227142028256315,0.0023719833024210338,0.003075951168424661,0.003975138895154843,0.005119879582773433,0.0065724983675249,0.008409932619178637,0.010726872039911621,0.01363951112820332,0.017290020933994732,0.021851863442486647,0.02753609047041559,0.03459878988852117,0.043349865531287564,0.05416336358776359,0.06748958786678731,0.08386927939846907,0.10395017269224929,0.12850628196252384,0.1584603161169973,0.19490967166582648,0.23915650835085195,0.292742473644063,0.35748870976384156,0.4355418509764852,0.5294268001737408,0.642107162554313,0.7770543112119767,0.9383261650971138,1.130656874727524,1.359558735770442,1.631437785790223,1.953724685674345,2.3350226451390395,2.785274321916548,3.315949807388695,3.9402580081854612,4.673383943206398,5.532754680058391,6.5383366333532225,7.712965448051912,9.082701431423327,10.67717471775955,12.529812907027155,14.677714014006165,17.160760460515625,20.019458022265596,23.291102851241074,27.00442045389023,31.17376669620571,35.79484081125935,40.843805908479624
-0.0015075376884422093,,,,,,,,,,,,,,,,,,,,,,,,,,,,,,,,,,,,,,,,,,,,,,,,,,,,,,,,,,,,,,,,,,,,,,,,,,,,,,,,,,,,,,,5.464921300259039e-27,1.993009269153302e-26,7.057708109924433e-26,2.4292796926250326e-25,8.135086035104739e-25,2.6528387639905505e-24,8.431402167882427e-24,2.6139001455767832e-23,7.910848940758934e-23,2.3390109878138203e-22,6.761342063391793e-22,1.9121783022164865e-21,5.294313697333635e-21,1.4360050908234505e-20,3.817995062862785e-20,9.956466862655973e-20,2.548079583821263e-19,6.4031887152097945e-19,1.5808249511964148e-18,3.836147615438418e-18,9.154665293135304e-18,2.149457863726194e-17,4.9676482564227384e-17,1.1305690891870106e-16,2.5348356636589863e-16,5.601243379112032e-16,1.220310211958393e-15,2.6222280469614565e-15,5.559587847497273e-15,1.1634258215084534e-14,2.4038399959966352e-14,4.905518835358759e-14,9.890399633866946e-14,1.9707185298096677e-13,3.881907482956836e-13,7.561349377443462e-13,1.4568225029038534e-12,2.777045295180598e-12,5.238902460192563e-12,9.783339944265129e-12,1.8089579463493294e-11,3.312577111377973e-11,6.00894527612482e-11,1.0799923983637582e-10,1.9236492167221981e-10,3.3962801068626907e-10,5.9448452309068e-10,1.0318614974688144e-09,1.7763474690964103e-09,3.0334687418239585e-09,5.139647202886028e-09,8.641400207569746e-09,1.4419978981392356e-08,2.388610935013521e-08,3.928213201595369e-08,6.414756148730181e-08,1.0403164418264677e-07,1.6757680873021489e-07,2.681554919063356e-07,4.263274532630561e-07,6.735061940667024e-07,1.0573965057053192e-06,1.6500112322430607e-06,2.5594225007362354e-06,3.946889783282372e-06,6.051686906812735e-06,9.226893665653919e-06,1.3990720569138543e-05,2.1099725154621296e-05,3.165272499138638e-05,4.723754064816989e-05,7.013720736151129e-05,0.00010361836476132104,0.00015233267587351506,0.00022287299717941444,0.00032454047112456363,0.00047039783628277806,0.0006787094528927513,0.0009749016164967276,0.0013942199617160741,0.001985317032832608,0.0028150760665505096,0.003975071282593886,0.005590186255908463,0.007830067421489537,0.010924288356910917,0.01518235324849105,0.021019988519763663,0.028993576777532074,0.03984509760723492,0.054560580504641694,0.0744458770473734,0.10122455955854157,0.13716399712968327,0.18523720144088962,0.24932993992643088,0.33450496120009837,0.4473380614606723,0.5963442532426076,0.7925166130961749,1.0500056412813663,1.3869733521601333,1.8266640503610054,2.3987430959302545,3.140966221070768,4.101255032018081,5.340258320857741,6.9343540783913875,8.978207291065477,11.583245860003524,14.864124806391859,18.90637737316726,23.725832165314568,29.252087182069754
-0.0005025125628140698,,,,,,,,,,,,,,,,,,,,,,,,,,,,,,,,,,,,,,,,,,,,,,,,,,,,,,,,,,,,,,,,,,,,,,,,,,,,,,,,,,,,,,,,,,,,,,,,,,,,,,,,,,,,,,,,,,,,,,,,,,,,,,,,,,,,,,,,,,,,1.2354802739747543e-26,5.495215391420245e-26,2.392985253597891e-25,1.0206949227538503e-24,4.266201009149647e-24,1.748073361951174e-23,7.024727254453704e-23,2.769646549303083e-22,1.0717985863947289e-21,4.072492274445194e-21,1.519936758485455e-20,5.573969191768568e-20,2.0092266058553802e-19,7.121412035692088e-19,2.4826746816339577e-18,8.515888408727864e-18,2.8749671102097895e-17,9.555675719428683e-17,3.1278432193361526e-16,1.0085786485560692e-15,3.2046365386299724e-15,1.0036260554326424e-14,3.0988899537732254e-14,9.436164721532244e-14,2.834335531439323e-13,8.400051307396733e-13,2.4569338092545677e-12,7.093967149080354e-12,2.022413570084823e-11,5.694221152019744e-11,1.5837200012102762e-10,4.352072004009702e-10,1.181895374352464e-09,3.172611127323897e-09,8.419707234913033e-09,2.2095556935040017e-08,5.734878910113792e-08,1.4724362962041529e-07,3.740429894742233e-07,9.402801210257141e-07,2.3394833827400835e-06,5.762145234107831e-06,1.4051505716519849e-05,3.393182803617416e-05,8.115347506422755e-05,0.00019226077235558246,0.00045125776889269896,0.0010494807194893127,0.0024188220471349758,0.005525551263239825,0.012512692748779782,0.028092433915429867,0.06253887496838946,0.13806714257117358,0.30231970936319974,0.656649403029021,1.414964391531194,3.024297528090878,6.318489897345784,11.87405675931766,18.90863375512908
0.0005025125628140698,,,,,,,,,,,,,,,,,,,,,,,,,,,,,,,,,,,,,,,,,,,,,,,,,,,,,,,,,,,,,,,,,,,,,,,,,,,,,,,,,,,,,,,,,,,,,,,,,,,,,,,,,,,,,,,,,,,,,,,,,,,,,,,,,,,,,,,,,,,,1.2354802739747543e-26,5.495215391420119e-26,2.392985253597891e-25,1.0206949227538503e-24,4.266201009149647e-24,1.7480733619511606e-23,7.024727254453704e-23,2.769646549303083e-22,1.0717985863947289e-21,4.072492274445209e-21,1.5199367584854316e-20,5.573969191768329e-20,2.0092266058553886e-19,7.121412035692099e-19,2.4826746816339577e-18,8.515888408727821e-18,2.8749671102097895e-17,9.555675719428683e-17,3.1278432193361526e-16,1.0085786485560283e-15,3.2046365386299724e-15,1.0036260554326424e-14,3.0988899537732254e-14,9.436164721532379e-14,2.8343355314392723e-13,8.400051307396733e-13,2.4569338092545677e-12,7.093967149080354e-12,2.022413570084823e-11,5.694221152019744e-11,1.5837200012102762e-10,4.352072004009702e-10,1.181895374352464e-09,3.1726111273238024e-09,8.419707234912865e-09,2.2095556935040252e-08,5.734878910113792e-08,1.4724362962041529e-07,3.740429894742233e-07,9.402801210257141e-07,2.3394833827400835e-06,5.762145234107831e-06,1.4051505716519849e-05,3.393182803617416e-05,8.115347506422755e-05,0.00019226077235558246,0.00045125776889269896,0.00104948071948924,0.0024188220471349758,0.005525551263239825,0.012512692748779782,0.028092433915429867,0.06253887496838946,0.13806714257117358,0.30231970936319974,0.656649403029021,1.4149643915305334,3.024297528090878,6.318489897345784,11.87405675931766,18.90863375512908
0.0015075376884422093,,,,,,,,,,,,,,,,,,,,,,,,,,,,,,,,,,,,,,,,,,,,,,,,,,,,,,,,,,,,,,,,,,,,,,,,,,,,,,,,,,,,,,,5.464921300259006e-27,1.993009269153302e-26,7.057708109924433e-26,2.4292796926250316e-25,8.135086035104643e-25,2.6528387639905505e-24,8.431402167882421e-24,2.6139001455767832e-23,7.91084894075898e-23,2.3390109878138203e-22,6.761342063391867e-22,1.912178302216529e-21,5.294313697333577e-21,1.4360050908234637e-20,3.81799506286277e-20,9.956466862655633e-20,2.5480795838213107e-19,6.403188715209758e-19,1.5808249511964405e-18,3.836147615438418e-18,9.154665293135212e-18,2.149457863726194e-17,4.9676482564227895e-17,1.1305690891870328e-16,2.534835663659021e-16,5.601243379112034e-16,1.2203102119583887e-15,2.6222280469614573e-15,5.559587847497274e-15,1.1634258215084602e-14,2.4038399959966617e-14,4.905518835358759e-14,9.890399633867058e-14,1.970718529809703e-13,3.881907482956836e-13,7.561349377443462e-13,1.4568225029038663e-12,2.7770452951806235e-12,5.238902460192564e-12,9.783339944265129e-12,1.808957946349345e-11,3.312577111377945e-11,6.008945276124818e-11,1.0799923983637582e-10,1.9236492167221981e-10,3.3962801068626623e-10,5.944845230906703e-10,1.0318614974688063e-09,1.7763474690964178e-09,3.0334687418239585e-09,5.139647202885947e-09,8.641400207569746e-09,1.4419978981392469e-08,2.3886109350135182e-08,3.928213201595369e-08,6.414756148730182e-08,1.0403164418264634e-07,1.6757680873021883e-07,2.681554919063356e-07,4.263274532630591e-07,6.735061940666975e-07,1.057396505705304e-06,1.6500112322430607e-06,2.5594225007362354e-06,3.946889783282372e-06,6.051686906812735e-06,9.226893665653919e-06,1.3990720569138476e-05,2.1099725154621296e-05,3.165272499138638e-05,4.723754064816989e-05,7.013720736151129e-05,0.00010361836476132104,0.00015233267587351506,0.00022287299717941756,0.00032454047112456363,0.0004703978362827731,0.0006787094528927517,0.0009749016164967276,0.0013942199617160741,0.0019853170328326085,0.0028150760665504727,0.003975071282593886,0.005590186255908463,0.007830067421489537,0.010924288356910917,0.015182353248491067,0.021019988519763663,0.028993576777532074,0.03984509760723486,0.054560580504641694,0.0744458770473734,0.10122455955854157,0.13716399712968322,0.18523720144088962,0.24932993992643088,0.33450496120009837,0.4473380614606723,0.5963442532426076,0.7925166130961891,1.0500056412813663,1.3869733521601333,1.8266640503610054,2.3987430959302545,3.140966221070768,4.101255032018081,5.340258320857741,6.9343540783913875,8.978207291065477,11.583245860003524,14.864124806391601,18.90637737316726,23.725832165314568,29.252087182069754
0.0025125628140703626,,,,,,,,,,,,,,,,,,,,,,,,,,,,,,,,,,,,,,,,,,,,,,,,,,,,,,,,,,,,,,,4.152008647866557e-27,1.8368937610661035e-26,7.7576069710815e-26,3.1341583157910055e-25,1.213775975972308e-24,4.5144347478879956e-24,1.6154363279392713e-23,5.57092647944854e-23,1.854402205853092e-22,5.967170252380161e-22,1.858805330582326e-21,5.612802841534167e-21,1.644955504677881e-20,4.6846362308069446e-20,1.297885836158793e-19,3.5018862261863644e-19,9.211165989691145e-19,2.364253035489449e-18,5.927053104108709e-18,1.4525405080397866e-17,3.4827541853745754e-17,8.176467531415718e-17,1.8809782744301487e-16,4.243150892109734e-16,9.392404426719036e-16,2.0414184165104243e-15,4.359379254094852e-15,9.15193546724122e-15,1.889921333930781e-14,3.841076442262957e-14,7.687167077149379e-14,1.5156531730793508e-13,2.945508581014038e-13,5.644764066322635e-13,1.0672008980603964e-12,1.9913310649119387e-12,3.6687003365162465e-12,6.6760568308743345e-12,1.2004046104457253e-11,2.133484975901115e-11,3.749334863281168e-11,6.517247561385034e-11,1.1208737708596482e-10,1.9079352136820245e-10,3.215229068569196e-10,5.365668019971612e-10,8.869863565068594e-10,1.452796221531972e-09,2.358285184091357e-09,3.7948717517500866e-09,6.054922442770639e-09,9.581394284908045e-09,1.504014403754e-08,2.3424463689850625e-08,3.620510167126684e-08,5.55440324331561e-08,8.459695697740607e-08,1.279384831419655e-07,1.9215582125148636e-07,2.8667249123760105e-07,4.248840440119676e-07,6.257144943950737e-07,9.157367108005972e-07,1.3320444699787074e-06,1.9261207936295323e-06,2.769019635076117e-06,3.95826974308323e-06,5.627025153332464e-06,7.95613173276931e-06,1.1189960102903907e-05,1.5657079936691163e-05,2.1797128368884155e-05,3.0195567083265896e-05,4.162844148612407e-05,5.7119766408760437e-05,7.801478369365965e-05,0.00010607308836331918,0.00014358652563097965,0.00019352784819969595,0.0002597374235832649,0.0003471568305647244,0.0004621200234048137,0.0006127149186000379,0.0008092308245509103,0.0010647101488538454,0.0013956263478021775,0.0018227142028257478,0.0023719833024211617,0.003075951168424833,0.003975138895155076,0.005119879582773725,0.006572498367525323,0.008409932619179092,0.010726872039912053,0.01363951112820406,0.01729002093399557,0.021851863442487615,0.02753609047041689,0.03459878988852316,0.043349865531289174,0.05416336358776568,0.0674895878667897,0.08386927939847268,0.10395017269225316,0.12850628196252842,0.1584603161170011,0.19490967166583273,0.23915650835085916,0.29274247364407086,0.35748870976385166,0.4355418509764971,0.5294268001737528,0.6421071625543292,0.7770543112119987,0.938326165097138,1.130656874727543,1.3595587357704795,1.6314377857902587,1.953724685674395,2.3350226451391003,2.785274321916602,3.315949807388759,3.9402580081855474,4.673383943206454,5.532754680058504,6.5383366333533255,7.712965448052009,9.082701431423422,10.677174717759723,12.52981290702722,14.677714014006382,17.160760460515753,20.019458022265532,23.291102851241405,27.004420453890464,31.17376669620575,35.794840811259306,40.84380590847991
0.003517587939698502,,,,,,,,,,,,,,,,,,,,,,,,,,,,,,,,,,,,,,,,,,,,,,,,,,1.0346533368680754e-26,5.626592408364618e-26,2.863220859275113e-25,1.3686328457869128e-24,6.167087636771969e-24,2.6282018701269495e-23,1.062535753733625e-22,4.08659001966017e-22,1.4991726716660868e-21,5.258683718147615e-21,1.7677750831634816e-20,5.707229017488622e-20,1.7731077309804482e-19,5.310849379905788e-19,1.5362720174722851e-18,4.298891671601782e-18,1.1654522132425717e-17,3.065540424665674e-17,7.833970559660007e-17,1.9474766859964068e-16,4.715189067121576e-16,1.113150178361778e-15,2.5650735786780394e-15,5.775308265116595e-15,1.2717263049286758e-14,2.741238194419727e-14,5.789021257130307e-14,1.1987258558908218e-13,2.4357001866097696e-13,4.859961318431322e-13,9.528984745757182e-13,1.8371732163709017e-12,3.485089912389229e-12,6.508723504751115e-12,1.1974041165402258e-11,2.1711119631018654e-11,3.8818854707111636e-11,6.84753667357865e-11,1.1922286145770862e-10,2.0497996557369153e-10,3.4815648131367397e-10,5.844199602880404e-10,9.699104267451265e-10,1.5920454573769275e-09,2.5855374348683124e-09,4.155903396218114e-09,6.613643826425883e-09,1.0423474492270228e-08,1.6274609246322855e-08,2.5180229953960717e-08,3.8617089497031654e-08,5.871985689245291e-08,8.854955234481123e-08,1.3246150502896738e-07,1.9660602357535082e-07,2.8960478934152073e-07,4.234583300576068e-07,6.147553550577248e-07,8.862738768570351e-07,1.2690876578484446e-06,1.8053204748450626e-06,2.551725989110477e-06,3.584313791021104e-06,5.004293759949632e-06,6.945672715677049e-06,9.584911095989174e-06,1.3153134931143474e-05,1.7951501763380165e-05,2.43704406625964e-05,3.291362863171842e-05,4.4227731230901474e-05,5.9139127178033076e-05,7.869905825697047e-05,0.00010423890059199346,0.00013743754499319193,0.00018040320666321526,0.00023577236235764034,0.00030682894062477396,0.00039764737277912636,0.0005132636537608415,0.000659879168195891,0.0008451027131785702,0.0010782369010940223,0.0013706159588862258,0.0017360028603508927,0.002191054741208968,0.0027558666588147753,0.003454604975364038,0.004316242971297948,0.005375412740194011,0.006673388983432872,0.008259222018246524,0.010191039140641851,0.012537535454908707,0.01537967738699551,0.01881264436519887,0.02294803655786128,0.027916379128361455,0.033869956194307944,0.04098601056758101,0.04947034840612546,0.05956139112847615,0.07153472033013675,0.08570816499536042,0.10244748402072669,0.12217270095537386,0.14536515191405477,0.17257531184758165,0.20443146868062342,0.24164931945147775,0.2850425671443527,0.3355346018232769,0.39417135458665103,0.46213541796386476,0.540761531584297,0.631553537272978,0.7362029131538582,0.8566090018623084,0.9949010535726182,1.1534622102165313,1.334955563003684,1.5423524211296713,1.778962935366978,2.0484692260613415,2.354961170885318,2.7029750135211317,3.0975349602374673,3.5441979370698062,4.049101686027231,4.61901638432923,5.261399976232216,5.984457412214475,6.797203993485237,7.709533009322443,8.732287773632747,9.877337813356508,11.157657803332755,12.587404844299272,14.181983388052409,15.958076243731401,17.933604592891577,20.12756210196699,22.55965353263745,25.249665584950677,28.21651831619727,31.47699939069047,35.04427195514778,38.92635307027279,43.12484377978389,47.634203929335634,52.44177418518705
0.004522613065326642,,,,,,,,,,,,,,,,,,,,,,,,,,,,,,,,,,,,,,,,,6.640264873438204e-27,4.750323495986491e-26,3.094344716201468e-25,1.8473999233420032e-24,1.0169059190131318e-23,5.188953116333265e-23,2.4666347749458844e-22,1.0972873545568593e-21,4.5869807596983014e-21,1.8087481231735966e-20,6.751421486041725e-20,2.3932072249844515e-19,8.08030029697467e-19,2.6057532826855473e-18,8.046472623377302e-18,2.3849073885132683e-17,6.799627843555313e-17,1.8686732891542793e-16,4.959547085458408e-16,1.273446996097315e-15,3.1686074111302106e-15,7.65201960404862e-15,1.796105550512157e-14,4.1032120395580056e-14,9.134900314888468e-14,1.9842157832607704e-13,4.209837654168546e-13,8.73353893863074e-13,1.7733475226504057e-12,3.527616766459945e-12,6.8807378790606724e-12,1.3170895018800705e-11,2.4760691950993e-11,4.575087199537538e-11,8.314374461216923e-11,1.4871050410088184e-10,2.619441217599464e-10,4.546628940434395e-10,7.780899972832085e-10,1.3135989804437629e-09,2.1888194984283032e-09,3.6014870442379538e-09,5.854352119070049e-09,9.405709450312726e-09,1.494175441048297e-08,2.3479128945116996e-08,3.6508812557877994e-08,5.619609999946885e-08,8.565596945593837e-08,1.2932889801503413e-07,1.9348937446099511e-07,2.8692828033093376e-07,4.2186128595522817e-07,6.151288101696905e-07,8.897693354122919e-07,1.277067416926264e-06,1.8192010853010377e-06,2.572641073556213e-06,3.612487008671666e-06,5.037964044438202e-06,6.979348073308181e-06,9.606639376169406e-06,1.314036412417908e-05,1.7864951341422154e-05,2.4145210602781762e-05,3.244652372859547e-05,4.335946290852499e-05,5.762965890651584e-05,7.619386712518175e-05,0.0001002233171838511,0.00013117558410507573,0.00017085638698836013,0.00022149290490543628,0.0002858204003519567,0.00036718415853015813,0.0004696589865405055,0.0005981887706482818,0.0007587488624916625,0.0009585343566218122,0.0012061776322087792,0.001511998861074052,0.0018882935322541382,0.0023496614097536696,0.002913381724559701,0.0035998398037611146,0.004433010758008345,0.005441006282660277,0.006656691076745707,0.00811837584615401,0.009870594331896021,0.011964972289411922,0.014461196839116263,0.017428095109967158,0.02094483160498423,0.02510223422833348,0.03000425942593607,0.0357696074031867,0.042533498892444094,0.050449625446808866,0.05969228573343731,0.07045872078660913,0.08297166165590829,0.0974821033454432,0.11427231938425139,0.13365913179290767,0.15599745161531892,0.18168410556464185,0.2111619646871576,0.24492439127430518,0.283520020550553,0.32755789392886875,0.3777129608595926,0.43473196649100787,0.4994397425240493,0.5727459187614916,0.6556520729353528,0.7492593364370225,0.8547764735739733,0.9735284519338916,1.106965521349972,1.2566728188327605,1.4243805166559806,1.611974530570117,1.821507804848982,2.05521219057091,2.315510933183138,2.605031785002661,2.9266207578678554,3.2833565306781165,3.678565526031381,4.115837669608901,4.5990428453632965,5.132348058897434,5.7202353207944965,6.367520260885399,7.079371483714491,7.861330674381321,8.719333461652854,9.659731036984418,10.689312499066375,11.815327803722969,13.045510964145151,14.388102624050697,15.851870126229134,17.446121537874102,19.180707684080975,21.06600319135769,23.11285423540639,25.33247780820858,27.73629584400786,30.33568867018315,33.141657229737184,36.16439333198813,39.41277196745566,42.8937981001185,46.61205894728426,50.56924639952849,54.763817270548806,59.19084768309327,63.84211243311634
0.005527638190954781,,,,,,,,,,,,,,,,,,,,,,,,,,,,,,,,,,,8.34887996470556e-27,7.676910559326124e-26,6.240418705397241e-25,4.529500552488998e-24,2.96196358685674e-23,1.7590860841153993e-22,9.556725280683008e-22,4.780533640336423e-21,2.2148788474613263e-20,9.555484393250707e-20,3.8574137512774503e-19,1.4635395860768642e-18,5.240033985347805e-18,1.7770197719214217e-17,5.727329374231268e-17,1.7598139560229347e-16,5.169883674767601e-16,1.4559326802505395e-15,3.940099434207792e-15,1.0269690981945461e-14,2.5834395446580986e-14,6.28449621960677e-14,1.4809975632663094e-13,3.386691412290382e-13,7.52679292965572e-13,1.6281230083600649e-12,3.4323788532991756e-12,7.061277628668784e-12,1.4192708716292197e-11,2.7901173310030147e-11,5.370391936714506e-11,1.0130694883303178e-10,1.8746490062032516e-10,3.405823730869124e-10,6.079919555964578e-10,1.0672804448788981e-09,1.8436435782491617e-09,3.136086973928641e-09,5.25642642084699e-09,8.686559660978746e-09,1.4161487816901436e-08,2.2788181192690476e-08,3.6213756924390644e-08,5.686073425944217e-08,8.825255166093474e-08,1.3545928917638888e-07,2.0570188691631265e-07,3.0916335987635247e-07,4.600678802031936e-07,6.78103453977556e-07,9.902816061089511e-07,1.4333483681444911e-06,2.0568853186186365e-06,2.9272678430627387e-06,4.1326805547180415e-06,5.789427339811327e-06,8.0498161475462e-06,1.1111946804273452e-05,1.5231784141139618e-05,2.0737958902272694e-05,2.8049805526662458e-05,3.7699219206802584e-05,5.0356994804618006e-05,6.686439737544521e-05,8.827080827445948e-05,0.00011587839208756572,0.00015129483785619762,0.00019649534309113654,0.00025389513065014155,0.0003264339163636855,0.0004176738789228767,0.0005319128225039092,0.0006743143663223243,0.0008510571431386615,0.0010695051399562496,0.0013384014679639275,0.0016680880043319188,0.002070753504864833,0.002560712942771972,0.0031547209839591097,0.00387232266222896,0.004736244467545079,0.005772829206010743,0.007012518130354563,0.008490383973429222,0.010246718643486497,0.012327679457719924,0.014785997898825473,0.01768175497707909,0.02108322736686497,0.025067808560759568,0.02972300934543136,0.03514754195104603,0.041452492259937114,0.04876258447032372,0.05721754264140968,0.06697355347732792,0.07820483474743396,0.09110531363909657,0.10589041930473621,0.12279899377775332,0.142095325337558,0.1640713082926131,0.18904873302124284,0.21738170996717593,0.2494592311259011,0.28570787238573947,0.32659463989456156,0.3726299634244649,0.42437083948655396,0.48242412672133966,0.5474499958484037,0.6201655362073631,0.7013485206601623,0.7918413303537231,0.8925550405617511,1.0044736685380808,1.128658584020071,1.2662530827219514,1.4184871228538138,1.5866822243966618,1.7722565305523008,1.9767300304777853,2.201729942102468,2.4489962535105696,2.7203874210755736,3.017886222200718,3.3436057602455254,3.69979561889412,4.088848162937648,4.513304982152888,4.975863474663832,5.479383565921782,6.026894559144986,6.62160211280139,7.266895340501402,7.966354028365463,8.723755964713686,9.543084376391633,10.428535465960628,11.38452603762793,12.41570119666165,13.52694207365043,14.723373472099917,16.010371212844625,17.393568727890663,18.878862095136267,20.47241217757593,22.180641835085943,24.01022535332978,25.968066369710336,28.061259804345077,30.297032799651305,32.6826596379916,35.22534625818755,37.932081525814006,40.80945496340671,43.863444221273355,47.099179966093686,50.520700615046124,54.13071369649449,57.93038363077562,61.91916645201079,66.09470977771295,70.45283108086676,74.9875796536226
0.006532663316582921,,,,,,,,,,,,,,,,,,,,,,,,,,,,,,,2.995422663878099e-26,3.3091401145720895e-25,3.1460718433446513e-24,2.6094329800223932e-23,1.911075840341043e-22,1.249097827758473e-21,7.355623811939302e-21,3.9356792679740686e-20,1.9278934863005372e-19,8.704794232068918e-19,3.645022465492464e-18,1.4233224178360683e-17,5.2087653676576626e-17,1.7945690910159218e-16,5.844753989602751e-16,1.806262679247991e-15,5.314844902888903e-15,1.493671825984763e-14,4.020881353774631e-14,1.0395218211716802e-13,2.5872921338964426e-13,6.213373333890577e-13,1.4426982598119737e-12,3.2450244960721805e-12,7.083075011446243e-12,1.502789975870882e-11,3.103900007000027e-11,6.249772255428424e-11,1.2283988579611814e-10,2.359751680257473e-10,4.4354971784654304e-10,8.166429405441606e-10,1.4742489589304096e-09,2.611953038318654e-09,4.545666496886071e-09,7.777243685870786e-09,1.309140700700578e-08,2.1696809708087196e-08,3.542845492856874e-08,5.7034271423845265e-08,9.057565392184842e-08,1.4198046401613584e-07,2.1979763069029956e-07,3.3621537918205453e-07,5.08420555879234e-07,7.603948144249504e-07,1.125264893075888e-06,1.6483491470459342e-06,2.3910711883307523e-06,3.4359441923010395e-06,4.892866386545826e-06,6.90700963467309e-06,9.668629009990235e-06,1.3425171910259351e-05,1.8496120622295085e-05,2.529106226660776e-05,3.433154461671249e-05,4.627734523483503e-05,6.195785438866197e-05,8.240934901959617e-05,0.00010891901519320821,0.00014307665942863147,0.0001868351346558053,0.00024258059348973294,0.00031321376950372475,0.0004022435754191715,0.000513894394857367,0.0006532285307158041,0.0008262853575029866,0.0010402388062522425,0.0013035748880902921,0.00162629103533478,0.0020201191062830365,0.002498773960910659,0.00307822956866853,0.003777024655848684,0.004616599937835133,0.005621669010450743,0.006820624993946706,0.008245985032585144,0.009934874751788107,0.01192955476321044,0.014277991285612853,0.01703447291591425,0.02026027554026828,0.024024377319430665,0.02840422561623523,0.033486557655766025,0.03936827662122653,0.04615738479069584,0.053973975212563106,0.06295128330076026,0.07323679960538107,0.08499344488111517,0.09840080843435943,0.11365645058277066,0.1309772699062867,0.15060093580990522,0.17278738675417804,0.19782039434145815,0.22600919327525257,0.25769017703634817,0.2932286589443475,0.3330206980986827,0.37749498951579225,0.4271148176057749,0.48238007195734334,0.5438293242291101,0.6120419647768791,0.6876403974800169,0.7712922910725154,0.8637128851238748,0.9656673486668691,1.0779731893226439,1.201502710636259,1.3371855151965297,1.48601105100097,1.6490311983956751,1.8273628948132152,2.022190794434024,2.2347699597946735,2.466428582280317,2.7185707283718186,2.992679108422968,3.2903178647140257,3.6131353754475706,3.9628670713236906,4.341338261290391,4.75046696403733,5.192266741783906,5.668849532899498,6.182428479891828,6.735320749303274,7.329950340066648,7.9688508768965916,8.654668385307026,9.390164044890753,10.178216917507989,11.021826646971574,11.924116126577633,12.888334129662494,13.917857895419376,15.016195654296263,16.186989060457442,17.43401546329458,18.761189895123557,20.172566543623454,21.67233934694517,23.264841142786775,24.954540565072396,26.746035602704065,28.644042449488673,30.65337801433654,32.77893427115098,35.02564255562263,37.39842601184765,39.90213870231444,42.541490458726656,45.32095739142275,48.24467908536003,51.31634484738933,54.53907283811942,57.915287374221386,61.4466009286549,65.13370816841454,68.97629954589985,72.97300135799503,77.12134776805154,81.41778815070899,85.8577305006842
0.00753768844221106,,,,,,,,,,,,,,,,,,,,,,,,,,,7.517313887699087e-27,1.1854311327961602e-25,1.5350829765373119e-24,1.6660195930016443e-23,1.5423814863520973e-22,1.2369379359437809e-21,8.709520750068728e-21,5.448388921283589e-20,3.059865284039244e-19,1.557082772658453e-18,7.238773965674686e-18,3.0970283407547314e-17,1.2274394335411723e-16,4.53299752556762e-16,1.568200622280396e-15,5.106511231819442e-15,1.571924185010126e-14,4.592264907496345e-14,1.2777881169510743e-13,3.397333862587525e-13,8.656718391105402e-13,2.1197400455520972e-12,5.000420546049675e-12,1.1389829841428198e-11,2.510310905499472e-11,5.3638739449908845e-11,1.1131325452199785e-10,2.2472446543455203e-10,4.4203199221310523e-10,8.483465368912265e-10,1.5906750386438413e-09,2.9174969223347043e-09,5.240293243942344e-09,9.227390578050077e-09,1.5944519650172068e-08,2.7061759137177542e-08,4.515329968012441e-08,7.412500848738739e-08,1.198154070037458e-07,1.9082871233971612e-07,2.996743616191685e-07,4.6430625716804354e-07,7.10177144587857e-07,1.0729493444256707e-06,1.6020327430561485e-06,2.3651547023862157e-06,3.454204504314003e-06,4.992637167252859e-06,7.1447679475399865e-06,1.0127339458940464e-05,1.4223797936231608e-05,1.980177343174758e-05,2.7334320308785185e-05,3.7425538806853716e-05,5.0841265156297e-05,6.854558606058529e-05,9.174400269071287e-05,0.00012193413879213889,0.00016096495636958236,0.0002111055098071501,0.00027512433420924515,0.000356380625601677,0.00045892842818086896,0.0005876350964809481,0.0007483153471442532,0.0009478822552150536,0.0011945165827797085,0.001497855852837341,0.001869204597287379,0.0023217672160847063,0.002870904881552967,0.003534417910925237,0.004332855007388589,0.005289850740576493,0.006432492590989086,0.00779171883698111,0.00940274849609393,0.011305544466482595,0.013545310928322504,0.016173025982998468,0.019246010405954684,0.02282853328741698,0.026992455223275477,0.031817909601377155,0.03739402240561643,0.043819670832921445,0.05120428088708052,0.05966866397897183,0.06934589242644962,0.08038221360909192,0.0929380023945911,0.1071887513153822,0.12332609374217547,0.14155888792048166,0.16211427496123088,0.18523885303003595,0.21119982324878567,0.24028619198512297,0.27280999944642353,0.30910757713790277,0.34954083254471885,0.39449855929772015,0.4443977709914832,0.4996850567395254,0.5608379564312469,0.6283663537416603,0.7028138845597456,0.7847593588489254,0.874818193581156,0.9736438545073165,1.081929304447729,1.2004084557649475,1.3298576246704625,1.471096984992457,1.6249920190465938,1.792454963241643,1.9744462460699228,2.1719759161490955,2.38610505800173,2.6179471932998433,2.868669665320987,3.1394950044246874,3.4317022723811035,3.746628383460818,4.085669400229032,4.450281802061331,4.841983724454024,5.262356167281906,5.713044170211532,6.1957579535644856,6.712274022996802,7.264436236441108,7.854156831836806,8.483417414257294,9.154269901129037,9.86883742431698,10.629315187938086,11.437971280839237,12.29714744272713,13.209259782862839,14.176799449966445,15.202333250908415,16.288504213344755,17.43803208202209,18.65371372805883,19.938423431719368,21.2951129690506,22.726811387006048,24.236624288352488,25.827732365612732,27.50338882472775,29.26691522948156,31.121695185223516,33.07116517702395,35.11880179637136,37.268104546246,39.52257342265647,41.885680543644796,44.36083524847879,46.95134232636962,49.660353361495815,52.49081159322729,55.445391176174475,58.52643225753484,61.73587383233646,65.07518684139063,68.54531038305448,72.14659415907573,75.87875031187225,79.74081759862013,83.7311403745812,87.84736414580044,92.08644855250562,96.44469764368012
0.0085427135678392,,,,,,,,,,,,,,,,,,,,,,,,3.1993910256419025e-27,7.065798970981201e-26,1.2182255833795427e-24,1.68722755279999e-23,1.9233930870823108e-22,1.8427651320085896e-21,1.5107375689665463e-20,1.0764490274432114e-19,6.757378859079521e-19,3.781825778513638e-18,1.9067602303459957e-17,8.741008857678517e-17,3.6731649951527437e-16,1.4252189824816488e-15,5.139176191860229e-15,1.7321639680042618e-14,5.485587993672279e-14,1.6399313275712445e-13,4.647592239239567e-13,1.253393401605037e-12,3.2278014982816374e-12,7.962558276404454e-12,1.886990555280603e-11,4.307197449991977e-11,9.492218043736733e-11,2.0241456454914153e-10,4.184970303685851e-10,8.404753443914517e-10,1.6424107799429716e-09,3.1278646324136904e-09,5.813757306106304e-09,1.056075932511389e-08,1.877182717087676e-08,3.268858435759273e-08,5.582560180426167e-08,9.359564351960217e-08,1.5419501120591223e-07,2.4983763193484395e-07,3.984498470110763e-07,6.259652932342252e-07,9.69391072934992e-07,1.4808527592156098e-06,2.2328667546857347e-06,3.3251340832527773e-06,4.8931996931573496e-06,7.119375506874719e-06,1.0246383362022125e-05,1.4594235111332737e-05,2.0580930831092797e-05,2.8747621555163273e-05,3.978894933529375e-05,5.4589343773631464e-05,7.426611946125007e-05,0.0001002202819251434,0.00013419600965055068,0.00017834983542311294,0.0002353306005657572,0.000308371299613933,0.0004013939696304636,0.0005191288068413888,0.0006672487128143711,0.0008525204823443018,0.001082973845041419,0.0013680895619216096,0.0017190077568476206,0.002148757630328145,0.0026725096599717656,0.003307851338001506,0.004075087431912827,0.00499756568007572,0.006102028750294574,0.007418993196789652,0.00898315605033082,0.0108338295683505,0.013015404557370876,0.015577842560274315,0.0185771970765181,0.0220761638553801,0.026144660171867083,0.03086043286299487,0.03630969476933355,0.04258778909491015,0.049799881067568774,0.058061676153561254,0.06750016395472332,0.07825438679521678,0.09047623188835448,0.10433124586195161,0.11999947031622211,0.13767629698860653,0.15757334100839954,0.17991933063924348,0.2049610118314362,0.2329640658360867,0.26421403807396776,0.2990172763981246,0.3377018768469782,0.3806186349476681,0.428142000603368,0.4806710345787285,0.5386303645872468,0.6024711389814472,0.6726719760507313,0.749739906945845,0.8342113102669214,0.9266528363765508,1.0276623195381078,1.1378696760093496,1.2579377862743273,1.3885633596393372,1.5304777794797146,1.684447927477657,1.8512769852575734,2.0318052118927774,2.2269106958279123,2.437510079824228,2.664559257636293,2.9090540411702683,3.1720307969872654,3.4545670510694793,3.7577820608682115,4.082837353722633,4.43093723082412,4.803329235983717,5.201304588547879,5.626198579876813,6.079390932901162,6.562306124310939,7.076413669086846,7.623228367058523,8.204310511543934,8.821266058565254,9.475746760690333,10.16945025875529,10.904120138317035,11.681545946950921,12.50356317397807,13.372053192648295,14.288943165107785,15.256205910295455,16.2758597346491,17.349968224688407,18.480639998733416,19.670028411635993,20.920331200078895,22.233790045825373,23.612690018420952,25.05935883639549,26.57616585570208,28.1655206560547,29.829871051423154,31.57170030144345,33.3935232503735,35.29788107312296,37.28733426907674,39.364453519660934,41.53180801905694,43.7919509060308,46.147401470316794,48.600623884903136,51.15400232595381,53.80981248642659,56.57018966471736,59.437093811494506,62.412272137703326,65.49722011382175,68.69314190819343,72.00091150485316,75.42103588766496,78.95362175981768,82.59834726902977,86.35444011838119,90.22066325682319,94.19530906804003,98.27620262668667,102.4607141909749,106.74578068149405
0.00954773869346734,,,,,,,,,,,,,,,,,,,,,,6.277325622511627e-27,1.716563159253927e-25,3.5204516544069585e-24,5.613177365859435e-23,7.17150516560613e-22,7.531891483733718e-21,6.645786801617572e-20,5.019296757198e-19,3.297470847247e-18,1.9108056490829025e-17,9.88607653532222e-17,4.61549680174289e-16,1.96270802784259e-15,7.665037463418757e-15,2.7692604483771473e-14,9.31583277428555e-14,2.934950363259535e-13,8.704610839221486e-13,2.4416601207712766e-12,6.504655011926942e-12,1.6519820449532245e-11,4.013387460218866e-11,9.35591689002467e-11,2.0987159082731086e-10,4.541787926998738e-10,9.504361645197386e-10,1.9274024733224133e-09,3.795142989150557e-09,7.268979379009062e-09,1.3565284875565638e-08,2.4703511743206544e-08,4.396183256662998e-08,7.655030980368661e-08,1.3058610345028052e-07,2.1848037264942493e-07,3.588766459969772e-07,5.793158536365418e-07,9.198441338835236e-07,1.4378259996785935e-06,2.2142773570138774e-06,3.362089902609714e-06,5.036580096444683e-06,7.448861513159722e-06,1.0882608052393418e-05,1.5714846186345497e-05,2.244148595284323e-05,3.170837145427749e-05,4.434870080086409e-05,6.142773129543069e-05,8.429574673685762e-05,0.00011465031858796017,0.00015460894003867183,0.0002067931504225341,0.00027442529586539427,0.00036143908946700246,0.00047260513992630174,0.0006136726106325309,0.0007915281517585226,0.0010143732146091916,0.0012919208124178459,0.0016356127322621956,0.0020588581321406723,0.002577294373948441,0.0032090708489683492,0.0039751564480847625,0.004899671215285161,0.006010242601851409,0.007338386608592416,0.008919913972753421,0.010795361414033353,0.013010447816441274,0.015616555078545606,0.01867123322262315,0.02223872921153842,0.02639053878304089,0.031205980475730918,0.03677279088960423,0.04318774009912479,0.050557266017613234,0.05899812640043964,0.06863806707097167,0.07961650485848179,0.09208522365150405,0.10620908189409214,0.12216672978585523,0.14015133439092178,0.16037131081382455,0.18305105756511716,0.20843169421287122,0.23677179940009754,0.26834814730172557,0.3034564405970442,0.34241203804618286,0.38555067477852156,0.4332291734305074,0.48582614430584825,0.5437426727752889,0.6074029921831504,0.6772551405833994,0.7537715996919253,0.8374499145076306,0.9288132921239451,1.0284111783356873,1.1368198107144898,1.2546427469032209,1.3825113670732978,1.521085349171082,1.6710531164828037,1.8331322561126258,2.0080699078773216,2.196643122799562,2.3996591905867786,2.617955935560541,2.852401980576618,3.103896978579797,3.373371811505296,3.6617887563189306,3.970141618096175,4.299455830073898,4.6507885207230855,5.025228547881163,5.423896500526198,5.847944667218598,6.298556973536423,6.776948886849012,7.284367290060762,7.822090324400224,8.391427201833954,8.993717987686829,9.630333354078585,10.302674304844976,11.012171872631429,11.760286788896355,12.548509127603596,13.378357923345705,14.251380764772184,15.169153364093516,16.13327910346274,17.145388558927657,18.207139002350246,19.32021388111974,20.48632227428295,21.707198321567347,22.98460061808407,24.32031156183694,25.71613663251592,27.17390356832448,28.695461392290245,30.28267922019454,31.93744476032956,33.66166239089242,35.457250675872174,37.32613915660821,39.27026423569467,41.29156395559403,43.39197146713796,45.57340698662547,47.837768055094706,50.18691794126697,52.62267207171771,55.14678242794739,57.76091992010012,60.466654829618314,63.265435506888686,66.15856560978932,69.14718027409985,72.23222170784102,75.41441479567494,78.69424337787227,82.07192792480367,85.54740535515312,89.12031174007213,92.78996859033929,96.55537334115704,100.41519452911264,104.36777200471802,108.41112234863243,112.54294947290839,116.76066019811557
0.010552763819095479,,,,,,,,,,,,,,,,,,,,3.268465875541131e-27,1.244278503729119e-25,3.349349117388091e-24,6.683429105665769e-23,1.027995964288099e-21,1.2591210033388371e-20,1.262110682066154e-19,1.0595589171252911e-18,7.598122395855739e-18,4.733414300764019e-17,2.599272663007328e-16,1.2741405531784418e-15,5.6369363152881365e-15,2.2725047839021683e-14,8.419219588195084e-14,2.8878988871477765e-13,9.23215269104887e-13,2.766839191471884e-12,7.814448285109847e-12,2.0896828917330337e-11,5.313194082511922e-11,1.2893392652087718e-10,2.996385501939043e-10,6.689422379518205e-10,1.4386551889530273e-09,2.9881891357538314e-09,6.008284637332824e-09,1.1719365914501325e-08,2.2218296996083203e-08,4.101494597550427e-08,7.384259206389524e-08,1.2985453782775377e-07,2.2335392839348072e-07,3.7624519736468886e-07,6.214440280269281e-07,1.0075382723027702e-06,1.6050546708828677e-06,2.5147549338860858e-06,3.878458938047639e-06,5.89297134419957e-06,8.827769434104454e-06,1.3047192765836609e-05,1.9037957516520324e-05,2.744289814787423e-05,3.910191424607647e-05,5.5101168994424696e-05,7.683164573233091e-05,0.00010605821854981397,0.000145000430151462,0.0001964261938074204,0.0002637596448706213,0.00035120436014667256,0.000463883139756772,0.0006079955056872336,0.0007909940142837464,0.00102178040618866,0.001310922528519768,0.0016708928599385843,0.0021163293520603953,0.0026643191711351612,0.0033347057839239955,0.004150419682878596,0.0051378328899257435,0.006327137217293733,0.0077527460996833775,0.009453719646807295,0.01147421240046437,0.013863943117970208,0.016678685745314933,0.019980780590791277,0.02383966456407476,0.028332419208504083,0.033544335126462266,0.03956949128093178,0.046511347546609634,0.054483348802455804,0.06360953875070934,0.0740251816097626,0.08587738974732564,0.09932575528934699,0.11454298370677453,0.13171552736465827,0.15104421701284318,0.17274488920425682,0.19704900764428457,0.22420427650386893,0.2544752437671215,0.2881438927338352,0.32551021985237233,0.36689279712522166,0.41262931740081005,0.4630771209439631,0.51861370176097,0.5796371922463539,0.64656682480878,0.7198433692323876,0.7999295446280689,0.8873104049300051,0.9824936969961833,1.0860101904733686,1.1984139786906944,1.320282749950705,1.4522180286817152,1.5948453860247873,1.7488146195202607,1.9147999016542747,2.0934998971260215,2.2856378487757203,2.491961632216228,2.713243779273539,2.9502814704432065,3.2038964966331647,3.4749351905377153,3.7642683280574616,4.072791000247355,4.4014224563250055,4.751105918338454,5.1228083681406975,5.51752030735994,5.9362554911090495,6.380050636203515,6.84996510471017,7.347080563661661,7.872500621813545,8.427350444338355,9.012776346373146,9.629945366355678,10.28004482009601,10.964281836538982,11.68388287618985,12.440093233174574,13.234176521887143,14.067414149235763,14.941104773416576,15.856563750192315,16.81512256760694,17.818128270034066,18.866942872301117,19.96294276453772,21.10751810781958,22.302072220042465,23.54802095005041,24.846792035929315,26.199824440084345,27.60856764887596,29.074480918388083,30.599032439272253,32.18369838366852,33.82996178529993,35.53931119089957,37.31323900774056,39.153239458895165,41.06080604663471,43.03742841498911,45.0845884973689,47.20375583437696,49.39638195129363,51.663893695791,54.0076854533698,56.42911018204719,58.92946923832694,61.510001003190695,64.17186835949124,66.91614511869834,69.74380154562685,72.65568918113344,75.65252521402827,78.7348767013699,81.90314497859632,85.15755063450533,88.49811944867822,91.9246696972957,95.43680122643899,99.03388666793619,102.71506513184269,106.47923865250918,110.32507159337366,114.25099313384636,118.25520287073564,122.3356794750477,126.49019225403507
0.011557788944723618,,,,,,,,,,,,,,,,,,,2.679681155788275e-26,1.0753841466300716e-24,2.9832942196382407e-23,6.030972624062165e-22,9.276399016616824e-21,1.1250058584405758e-19,1.1081933335816803e-18,9.090743888185522e-18,6.342739265036888e-17,3.8323015105202065e-16,2.036309134826102e-15,9.64275790208963e-15,4.11656502581036e-14,1.6003022113162954e-13,5.714981667989918e-13,1.8893998201177126e-12,5.822175706708679e-12,1.6823545262340474e-11,4.582979814495549e-11,1.1826395511758432e-10,2.9032751591091695e-10,6.806473555157458e-10,1.5291652726997025e-09,3.3024692036407588e-09,6.875433120076661e-09,1.3834045334893694e-08,2.6964731111146916e-08,5.1022403018987644e-08,9.390393149449173e-08,1.6839660375616446e-07,2.9472308193268395e-07,5.041657110431415e-07,8.441237014669045e-07,1.3850362093822419e-06,2.229691677410631e-06,3.525537514143829e-06,5.480702372298978e-06,8.384543620144193e-06,1.263363245731518e-05,1.8764185645287004e-05,2.7492043025836746e-05,3.976137090237543e-05,5.680334008013809e-05,8.020608123478963e-05,0.00011199725694772994,0.000154740607240465,0.00021164782224261384,0.0002867070707166335,0.0003848294660317236,0.0005120146818536111,0.0006755368388320321,0.0008841516717818725,0.0011483258564425863,0.001480489225719041,0.0018953104429820405,0.0024099965227767674,0.003044616403228133,0.00382244858028823,0.004770352615244732,0.005919164126229388,0.00730411267453994,0.008965261760018009,0.010947969948944637,0.013303371975204084,0.01608887848274416,0.01936869291665102,0.023214343922630477,0.027705231482006137,0.03292918489220623,0.038983030602103806,0.04597316782769196,0.05401614980709714,0.06323926850444668,0.0737811405397297,0.08579229210617517,0.09943574063684268,0.11488757099826587,0.13233750401930028,0.1519894552075598,0.174062081563089,0.19878931446731538,0.22642087670497094,0.25722278176484126,0.29147781366387776,0.32948598564100096,0.37156497618011275,0.418050540935186,0.46929689925648715,0.525677094093076,0.5875833243283562,0.655427248418547,0.7296402587168027,0.8106737256809292,0.8989992114402976,0.9951086522745989,1.099514509680077,1.2127498898138533,1.3353686312224016,1.4679453608576898,1.6110755184987686,1.765375349788961,1.9314818681862684,2.1100527862262344,2.3017664165615557,2.50732154333971,2.727437264525709,2.962852805869004,3.214327307257392,3.482639582258358,3.76858785170091,4.072989452196145,4.396680520523333,4.740515654857478,5.10536755383002,5.492126634447804,5.901700629908151,6.335014168366602,6.793008333727494,7.276640209530789,7.78688240701152,8.324722578420955,8.891162916658978,9.487219642330988,10.113922479241737,10.772314119422461,11.463449678662455,12.188396143663939,12.948231811691095,13.744045723821557,14.576937092667945,15.448014725546653,16.358396443991012,17.309208500491856,18.301584993301294,19.33666728009443,20.415603391169377,21.539547442734396,22.709659050522998,23.927102743483843,25.19304737650169,26.508665539815624,27.875132960788346,29.293627891205226,30.765330469325953,32.291422041443795,33.87308442189841,35.51149906385424,37.20784610587583,38.9633032514109,40.77904443116963,42.65623819082637,44.5960457412283,46.59961860383234,48.66809578285867,50.802600396050266,53.00423570045785,55.27408045681796,57.61318358696933,60.02255809374703,62.50317422458325,65.0559519006896,67.68175241707287,70.38136949376768,73.15551974581626,76.00483268691671,78.92984040323518,81.9309670605455,85.00851843116953,88.16267164735103,91.39346540183925,94.700790826222,98.0843832788142,101.54381526853675,105.07849072735574,108.6876408221556,112.37032146713163,116.12541266235324,119.95161974279432,123.84747656624369,127.81135065909902,131.84145021410737,135.93583288428755
0.012562814070351758,,,,,,,,,,,,,,,,,,1.0570738682434886e-25,4.7082616337051404e-24,1.4062503876554824e-22,2.990504880184506e-21,4.753138665031725e-20,5.875071863704653e-19,5.835613456548649e-18,4.787076925629657e-17,3.3184523396781384e-16,1.982069259580492e-15,1.0370674715459674e-14,4.8212575114810766e-14,2.0159941980868795e-13,7.66295539048969e-13,2.6723292217748803e-12,8.619414579861451e-12,2.589655987882883e-11,7.292939301064705e-11,1.9358345424756702e-10,4.867211568669953e-10,1.1642555661480639e-09,2.6599976817146423e-09,5.825222312822728e-09,1.2266543076056977e-08,2.4908971173812467e-08,4.8903525922817074e-08,9.304592865167758e-08,1.719319236041893e-07,3.091463703848175e-07,5.418676064203205e-07,9.273651640570382e-07,1.5519764744487461e-06,2.5432646611295896e-06,4.086182155039381e-06,6.444190242708847e-06,9.986408876660572e-06,1.522198987649709e-05,2.2843015622575395e-05,3.377732012854579e-05,4.925270584873229e-05,7.087408402273704e-05,0.00010071509564260283,0.00014142577179937128,0.000196357764555833,0.0002697086217544294,0.00036668649130067215,0.0004936965232690298,0.0006585500932389617,0.0008706977998418639,0.0011414869964409943,0.0014844444045118564,0.0019155841283381861,0.0024537411510495272,0.003120930144852145,0.003942729177690876,0.00494868764848168,0.0061727575373854045,0.007653746819899494,0.009435793667156028,0.011568859842622526,0.01410924151006724,0.017120095491003177,0.02067197885413012,0.02484339958507369,0.02972137597366553,0.0354020022678814,0.04199101807912443,0.04960437898180241,0.05836882573178692,0.06842244953079259,0.079915250788116,0.09300968887422183,0.10788122042261314,0.1247188238144326,0.14372550757462424,0.16511880051405156,0.18913122157267534,0.21601072744604313,0.24602113621609115,0.2794425253508317,0.3165716025870101,0.3577220483634521,0.4032248286279484,0.453428476997076,0.5086993454049484,0.5694218225313198,0.6359985194522539,0.7088504221048186,0.7884170103034572,0.8751563431837833,0.9695451110852766,1.072078654012332,1.1832709469324045,1.3036545522908556,1.4337805402202648,1.5742183770327969,1.7255557826682897,1.8883985578607445,2.0633703818625433,2.2511125816358413,2.4522838734819254,2.6675600781409505,2.8976338104294994,3.143214144547606,3.405026256195553,3.6838110426911648,3.9803247222898377,4.295338413929211,4.6296376986328935,4.984022163813105,5.359304931713278,5.756312173231685,6.175882608347548,6.618866994397209,7.086127603359642,7.578537689392382,8.096980947741944,8.642350966197187,9.215550670193977,9.817491762660179,10.449094159664208,11.111285422888653,11.805000189931405,12.53117960339481,13.290770739663643,14.084726038309695,14.914002732928667,15.779562284236613,16.68236981624206,17.623393556157403,18.603604278823227,19.623974756256136,20.685479212931405,21.789092787319948,22.935791000089246,24.126549229720258,25.362342191525713,26.64414343126189,27.972924812312378,29.349656013508675,30.775304021863896,32.2508326177856,33.77720184331812,35.35536744111494,36.986280247903835,38.67088552201412,40.410122179577634,42.204921909753566,44.05620813462798,45.96489477562991,47.93188478552885,49.95806840302477,52.04432108683761,54.19150108743228,56.40044661770048,58.67197258897834,61.0068668858117,63.40588616153433,65.86975114776712,68.39914148257331,70.9946900759166,73.65697704573,76.38652327255448,79.1837836371422,82.04914002007658,84.9828941576558,87.98526046136305,91.05635892077302,94.19620821830839,97.40471919169224,100.68168878294028,104.02679461260466,107.43959031372788,110.91950175181206,114.4658242445025,118.07772088072163,121.75422200754102,125.4942259698845,129.2965010863355,133.15968891494776,137.08230875827437,141.06276337124777,145.09934579758826
0.013567839195979911,,,,,,,,,,,,,,,,,2.2011552014343475e-25,1.1484287393722111e-23,3.8612621234335177e-22,8.967205544655422e-21,1.5205201525133615e-19,1.9690090272045966e-18,2.0201754781891283e-17,1.6927980301079784e-16,1.1881917264162214e-15,7.136173373246659e-15,3.733821732437999e-14,1.7282461722914093e-13,7.17010211338805e-13,2.6966831625056493e-12,9.284977751794606e-12,2.9518196194617424e-11,8.729803199848794e-11,2.417568623458562e-10,6.305668664408925e-10,1.5570118606375004e-09,3.6563163380485576e-09,8.198888214705531e-09,1.762007217327227e-08,3.6410093975755254e-08,7.255631387985634e-08,1.398044960886262e-07,2.610976567711377e-07,4.736603703637977e-07,8.36322282828177e-07,1.4398148839179083e-06,2.4209269949055446e-06,3.981562474170262e-06,6.413902926083383e-06,1.013303262573111e-05,1.5718525970880037e-05,2.396662302835148e-05,3.595471993499524e-05,5.311997243451166e-05,7.735384795417032e-05,0.00011111446072311409,0.00015755848311300048,0.0002206943436439189,0.00030555829807800015,0.0004184147965514474,0.0005669823692164136,0.000760686019424683,0.0010109368515885267,0.0013314393758712077,0.0017385266295402316,0.002251522941186264,0.0028931338451702177,0.0036898623355269395,0.004672450336915376,0.005876343970222136,0.007342180907024274,0.009116297844387743,0.011251255893020751,0.013806381460534325,0.016848320029610498,0.020451600079919464,0.02469920428339643,0.029683145015486214,0.03550504116975801,0.04227669323931392,0.050120653634303305,0.059170789239332916,0.06957283327545274,0.08148492361692607,0.09507812482065885,0.11053693125376865,0.12805974884953353,0.14785935318164362,0.17016332171936033,0.19521443830706378,0.22327106810252573,0.25460750140221206,0.28951426498051847,0.32829839976506325,0.371283703900189,0.41881094033716065,0.47123800850322045,0.5289400795109034,0.5923096947759612,0.6617568279695091,0.737708910432301,0.820610820329624,0.9109248359735564,1.0091305538770043,1.1157247722318415,1.2312213406190637,1.3561509768727202,1.491061052101588,1.6365153449798269,1.7930937664710045,1.9613920562388893,2.142021452038015,2.3356083334303097,2.542793841225572,2.764233474044592,3.00059666346027,3.252566329243405,3.520838415627845,3.8061214116973514,4.109135854631309,4.430613819970199,4.771298398713611,5.131943163198769,5.513311623071882,5.916176672709046,6.341320031416531,6.789531677699279,7.261609278937143,7.7583576170836155,8.280588013356704,8.829117750047988,9.404769493540995,10.008370717760917,10.640753129660743,11.302752097584973,11.995206083417694,12.718956079368908,13.474845050158688,14.263717381411883,15.086418334918282,15.943793511441756,16.836688321686538,17.765947465989782,18.73241442326483,19.73693094967538,20.780336587475382,21.863468184397327,22.987159423898422,24.152240366541424,25.359537002498186,26.609870815241,27.904058355929138,29.242910827551558,30.627233677469313,32.05782619572291,33.53548111542785,35.06098420987329,36.63511387893441,38.25864071509942,39.93232703661309,41.6569263725084,43.433182881207756,45.26183068144143,47.14359307185758,49.07918161301354,51.0692950444333,53.114618008259576,55.215819551398766,57.373551379253776,59.58844583649537,61.86111359388234,64.19214102449467,66.5820872590592,69.03148091588278,71.54081650928774,74.11055054788864,76.74109734383701,79.4328245622113,82.18604854982813,85.00102949152806,87.87796645071316,90.81699235938778,93.81816902976061,96.88148226589279,100.00683715835801,103.19405364794781,106.44286244557176,109.75290139467661,113.12371235958081,116.55473871769036,120.04532352705193,123.59470843041319,127.20203334672732,130.86633698762878,134.58655822338966,138.36153830596047,142.1900239438818,146.07067120584315,150.00205021579777,153.98265058759856
0.01457286432160805,,,,,,,,,,,,,,,,2.5433610967594804e-25,1.650507339067716e-23,6.555801351198207e-22,1.7296830093268392e-20,3.2336457389984403e-19,4.5107189368485254e-18,4.8954657449636105e-17,4.277613238029491e-16,3.095618921510297e-15,1.899610837064762e-14,1.0082039922792346e-13,4.706216442011408e-13,1.9598854025307137e-12,7.371150203810732e-12,2.530251352497232e-11,7.999880690623851e-11,2.3482831463435194e-10,6.444485159028683e-10,1.663619524798328e-09,4.0615554869120894e-09,9.422800753949986e-09,2.0862327449103463e-08,4.424732093069338e-08,9.020398365374374e-08,1.7729681334799167e-07,3.3690106317991445e-07,6.20445676177267e-07,1.1098812280124957e-06,1.932420696517514e-06,3.28080377171276e-06,5.440539970847798e-06,8.825782980737452e-06,1.4025668803090661e-05,2.1863103828494187e-05,3.3468106896161694e-05,5.036788379947517e-05,7.459583720268699e-05,0.00010882168503574698,0.00015650477367468288,0.0002220725283383766,0.0003111257837549449,0.0004306724872459201,0.0005893909690225271,0.0007979236377519329,0.001069201591053545,0.001418800239168311,0.0018653256345399023,0.0024308307894938632,0.003141260857286572,0.004026925656841081,0.005122997645961466,0.006470033098412159,0.008114513922637161,0.010109407278682328,0.012514739908644958,0.01539818389714543,0.018835650423417085,0.02291188795601963,0.027721081274706377,0.03336744768008914,0.03996582676925865,0.047642260211043695,0.05653455804635171,0.06679284816300726,0.07858010574746502,0.09207265969436816,0.10746067315491424,0.12494859562315148,0.14475558419198334,0.1671158918533289,0.19227922096875058,0.22051104029049692,0.25209286417080173,0.28732249285137784,0.32651421297704863,0.3699989577229981,0.41812442616268486,0.47125516173291876,0.5297725898677531,0.5940750150834327,0.6645775779763367,0.7417121728428889,0.8259273265732966,0.9176880400651792,1.0174755929875998,1.1257873132911151,1.2431363127494783,1.3700511899689602,1.5070757023905668,1.654768408858578,1.813702284404461,1.984464308921959,2.167655031459328,2.363888111857829,2.5737898414995874,2.797998644905674,3.0371645639434086,3.2919487263733016,3.5630228004515194,3.851068437273436,4.156776702512191,4.480847499172401,4.823988982923728,5.186916971550024,5.570354349981777,5.97503047234082,6.401680562356336,6.851045113474696,7.323869289892582,7.820902329737013,8.342896951478386,8.890608764678499,9.464795686073092,10.06621736192073,10.695634597520339,11.353808794707776,12.041501398107876,12.759473350853797,13.50848456039444,14.2892933752027,15.102656071713133,15.949326355508747,16.83005487134672,17.74558872826129,18.6966710365538,19.684040458223173,20.708430770777976,21.77057044478845,22.87118223525195,24.01098278692622,25.190682253638293,26.410983931595588,27.672583906495557,28.976170714039068,30.322425013346734,31.71201927212428,33.14561746205223,34.623874762038106,36.147437265997205,37.716941690622576,39.3330150771017,40.9962744791077,42.70732662749607,44.46676756024322,46.27518220407766,48.13314389266896,50.0412138042719,51.99994030070869,54.0098581485925,56.07148760345597,58.185333337779646,60.35188319496494,62.57160675287142,64.84495368348014,67.17235189748752,69.55420546745412,71.9908923268207,74.4827617469368,77.03013160027308,79.63328542234545,82.29246929182503,85.00788855217135,87.77970441233286,90.608030441275,93.49292903243021,96.43440784846513,99.43241631705585,102.48684222336756,105.59750845535915,108.76416995834718,111.98651095552503,115.26414249030631,118.59660034395834,121.98334337941301,125.42375235663621,128.91712926012403,132.46269717175522,136.05960071541756,139.7069070894228,143.40360769628347,147.14862036735897,150.9407921715059,154.77890278666902,158.66166840395795,162.58774612484834
0.01557788944723619,,,,,,,,,,,,,,,1.6557472057460246e-25,1.4337432949628023e-23,7.108272982077723e-22,2.2264379502066812e-20,4.756110408409508e-19,7.360901632445337e-18,8.66247893899367e-17,8.0608506792384535e-16,6.124242904278086e-15,3.900711277394654e-14,2.1292545680833375e-13,1.0147163702305088e-12,4.2884356114136745e-12,1.628868935751998e-11,5.624375386551259e-11,1.7829781966737243e-10,5.233750116365444e-10,1.4332035438012492e-09,3.68518532050542e-09,8.948559446628578e-09,2.062445977105495e-08,4.532004711112278e-08,9.53242171897715e-08,1.9260226551406755e-07,3.750099498157662e-07,7.05641506109081e-07,1.2864661976764106e-06,2.2776657635741903e-06,3.92434989154707e-06,6.592585758070603e-06,1.0816916754430583e-05,1.7361750524597205e-05,2.7299153880061153e-05,4.210569016812923e-05,6.378096377175891e-05,9.499049006360081e-05,0.00013923538403624384,0.00020105115705703008,0.00028623763206727813,0.00040212163934255364,0.0005578537464493402,0.0007647398180825059,0.0010366077062642137,0.001390208851986089,0.0018456540490952628,0.0024268820931294937,0.0031621595242505673,0.004084609185700219,0.005232764867250609,0.006651148895305954,0.008390869174409584,0.01051023188375919,0.013075365791571397,0.016160853965944952,0.01985036854829934,0.024237304187635436,0.02942540573942867,0.035529385883267005,0.042675528418513,0.051002273147886225,0.060660778450539736,0.07181545787386615,0.08464448733111124,0.09934027977483545,0.11610992451854356,0.1351755886956157,0.15677487867054074,0.18116115954887793,0.2086038312634363,0.23938856004282966,0.2738174643909595,0.31220925501603836,0.35489932845173955,0.4022398143939452,0.45459957705110604,0.512364171054875,0.575935752713499,0.6457329476044738,0.7221906756978638,0.8057599353772634,0.8969075478802927,0.996115863817001,1.1038824335425892,1.2207196432530165,1.3471543187527861,1.4837272990094788,1.6309929812461255,1.7895188402073154,1.9598849231773405,2.1426833231990265,2.3385176325038843,2.54800237826542,2.771762442757962,3.0104324699474496,3.2646562605182514,3.5350861572725423,3.822382422785681,4.127212611155907,4.450250935578746,4.7921776334560935,5.153678330641492,5.535443406357402,5.938167360247993,6.362548182942567,6.8092867314358125,7.279086110504193,7.772651061299225,8.290687358185851,8.833901214807161,9.40299870029265,9.998685166439266,10.621664686633395,11.272639507200074,11.95230951181235,12.661371699516243,13.400519676838574,14.170443164467438,14.97182751916378,15.805353268838163,16.671695668292166,17.57152426377679,18.505502478575906,19.47428721251229,20.47852845787328,21.5188689311656,22.59594372248908,23.710379957162854,24.862796478345736,26.05380354177806,27.284002527550765,28.553985667159772,29.864335785398836,31.21562605682602,32.60841977584612,34.043270139366925,35.52072004045324,37.04130187078044,38.60553732909682,40.213937231655486,41.867001319937664,43.56521805945325,45.309064422179695,47.09900564413939,48.935494947707845,50.8189732177434,52.7498686190429,54.72859614211526,56.75555706372075,58.83113830856575,60.95571169891288,63.129633079517966,65.35324130704242,67.62685709401826,69.95078170056146,72.32529546880636,74.7506561987632,77.22709736645366,79.75482619019795,82.33402155287358,84.96483179316348,87.64737238171429,90.38172350191321,93.16792755915675,96.00598664488975,98.89585998554209,101.83746140875287,104.8306568616624,107.87526201777362,110.9710400100807,114.11769932872525,117.31489192141972,120.56221153377851,123.85919232589217,127.20530779826043,130.59997005792272,134.04252945204337,137.5322745905857,141.06843277682196,144.6501708568663,148.2765964946785,151.94675987234658,155.65965580904205,159.41422628559087,163.20936335525462,167.04391241524385,170.91667580795166
0.01658291457286433,,,,,,,,,,,,,,5.971516843493329e-26,7.518782885808312e-24,4.968233998491688e-22,1.9442393487678454e-20,4.942411063116654e-19,8.76992484584593e-18,1.1496699902764667e-16,1.165179369037427e-15,9.471527736962776e-15,6.363814833886636e-14,3.623064960194745e-13,1.784383333601937e-12,7.735835616773765e-12,2.9958829387785866e-11,1.0495075980436969e-10,3.3616793084087637e-10,9.93710847246758e-10,2.7326469776641506e-09,7.039852796450355e-09,1.709453820246926e-08,3.933689069546804e-08,8.618901956242208e-08,1.8056685272732495e-07,3.630617065942087e-07,7.029524901983236e-07,1.3145257761825593e-06,2.3805185265714406e-06,4.1848404229727195e-06,7.157060048014761e-06,1.1931430795985498e-05,1.942346782865002e-05,3.09272479522303e-05,4.823667450370581e-05,7.379391800420933e-05,0.00011086810422386598,0.00016376707339323666,0.00023808468170485327,0.00034098566776714245,0.00048152957509513386,0.0006710346229572133,0.0009234817700206421,0.001255958537516108,0.0016891414705921602,0.002247815436921785,0.0029614273089185977,0.0038646709636278778,0.004998099980044635,0.0064087639233659545,0.00815086369200026,0.010286421069378828,0.012885957372751933,0.01602917592595146,0.01980564300113723,0.024315461872763667,0.02966993470065643,0.03599220710238067,0.043417890480956,0.05209565743508207,0.06218780588896798,0.0738707879147406,0.08733569964039357,0.10278872895645881,0.12045155825573924,0.14056171978576135,0.1633729016649315,0.1891552030287104,0.2181953371930272,0.25079678212726425,0.287279877920408,0.3279818712924692,0.37325690755221286,0.4234759707249165,0.47902677287154016,0.5403135938936033,0.6077570733578154,0.6817939560961704,0.7628767935226133,0.8514736027723274,0.9480674859053374,1.0531562115305455,1.1672517612914863,1.290879843725527,1.4245793780472935,1.5689019504436008,1.724411245476792,1.8916824550461877,2.07130166788011,2.2638652413674287,2.4699791589090467,2.6902583747732094,2.9253261489244005,3.175813374086178,3.442357897197519,3.7256038373594196,4.026200902266369,4.344803705014745,4.682071083087779,5.038665421211223,5.415251979669704,5.812498229574082,6.231073196471224,6.671646813558467,7.134889285728234,7.621470465480269,8.132059241738208,8.667322942421235,9.227926751615769,9.814533142042698,10.427801323458834,11.068386707555181,11.736940389802632,12.434108648672133,13.160532462576294,13.916847044718347,14.703681396157005,15.521657877153862,16.37139179692089,17.253491021798677,18.168555601854145,19.117177415820578,20.099939834337388,21.117417401253054,22.1701755329147,23.258770235175476,24.38374783790533,25.545644746712668,26.744987211603387,27.982291112235483,29.25806175929973,30.572793711729744,31.92697060904571,33.32106501822115,34.75553829418201,36.23084045278594,37.74741005480388,39.30567409890953,40.90604792118451,42.548935097907716,44.234727347662236,45.963804427842994,47.736534019888886,49.55327159642984,51.414360262793075,53.320130564423245,55.270900251103264,57.26697398838411,59.30864300634268,61.39618467585255,63.5298620026848,65.70992303085002,67.93660014672086,70.21010927764337,72.53064897961727,74.89839941077297,77.31352118925922,79.77615413660483,82.2864159096639,84.84440052713266,87.45017679891134,90.10378666911689,92.80524348635475,95.55453021684315,98.35159761861549,101.19636239694873,104.08870536309392,107.02846961999354,110.01545879998362,113.04943538045015,116.1301191040065,119.25718553001109,122.43026474370618,125.64894024928364,128.9127480709955,132.22117608554416,135.57366360701388,138.96960124157198,142.40833102847935,145.88914687828708,149.41129531658197,152.97397653717192,156.57634576435092,160.21751491948018,163.89655458269567,167.61249623619182,171.36433477136848,175.15103123822584,178.97151581189064
0.01758793969849247,,,,,,,,,,,,,1.1338149402006379e-26,2.315321721623931e-24,2.2114169574456967e-22,1.1500640276603788e-20,3.649782467338764e-19,7.711868105186422e-18,1.1610259204669519e-16,1.3138859780612997e-15,1.16654598629107e-14,8.412548010717307e-14,5.069334068990287e-13,2.6130405578427598e-12,1.1748753333755839e-11,4.6839232508756886e-11,1.6789059616882256e-10,5.474885941024389e-10,1.6408013924154558e-09,4.558924588127816e-09,1.1832641534887766e-08,2.8878669582685813e-08,6.665829307718368e-08,1.4625624088430389e-07,3.0640827848239215e-07,6.153654260225118e-07,1.188889950380777e-06,2.2166151522041832e-06,3.999443234480627e-06,7.001074723258345e-06,1.1917128712788994e-05,1.9765596122161055e-05,3.200254198754989e-05,5.066701682817361e-05,7.85590375683785e-05,0.00011945424949693106,0.0001783584844759803,0.00026180489686204093,0.00037819570381114734,0.000538189802584703,0.0007551367097282845,0.0010455563933390386,0.0014296636785015794,0.00193193502503951,0.0025817146317606756,0.003413856035274349,0.004469394663613254,0.005796246190758312,0.007449925029113929,0.009494276900352337,0.012002219144256825,0.015056482260231306,0.018750346123909113,0.023188364375787203,0.02848707063250041,0.034775660414235146,0.04219664300378341,0.05090645784166441,0.061076050506775,0.07289140382068252,0.08655402013531437,0.10228135140681467,0.1203071742135564,0.14088190743348278,0.1642728708480415,0.19076448347822925,0.220658400978056,0.25427359190529436,0.2919463531558185,0.33403026528142726,0.38089608881093673,0.432931603056959,0.49054138921714646,0.5541465598665961,0.6241844371896144,0.701108182512313,0.7853863798781479,0.8775025765507304,0.9779547834430001,1.0872549385510986,1.2059283365256896,1.3345130275416408,1.4735591886252035,1.6236284705840889,1.7852933236424622,1.9591363048275205,2.1457493700833763,2.345733154000573,2.5596962399517666,2.7882544233228868,3.032029970401684,3.291650875383082,3.5677501178041098,3.8609649226074123,4.171936024889456,4.501306941267762,4.849723249649365,5.217831879075864,5.606280411162071,6.015716394537273,6.446786673557536,6.900136732445863,7.376410055886967,7.876247506996212,8.400286723470142,8.94916153261157,9.523501385838507,10.123930813169085,10.751068898099724,11.405528773192154,12.087917136629578,12.798833789892816,13.538871196802816,14.308614062863859,15.108638938245512,15.939513838623066,16.80179788948255,17.696040990185992,18.6227834987926,19.582555937141162,20.575878715906903,21.60326187927522,22.665204868865835,23.76219630649918,24.894713795401103,26.063223739353404,27.26818117939052,28.51002964751945,29.789201036888674,31.10611548799933,32.461181290218654,33.85479479799399,35.2873403609728,36.75919026707703,38.2707046974612,39.82223169182659,41.41410712244818,43.04665467465199,44.7201858311024,46.434999856526616,48.19138377915595,49.98961236414117,51.82994807383118,53.712641009024246,55.63792882477461,57.60603661387196,59.617176750794044,61.6715486887972,63.76933870268825,65.91071957058102,68.09585018751692,70.32487510555566,72.59792399509048,74.91511102363559,77.27653414950721,79.68227432934485,82.13239463993854,84.62693931659008,87.1659327119331,89.74937818105215,92.3772569001017,95.0495266283389,97.76612042392617,100.52694532653206,103.33188102071837,106.18077849561497,109.07345871755878,112.00971133336121,114.98929342264684,118.0119283182351,121.07730451386156,124.18507467817841,127.33485479455013,130.52622344409352,133.75872124972946,137.0318504974839,140.34507494830348,143.69781985414224,147.08947218751115,150.51938109248695,153.98685856205694,157.4911803437767,161.03158707269696,164.60728562741917,168.21745070202522,171.86122658357164,175.5377291222862,179.24604787774075,182.98524842425232,186.7543747936017
0.01859296482412061,,,,,,,,,,,,,3.952133042386023e-25,6.053856510465278e-23,4.5191960326001464e-21,1.8982483464669092e-19,4.997276720021137e-18,8.953857835085732e-17,1.1642172049822681e-15,1.1555591118936897e-14,9.11747339024039e-14,5.90908761484088e-13,3.2313229199043805e-12,1.5243284649399174e-11,6.318809197118806e-11,2.3376925297202647e-10,7.820518092796898e-10,2.3924102317114073e-09,6.756939864846927e-09,1.7765069527155136e-08,4.3792120865779465e-08,1.0184641613363551e-07,2.246912513887918e-07,4.724979005212107e-07,9.510964505046808e-07,1.839449327315809e-06,3.4295447188655946e-06,6.1824535322655e-06,1.0804770504504074e-05,1.835002495195555e-05,3.0349861660603054e-05,4.8979828211233386e-05,7.726444302921741e-05,0.0001193258521572315,0.0001806798178822711,0.000268582035904303,0.0003924268762742668,0.0005641996207173266,0.0007989821638179265,0.0011155109987080454,0.0015367851600182091,0.0020907206863206495,0.0028108471256200486,0.003737040670016572,0.004916287692969627,0.006403471791999938,0.008262176922154736,0.010565498846456774,0.013396856928558848,0.016850798245133386,0.02103378609227212,0.02606496518980468,0.03207689623263078,0.039216252896598615,0.047644474925699426,0.05753837155284839,0.06909067014680906,0.08251050567906283,0.09802384731618997,0.11587385916481155,0.13632119291306005,0.15964421081180846,0.18613913811578725,0.21612014474537977,0.249919356534397,0.2878867969874101,0.3303902609821708,0.3778151223146912,0.43056407739469194,0.4890568277591484,0.5537297043795579,0.6250352369981786,0.7034416719383025,0.7894324420008101,0.8835055921799171,0.9861731650143987,1.0979605494355038,1.2194057969832488,1.3510589092459258,1.493481100325684,1.6472440380677393,1.8129290676929233,1.9911264213642808,2.1824344170919163,2.387458650240417,2.606811180747671,2.8411097190185632,3.0909768132711233,3.3570390409677273,3.63992620677035,3.9402705493007937,4.2587059588068215,4.595867207673102,4.952389195522673,5.3289062105394684,5.726051208420671,6.144455110263803,6.584746120508838,7.047549065941296,7.5334847565962555,8.043169369289785,8.577213854388077,9.136223366266671,9.720796717871567,10.331525859611906,10.968995382779733,11.633782047563475,12.326454335661058,13.047572027424382,13.797685803340496,14.577336869702036,15.387056608136456,16.227366248700932,17.09877656613035,18.0017875989058,18.93688839055585,19.904556752817783,20.905259050091484,21.939450004636775,23.007572521962693,24.1100575358187,25.247323872202216,26.41977813172746,27.627814589800693,28.871815113944542,30.152149097549188,31.469173409553147,32.82323235924212,34.214657675498415,35.6437684997622,37.1108713917877,38.61626034739514,40.16021682686602,41.74300979290547,43.36489575644828,45.026118828491164,46.726910775563255,48.46749107634535,50.24806697606814,52.06883353518986,53.929973668194165,55.83165816795164,57.77404571067501,59.757282836181616,61.78150389798097,63.846830977433726,65.95337375683718,68.1012293454506,70.2904820540735,72.52120311335668,74.79345033219417,77.10726769317915,79.46268488315539,81.85971675789922,84.29836274116711,86.77860615955169,89.30041351592381,91.86373370535941,94.46849717915195,97.11461506328241,99.80197823940316,102.5304563973595,105.29989706944983,108.11012465763194,110.96093946578303,113.85211674987495,116.78340579954528,119.75452906498165,122.76518134334088,125.81502903861912,128.9037095097804,132.03083051976697,135.1959697991831,138.3986747369619,141.63846220804038,144.9148185492143,148.22719969041185,151.57503144826168,154.95770998651446,158.37460244587214,161.8250477436604,165.30835754156473,168.8238173774514,172.370687955095,175.9482065835285,179.55558875582716,183.19202985490912,186.85670697341362,190.54878083137322,194.26739777687132
0.019597989949748748,,,,,,,,,,,,3.399226301304078e-26,9.581939875623461e-24,1.1339461763389708e-21,6.785294878472723e-20,2.352961602502018e-18,5.2378757212062376e-17,8.093966090746631e-16,9.226899122281091e-15,8.141381821438284e-14,5.777982720318893e-13,3.4025091020150617e-12,1.7053764308603202e-11,7.429675220016284e-11,2.863234629618264e-10,9.905424175894278e-10,3.1147732606626648e-09,8.997544291533354e-09,2.409431480841998e-08,6.028404265644349e-08,1.418853766283656e-07,3.1600211229386676e-07,6.694340710970494e-07,1.3550863873190149e-06,2.6315456462830025e-06,4.9202112677851574e-06,8.885013736033536e-06,1.5540255919357165e-05,2.63924239539448e-05,4.3621885825424665e-05,7.0310200542858e-05,0.00011071828841369391,0.0001706199715214395,0.0002576944081446308,0.0003819797547631796,0.0005563890442091273,0.0007972878246440842,0.001125131619921264,0.0015651598053494993,0.0021481410958523297,0.0029111645644307508,0.0038984689833378855,0.005162302339453799,0.0067638026372728545,0.008773890578541516,0.011274164398794268,0.014357787042376224,0.018130355957466565,0.022710746074728807,0.028231916976900667,0.034841675850258644,0.042703388507177927,0.05199663155935566,0.06291777967804706,0.07568052277989598,0.09051630890218525,0.10767470946086002,0.12742370450235357,0.1500498864494674,0.17585858169033883,0.20517389017631915,0.2383386438813127,0.2757142857692658,0.3176806713869187,0.3646357958593432,0.4169954494796622,0.4751928055098647,0.5396779441411885,0.6109173168391117,0.6893931555044183,0.7756028310369528,0.8700581659865929,0.9732847060217702,1.0858209549554505,1.208217578023883,1.3410365780475555,1.4848504489934131,1.6402413113314356,1.8078000334187843,1.9881253429738872,2.181822932512355,2.389504562416045,2.6117871650899023,2.8492919534562104,3.1026435367963625,3.37246904674822,3.659397276025715,3.9640578322200213,4.287080308819785,4.629093475370803,4.99072448851558,5.372598125401386,5.77533604082159,6.199556049223011,6.6458714325475805,7.114890274739496,7.607214823549923,8.1234408801606,8.664157217001817,9.229945023979477,9.82137738328934,10.439018772779797,11.08342459781621,11.75514075144825,12.454703202631917,13.182637612183829,13.939458976007336,14.725671295202703,15.541767272479824,16.38822803432969,17.265522878351806,18.174109045054635,19.11443151351605,20.086922820122236,21.092002899732343,22.1300789484794,23.201545307476945,24.306783366662398,25.44616148801835,26.620034947363195,27.828745893999617,29.072623327425575,30.351983090264188,31.667127876800446,33.01834725621235,34.405917709794316,35.83010268134458,37.29115263996151,38.78930515418267,40.32478497681043,41.897804139055104,43.5085620529533,45.15724562061759,46.844029348573066,48.56907546545936,50.33253404065054,52.13454310135433,53.9752287452227,55.85470524520605,57.77307514304716,59.73042932752208,61.726847093299924,63.76239617618161,65.8371327602115,67.9511014526832,70.10433522254206,72.2968552985416,74.52867102363236,76.79977966255402,79.11016616036983,81.45980285035364,83.8486491101856,86.27665096677157,88.74374065046324,91.249836100757,93.79484042607544,96.37864132206482,99.00111045271834,101.66210280049981,104.36145599207866,107.09898960726895,109.87450447953019,112.68778199707549,115.53858341422044,118.4266491830877,121.35169831612151,124.31342779014734,127.31151200235789,130.34560228973217,133.4153265209629,136.5202887718173,139.66006909319847,142.83422337940684,146.04228334557868,149.28375661976807,152.5581269552548,155.86485456689397,159.20337659388238,162.57310768978317,165.97344073907553,169.40374769788087,172.86338055494716,176.3516724074195,179.86793864240963,183.4114782306585,186.98157507909963,190.57749950467212,194.19850974493326,197.8438535376395,201.51276974120273
0.020603015075376888,,,,,,,,,,,,7.958932783001538e-25,1.7037757245363104e-22,1.5974331544443198e-20,7.829196786015002e-19,2.2837003705662632e-17,4.369641389017635e-16,5.908152345025787e-15,5.981226560698928e-14,4.745737458321793e-13,3.0610175432581388e-12,1.6532052479314025e-11,7.659499147249332e-11,3.1057887834197126e-10,1.1206736657799183e-09,3.649235040596047e-09,1.0851363222440105e-08,2.9765199970848074e-08,7.596815136803645e-08,1.817568024411552e-07,4.1029149536850933e-07,8.787823667968472e-07,1.7947164848671655e-06,3.5100681657328145e-06,6.599314052749103e-06,1.1967802900124938e-05,2.0997523709020607e-05,3.573750571349642e-05,5.914592225090609e-05,9.5390436532265e-05,0.00015021242696428198,0.0002313594949242084,0.0003490891424098285,0.0005167447805535937,0.0007514033721895375,0.0010745921055826699,0.001513069623008762,0.002099665561077324,0.002874170563125288,0.0038842675484313124,0.005186493905418369,0.006847223439372896,0.008943656359275555,0.011564805330945704,0.01481246564251818,0.01880215780272769,0.023664031395849463,0.029543719718351878,0.03660313558779524,0.045021199710223926,0.05499449408336173,0.06673783406822463,0.0804847539495325,0.09648790199986379,0.11501934223831581,0.13637076121220784,0.16085357921240423,0.1887989663457383,0.2205577648205969,0.2565003196488868,0.29701622072110206,0.34251395987234284,0.39342050712327514,0.4501808107539357,0.5132572262521923,0.5831288794778586,0.6602909696017921,0.745254017522093,0.8385430655383839,0.9406968340718569,1.0522668411845462,1.173816490553257,1.305920133424657,1.4491621099009093,1.6041357747333278,1.7714425124087416,1.9516907466114262,2.1454949478083885,2.3534746437637586,2.5762534364444716,2.8144580290256993,3.068717266258044,3.3396611912118064,3.6279201211084677,3.9341237446944977,4.258900243335593,4.602875437758319,4.966671962101269,5.350908466737941,5.756198851059099,6.183151527235466,6.632368715744896,7.104445773294781,7.599970553561332,8.119522801029927,8.663673578066616,9.232984725184838,9.828008354410064,10.44928637544609,11.097350054314107,11.772719603998688,12.475903806572951,13.207399666209843,13.967692092355373,14.757253612406704,15.576544113057064,16.426010609521345,17.306087041751628,18.21719409684218,19.15973905659467,20.134115669433243,21.14070404568837,22.17987057530878,23.251967867071553,24.35733470834124,25.496296044449604,26.66916297673972,27.876232778394307,29.11778892713127,30.39410115378903,31.70542550608041,33.05200442650121,34.43406684360108,35.8518282757532,37.30549094661924,38.795243911266624,40.32126319234065,41.88371192504531,43.48274051008777,45.11848677342554,46.79107613146351,48.50062176044483,50.247224768212426,52.030974366596325,53.85194804227335,55.71021172373649,57.6058199417426,59.53881598036668,61.509232015575215,63.517089238087884,65.5623979570463,67.6451576812828,69.76535717459075,71.92297448186518,74.11797692302234,76.35032105196443,78.6199525782048,80.92680624929552,83.27080569268621,85.65186321630516,88.06987956778808,90.52474365305685,93.01633221543933,95.54450947795893,98.10912675105673,100.7100220100138,103.34701944618352,106.01992899726211,108.72854586238262,111.4726500084314,114.25200567453204,117.06636088208998,119.91544695816411,122.79897808019872,125.71665085029844,128.66814390735234,131.65311758480502,134.6712136227276,137.72205494080748,140.80524548050352,143.92037012148126,147.06699467959842,150.24466599037595,153.45291208239703,156.6912424435757,159.95914838224022,163.25610348381582,166.5815641627532,169.93497030815684,173.31574602042159,176.72330043506466,180.15702862889356,183.61631260249052,187.1005223327185,190.60901688694557,194.14114559158506,197.69624924559335,201.273661370522,204.87270948683488,208.49271640797105
0.021608040201005027,,,,,,,,,,,2.9970010293395826e-26,1.3908438236536645e-23,2.319732612043076e-21,1.7608679469219659e-19,7.20116817970273e-18,1.795514695755802e-16,2.9948613633298928e-15,3.587382513449511e-14,3.261041467608339e-13,2.3498056392328383e-12,1.3897606154862277e-11,6.939577099011242e-11,2.993889292922607e-10,1.1374427210665512e-09,3.866477773775434e-09,1.1917649856626269e-08,3.3686814727031364e-08,8.816615817238079e-08,2.1542595696826008e-07,4.949208978604909e-07,1.0756996714767433e-06,2.223792845349109e-06,4.3932398617397065e-06,8.328271232765493e-06,1.520496404094851e-05,2.682112846358394e-05,4.5843177780519115e-05,7.61182377684868e-05,0.00012305875722547126,0.00019410542251475303,0.0002992723224904078,0.00045177614908284907,0.0006687488628424221,0.0009720308183100664,0.0013890389454250156,0.0019537023248604383,0.002707455466538282,0.003700277872121515,0.004991767084162371,0.0066522314262977625,0.00876378803089138,0.011421451526076012,0.014734198892384136,0.018825996467882865,0.023836775839852015,0.029923346364984428,0.03726023326098647,0.046040431562174855,0.05647606768309122,0.06879896184410896,0.08326108614112007,0.10013491455358552,0.11971366264961304,0.14231141614152945,0.168263148747214,0.19792463100955648,0.23167223280585486,0.26990262323599945,0.3130323724086977,0.36149746034955843,0.415752698835507,0.47627107242267297,0.5435430052825857,0.6180755607080414,0.7003915802942771,0.7910287698611377,0.8905387391636523,0.9994860023440107,1.1184469459317339,1.2480087709912246,1.3887684157767868,1.5413314649591596,1.706311051192549,1.8843267544430358,2.0760035041588907,2.2819704890025845,2.502860078493293,2.739306760547759,2.991946098548793,3.261413711190611,3.548344278033543,3.8533705733267682,4.1771225303709345,4.520226338328251,4.883303573144771,5.26697036393757,5.6718365959329615,6.098505150814558,6.5475711850878024,7.0196214468720814,7.515233631319274,8.03497577468726,8.57940568693031,9.149070422507918,9.744505789004114,10.366235893245053,11.01477272254393,11.690615765500604,12.394251662912415,13.12615389650823,13.886782509364119,14.676583858751432,15.495990400070596,16.345420500834173,17.22527828350665,18.135953496196095,19.077821409927033,20.051242741424424,21.05656360023254,22.094115459022728,23.164215145959368,24.267164857990426,25.403252193964466,26.572750206429212,27.775917471184737,29.01299817328059,30.284222208785085,31.589805300942196,32.92994913007579,34.304841476092435,35.71465637272445,37.1595542725814,38.63968222221306,40.15517404609713,41.70615053886014,43.292719664674216,44.91497676292632,46.573004759035726,48.26687437941752,49.996644369204986,51.762361711417775,53.56406184598476,55.401768886883744,57.275495835462266,59.18524478781347,61.1310071339024,63.1127637459987,65.13048515366948,67.18413170304393,69.27365369704926,71.3989915144612,73.56007570488389,75.75682705730688,77.98915664003168,80.25696581000118,82.56014619021681,84.89857961373784,87.272138034043,89.6806834013941,92.1240675057922,94.60213178739126,97.11470711634622,99.66161354401174,102.24266002858423,104.85764413857015,107.50635173811935,110.18855665877034,112.90402036263926,115.65249160249964,118.43370608455687,121.2473861399973,124.09324041158919,126.97096356171511,129.8802360082931,132.82072369457075,135.79207789965258,138.7939350944978,141.82591685013534,144.8876298015452,147.97866567309651,151.09860136826714,154.24699912706478,157.42340675333034,160.62735791335135,163.85837250636405,167.11595710663343,170.39960547597735,173.7087991446994,177.0430080581123,180.40169128503516,183.7842977817911,187.1902672218704,190.6190308403058,194.07001236246253,197.54262893516483,201.0362920987704,204.55040877865417,208.08438229055957,211.63761335368383,215.2095011042146
0.022613065326633167,,,,,,,,,,,5.33900395419223e-25,1.885977642483151e-22,2.5057252805623246e-20,1.5691119173497342e-18,5.4412669717059924e-17,1.17599822654538e-15,1.7309119244632587e-14,1.8567225070771155e-13,1.5301081964401238e-12,1.0099011005071362e-11,5.519247618907161e-11,2.5658614092591414e-10,1.0373326027391833e-09,3.714049243475349e-09,1.1956841851302496e-08,3.5056116722844434e-08,9.461864363977781e-08,2.3727278773644682e-07,5.571854603727047e-07,1.2336231899312916e-06,2.590318045717477e-06,5.184877017815976e-06,9.937731132244887e-06,1.8310991327974268e-05,3.254792140927803e-05,5.5983458332798685e-05,9.343526646658303e-05,0.00015168322358541077,0.0002400430743936205,0.00037103736798042625,0.0005611638642629261,0.0008317585114305313,0.0012099470225885014,0.0017296761646573306,0.0024328132449254617,0.003370300042620094,0.0046033456569945005,0.0062046414723839925,0.008259580689028118,0.01086746462604114,0.014142678239049168,0.018215817963384267,0.02323475603636001,0.029365626805402844,0.03679372212449136,0.04572428471395685,0.05638319024300986,0.06901751083300367,0.08389595461907005,0.10130917790301747,0.12156996824479893,0.14501329854037767,0.17199625370055246,0.20289783295916589,0.23811863209075038,0.2780804109015008,0.3232255522748677,0.37401641980089934,0.4309346216142702,0.4944801885049131,0.5651706746687192,0.6435401896396773,0.7301383700016909,0.825529299436209,0.9302903855230645,1.0450112015017765,1.1702923009199706,1.3067440127640852,1.454985224285597,1.6156421583353684,1.7893471515659027,1.9767374394278585,2.1784539534060916,2.395140135486525,2.627440774372196,2.8760008675174698,3.1414645125882394,3.4244738315411265,3.7256679300779942,4.04568189484819,4.385145830385014,4.744683937408031,5.124913633788863,5.526444719164109,5.949878583890985,6.395807462766229,6.864813733711532,7.357469261352127,7.874334785269643,8.415959352500266,8.982879793677236,9.575620242094873,10.194691694829478,10.840591615203587,11.513803573712199,12.214796931704093,12.944026557545476,13.701932583014175,14.48894019324777,15.305459450632474,16.15188515103914,17.028596711005324,17.93595808446661,18.874317707632315,19.84400847064054,20.845347714530682,21.878637252294226,22.944163412534156,24.042197104482966,25.172993903060675,26.336794152728036,27.533823088852834,28.7642909754649,30.028393258227442,31.326310731383984,32.65820971779773,34.02424226087018,35.42454632740309,36.859246020394636,38.32845180088348,39.832260717826955,41.37075664519973,42.944010525370146,44.55208061789195,46.19501275269428,47.87284058693683,49.58558586418842,51.33325867512523,53.115857718389,54.93337056034359,56.785773892278,58.67303378347077,60.595105928391746,62.5519358861756,64.54345931042297,66.56960216710246,68.63028093869028,70.7254028120664,72.85486584821159,75.01855913154668,77.21636289700048,79.44814863296992,81.713779158696,84.01310867476022,86.34598278582106,88.71223849504646,91.11170417014476,93.54419948140892,96.00953531235348,98.50751364473734,101.0379274192773,103.60056037468127,106.19518686767593,108.82157167727895,111.47946979697618,114.16862621883412,116.88877571391397,119.6396426136162,122.42094059679182,125.23237248759118,128.07363006907883,130.94439391769237,133.84433326309312,136.7731058790775,139.7303580086416,142.71572432855123,145.7288279569029,148.76928050607464,151.8366821852456,154.9306219536283,158.0506777264065,161.1964166342841,164.3673953369358,167.56316039003514,170.7832486648475,174.02718781877846,177.29449681464737,180.58468648591003,183.89726014452495,187.23171422768164,190.58753897939704,193.96421916199898,197.36123479355373,200.77806190549458,204.21417331576507,207.66903941252684,211.14212894279464,214.63290980155733,218.14084981616605,221.6654175214364
0.02361809045226132,,,,,,,,,,7.766137807447691e-27,7.44725980151011e-24,2.049481599937843e-21,2.2114830890058646e-19,1.1613092863632212e-17,3.4630609529019724e-16,6.5670563177707135e-15,8.620699767945662e-14,8.359199277182889e-13,6.297412657638912e-12,3.8356953254958135e-11,1.950104384481664e-10,8.492062098834771e-10,3.235054624436907e-09,1.0970837301713072e-08,3.3604807948485204e-08,9.411744514115037e-08,2.4351939483207024e-07,5.872384802911951e-07,1.3298102440977957e-06,2.8463204704235623e-06,5.790885484150205e-06,1.1253961782289733e-05,2.0981226226993733e-05,3.766698129521751e-05,6.533440580722544e-05,0.0001098134616194995,0.00017932493527668134,0.0002851760672041459,0.00044256968050168855,0.0006715248803630481,0.0009979034768236846,0.0014545325026207357,0.002082409743035233,0.002931976219042562,0.004064437180154038,0.005553111437118552,0.007484787824081865,0.009961067215319813,0.013099668793320297,0.01703568010978509,0.021922731819429164,0.02793407970950887,0.035263578702740016,0.04412653578604761,0.054760431225093456,0.0674254998861829,0.08240516693154325,0.1000063345236439,0.12055951841859872,0.14441883541131076,0.17196184448709934,0.20358924621802357,0.23972444640593404,0.28081299121508,0.327321882059785,0.37973877931678046,0.43857110454237447,0.5043450512882929,0.5776045148575584,0.6589099514298302,0.7488371769405371,0.8479761159239628,0.9569295102656845,1.0763115974465707,1.206746767433862,1.3488682068900646,1.5033165388400704,1.6707384653826955,1.8517854204487463,2.0471122390228276,2.2573758486533153,2.483233988492256,2.725343960518229,2.984361417069713,3.2609391882299072,3.5557261521356054,3.8693661507688555,4.202496953320951,4.555749268829197,4.929745809320618,5.325100404386774,5.742417167727834,6.182289510572162,6.645300439318813,7.132019824917804,7.643005830440497,8.178803309116981,8.73994348412664,9.326943471649509,9.940305851346533,10.580518282910429,11.248053167284366,11.943367351034789,12.666901872312955,13.419081746809011,14.200315791984114,15.01099648797989,15.851499873449336,16.72218547464406,17.623396266027303,18.555458660819212,19.51868252966904,20.51336124595163,21.53977175600999,22.59817467278316,23.688814391288783,24.811919224464845,25.967701557929608,27.156358022209794,28.378069681194113,29.633002235371464,30.921306238635626,32.2431173275506,33.598556461779694,34.98773017464904,36.41073083276267,37.867636903677536,39.35851323062888,40.88341131341859,42.4423695945282,44.035413749596344,45.66255698142063,47.323800316491635,49.01913290341246,50.74853231204091,52.51196483254737,54.30938577331116,56.1407397565542,58.00596101051648,59.904973656873395,61.837691991991896,63.80402076055281,65.80385541978738,67.83708239305943,69.90357931048514,72.00321523538638,74.13585087455286,76.30133877074947,78.49952347585011,80.73024170321598,82.99332245807935,85.28858714485612,87.61584965076572,89.97491640527107,92.3655864152958,94.78765127659842,97.24089516168335,99.7250947859637,102.24001935301453,104.78543048125508,107.36108211420385,109.96672041699904,112.60208366217368,115.26690210798634,117.9608978728468,120.68378480958336,123.43526838344116,126.21504555777801,129.0228046914521,131.8582254518439,134.72097874741786,137.61072668317368,140.5271225430735,143.4698108017361,146.438427169219,149.4325986699283,152.45194375916756,155.4960724777957,158.56458664643696,161.65708009975748,164.77313896087114,167.91234195542327,171.07426076444517,174.2584604145899,177.4644997039283,180.6919316610798,183.94030403507728,187.20915981306106,190.49803776258184,193.80647299523636,197.13399754765086,200.48014097676398,203.84443096498242,207.22639393173685,210.6255556478111,214.04144184824435,217.47357884089197,220.92149410671732,224.3847168888447,227.862778767283
0.02462311557788946,,,,,,,,,,1.1565755858247358e-25,8.380301828112961e-23,1.8337061003410806e-20,1.634512027855446e-18,7.301927700643662e-17,1.8956824623706166e-15,3.187987287333124e-14,3.767460398436945e-13,3.3296651619189326e-12,2.3099480932745835e-11,1.3069420664885805e-10,6.217918724975553e-10,2.5498846546557213e-09,9.197717694016751e-09,2.9675015893120007e-08,8.683789174934692e-08,2.331965479097574e-07,5.804087819711676e-07,1.3502420258684969e-06,2.9573178652230953e-06,6.136243327935491e-06,1.2127561933516909e-05,2.293802292629491e-05,4.1690735668872136e-05,7.307971711429569e-05,0.00012394114153001655,0.00020395036636068427,0.0003264497356207469,0.0005094075189681304,0.0007765034312125201,0.0011583312963279972,0.0016937048503643827,0.002431048652870423,0.003429852773928172,0.004762167459611612,0.006514112408383335,0.00878737461585971,0.011700668920927448,0.015391136332154907,0.02001565682442046,0.025752055451247174,0.03280018319152008,0.041382856814450135,0.051746645084510635,0.06416249173052962,0.07892616867580354,0.09635855598873797,0.11680574780303729,0.1406389860226441,0.16825442593593629,0.20007273989228286,0.23653856693324155,0.2781198177157849,0.32530684522710046,0.37861149267511496,0.43856603057243776,0.505721995424419,0.5806489426154273,0.6639331260802203,0.7561761171734495,0.8579933748427852,0.9700127787688463,1.0928731366198385,1.2272226759541303,1.3737175306473572,1.5330202310143242,1.7057982060684982,1.8927223056180262,2.0944653491501892,2.3117007077256737,2.5451009243758533,2.7953363777974713,3.063073993486158,3.3489760057722333,3.653698773667361,3.9778916528253307,4.322195925412402,4.687243789181886,5.073657406621721,5.48204801458678,5.9130150945817554,6.367145602946651,6.845013261767444,7.3471779073721235,7.87418489766311,8.42656457560525,9.004831787915103,9.60948545727393,10.24100820635136,10.899866031818686,11.586508026461647,12.301366147397832,13.044855028459551,13.817371834604701,14.61929615641894,15.45098994256762,16.312797468195132,17.20504533723518,18.128042516632796,19.082080400509298,20.067432902368953,21.08435657339657,22.133090745140848,23.21385769468396,24.326862830657017,25.47229489841863,26.650326202815673,27.86111284695511,29.104794985571555,30.381497091584748,31.69132823438823,33.03438236878486,34.410738633196075,35.8204616560579,37.26360186926173,38.74019582772584,40.250266533890816,41.79382376642822,43.37086441213224,44.981372800197995,46.62532103797496,48.30266934754925,50.01336640212651,51.75734966157488,53.534545706195324,55.34487056786766,57.18823005763782,59.06452008875386,60.97362699409237,62.915427836835825,64.88979071322377,66.89657504597658,68.93563186730711,71.00680408987107,73.10992676445598,75.24482732296632,77.41132580538681,79.60923506949452,81.8383609820845,84.09850259103092,86.38945227691423,88.71099588414044,91.06291283097224,93.44497619860212,95.85695279931764,98.29860322500524,100.76968187602652,103.2699369726213,105.79911054998061,108.35693843908243,110.94315023550043,113.55746925868348,116.19961250442749,118.86929059345496,121.56620771914767,124.29006159758266,127.04054342305291,129.8173378322435,132.62012288016908,135.44857003092338,138.30234416569053,141.18110361156081,144.08450019202488,147.01217930295786,149.96378001394044,152.93893519801145,155.93727168974047,158.95841047267052,162.0019668963063,165.06755092249412,168.1547674006794,171.26321637115439,174.3924933950762,177.54218990970924,180.71189360706916,183.9011888338799,187.1096570105456,190.33687706664944,193.5824258903364,196.84587878898273,200.12680995794568,203.42479295525405,206.73940117874858,210.07020834321577,213.41678895516057,216.7787187813686,220.15557531078667,223.5469382054835,226.9523897396712,230.37151522444913,233.8039034165545
0.0256281407035176,,,,,,,,,,1.3939800317381137e-24,7.801569317878056e-22,1.3819253611060568e-19,1.0329281184129734e-17,3.9756824420753266e-16,9.083974490105146e-15,1.3675972799351659e-13,1.467000495163766e-12,1.1903379743478075e-11,7.653915217890487e-11,4.045963079390471e-10,1.8106993959421218e-09,7.0256662961523486e-09,2.409892468698494e-08,7.426071092861797e-08,2.0834852052344327e-07,5.382440451666028e-07,1.2925912592352933e-06,2.9091046561563913e-06,6.178646148918461e-06,1.2458516688773167e-05,2.3973667910635916e-05,4.422448166334753e-05,7.851823003298421e-05,0.0001346383219543285,0.00022366113027399713,0.0003609248689587318,0.0005671490311630822,0.0008696967175530314,0.0013039661830919198,0.0019148924660986773,0.002758535321707735,0.0039037260649694297,0.005433743452126324,0.007447987426110987,0.010063619387739479,0.013417138535005337,0.017665865606234427,0.02298930790984196,0.029590382653178933,0.03769647912389292,0.047560344065287426,0.05946077847431948,0.07370313790596099,0.09061963208358632,0.11056942309331125,0.13393852466461514,0.16113950783209405,0.19261102084037626,0.22881713316420194,0.2702465153945922,0.31741146784356533,0.37084681203476216,0.4311086596814423,0.4987730742602561,0.5744346403731283,0.658704955981843,0.7522110622831215,0.8555938255197973,0.9695062843950923,1.0946119760387174,1.231583252658171,1.3810996001408797,1.5438459689616595,1.7205111268226625,1.9117860415191172,2.118362301591036,2.340930581430044,2.5801791566163557,2.8367924744370194,3.1114497837168877,3.404823827372198,3.717579600356578,4.050373175044572,4.403850595481162,4.7786468413792855,5.1753848622469345,5.594674681573972,6.037112570605743,6.503280290871178,6.993744404322397,7.509055649663831,8.049748383217583,8.616340082471316,9.209330910282532,9.82920333759004,10.476421822356818,11.151432542403647,11.854663179705504,12.586522753747087,13.347401501401146,14.137670800898002,14.957683137431316,15.807772107917653,16.688252462550796,17.599420180711547,18.541552579036697,19.514908449275072,20.519728223812525,21.556234166726412,22.624630588321406,23.72510408117544,24.857823775802878,26.022941614119095,27.220592638991988,28.45089529815558,29.71395176100823,31.009848246786255,32.33865536254075,33.70042844982402,35.09520793863182,36.523019707474674,37.98387544846984,39.477773036352914,41.0046969004677,42.564618398758256,44.15749619291548,45.78327662385814,47.44189408664746,49.13327140429286,50.857320199475204,52.61394126360059,54.40302492240082,56.22445139733788,58.07809116203273,59.96380529290596,61.88144581316797,63.83085602924781,65.81187085873987,67.82431714868098,69.86801398345796,71.94277298087891,74.04839857557147,76.18468828853538,78.35143298185483,80.54841709755026,82.77541887979719,85.03221057955086,87.31855864136017,89.63422387160873,91.9789615882427,94.35252175202127,96.7546490793917,99.18508313820121,101.64355842621055,104.12980443439359,106.64354569597691,109.18450182303069,111.75238753249464,114.34691266373939,116.96778218993362,119.61469622562163,122.28735003301057,124.98543402950578,127.70863379904931,130.4566301097675,133.22909894035593,136.02571151750274,138.84613436655908,141.69002937705955,144.55705388551235,147.44686077602304,150.35909860095134,153.29341172113644,156.2494404678211,159.22682132547476,162.22518713591163,165.24416732335922,168.28338813987133,171.3424729302392,174.42104241529913,177.5187149923084,180.63510705087026,183.7698333027099,186.9225071234617,190.09274090452595,193.28014641295175,196.4843351572422,199.704918757147,202.94150931480428,206.19371978603286,209.46116434887813,212.7434587679902,216.04022075266536,219.3510703073096,222.67563007183745,226.0135256514113,229.3643859336251,232.72784339211782,236.1035343755498,239.49109938104982
0.02663316582914574,,,,,,,,,6.894919488028537e-27,1.3925694049179265e-23,6.138283878608988e-21,8.943509585958545e-19,5.680573056924485e-17,1.9050638084717997e-15,3.868083581071884e-14,5.256992164782097e-13,5.156127224322837e-12,3.865918628854564e-11,2.3172209687426737e-10,1.150316849927779e-09,4.864996250139763e-09,1.793507717836632e-08,5.872364621052728e-08,1.7343255566809866e-07,4.6800996459905584e-07,1.1665130936285236e-06,2.7102776791100564e-06,5.9158567604011474e-06,1.2212566736719492e-05,2.398206871856638e-05,4.5022301293185723e-05,8.115605492801288e-05,0.00014100055999707422,0.00023690889064411039,0.00038608717847370523,0.0006118841027554753,0.0009452414332453787,0.0014262870772255118,0.0021060455784332973,0.003048235680710166,0.004331120632166104,0.006049374475739919,0.00831592665081215,0.011263747730101631,0.015047540880950503,0.01984530646945273,0.025859750894434225,0.03331951501363471,0.04248020218227561,0.0536251907574188,0.06706622074899697,0.08314374896706705,0.10222707140321115,0.12471421559934054,0.15103160933578386,0.18163353507333135,0.21700138219360032,0.25764271119951054,0.3040901456784075,0.3569001090209876,0.41665142366263747,0.48394379101565244,0.5593961703220498,0.6436450744397201,0.737342800101363,0.8411556095203107,0.9557618793800966,1.081850232287468,1.220117664715422,1.3712676843484524,1.5360084685888107,1.7150510548203501,1.9091075718628876,2.1188895209113183,2.345106113154179,2.5884626701989726,2.8496590924689222,3.1293883995056397,3.428335346183833,3.747175116137135,4.0865720952847635,4.447178725796336,4.829634441141181,5.234564682047666,5.66257999273403,6.1142751963356305,6.59022875752536,7.0910015643690985,7.617137425870832,8.169161452034608,8.747580144823777,9.352880898831817,9.985531675085713,10.64598073564968,11.334656436117006,12.051967073026825,12.798300783529108,13.574025492278023,14.379488908787,15.215018562031354,16.080921879774078,16.977486303618523,17.904979439168994,18.86364923828359,19.85372421101039,20.87541366459535,21.92890796730067,23.014378834714552,24.1319796361111,25.281845720821558,26.464094756536753,27.67882708781753,28.926126103000914,30.206058613645467,31.51867524330202,32.864010823992835,34.24208479931923,35.652901632759516,37.09645121989994,38.57270930357688,40.08163789071049,41.62318566998518,43.19728842935907,44.8038694726047,46.44284003397187,48.114099690479826,49.81753677074411,51.553028760027495,53.32044270065992,55.11963558725376,56.95045475607193,58.812738267906084,60.70631528380229,62.63100643294659,64.5866241720264,66.57297313514441,68.58985047394319,70.63704618647162,72.71434343457419,74.82151884862118,76.95834281895945,79.12457977299977,81.31998843774305,83.5443220865396,85.79732876993106,88.07875153005259,90.38832859838868,92.72579357683645,95.09087560229136,97.48329949487703,99.90278589105716,102.34905136150702,104.82180851566301,107.32076609372551,109.84562904772143,112.39609861324426,114.97187237364916,117.57264431860844,120.19810489900945,122.8479410802373,125.52183639588581,128.21947100392714,130.94052174730095,133.68466222079616,136.45156284596263,139.2408909557143,142.05231088962785,144.8854841021509,147.74006928313483,150.61572249327665,153.51209731306693,156.4288450072581,159.3656147037708,162.32205358724394,165.29780710677127,168.2925191971811,171.30583251304427,174.337388674415,177.38682852316134,180.45379238860448,183.5379203610865,186.63885257198964,189.75622947868308,192.8896921528222,196.03888257041754,199.20344390205625,202.3830208019812,205.57725969373087,208.78580905214477,212.0083196792269,215.24444497304248,218.49384118840754,221.75616768859376,225.03108718596056,228.3182659723397,231.61737413685714,234.92808577142173,238.2500791630903,241.58303697293104,244.92664640108947
0.027638190954773878,,,,,,,,,7.684529009079999e-26,1.1768270066189549e-22,4.157085184000557e-20,5.0533411904847505e-18,2.7599637002896324e-16,8.14605593719746e-15,1.482467282814559e-13,1.832389592629494e-12,1.6540415998208352e-11,1.1525503550245851e-10,6.472828703088204e-10,3.0313808873407793e-09,1.2165564419644836e-08,4.277092199244498e-08,1.3413036665285949e-07,3.8083974307088563e-07,9.91264346574539e-07,2.390016672487117e-06,5.3853197556901494e-06,1.1425834870635091e-05,2.2973669002585075e-05,4.402026060769192e-05,8.076937254165855e-05,0.00014250652101603146,0.0002426671641119535,0.00040010742271270384,0.0006405717108075213,0.000998342151386544,0.0015180457414747206,0.002256587485088645,0.003285171563280392,0.004691368316039061,0.006581182469960682,0.009081077615292848,0.01233991326007947,0.016530753630918327,0.0218525114627727,0.028531395016359273,0.036822132174360665,0.0470089514096321,0.059406305433695177,0.07435932920444091,0.09224402952280511,0.11346720854527458,0.1384661280886812,0.16770792554682754,0.2016887955498202,0.24093295417145444,0.28599140455050387,0.33744052427233256,0.39588049579885376,0.4619336017024026,0.5362424064960717,0.6194678465300756,0.7122872487924345,0.8153922985711365,0.929486974855595,1.0552854711255961,1.1935101178401373,1.3448893215343787,1.5101555339905406,1.6900432635072564,1.8852871388563055,2.096620035126253,2.324771269311915,2.5704648722291075,2.8344179421327826,3.1173390842993847,3.4199269397715395,3.7428688055424066,4.0868393475572224,4.452499407141582,4.840494900758544,5.251455812375091,5.6859952771734905,6.144708754861356,6.628173290595342,7.13694685991315,7.671567798214836,8.232554306240079,8.820404033882296,9.435593735658022,10.078578995517871,10.749794017306046,11.449651477333335,12.178542435500226,12.936836301432969,13.724880852158519,14.543002297802788,15.391505392029014,16.27067358385999,17.18076920771942,18.122033708595776,19.09468789934844,20.098932247300795,21.134947187353223,22.20289345903481,23.30291246494988,24.43512664800016,25.599639887095343,26.796537903283205,28.025888684173516,29.28774291496093,30.582134420071053,31.90908061185438,33.26858294513142,34.66062737602723,36.085184823792545,37.542211634430736,39.0316500447767,40.55342864627185,42.107462847147644,43.69365533229181,45.31189651991628,46.96206501421803,48.64402805346038,50.35764195263846,52.1027525402739,53.87919558869282,55.686797237259924,57.52537440803794,59.39473521334996,61.29467935471963,63.22499851265608,65.1854767267663,67.17589076546746,69.19601048511495,71.24559917737633,73.32441390475573,75.43220582337733,77.56872049259474,79.73369817069603,81.92687409647999,84.14797875602397,86.39673813446684,88.67287395256879,90.97610388797821,93.30614178130017,95.66269782721716,98.04547875117925,100.45418797195401,102.88852575148027,105.34818933228621,107.8328730640693,110.34226852056555,112.87606460813956,115.43394766761648,118.01560157093948,120.62070781429021,123.2489456093198,125.89999197412119,128.57352182552614,131.2692080742386,133.98672172420422,136.7257319774984,139.4859063458631,142.26691076992782,145.06840974653366,147.89006646562615,150.73154295592101,153.59250024093407,156.47259850380462,159.37149726239818,162.2888555532365,165.22433212417613,168.17758563515355,171.14827486620277,174.13605893186187,177.1405975009772,180.16155102084468,183.19858094455157,186.25134996035848,189.31952222192672,192.402763578192,195.5007418017044,198.61312681426006,201.73959090875334,204.8798089659204,208.03345866571252,211.2002206910993,214.37977892474134,217.57182063692946,220.77603666441993,223.99212157936944,227.2197738483501,230.45869598014352,233.70859466291822,236.96918088996918,240.24017007406565,243.52128215029484,246.81224166741907,250.11277786779817
0.028643216080402017,,,,,,,,,7.231385940483726e-25,8.56168371463983e-22,2.46166693214068e-19,2.5285321151868552e-17,1.2001470425217774e-15,3.145560084414145e-14,5.170396686565079e-13,5.8511283751190144e-12,4.889235074022301e-11,3.182522408590467e-10,1.6823243788027267e-09,7.463253423215406e-09,2.8526257241100486e-08,9.596274784847137e-08,2.891108465412443e-07,7.913657515035012e-07,1.991807567081076e-06,4.656374419611594e-06,1.0197157821765797e-05,2.1071393517859773e-05,4.134205692551985e-05,7.742920099812333e-05,0.0001390752859988185,0.0002405391538824023,0.0004020227293078745,0.0006513229118550479,0.0010256894381528402,0.0015738586447343326,0.0023582237969498225,0.0034570954970270054,0.004967000946549559,0.007004968599538413,0.00971074490092296,0.013248892118188561,0.017810720400926794,0.023616012749792005,0.030914508132781328,0.03998711515537393,0.051146836110057416,0.06473938858641413,0.08114351885759995,0.1007710077737771,0.12406637574366985,0.15150629847996958,0.18359874947476482,0.22088188864775252,0.2639227192917928,0.3133155373709031,0.3696801984635765,0.433660228259905,0.5059208025899983,0.587146622561884,0.6780397095971867,0.7793171440454872,0.8917087697029158,1.0159548850203939,1.1528039401202457,1.303010256986009,1.4673317884216852,1.6465279295685191,1.8413573940457117,2.0525761650496332,2.2809355301462655,2.527180206938641,2.792046565346939,3.07626095088802,3.3805381123732907,3.705579735322604,4.052073083439293,4.420689746996907,4.812084498268626,5.226894252389037,5.665737131729029,6.129211631301957,6.6178958822878275,7.1323470103940405,7.673100585474039,8.240670158596801,8.835546882585545,9.458199211900634,10.10907267769918,10.788589733816112,11.497149669444946,12.235128584295943,13.00287942207242,13.800732058209105,14.628993437801451,15.48794775993665,16.377856704592475,17.298959698501328,18.251474216482226,19.2355961148885,20.25149999399096,21.29933958621586,22.379248167396483,23.491338988251893,24.63570572324035,25.812422936397965,27.021546555712316,28.263114364115907,29.537146494938405,30.843645935955742,32.18259903830814,33.55397602903661,34.957731525631075,36.39380505125974,37.86212154943183,39.36259189687486,40.89511341362864,42.45957036932987,44.05583448482664,45.68376542834514,47.34321130538821,49.03400914187877,50.75598535977296,52.50895624471315,54.29272840518729,56.10709922274122,57.951857292812264,59.82678285577465,61.73164821779459,63.66621816110239,65.6302503433146,67.62349568525225,69.64569874722362,71.69659809284632,73.77592664044516,75.88341200140668,78.01877680521385,80.18173901070112,82.37201220346076,84.58930587897082,86.8333257114369,89.1037738082999,91.40034895048892,93.72274681864687,96.07066020569383,98.44377921628178,100.84179145353019,103.26438219435548,105.71123455373076,108.18202963929059,110.67644669728918,113.19416325116148,115.73485523396336,118.29819711601803,120.88386202909318,123.49152188842473,126.12084751385746,128.7715087513096,131.44317459568444,134.13551331623424,136.84819258527506,139.58087961100108,142.33324127500774,145.10494427504273,147.89565527293772,150.70504104854092,153.53276865922612,156.37850560426213,159.24191999503526,162.12268072965492,165.02045767180445,167.93492183317449,170.8657455587386,173.8126027140901,176.77516887399895,179.75312151130404,182.74614018524406,185.75390672830858,188.77610543070404,191.8124232215442,194.86254984590553,197.9261780369199,201.00300368213732,204.09272598343594,207.19504760981297,210.3096748425389,213.43631771194106,216.574690125722,219.72450998808964,222.88549930960735,226.0573843074769,229.23989549590763,232.4327677672664,235.63574046250108,238.84855743247567,242.07096708930285,245.30272244817533,248.5435811598339,251.79330553392407,255.0516625535097
0.029648241206030157,,,,,,,,,5.844980029810257e-24,5.444270991367979e-21,1.2920076835486032e-18,1.1342613140121007e-16,4.723382754136454e-15,1.1082383029495544e-13,1.6567027722628836e-12,1.7267965915077523e-11,1.3427284580303534e-10,8.202409329675775e-10,4.097948958988939e-09,1.7284314757057622e-08,6.312904593359421e-08,2.0381095209757341e-07,5.914979416617117e-07,1.5647391126614159e-06,3.817009558344956e-06,8.67005897865125e-06,1.8488992904759036e-05,3.727710254371373e-05,7.148566756864728e-05,0.0001310671801088186,0.00023079014981185214,0.0003918207805084647,0.0006435625657634294,0.0010257305177223746,0.0015906235088157406,0.00240554703427174,0.003555330267482977,0.005144875940917002,0.007301679412960034,0.010178254103800279,0.013954403947911894,0.01883928914625364,0.025073238779084545,0.0329292722227851,0.04271430029298148,0.05476998615921767,0.06947325496208917,0.0872364494092618,0.10850713620734669,0.13376757485023708,0.1635338659447685,0.19835480087945437,0.23881043824461434,0.2855104350404791,0.33909216243558,0.4002186367491189,0.4695762965309798,0.5478726561980435,0.6358338657629491,0.734202204856391,0.8437335375891475,0.965194752907809,1.0993612130437656,1.24701423050295,1.408938591850637,1.5859201443555286,1.778743459455101,1.9881895845958624,2.2150338942042547,2.4600440463315696,2.723978052726347,3.007582466140051,3.311590688382115,3.6367214010009667,3.983677119312,4.353142869460218,4.7457849872760045,5.162250036903408,5.603163846466711,6.069130657504681,6.5607323843876335,7.078527979577371,7.6230529002517775,8.19481867161227,8.794312542011363,9.421997224925532,10.078310722765117,10.763666227472797,11.478452092917186,12.22303187413188,12.997744428547739,13.802904074515542,14.638800802443924,15.505700534193679,16.403845426376535,17.33345421347487,18.294722586842756,19.287823605841183,20.312908137556047,21.370105321701626,22.459523057568703,23.581248509977453,24.7353486314439,25.921870697919765,27.14084285564922,28.39227467679676,29.676157721859628,30.99246610670192,32.341157072488386,33.72217155689382,35.13543476494045,36.58085673809167,38.05833292035342,39.56774472015414,41.10896006698992,42.68183396236053,44.28620902064869,45.921916009664066,47.58877437265035,49.286592748740006,51.01516948069257,52.774293113030225,54.563742879619696,56.38328918033066,58.232694046433544,60.11171159443137,62.02008846804185,63.957564268062576,65.92387196989496,67.91873832832412,69.94188426969109,71.99302527069594,74.07187172407963,76.17812929072284,78.31149923813962,80.47167876495521,82.65836131187035,84.87123685831527,87.10999220548472,89.37431124562754,91.66387521785661,93.97836295087254,96.31745109303776,98.68081433044264,101.06812559342573,103.47905625274794,105.91327630584536,108.37045455440811,110.85025877419754,113.35235587817778,115.87641207403968,118.42209301720385,120.98906396035702,123.57698990054796,126.18553572479775,128.81436635510337,131.46314689362583,134.13154276873485,136.81921988247785,139.5258447599105,142.2510847005905,144.99460793251072,147.7560837680761,150.53518276317308,153.33157687744486,156.1449396374244,158.97494630015154,161.82127401859498,164.68360200717777,167.56161170722342,170.45498695162613,173.36341412805086,176.28658233996,179.2241835647619,182.17591280837416,185.14146825551097,188.12055141503205,191.1128672597215,194.1181243599088,197.13603501038767,200.166315350147,203.2086854744807,206.26286953910463,209.3285958559361,212.40559698051106,215.4936097901925,218.59237555412838,221.70163999382697,224.8211533349642,227.9506703502695,231.08995039350265,234.23875742524058,237.3968600292099,240.5640314215224,243.7400494511313,246.92469659288213,250.11775993313393,253.31903114833835,256.528306476934,259.7453866849255
0.030653266331658297,,,,,,,,8.364566592733251e-27,4.1187659879690603e-23,3.0660160241462866e-20,6.081633749572524e-18,4.610506923883605e-16,1.6989829689600457e-14,3.5945005108231376e-13,4.917429495735611e-12,4.7463284500138465e-11,3.4506425970601153e-10,1.986480312395278e-09,9.414638103921384e-09,3.787866302020733e-08,1.3259481799986279e-07,4.1194228611814707e-07,1.1544915528778734e-06,2.9581989042487407e-06,7.008271742841029e-06,1.549629264504275e-05,3.2235595328508975e-05,6.351554572799852e-05,0.00011922998554474551,0.0002143031246622745,0.00037042075670859633,0.000618057360979008,0.0009987721180354304,0.0015677306652052206,0.002396395817671723,0.0035753203529735305,0.005216968754081676,0.007458492593217089,0.010464385760101934,0.01442895050589924,0.019578512654566785,0.026173333629135227,0.03450917745531072,0.04491850199318231,0.05777125474646751,0.07347526424518618,0.09247622783607407,0.1152573054920634,0.1423383368100603,0.17427470462734676,0.21165587364335053,0.25510363612631204,0.3052700992985903,0.36283545043756127,0.4285055362292531,0.5030092925955822,0.587096060231868,0.6815328195473405,0.7871013767334862,0.9045955304749398,1.034818246069571,1.1785788616070598,1.3366903475336218,1.509966638768466,1.6992200556560209,1.9052588275832967,2.1288847306841925,2.3708908487960825,2.632059464742423,2.913160087099729,3.214947615851098,3.5381606487857393,3.8835199290781275,4.251726933286684,4.643462597911213,5.059386181757107,5.5001342605731445,5.966319849765523,6.458531650493119,6.977333413986243,7.523263418680763,8.096834054432321,8.698531508007092,9.328815543896273,9.98811937451013,10.676849613808697,11.395386308511526,12.144083041105572,12.92326709906985,13.733239704805042,14.574276301009144,15.446626886445229,16.35051639719383,17.286145128764886,18.253689194664048,19.253301017156026,20.28510984638381,21.349222303981573,22.445722947776275,23.57467485424257,24.73612021567327,25.93008094919868,27.15655931501682,28.415538541402036,29.706983454126753,31.03084110844697,32.38704142141478,33.775497803095426,35.19610778489498,36.64875364361713,38.133303019977106,39.649609530346666,41.197513370722426,42.77684191196869,44.387410285496564,46.02902195869244,47.7014692993543,49.404534128766045,51.13798826274114,52.90159404035623,54.69510483998038,56.51826558232244,58.37081322024973,60.252477215175695,62.162979999841085,64.10203742734731,66.06935920634713,68.06464932212718,70.08760644389999,72.1379243176646,74.21529214510021,76.31939494818963,78.44991391974806,80.60652675975426,82.7889079976698,84.99672930119863,87.22965977101204,89.48736622265477,91.7695134553043,94.07576450824865,96.4057809055317,98.7592228894606,101.13574964348717,103.53501950580004,105.95669017367675,108.40041890017059,110.8658626836665,113.35267845132685,115.8605232373124,118.38905435664374,120.9379295755249,123.50680727888994,126.09534663585481,128.70320776366512,131.33005189064156,133.97554151851202,136.63934058441652,139.32111462275452,142.02053092695155,144.73725871109454,147.47096927137696,150.22133614670292,152.98803527919515,155.77074517263858,158.56914705020048,161.38292500905246,164.2117661731286,167.05536084229044,169.91340263776104,172.78558864320397,175.6716195408635,178.5711997422238,181.4840375126582,184.40984508958252,187.3483387936545,190.29923913262215,193.26227089745146,196.23716325044214,199.22364980507032,202.22146869736434,205.23036264868387,208.25007901980078,211.2803698562851,214.32099192509241,217.3717067427921,220.4322805948782,223.50248454710658,226.58209444848103,229.67089092638918,232.76865937409318,235.8751899307598,238.99027745494183,242.11372149042603,245.24532622683373,248.38490045355516,251.53225750836955,254.68721522084027,257.8495958509165,261.01922602313425,264.1959366568022
0.031658291457286436,,,,,,,,6.818851213824737e-26,2.56341112289507e-22,1.5468816270239012e-19,2.593989026858837e-17,1.7140466310418586e-15,5.6329346741671e-14,1.0816991197107035e-12,1.3618817959454464e-11,1.2232107659242898e-10,8.350124288273129e-10,4.547203508382673e-09,2.0512204999472104e-08,7.896051892643368e-08,2.6562434404484743e-07,7.960655222100712e-07,2.1592111987978163e-06,5.3698127951092755e-06,1.2378019569332195e-05,2.6688724768704632e-05,5.424216878375861e-05,0.0001045997798677487,0.00019246577597456028,0.0003395569483904171,0.0005768122233288167,0.0009469122135648857,0.0015070590785919592,0.002331950286786127,0.003516867475286691,0.005180794130541339,0.007469473343440821,0.010558319081758418,0.014655100618122032,0.020002329119878585,0.026879287039250455,0.035603653943276456,0.04653269597539464,0.060063999543722664,0.07663574252286665,0.09672650781634552,0.12085465426992757,0.14957726848925618,0.18348872803478775,0.22321891176308606,0.2694310968413425,0.3228195843012252,0.3841070960819574,0.4540419865038061,0.533395310190227,0.6229577867893299,0.7235367005949085,0.8359527704827446,0.9610370225906936,1.0996276949997252,1.2525672004119945,1.4206991695600264,1.604865594877622,1.8059040908789847,2.0246452847616627,2.261910348003256,2.5185086771836445,2.7952357299365693,3.0928710198407505,3.4121762721663846,3.7538937407440205,4.118744684754917,4.507428002991302,4.9206190220610555,5.358968434116952,5.823101378946481,6.3136166646714535,6.831086120833527,7.376054077317386,7.949036962291182,8.550523012239443,9.1809720870397,9.840815583097747,10.530456437567558,11.250269216820865,12.000600282485815,12.781768028522807,13.59406318311845,14.437749169267997,15.31306251834048,16.220213331040878,17.15938578056651,18.13073865293362,19.134405919873974,20.170497339797407,21.239099082750176,22.340274375494396,23.474064163099406,24.640487783720864,25.839543653467654,27.07120995850357,28.33544535178086,29.632189651934723,30.961364542215623,32.3228742674841,33.71660632724879,35.14243216340389,36.60020784095935,38.08977472056164,39.610960121579005,41.16357797474533,42.7474294634317,44.36230365275772,46.00797810587549,47.68421948675866,49.39078414916098,51.1274187111622,52.89386061507693,54.689838672424784,56.51507359375866,58.36927850320255,60.252159437595104,62.1634158301747,64.10274097877996,66.06982249860106,68.06434275934419,70.08597930731878,72.13440527187997,74.20928975695415,76.31029821748092,78.43709282102449,80.58933279495123,82.76667475920698,84.96877304525869,87.19528000166798,89.44584628645602,91.7201211471871,94.01775268913995,96.33838813231401,98.68167405797762,101.04725664558507,103.43478190055197,105.84389587431565,108.27424487679767,110.72547568251953,113.19723573098673,115.68917332209676,118.20093780724181,120.73217977671352,123.2825512439348,125.85170582695459,128.43929892755028,131.04498790818138,133.6684322669413,136.3092938105509,138.96723682535887,141.6419282462007,144.33303782290542,147.04023828416516,149.76320549848094,152.50161863136205,155.25516029938527,158.02351671908954,160.80637785194077,163.60343754302096,166.41439365472286,169.23894819375812,172.07680743147964,174.92768201701338,177.79128708279706,180.66734234216642,183.55557217868318,186.45570572693538,189.36747694460962,192.29062467567053,195.22489270455046,198.1700298012974,201.1257897576844,204.09193141433877,207.06821867898458,210.0544205359551,213.05031104715786,216.05566934468806,219.07027961560752,222.0939310784217,225.12641795283037,228.1675394218707,231.2170995875242,234.27490741995206,237.34077670077602,240.41452596068476,243.4959784124051,246.58496187788572,249.6813087123506,252.7848557236233,255.8954440882098,259.0129192642067,262.1371309014506,265.26793274929014,268.4051825623337
0.032663316582914576,,,,,,,,4.884075504287695e-25,1.4252338400295743e-21,7.062636016071787e-19,1.0116525585731545e-16,5.876032722281781e-15,1.7343159708757536e-13,3.0409664105492986e-12,3.541582754958206e-11,2.9732064248199184e-10,1.913151102597331e-09,9.889013890562471e-09,4.2588233061851314e-08,1.5728055479748805e-07,5.097085133126381e-07,1.4768477849187994e-06,3.884617948655654e-06,9.393729631422071e-06,2.11042693651771e-05,4.4440609362978406e-05,8.837145819078608e-05,0.00016700541557502005,0.0003015816457093076,0.0005228505625679039,0.0008738134816818803,0.0014127657248885264,0.002216566911401372,0.003384046703073156,0.005039444923479146,0.007335781873778803,0.010458057388554058,0.014626184871117923,0.02009757813967691,0.02716932323139812,0.036179883205474835,0.04751030042390373,0.06158487689625083,0.07887132836467683,0.09988042137689575,0.12516511433513397,0.15531923319673022,0.19097572021910636,0.23280449977699125,0.2815100090451618,0.33782844355058034,0.40252476814398763,0.47638954337895073,0.5602356156304068,0.6548947168312741,0.7612140166344195,0.8800526663018267,1.0122783698349582,1.1587640139327668,1.320384384396169,1.4980129927067651,1.692519032717535,1.904764483830306,2.1356013736620607,2.3858692101046364,2.6563925898477687,2.947978987880351,3.2614167301939334,3.5974731499246415,3.9568929253937006,4.340396597025749,4.7486792588355105,5.182409419146178,5.642228024287626,6.12874763840598,6.6425517719391065,7.184194350961216,7.754199319335369,8.353060365468105,8.981240765421003,9.639173334140668,10.327260476722671,11.045874331720766,11.795356998778784,12.576020843063265,13.388148869321144,14.231995158558673,15.107785360855127,16.01571723794395,16.955961249679298,17.92866117878352,18.933934788625123,19.971874509103845,21.04254814608841,22.14599961004825,23.28224966008464,24.451296659549776,25.653117339694234,26.887667570295598,28.154883128248372,29.45468047187536,30.786957508300713,32.15159435803719,33.54845411264084,34.97738358429916,36.43821404560965,37.93076195835819,39.45482969000207,41.01020621696874,42.59666781375565,44.21397872714858,45.86189183490501,47.5401492883138,49.24848313832442,50.986615944767834,52.754261368496564,54.55112474623084,56.37690364800227,58.231288417132134,60.11396269274477,62.02460391486462,63.96288381218386,65.92846887263364,67.92102079697173,69.94019693540916,71.98565070790539,74.05703200799445,76.15398759075364,78.27616144520088,80.42319515156416,82.5947282239058,84.79039843862185,87.00984214947738,89.25269458968579,91.51859016186346,93.80716271650249,96.11804581975542,98.45087301131484,100.80527805323395,103.18089517025605,105.57735928292219,107.99430623360333,110.43137300660938,112.88819794281844,115.36442094945286,117.85968370549372,120.37362986313849,122.90590524562012,125.45615804160471,128.02403899628663,130.6092015992112,133.21130226874874,135.83000053308314,138.46495920747057,141.1158445674758,143.7823265178276,146.46407875648902,149.1607789334996,151.87210880420255,154.59775437594053,157.33740604873964,160.09075874849205,162.8575120522606,165.63737030618958,168.43004273467773,171.2352435408625,174.05269199806935,176.8821125319552,179.72323479314701,182.5757937202313,185.43952959300037,188.31418807592786,191.19952025188374,194.095282646172,197.00123724100854,199.91715148061363,202.84279826713293,205.7779559476481,208.722408292567,211.67594446572033,214.63835898652076,217.60945168456453,220.5890276470545,223.5768971595885,226.57287564036235,229.57678356884708,232.58844640877095,235.60769452620164,238.63436310306693,241.6682920465572,244.7093258947249,247.75731371939492,250.81210902499348,253.87356964641066,256.9415576437708,260.01593919590186,263.09658449240794,266.18336762474405,269.2761664766186,272.37486261402574
0.033668341708542715,,,,,,,,3.109290119402173e-24,7.150379134631005e-21,2.9441477379545676e-18,3.636336142611799e-16,1.8709343591387026e-14,4.991380265154955e-13,8.034765562918978e-12,8.696260479955435e-11,6.851367963326803e-10,4.170291869622003e-09,2.0524591995340795e-08,8.46216941840434e-08,3.005593538607888e-07,9.404461386482811e-07,2.6397105251718146e-06,6.745764751243295e-06,1.588815545543369e-05,3.4842735584078874e-05,7.17576006197578e-05,0.00013979399657108394,0.0002592123890993938,0.00045990505830279427,0.0007843453866140853,0.0012908939418121467,0.0020573755359045566,0.003184821834584328,0.004801261997368721,0.007065439511332823,0.010170336338671523,0.014346394676775785,0.019864340651766944,0.027037531633233327,0.03622376810772281,0.047826530870011034,0.062295623589564864,0.08012721873688587,0.1018633208086352,0.12809067439724267,0.15943915573179132,0.19657969485365862,0.24022178168616054,0.29111061310242264,0.35002393993969233,0.4177686730221813,0.4951773059382833,0.5831042098374394,0.6824218521523184,0.7940169871388779,0.9187868616844466,1.057635475145445,1.2114699272158702,1.3811968829603478,1.5677191799485213,1.7719325972268973,1.9947228027524633,2.2369624912786468,2.499508721634515,2.783200459050929,3.088856325436764,3.4172725580341643,3.769221174763841,4.145448342740165,4.546672944905676,4.973585338463771,5.426846297765857,5.907086133497192,6.414903979405131,6.950867237362804,7.515511171297302,8.109338640372178,8.732819961717757,9.386392893166772,10.070462726515553,10.785402482085953,11.531553195627653,12.309224288898086,13.118694015651137,13.960209975080467,14.83398968517897,15.74022120893228,16.67906382657408,17.650648747623517,18.655079856796622,19.692434488288214,20.76276422332699,21.866095706244376,23.002431474748832,24.17175080034191,25.37401053524218,26.6091459624541,27.877071645950014,29.177682278156173,30.51085352240352,31.87644284792748,33.27429035551664,34.7042195921433,36.16603835284849,37.659539468590204,39.18450157900146,40.74068988876202,42.32785690700898,43.94574316890027,45.59407793879967,47.27257989452595,48.9809577925156,50.718911113316075,52.48613068751317,54.282299301842556,56.10709228550494,57.960178076729,59.84121876967336,61.74987064183265,63.685784662158575,65.64860698014513,67.63797939623558,69.65353981375033,71.69492267303062,73.76175936793682,75.85367864541098,77.97030698859022,80.11126898410834,82.27618767420094,84.46468489439991,86.67638159755138,88.91089816486127,91.16785470499181,93.44687134186717,95.74756849215719,98.069567133253,100.4124890626203,102.77595714905387,105.15959557730105,107.56303008565791,109.98588819814454,112.42779945123137,114.8883956157145,117.3673109140529,119.86418223339582,122.37864933442188,124.91035505601451,127.45894551569683,130.0240703056585,132.6053826841306,135.2025397617825,137.8152026827601,140.44303679993578,143.08571184390198,145.7429020852196,148.41428648941863,151.09954886425112,153.7983779987122,156.51046779345506,159.2355173815855,161.9732312410626,164.72331929579366,167.48549700764,170.25948545760258,173.04501141649473,175.8418074049432,178.6496117426447,181.4681685868911,184.29722796042816,187.13654576877008,189.98588380714835,192.84500975732215,195.7136971745244,198.5917254648601,201.4788798535099,204.37495134412748,207.2797366698452,210.19303823632308,213.11466405730724,216.0444276831591,218.98214812284323,221.9276497598837,224.88076226262444,227.84132048978222,230.80916439084325,233.78413890287632,236.7660938434171,239.75488380025462,242.7503680184701,245.75241028516308,248.76087881228193,251.77564611782208,254.79658890637663,257.82358794809636,260.8565279579565,263.8952974745297,266.9397887390289,269.98989757479313,273.045523267484,276.1065684462284
0.034673366834170855,,,,,,,,1.7773441435575457e-23,3.2658760935811223e-20,1.129389746989089e-17,1.213162983198916e-15,5.5681129967793076e-14,1.3506166983478993e-12,2.0058863910730804e-11,2.0262089636482578e-10,1.5036441855867698e-09,8.685569912130436e-09,4.0817396277662206e-08,1.6151779938653567e-07,5.529856881164967e-07,1.6740099834503908e-06,4.560248059361604e-06,1.134102972033168e-05,2.6056191825324365e-05,5.58553176417735e-05,0.00011264860614887101,0.00021525420019627165,0.00039205401422918627,0.0006841330708883095,0.0011488405843917738,0.0018636785561058577,0.0029303984995075437,0.0044791708557575145,0.0066726852246879785,0.00971004220160233,0.01383030810230815,0.01931562044996219,0.02649375288393104,0.03574007127243885,0.04747883660106399,0.06218383328807873,0.08037832288751488,0.10263434194599129,0.12957137863749732,0.16185447551972876,0.2001918153453354,0.24533185348023867,0.298060064394301,0.3591953712221265,0.429586326910198,0.5101071133258626,0.6016534212714886,0.7051382699366607,0.8214878192391913,0.9516372229997817,1.0965265651848681,1.2570969157213652,1.4342865367689444,1.6290272649309592,1.8422410899676402,2.07483694531488,2.3277077225110454,2.601727516377214,2.8977491054281503,3.2166016684440932,3.5590887356009655,3.9259863703509863,4.318041576337981,4.735970922059575,5.180459374766428,5.652159334116779,6.151689855332428,6.679636051124353,7.236548661312251,7.822943778892791,8.43930272129487,9.08607203565519,9.763663627105664,10.47245499941528,11.212789597565568,11.98497724231877,12.789294647195035,13.625986008820233,14.49526366194771,15.397308791123942,16.33227219128529,17.300275070206816,18.30140988606259,19.335741214053165,20.403306636247017,21.504117649451953,22.638160586266704,23.805397544871077,25.005767323547413,26.239186356265858,27.50554964603305,28.804731693046065,30.136587414945566,31.500953056855654,32.897647089146645,34.32647109089886,35.78721061771082,37.27963605225272,38.803503436530555,40.358555284708906,41.94452137578598,43.56111952536171,45.20805633598482,46.88502792570014,48.59172063434678,50.3278117077193,52.09296995917242,53.88685640887089,55.70912490068611,57.55942269689373,59.43739105089167,61.34266575820277,63.274877686102265,65.23365328225957,67.21861506287591,69.22938208065385,71.26557037356822,73.3267933944896,75.41266242283399,77.5227869587153,79.65677510046864,81.81423390638203,83.99476974153183,86.19798861058096,88.42349647770043,90.67089957422559,92.93980469536407,95.22981948669134,97.5405527214124,99.87161456924497,102.22261685777016,104.59317332671984,106.9828998763851,109.39141480994108,111.81833907066537,114.26329647409153,116.72591393532389,119.20582169158259,121.70265351992582,124.21604694999837,126.74564347155096,129.29108873640973,131.85203275447913,134.42813008332263,137.01904001081527,139.62442673033178,142.2439595079245,144.87731284094195,147.52416660755088,150.18420620665324,152.8571226877206,155.54261287011886,158.24037945162965,160.95013110530206,163.67158256592774,166.40445470345676,169.14847458571205,171.9033755288544,174.6688971361116,177.4447853248092,180.2307923418355,183.02667676775843,185.83220350985476,188.64714378437782,191.47127508842038,194.30438116178442,197.1462519392972,199.99668349404325,202.8554779720146,205.72244351868997,208.59739419556806,211.48014990475087,214.37053626945828,217.26838455879445,220.17353156953237,223.08581951812792,226.0050959259617,228.93121350057226,231.8640300142312,234.80340817882737,237.7492155191833,240.7013242441264,243.65961111619686,246.62395732030345,249.5942483317132,252.57037378373604,255.55222733531906,258.53970653958334,261.5327127117397,264.53115079939306,267.53492925301094,270.5439598981445,273.55815780919096,276.5774411849388,279.6017312260701
0.035678391959798994,,,,,,,5.424175452622245e-27,9.205297835682544e-23,1.3687241538343376e-19,4.014609723041892e-17,3.780117092689317e-15,1.5576977327202856e-13,3.453807543013029e-12,4.754059647053853e-11,4.499354285476122e-10,3.1556658833531027e-09,1.734959074669681e-08,7.805582377908314e-08,2.971344007788663e-07,9.826305964372053e-07,2.883260588015496e-06,7.635795823314224e-06,1.8508569883276274e-05,4.153890297922609e-05,8.715259762717077e-05,0.0001723294984740928,0.00032334308854299593,0.0005790589825699686,0.000994732631531678,0.0016462059383996772,0.002634370027022656,0.004089739744348866,0.0061769756111135265,0.009099190444358656,0.01310188927722833,0.018476410371236297,0.025562759657764698,0.03475175849472343,0.04648645305976006,0.06126276126983637,0.07962935848411144,0.10218682549755366,0.12958610092909068,0.16252629483522943,0.20175193127585828,0.24804969484833245,0.30224476024201163,0.365196785072713,0.4377956450995813,0.5209569878588439,0.6156176762180015,0.7227311877538682,0.8432630295490972,0.9781862212877834,1.1284768926655966,1.29511003432245,1.4790554349114557,1.6812738306660686,1.902713287995669,2.1443058343396104,2.406964347281588,2.6915797089891655,2.9990182265002647,3.3301193185314264,3.685693463938619,4.066520405965433,4.473347604101953,4.906888923859034,5.367823553552823,5.856795136282596,6.374411104647607,6.921242205332048,7.497822200504819,8.10464773292291,8.742178341765866,9.410836616447465,10.111008475995547,10.843043561996632,11.607255733583552,12.403923653444911,13.233291454432955,14.095569476867752,14.990935067231161,15.9195334296027,16.881478521668267,17.876853987792817,18.90571412217776,19.968084855678892,21.06396476040176,22.19332606664036,23.35611568732695,24.552256245464395,25.781647100574098,27.044165370531196,28.339666945574482,29.6679874915683,31.028943440101195,32.422332963066225,33.847936929795694,35.30551984522108,36.794830767432124,38.315604203569784,39.867560982976684,41.450409106835984,43.06384457363241,44.70755217995758,46.38120629633332,48.08447161774243,49.8170038889373,51.578450604337654,53.36845168272733,55.186640116887155,57.03264259842809,58.906080118146214,60.80656854231241,62.73371916533884,64.68713923937163,66.6664324813892,68.67119955851567,70.70103855208238,72.75554540161174,74.83431432915185,76.93693824515547,79.0630091367812,81.2121184396608,83.38385739418045,85.57781738737945,87.79359028158628,90.03076873082613,92.28894648614413,94.5677186908286,96.86668216651748,99.18543569107358,101.52358026901904,103.88071939527528,106.25645931249238,108.65040926296717,111.06218173480958,113.49139270294266,115.93766186482027,118.40061287080458,120.87987354898438,123.37507612412729,125.88585743037554,128.41185911719177,130.95272784803242,133.50811549116256,136.07767930201265,138.6610820964661,141.2579924144708,143.8680846733929,146.49103931056692,149.12654291453742,151.7742883445516,154.4339748379203,157.10530810493833,159.78800041121232,162.4817706467129,165.186344382982,167.90145391601806,170.6268382974159,173.36224335237858,176.1074216853312,178.8621326733714,181.62614244788574,184.3992238647291,187.18115646342144,189.9717264158403,192.77072646493738,195.57795585402707,198.3932202472202,201.21633164159616,204.04710827171056,206.88537450704754,209.73096074302353,212.5837032861495,215.44344423394418,218.31003135018727,221.18331793608596,224.06316269790216,226.94942961158824,229.8419877849696,232.74071131770398,235.64547916034613,238.55617497141083,241.47268697456337,244.39490781515065,247.32273441693118,250.25606783923243,253.1948131348699,256.13887920910986,259.08817867995003,262.04262773982447,265.0021460196914,267.9666564539064,270.9360851485647,273.91036125133587,276.8894168240398,279.873186717764,282.86160845066814
0.036683417085427134,,,,,,,3.3506738884794805e-26,4.354657194502795e-22,5.300542617239536e-19,1.3306067445634516e-16,1.1061989255529425e-14,4.1168514507677933e-13,8.385104898978916e-12,1.0741771523816637e-10,9.559152841664422e-10,6.3559982334757754e-09,3.335051807789762e-08,1.4398759250850853e-07,5.284054395045103e-07,1.6911162667016937e-06,4.8179139117124e-06,1.2423421401417832e-05,2.9391721085161854e-05,6.451912786530435e-05,0.00013264676702761248,0.00025743298724039863,0.00047476683638192796,0.0008367707026126512,0.0014162897831727886,0.002311724144888769,0.0036520297218480277,0.00560169945968388,0.008365534831702362,0.01219302950643795,0.017382208484242177,0.02428279455841972,0.03329860650067433,0.04488912721403799,0.059570212996329905,0.07791394531006704,0.10054765289896203,0.12815215405469446,0.1614592860619348,0.20124880140021228,0.2483447184589732,0.30361121878430014,0.3679481837675518,0.44228646179215875,0.5275829527443965,0.6248155910183751,0.7349783011888447,0.8590759928204431,0.9981196527925925,1.1531215853421442,1.325090842000913,1.5150288759157216,1.7239254478042922,1.9527548041411928,2.2024721421495848,2.4740103703527385,2.768277170091668,3.0861523563950177,3.4284855366305194,3.7960940595167263,4.189761246044446,4.610234891478328,5.058226026101146,5.53440792121458,6.039415326070593,6.573843920899059,7.138249970878659,7.733150165920947,8.359021631155658,9.0163020933706,9.705390188985811,10.426645899689955,11.180391102379852,11.966910220714261,12.786450966204537,13.639225157527687,14.52540960732028,15.445147066590048,16.39854721740532,17.38568770530825,18.406615203584895,19.461346502045423,20.549869613758432,21.672144893632016,22.82810616340449,24.017661838045786,25.24069604916709,26.497069761440937,27.78662187850523,29.10917033524481,30.464513173661732,31.85242960000684,33.27268102114344,34.72501205822069,36.20915153638835,37.72481344913601,39.271697896461674,40.84949199579709,42.4578707653623,44.09649797934921,45.7650269947351,47.463101549471325,49.1903565322811,50.94641872381253,52.7309075096551,54.54343556533936,56.383609513746755,58.25103055537875,60.14529507200213,62.065995204294886,64.0127194041469,65.98505296237055,67.98257851267603,70.00487651264643,72.05152570304666,74.12210354601464,76.21618664364048,78.33335113789019,80.47317309314008,82.63522886254857,84.81909543953012,87.02435079551461,89.2505742054141,91.49734656163876,93.76425067810483,96.05087158505326,98.35679681565254,100.68161668516143,103.02492456334795,105.38631714038253,107.76539468726564,110.16176130994262,112.57502519808098,115.00479886790967,117.45069939902424,119.91234866481909,122.38937355607656,124.88140619717822,127.38808415434393,129.9090506352525,132.44395467937085,134.99245133831928,137.55420184560006,140.12887377505737,142.71614118747226,145.3156847647526,147.92719193124373,150.5503569617715,153.18488107608962,155.83047251951245,158.48684662958712,161.1537258887566,163.83083996314932,166.51792572696,169.21472727446496,171.92099591702996,174.6364901683041,177.36097571630626,180.09422538346445,182.83601907503254,185.58614371645,188.3443931802414,191.11056820308215,193.8844762936767,196.66593163211098,199.45475496134853,202.25077347154155,205.05382067782946,207.86373629228288,210.68036609064683,213.50356177451744,216.33318082956723,219.1690863804165,222.01114704272157,224.85923677302554,227.71323471689118,230.57302505580998,233.43849685336525,236.30954390093288,239.18606456386263,242.06796162745445,244.95514214437117,247.84751728281512,250.74500217622415,253.64751577464236,256.55498069800865,259.46732309158335,262.3844724837233,265.30636164613736,268.23292645681744,271.1641057657485,274.09984126351713,277.0400773529176,279.9847610236233,282.93384173000476,285.88727127212366
0.03768844221105527,,,,,,,1.8772417247389804e-25,1.8951347481609117e-21,1.9086663493793668e-18,4.134915347565337e-16,3.055314405397706e-14,1.0325276400271473e-12,1.940617015509661e-11,2.3225876623398068e-10,1.949843625765662e-09,1.2326045379265436e-08,6.187920766323149e-08,2.5693777761134704e-07,9.107790811492565e-07,2.825836754221709e-06,7.82902517485283e-06,1.968428657839795e-05,4.551248814692653e-05,9.783367257003319e-05,0.00019731025289521293,0.00037621667944716684,0.000682599228495676,0.0011850277540866024,0.0019777874977844638,0.0031863191745438945,0.004972692644112827,0.007540894032850664,0.011141716605118842,0.01607706902548258,0.022703547240887172,0.031435154275209994,0.04274509230979947,0.057166590636177315,0.0752927692118,0.09777556912406987,0.12532380740472326,0.1587004340031371,0.19871908340768404,0.2462400227821455,0.3021656031430008,0.3674353207283833,0.443020593036094,0.5299193487428275,0.6291505235400319,0.7417485454255077,0.8687578836951096,1.0112277262222025,1.1702068399428536,1.346738660055548,1.541856644515124,1.756579922060669,1.9919092544254264,2.2488233265071655,2.5282753722267617,2.831190138498691,3.1584611852111966,3.510948515274925,3.889476525640216,4.294832267619017,4.7277640028343075,5.188980039585816,5.679147833354492,6.198893334407904,6.74880056510296,7.329411409347797,7.9412255967885885,8.58470086459028,9.260253280116334,9.96825770841825,10.709048409046078,11.482919747505811,12.29012700742297,13.130887290262802,14.005380490402484,14.913750334004796,15.856105471159562,16.832520611425316,17.84303769377222,18.88766708266073,19.966388782728217,21.079153665259707,22.225884700243167,23.406478188514093,24.620804988971646,25.868711736492973,27.15002204662784,28.464537703648467,29.812039829001723,31.192290027448912,32.605031508965695,34.04999018414762,35.52687573194873,37.03538263819746,38.57519120405267,40.14596852351413,41.747369429490185,43.379037408004585,45.04060548034461,46.73169705312477,48.451926736224955,50.20090112902523,51.97821957501428,53.78347488532641,55.61625403166044,57.47613880917452,59.36270647002794,61.275530328312236,63.21418033722586,65.17822363937431,67.16722509120903,69.18074776271266,71.21835341329837,73.27960294553145,75.36405683753786,77.47127555572945,79.60081994913813,81.75225162678876,83.92513331952752,86.11902922768176,88.33350535599928,90.56812983687267,92.82247324345929,95.09610889334093,97.3886131438964,99.69956568007376,102.02854979518096,104.3751526651802,106.73896561647949,109.11958438794079,111.51660938617421,113.92964593461126,116.35830451561937,118.80220100530961,121.26095690041252,123.73419953660925,126.2215622975846,128.72268481408108,131.2372131522125,133.76479999030389,136.30510478356123,138.85779391592325,141.4225408385048,143.99902619412705,146.5869379275015,149.185971380741,151.79582937395404,154.41622227079205,157.04686802890623,159.68749223537486,162.33782812725858,164.99761659761168,167.6666061867084,170.3445530605244,173.0312209742818,175.72638122426525,178.429812586845,181.1413012459352,183.86064070944857,186.58763171545783,189.32208212877538,192.06380682868556,194.81262758856852,197.56837294814852,200.33087807910405,203.09998464475638,205.8755406545437,208.65740031396862,211.44542387067668,214.23947745731073,217.03943293174623,219.8451677152891,222.65656462938585,225.4735117313639,228.2959021496862,231.12363391917341,233.95660981661555,236.7947371971578,239.63792783179,242.4860977464813,245.33916706261724,248.19705984003653,251.0597039219371,253.92703078233671,256.7989753764532,259.6754759934043,262.55647411251795,265.44191426183636,268.33174388118925,271.22591318723994,274.1243750425455,277.02708482789274,279.93400031808716,282.8450815612109,285.76029076137144,288.679592164937
0.03869346733668341,,,,,,,9.611127828825037e-25,7.63644336812479e-21,6.426562297398314e-18,1.2107287202549688e-15,8.00020918581754e-14,2.4673845525321345e-12,4.297175492707122e-11,4.821859276091165e-10,3.830376649414753e-09,2.308154297747355e-08,1.1111821964232452e-07,4.4464067557978527e-07,1.5251737987380453e-06,4.5949527078141e-06,1.2397855920129784e-05,3.0433945821423414e-05,6.88516471206783e-05,0.00014509065544150075,0.0002873342910345527,0.0005387603586736331,0.0009625054100760856,0.001647189251011155,0.0027127929874348694,0.0043166499564222865,0.006659296198972277,0.009989934450689672,0.01461128966907407,0.020883670475376124,0.02922809485888009,0.04012838566144494,0.05413218799893543,0.07185090401552205,0.09395857823087225,0.12118979807724162,0.15433669857494997,0.1942451775444572,0.24181043877317288,0.29797198586912993,0.3637081900040796,0.4400305512772399,0.5279777669153227,0.6286097107777904,0.7430014183999643,0.8722371607047645,1.0174046780678903,1.1795896350476858,1.3598703451094558,1.5593128043136109,1.7789660633814757,2.0198579588589998,2.282991216364727,2.5693399321274586,2.879846433138456,3.215418511302488,3.5769270228116605,3.965203840630687,4.381040145282165,4.82518503711903,5.298344451745284,5.801180359246728,6.334310227315336,6.8983067280743535,7.493697668491377,8.120966124549048,8.780550759805045,9.472846309701191,10.198204213641187,10.956933377801336,11.749301052516785,12.575533809047991,13.43581860152824,14.330303900883665,15.259100888422143,16.222284697892665,17.21989569559243,18.251940789100303,19.318394756034756,20.419201585062,21.554275822182106,22.72350391594246,23.926745556137952,25.16383500090673,26.434582387963683,27.738775026137002,29.07617866393147,30.446538732258496,31.849581558980592,33.28501555326385,34.752532358001154,36.25180796910662,37.78250382050766,39.34426783425293,40.936735434917345,42.55953052825581,44.21226644379851,45.89454684149415,47.60596658247126,49.34611256447392,51.114564522051005,52.91089579235655,54.734674047023184,56.585461990899404,58.462818028460745,60.3662968988145,62.295450280288854,64.2498273656974,66.22897540946173,68.23244024788019,70.25976679372708,72.31049950702682,74.38418284290734,76.4803616785932,78.59858172085083,80.73838989555784,82.89933472097081,85.08096666623227,87.28283849656574,89.50450560660035,91.74552634296157,94.00546231733858,96.28387871090062,98.58034457083576,100.89443309956778,103.22572193701923,105.57379343614414,107.93823493146006,110.31863900096536,112.71460372036832,115.12573290970582,117.55163637149684,119.99193011980826,122.44623659947705,124.91418489469255,127.39541092615117,129.88955763597272,132.39627515962889,134.91522098417002,137.44606009211253,139.98846509042622,142.5421163241603,145.10670197434118,147.68191813989148,150.26746890342383,152.863066380874,155.46843075504623,158.08329029325517,160.7073813493332,163.34044835038137,165.9822437687107,168.63252807953066,171.2910697048969,173.95764494468546,176.63203789524968,179.31404035646304,182.00345172795363,184.7000788953137,187.40373610708266,190.11424484331476,192.83143367652497,195.55513812582063,198.28520050499304,201.0214697653311,203.7638013339024,206.51205694800444,209.2661044864799,212.02581779853574,214.79107653069292,217.56176595243906,220.33777678114217,223.11900500671993,225.90535171655364,228.69672292107313,231.49302938042203,234.2941864325668,237.10011382318473,239.91073553763704,242.72597963534753,245.54577808641767,248.37006661197938,251.1987845262583,254.03187458278057,256.86928282346565,259.7109584311959,262.5568535858886,265.4069233241478,268.26112540255326,271.11942016463064,273.98177041153065,276.8481412764315,279.718500102667,282.592816325572,285.4710613580273,288.35320847967586,291.23923272977663
0.03969849246231158,,,,,,,4.5272875829695565e-24,2.865614268186773e-20,2.033538818256737e-17,3.355242610357933e-15,1.9938895522052385e-13,5.638154381917505e-12,9.134122914815645e-11,9.640847613261026e-10,7.2670253567771284e-09,4.184394332709834e-08,1.9358604342304687e-07,7.479142078941263e-07,2.486622015511231e-06,7.2852736856890855e-06,1.916895151827922e-05,4.599772196490553e-05,0.0001019333486982348,0.0002107879731343496,0.0004102808398538095,0.000757142825142167,0.001332924096795006,0.002250289478945331,0.0036595370457607923,0.005755051749488808,0.008781407130725753,0.013038851004470975,0.018887950327968972,0.026753220434905123,0.03712561886600097,0.050563839297395836,0.06769439283540761,0.089210509466421,0.11586993034619647,0.14849169099129195,0.18795201653342727,0.23517946346383448,0.2911494486512545,0.35687830692249384,0.43341701426853324,0.5218447058809541,0.6232621077477947,0.7387849883403708,0.8695377237672246,1.0166470562843972,1.1812361127273436,1.3644187366450977,1.5672941759349621,1.7909421567993564,2.03641836493984,2.3047503461544436,2.5969338309139443,2.9139294809607255,3.256660050568889,3.6260079505911817,4.022813199877604,4.447871745847933,4.901934133944886,5.3857045042462355,5.8998398926047555,6.444949813237385,7.021596099598258,7.630292980655698,8.271507370134579,8.945659347077347,9.653122806859695,10.3942262628444,11.169253779890296,11.97844602207285,12.822001398105032,13.700077289154455,14.61279134480048,15.560222834180607,16.542414040285564,17.559371686542477,18.61106838585109,19.697444103076133,20.81840762308044,21.97383801710311,23.163586101176747,24.387475880959588,25.64530597810531,26.93685103390085,28.26186308649842,29.620072918627294,31.011191373099635,32.4349106339671,33.890905471595815,35.37883445006218,36.8983410960031,38.449055028020226,40.030593046126825,41.64256018099168,43.28455070288663,44.956149090458204,46.65693095963955,48.38646395302313,50.144308590443124,51.93001908125305,53.74314409920555,55.58322752078214,57.44980912796868,59.342425276562366,61.260609531190056,63.20389326831976,65.17180624863384,67.16387716024917,69.1796341343586,71.21860523480106,73.28031892355722,75.36430450359515,77.47009254106625,79.59721526855303,81.74520697112993,83.91360435692647,86.10194691379036,88.30977725345845,90.53664144473328,92.78208933649213,95.04567487177339,97.32695639348746,99.62549694232366,101.94086454713778,104.27263250790288,106.6203796711604,108.98369069741855,111.3621563205771,113.75537359814393,116.16294615198234,118.58448439863045,121.01960576838842,123.46793491231539,125.9291038962812,128.40275238124627,130.88852778900656,133.38608545269184,135.89508875141325,138.41520922854525,140.9461266932467,143.487529304935,146.03911364055566,148.60058474460396,151.1716561619819,153.75204995388376,156.341496697016,158.93973546655423,161.54651380334218,164.16158766590513,166.7847213679431,169.4156875020097,172.05426685018207,174.70024828239247,177.35342864350963,180.01361262981192,182.68061265580548,185.35424871227025,188.03434821639843,190.7207458548823,193.41328342080092,196.11180964512815,198.81618002365204,201.5262566400785,204.24190798604192,206.96300877872304,209.6894397767265,212.42108759483966,215.1578445182473,217.89960831673736,220.64628205940193,223.39777393028066,226.15399704537737,228.9148692714167,231.68031304669876,234.45025520434956,237.22462679825085,240.00336293188707,242.78640259032042,245.57368847550498,248.36516684503363,251.16078735453402,253.96050290375925,256.7642694864889,259.57204604430274,262.38379432427774,265.19947874063814,268.01906624038185,270.8425261728847,273.66983016346984,276.50095199093204,279.33586746897834,282.17455433155203,285.0169921219914,287.86316208597225,290.71304706817114,293.56663141259145
0.04070351758793972,,,,,,,1.974070647059334e-23,1.0066560622376272e-19,6.074631390571301e-17,8.835660285649352e-15,4.746945804943812e-13,1.2359822007189436e-11,1.8692920937899957e-10,1.861466418963978e-09,1.3348620315765076e-08,7.361055035148771e-08,3.279108512931084e-07,1.2252938422076735e-06,3.954716250895957e-06,1.1283000527738908e-05,2.8986979301140258e-05,6.80698514178715e-05,0.0001479114967918551,0.00030042814429424457,0.000575220570145146,0.001045588258787061,0.0018151955851757394,0.003025107192104153,0.004860870083098742,0.00755931091134249,0.011414735591472597,0.016784258974146767,0.024092047901370452,0.033832324453501324,0.04657104135664302,0.06294620336251132,0.08366686339207052,0.10951086817502642,0.1413214640278898,0.18000289923919952,0.22651517589223163,0.28186811191258576,0.3471148749791746,0.42334514506362947,0.51167805311988,0.6132550310754408,0.7292326938909863,0.8607758589554146,1.0090507923519099,1.175218755684999,1.3604299128676713,1.5658176417248815,1.792493283199948,2.0415413494028507,2.3140152018867477,2.6109332030165087,2.9332753360315045,3.281980283458187,3.6579429486311645,4.062012401307087,4.49499022542527,4.957629244993387,5.450632602681839,5.974653164916266,6.530293226978072,7.118104491725578,7.738588296065118,8.392196059985581,9.079329933964503,9.800343621640428,10.555543355887984,11.345189007710069,12.169495308731214,13.028633169402477,13.922731076444803,14.851876554285898,15.816117676692887,16.815464615902435,17.84989121785915,18.919336593231954,20.023706715073633,21.162876014781773,22.336688969216844,23.544961672530725,24.787483387128,26.06401806893848,27.374305862852832,28.718064564801136,30.09499104755415,31.504762647733518,32.94703851224216,34.421460902381796,35.927656454675876,37.46523739745494,39.03380272375769,40.63293931360442,42.262223025436846,43.92121972407735,45.609486278392055,47.32657150959027,49.072017097242,50.845358443216725,52.64612549416353,54.47384352378925,56.32803387604724,58.208214670505974,60.11390147128704,62.04460792105368,63.999846342419346,65.97912830306608,67.98196516253297,70.00786857565993,72.05635098133527,74.12692606278308,76.21910918631293,78.33241782002895,80.46637193432316,82.6204943860008,84.79431128775765,86.98735236457884,89.19915129832435,91.42924606200575,93.67717924411689,95.94249836429067,98.22475618039634,100.52351098740597,102.8383269080036,105.16877417471962,107.51442940322514,109.87487585597346,112.24970369601446,114.63851022954718,117.04090013677785,119.45648569000323,121.88488695804637,124.3257319961492,126.77865702049074,129.2433065665627,131.7193336307348,134.2063997944491,136.7041753305912,139.21233929172823,141.73057958002806,144.25859299880617,146.79608528578194,149.3427711282478,151.89837416048007,154.4626269438289,157.03527093002444,159.61605640833739,162.20474243729663,164.80109676175144,167.40489571610715,170.01592411461843,172.63397512965594,175.25885015888312,177.89035868221993,180.52831810972842,183.17255362115404,185.82289799817363,188.47919145023357,191.14128143486423,193.80902247332466,196.48227596240062,199.1609099831395,201.8447991072571,204.53382420192852,207.22787223360453,209.92683607147606,212.63061429115143,215.3391109790641,218.0522355380992,220.76990249486735,223.4920313090279,226.21854618501536,228.94937588648455,231.68445355375843,234.4237165245264,237.1671061580036,239.91456766273893,242.66604992822312,245.42150536042766,248.1808897213796,250.94416197284968,253.71128412421606,256.4822210845449,259.25694051890997,262.0354127089601,264.8176104177276,267.6035087586587,270.393085068833,273.1863187863378,275.9831913317356,278.7836859935838,281.5877878179234,284.3954835016858,287.2067612899258,290.0216108768146,292.84002331030314,295.6619909003725
0.04170854271356786,,,,,,,8.012025016157823e-23,3.3260052136958717e-19,1.7201186215604653e-16,2.2190330181454668e-14,1.0830488808485705e-12,2.6069650398173956e-11,3.692959103687636e-10,3.4793654948037936e-09,2.3793855114886633e-08,1.2592180447869793e-07,5.411062480123971e-07,1.958719308962923e-06,6.145896356651111e-06,1.709712961364999e-05,4.293657307858516e-05,9.87746368819858e-05,0.00021065460310398988,0.0004206241915461141,0.000792849212290761,0.0014205719763375941,0.002433623419258606,0.004006136302165934,0.0063640818460424155,0.009792262121092016,0.014640429553600719,0.021328264847777955,0.030349016674916747,0.04227168266010475,0.05774168487372771,0.07748005940318912,0.10228123563291082,0.1330095250163034,0.1705944655260998,0.2160252338686508,0.27034418927486614,0.33463993159568745,0.4100398545784121,0.4977024818196612,0.5988096998751758,0.7145590315018653,0.8461560682321202,0.9948071629990385,1.1617124654154123,1.3480593650517116,1.555016392082396,1.7837276101458883,2.035307523386722,2.3108365083868563,2.611356772094948,2.9378688287756063,3.291328482419474,3.6726442957316796,4.082675522762797,4.522230479179096,4.992065322066031,5.492883209826301,6.025333812070018,6.590013139303202,7.187463662536827,7.818174693721082,8.482582998832353,9.181073616731611,9.91398085823914,10.681589461413248,11.48413588051587,12.32180968779016,13.194755068706767,14.103072392985851,15.046819845113227,16.02601509968728,17.04063702822089,18.09062742544728,19.175892744422253,20.296305830894998,21.451707648559204,22.64190898777802,23.866692151413073,25.125812612164776,26.419000636714223,27.74596287231798,29.106383894863917,30.49992770864981,31.92623920729513,33.384945582615956,34.875657686938716,36.39797134585059,37.95146862115821,39.53571902367889,41.150280676222586,42.79470142674902,44.46851991237781,46.171266574890936,47.9024646284851,49.661630980984434,51.4482771093122,53.261909890747205,55.10203239117874,56.96814461187884,58.85974419638562,60.776327099210725,62.71738821819448,64.68242199244678,66.6709229679037,68.68238633265086,70.71630842401701,72.77218721011057,74.84952274733197,76.94781761666856,79.06657734053366,81.20531078225042,83.36353053000754,85.54075326693537,87.73650012871319,89.95029705004296,92.18167510048869,94.43017081104544,96.69532649113364,98.9766905365713,101.27381772827832,103.58626952139437,105.91361432430911,108.25542776695974,110.61129295733434,112.98080072586498,115.3635498560552,117.75914730089204,120.16720838387579,122.58735698381521,125.01922570254962,127.46245601486724,129.91669839999344,132.3816124541552,134.85686698386445,137.34214007971028,139.83711917057965,142.34150105838907,144.85499193353726,147.3773073714237,149.90817231050107,152.44732101244313,154.9944970051073,157.54945300906246,160.11195084852653,162.6817613476167,165.25866421286824,167.84244790301128,170.4329094870206,173.02985449146274,175.6330967381789,178.24245817330961,180.8577686886471,183.47886593640197,186.10559513820382,188.7378088893384,191.37536695908068,194.0181360879638,196.665989782778,199.31880811004763,201.97647748868135,204.63889048244894,207.30594559288153,209.97754705314927,212.65360462342176,215.33403338816507,218.01875355579284,220.70769026103642,223.40077337036678,226.09793729075028,228.79912078199928,231.50426677292268,234.21332218146912,236.9262377390115,239.64296781889817,242.36347026936897,245.08770625091034,247.81564007810445,250.5472390659986,253.28247338101482,256.02131589639356,258.7637420521568,261.50972971955554,264.25925906996605,267.0123124481785,269.76887425001325,272.5289308042064,275.2924702584764,278.0594824696984,280.82995889809666,283.6038925053668,286.38127765663336,289.1621100261465,291.94638650662404,294.7341051221346,297.5252649444292
0.042713567839196,,,,,,3.44253273861684e-27,3.0418922972744105e-22,1.037984337438712e-18,4.634213368418315e-16,5.332367709822747e-14,2.3750641330654837e-12,5.3046521499006846e-11,7.060057176668914e-10,6.309764799594244e-09,4.124123877489196e-08,2.0986552170912052e-07,8.714135617031799e-07,3.0603305065045996e-06,9.347518785442341e-06,2.538512507147889e-05,6.238410837208002e-05,0.00014072740163499514,0.0002948253052968573,0.0005791907533350852,0.0010755742857576414,0.001900875610804624,0.0032154583398868986,0.005231446225514549,0.008220574179169713,0.01252120025057314,0.018544146488118904,0.026777116563273706,0.03778752599410357,0.05222366807047467,0.07081421862364023,0.0943661512842234,0.12376118954521652,0.15995096215393756,0.20395105464430127,0.25683416376063084,0.319722564526555,0.3937800945614612,0.4802038483627543,0.5802157574196868,0.6950542130454423,0.8259658673134864,0.9741977262041798,1.1409896279243463,1.3275671793785457,1.535135205284422,1.7648717477298772,2.0179226392086367,2.2953966593721433,2.5983612748725777,2.9278389526292825,3.2848040295266534,3.670180115740653,4.084838004502576,4.529594057887927,5.005209036072589,5.5123873362389055,6.0517766067884775,6.623967702640858,7.229494947951294,7.868836673652131,8.542415998423214,9.250601823301356,9.993710011746384,10.772004728841772,11.585699915051485,12.434960871892581,13.319905938637927,14.240608241076846,15.197097494948077,16.189361848500834,17.21734975009415,18.280971828315682,19.380102773504888,20.514583211327878,21.6842215564799,22.888795849073723,24.128055550568735,25.401723310469574,26.709496689139545,28.05104983591244,29.426035121182746,30.83408471306077,32.27481210824392,33.7478136040693,35.25266971776278,36.78894655001399,38.35619709297625,39.953962482781165,41.58177319695846,43.23915019734834,44.92560601932106,46.64064580831199,48.38376830475779,50.15446677886424,51.95222991650567,53.7765426579222,55.62688699087806,57.502742700120464,59.403588075098604,61.3289005780236,63.278157474468756,65.25083642881316,67.24641606692327,69.26437650853168,71.3041998716465,73.36537075184536,75.44737667827059,77.54970854915281,79.67186104874003,81.81333304768704,83.9736279886388,86.15225425849435,88.34872554854664,90.56256120351296,92.79328655976276,95.04043327358602,97.30353963902233,99.58215089535551,101.87581952372578,104.18410553224612,106.50657672882669,108.84280898086318,111.1923864605297,113.55490187530542,115.92995668188898,118.31716128318877,120.71613520717581,123.1265072668743,125.54791570079225,127.98000829324074,130.42244247413498,132.874885398025,135.3370140022649,137.8085150443788,140.28908511885072,142.7784306536858,145.27626788725075,147.7823228260105,150.29633118389583,152.81803830412855,155.34719906442325,157.88357776653856,160.42694801121507,162.97709255957628,165.53380318208505,168.09688049617486,170.66613379366768,173.2413808590852,175.82244777994265,178.40916875009637,181.00138586715465,183.5989489249466,186.20171520204872,188.8095492471946,191.42232266246162,194.03991388502487,196.662207968222,199.28909636262367,201.92047669774175,204.55625256496413,207.1963333022442,209.84063378102948,212.48907419585618,215.1415798570013,217.79808098652435,220.4585125180018,223.12281390020874,225.79092890496557,228.4628054393373,231.13839536233203,233.81765430622596,236.50054150259882,239.18701961315665,241.87705456538083,244.57061539302543,247.26767408147177,249.9682054179215,252.67218684640548,255.37959832755868,258.0904222031158,260.8046430650558,263.5222476293262,266.24322461406496,268.96756462222845,271.69526002853723,274.42630487063843,277.16069474438336,279.89842670311447,282.63949916086153,285.38391179932654,288.13166547856275,290.88276215122835,293.63720478030933,296.3949972602047,299.1561443410618
0.04371859296482414,,,,,,1.5957850138088777e-26,1.0852577042408432e-21,3.07156969621482e-18,1.1918757858458761e-15,1.2296939503108947e-13,5.019377600224252e-12,1.0438073892472023e-10,1.3089682601053437e-09,1.1124161570972046e-08,6.963745073504539e-08,3.413566466660503e-07,1.3717601283325163e-06,4.680378230690242e-06,1.3933531229858314e-05,3.698024935738798e-05,8.902000436107483e-05,0.0001970926191687857,0.00040595029429552754,0.0007852142750542261,0.0014375641541767438,0.002507582093007724,0.00419079407418658,0.006742421751001053,0.010485378428121334,0.015817101836009546,0.023214902225705318,0.0332396041094919,0.04653736237022455,0.06383962958600646,0.08596133517530077,0.1137974048861924,0.14831779993922098,0.1905612892242196,0.24162818670082253,0.3026722920130033,0.37489226743937765,0.45952267142863146,0.5578248502891798,0.6710778672225274,0.8005696235318337,0.9475883018992619,1.1134142371623927,1.2993122968517463,1.5065248323596754,1.7362652423783915,1.9897121732934373,2.268004366615498,2.5722361511944465,2.9034535677888127,3.2626511053753386,3.65076902219277,4.068691219726269,4.5172436344320985,4.997193109801128,5.509246710164097,6.054051437279416,6.632194311084919,7.2442027768335855,7.890545402197788,8.571632829463958,9.287818949869292,10.03940226906636,10.826627434896965,11.649686900691758,12.508722699558142,13.403828307130297,14.335050572448468,15.302391698412766,16.305811255349298,17.345228212840574,18.42052297673438,19.53153941977273,20.678086895729436,21.85994222830081,23.076851667146762,24.328532804751998,25.614676448594487,26.934948444206025,28.28899144511124,29.67642662907301,31.09685535141638,32.54986074547103,34.035009257326465,35.55185212125075,37.099926773241414,38.67875820314598,40.28786024574801,41.926736812580636,43.59488305833703,45.2917865041406,47.01692808384766,48.76978314996329,50.54982241988772,52.35651287114369,54.18931858663584,56.04770155198974,57.931122407203645,59.8390411549753,61.770917828192765,63.72621311918924,65.70438897344643,67.70490915048721,69.7272397547466,71.77084973897213,73.83521138321129,75.9198007513452,78.02409812796301,80.14758843745521,82.28976164723214,84.4501131566035,86.62814417254276,88.82336207321403,91.03528075993343,93.26342099748477,95.50731074327656,97.76648546446309,100.04048844281928,102.32887106649012,104.63119310773915,106.94702298569642,109.27593801310177,111.61752462567487,113.9713785937949,116.33710521450145,118.71431948378839,121.10264624798754,123.50172033374784,125.91118665613263,128.33070030453726,130.75992660630658,133.19854116809793,135.64622989520535,138.1026889892259,140.56762492458589,143.04075440460886,145.5218042978948,148.01051155591546,150.506623112816,153.00989576847812,155.52009605597308,158.03700009456813,160.5603934294792,163.09007085958092,165.62583625428232,168.16750236077132,170.71489060280592,173.26783087220826,175.82616131416978,178.38972810744548,180.95838524045655,183.53199428428266,186.11042416340183,188.69355092515212,191.28125750859124,193.87343351355773,196.4699749705912,199.07078411233962,201.67576914701215,204.2848440343828,206.89792826480382,209.51494664162243,212.13582906736187,214.7605103339683,217.38892991738823,220.02103177669835,222.6567641579763,225.29607940305453,227.93893376328012,230.5852872183692,233.23510330040813,235.88834892304754,238.54499421589387,241.2050123640963,243.868379453106,246.53507431855994,249.20507840124358,251.87837560705896,254.55495217192475,257.23479653151946,259.9178991957722,262.6042526280047,265.29385112861314,267.98669072317904,270.6827690549012,273.382085281224,276.08463997454805,278.7904350269036,281.4994735584654,284.21175982978923,286.9272991576514,289.6460978343744,292.3681630505154,295.0935028208124,297.8221259132666,300.55404178125156
0.04472361809045228,,,,,,6.898176168010174e-26,3.653389334055772e-21,8.648768965672352e-18,2.935269963927159e-15,2.728760470902697e-13,1.0247532561208547e-11,1.9905472505573453e-10,2.3583059382203387e-09,1.9100921197179686e-08,1.1474382267995844e-07,5.427264431732158e-07,2.113859857684335e-06,7.016190565638793e-06,2.0381440428901303e-05,5.291971260655652e-05,0.00012489982209081354,0.00027163620459126213,0.0005504760288449882,0.0010490959029979374,0.001894751408420334,0.0032640012944898616,0.005392365515772782,0.008583373812308153,0.013216511050554013,0.019753653303005197,0.028743699067083395,0.04082521850544383,0.05672705819045656,0.07726694098018265,0.10334818511709049,0.13595473110418144,0.17614470931211237,0.22504280711966232,0.283831704164973,0.35374284092337765,0.4360467723561961,0.5320433376573359,0.6430518516935517,0.7704014957510174,0.9154220563751667,1.0794351327654759,1.2637459063236385,1.4696355412099034,1.6983542625402706,1.9511151393556774,2.2290885827485867,2.5333975554772783,2.865113477872609,3.2252528056469614,3.6147742481117615,4.034576590062313,4.485497076934569,4.968310320560967,5.483727681718588,6.032397085468512,6.614903225868906,7.231768117790333,7.883451955263768,8.570354237657014,9.292815127354249,10.05111700479854,10.845486189403337,11.676094797165495,12.543062708393713,13.4464596212784,14.386307169491873,15.362581084046973,16.37521338195766,17.42409456606636,18.50907582234923,19.629971202695398,20.78655978275161,21.978587785896902,23.20577066566784,24.467795140329468,25.764321174171595,27.094983901264627,28.459395488213303,29.857146933267895,31.28780979979065,32.75093788286139,34.24606880811836,35.772725562576554,37.3304179575574,38.91864402421436,40.53689134236838,42.18463830380643,43.86135531128858,45.566505914788515,47.29954788669375,49.05993423772305,50.8471141758195,52.660534009986826,54.499638001579946,56.36386916618013,58.2526700240918,60.1654833161881,62.10175266482886,64.06092320606663,66.04244218228044,68.04575950294878,70.07032827594742,72.11560531211623,74.18105160623486,76.26613279641421,78.37031960458357,80.49308825980923,82.63392090610535,84.792305995965,86.96773867048022,89.15972112654977,91.36776297133297,93.59138156377772,95.8301023427887,98.08345914133403,100.350994485632,102.63225987839844,104.9268160650608,107.234233281804,109.55409148438501,111.88598055633092,114.22950049636289,116.58426158299808,118.94988451670618,121.32600053849922,123.7122515247833,126.10829005828965,128.51377947510534,130.92839388801923,133.35181818657352,135.7837480143759,138.22388972438569,140.67196031302223,143.12768733405696,145.5908087933783,148.06107302576595,150.53823855490586,153.02207393791363,155.51235759566913,158.00887763027742,160.51143163097873,163.01982646981133,165.53387808831542,168.05341127652972,170.57825944548807,173.10826439438327,175.64327607350006,178.18315234397187,180.7277587353417,183.27696820185372,185.83066087833726,188.3887238364428,190.95105084200418,193.51754211415738,196.0881040868083,198.66264917299952,201.2410955326437,203.82336684405306,206.4093920796253,208.9991052860041,211.59244536899234,214.18935588343254,216.78978482824826,219.39368444679255,222.0010110326139,224.611724740722,227.22578940441042,229.84317235765386,232.4638442630884,235.0877789455567,237.71495323117801,240.34534679189252,242.97894199540764,245.6157237604719,248.2556794173779,250.89879857359858,253.54507298444398,256.19449642862844,258.8470645886217,261.50277493566375,264.1616266193153,266.8236203614105,269.4887583542867,272.15704416315424,274.82848263247564,277.50307979622437,280.1808427918908,282.86177977810837,285.5458998557696,288.2332129925123,290.92372995044684,293.61746221701026,296.31442193882754,299.01462185846475,301.71807525396616
0.04572864321608042,,,,,,2.7933253343578915e-25,1.1648227976117705e-20,2.3246559029788442e-17,6.941171725856924e-15,5.841043377027528e-13,2.0255200445744146e-11,3.686160787400497e-10,4.1362398664095694e-09,3.1995865228143173e-08,1.8478006856065333e-07,8.44646305934986e-07,3.1929504555629793e-06,1.0322057203071433e-05,2.929010987960781e-05,7.447256189165614e-05,0.00017248211060569743,0.0003687686041285495,0.0007358053184744155,0.0013825605742768445,0.0024647827352748115,0.004195517726407789,0.006855240799892306,0.010801013877320945,0.016474162561819168,0.024406084662567624,0.03522193641286423,0.04964207763144844,0.06848128091560444,0.09264581480433515,0.12312859276531514,0.16100263795078865,0.2074131492534419,0.2635684699857401,0.33073025994124866,0.41020315832249316,0.5033242025418946,0.6114522393633316,0.7359575329212058,0.8782117409856676,1.0395783980975526,1.2214040130833472,1.4250098597957155,1.6516845142170566,1.9026771685493384,2.17919173364732,2.4823817250544886,2.8133459147676168,3.1731247204580546,3.562697295911541,3.982979280636605,4.434821162642654,4.919007205958674,5.436254893428608,5.987214835260474,6.572471094666282,7.192541883330707,7.847880582158653,8.53887704273147,9.265859132273203,10.0290944817775,10.828792404563513,11.665105952963103,12.538134084400484,13.447923910716447,14.3944730071528,15.377731761101431,16.39760573858968,17.453958057862813,18.546611749908905,19.675352096948085,20.839928937010633,22.040058925643386,23.275427747008486,24.545692268088192,25.850482630695694,27.189404277519166,28.56203990669847,29.967951359390945,31.40668142725268,32.87775559037049,34.38068367815166,35.91496145573784,37.480072135953456,39.07548781775557,40.70067085224052,42.355075137765915,44.03814734581268,45.749328079517625,47.48805296700939,49.253753691724384,51.04585896241492,52.86379542525781,54.70698852106094,56.574863290515815,58.46684513065872,60.38236050582605,62.3208376164776,64.28170702930971,66.26440227207397,68.26836039644303,70.29302251216593,72.33783429534775,74.40224647398628,76.485715292666,78.58770295889195,80.70767807251153,82.84511603953314,84.9994994711678,87.1703185685242,89.35707149301136,91.55926472215522,93.77641339025726,96.00804161307384,98.25368279549484,100.51287992111341,102.78518582248022,105.0701634308391,107.3673860041805,109.67643733253183,111.99691191958861,114.32841513960595,116.67056336955189,119.02298409534474,121.38531599249966,123.75720898095915,126.13832425434984,128.52833428406478,130.926922798756,133.33378474,135.74862619504694,138.17116430770815,140.6011271685434,143.03825368561755,145.48229343713942,147.9330065074095,150.39016330746674,152.8535443818964,155.3229402032353,157.7981509554126,160.27898630762502,162.7652651800195,165.25681550250047,167.7534739679307,170.25508578093002,172.7615044034101,175.2725912979151,177.78821566976646,180.30825420893296,182.8325908324831,185.36111642838063,187.8937286013653,190.43033142151057,192.97083517603255,195.51515612491553,198.06321626071454,200.61494307296414,203.1702693175148,205.72913279107286,208.29147611117523,210.85724650178557,213.4263955846581,215.99887917657392,218.57465709252682,221.15369295490692,223.735954008683,226.32141094259265,228.91003771629423,231.50181139343908,234.09671198058965,236.6947222719055,239.29582769949639,241.90001618933664,244.5072780226268,247.1176057024747,249.73099382576473,252.34743896008607,254.9669395255685,257.5894956814977,260.21510921755424,262.84378344953507,265.47552311941575,268.1103342996024,270.74822430123334,273.3892015863873,276.0332756840568,278.6804571097485,281.33075728857915,283.9841884817259,286.6407637161108,289.30049671718933,291.96340184471813,294.6294940313865,297.2987887241951,299.9713018284686,302.647049654397
0.046733668341708556,,,,,,1.0639663397265294e-24,3.5294612364352157e-20,5.981875432235018e-17,1.5800981926520418e-14,1.2087670962820758e-12,3.883912813343939e-11,6.640635093956307e-10,7.073913357223756e-09,5.236493959912792e-08,2.912220203284643e-07,1.2883978758119457e-06,4.733120552812481e-06,1.491980220052159e-05,4.13977600312041e-05,0.00010316598716795093,0.00023466064716518465,0.0004935750053705821,0.0009703096175386809,0.0017986257311159732,0.0031669076275267654,0.005329352201211581,0.008616399590492579,0.013443785683460522,0.020319715974589408,0.02984980815718426,0.04273960735404812,0.05979462656623232,0.08191799441578573,0.11010589615486686,0.1454410699128555,0.18908466902978227,0.24226682587962908,0.30627625674635517,0.38244923542756404,0.47215823957613706,0.5768005422388838,0.6977869849331025,0.8365311306192058,0.9944389571750595,1.1728992159621239,1.3732745468523568,1.5968934112866746,1.8450428788567184,2.1189622806729402,2.41983772422049,2.7487974493709477,3.106907993364674,3.4951711235462746,3.914521490172627,4.365824947209492,4.8498774864888485,5.367404729565948,5.91906192170899,6.505434373644633,7.127038298478947,7.7843219936753885,8.477667320744661,9.207391438405741,9.973748748162555,10.776933014568309,11.61707962567877,12.494267962444608,13.408523848855433,14.35982205767956,15.3480888493457,16.373204524275586,17.435005971307984,18.53328919720156,19.667811824253103,20.83829554498293,22.044428524582464,23.285867743321205,24.562241272657488,25.873150479884448,27.21817215740236,28.596860573644786,30.008749443588282,31.45335381746859,32.93017188725242,34.43868671052309,35.9783678525178,37.54867294701719,39.149049177469955,40.778934679825575,42.437759869045685,44.12494869135235,45.839919804581434,47.58208768924028,49.3508636929137,51.14565701124303,52.96587560839583,54.81092708056238,56.680219465955524,58.57316200500481,60.489165854519804,62.42764475964403,64.38801568740166,66.36969942554217,68.3721211502236,70.39471096586055,72.43690441993736,74.49814299582144,76.57787458515233,78.67555394206012,80.79064312018558,82.92261189338733,85.07093816046837,87.2351083338629,89.4146177118565,91.60897083361357,93.81768181602935,96.04027467128192,98.27628360379508,100.52525328534962,102.78673910704623,105.06030740692299,107.34553567214947,109.64201271487049,111.94933882103325,114.26712587136666,116.59499743500852,118.93258883461296,121.27954718407858,123.6355313987908,126.00021217914353,128.37327196812612,130.75440488396663,133.14331662896842,135.53972437581265,137.94335663271,140.35395308886584,142.77126444178597,145.195052207996,147.62508851875697,150.0611559023712,152.50304705466047,154.95056459915065,157.40352083847375,159.86173749843903,162.3250454661548,164.79328452352965,167.26630307738773,169.7439578873691,172.22611379270128,174.71264343883982,177.2034270049025,179.69835193273383,182.1973126583593,184.7002103465125,187.20695262883237,189.71745334629085,192.2316322962812,194.74941498480013,197.27073238404492,199.79552069574473,202.32372112042228,204.85527963279628,207.39014676345963,209.92827738693973,212.46963051620483,215.0141691036432,217.56185984854164,220.1126730110062,222.6665822323072,225.22356436156753,227.78359928871578,230.34666978360028,232.91276134115253,235.48186203247295,238.05396236170802,240.62905512857458,243.20713529638277,245.78819986540597,248.37224775144298,250.95927966940923,253.54929802180146,256.1423067918738,258.7383114413639,261.33731881261264,263.93933703491444,266.54437543495123,269.15244445114814,271.76355555180623,274.37772115686465,276.9949545631454,279.6152698729466,282.23868192584524,284.86520623357404,287.49485891785326,290.1276566510441,292.76361659951385,295.40275636958717,298.0450939559791,300.6906476926058,303.3394362056562
0.047738693467336696,,,,,,3.826404248584224e-24,1.0195230547885976e-19,1.4775573189188583e-16,3.470601916677377e-14,2.4233011367517705e-12,7.23784791093319e-11,1.165716550198448e-09,1.1814424016803193e-08,8.384760635976729e-08,4.4976555967413184e-07,1.928482285941514e-06,6.893129365893789e-06,2.12097114489821e-05,5.759936836937961e-05,0.00014080847380013018,0.0003147884248899458,0.0006518287069360343,0.001263311673419029,0.0023115230506630417,0.004021798471757602,0.0066942297696251755,0.010714190465631159,0.016561048638669845,0.024814591280373045,0.03615886123521254,0.05138328371853643,0.07138111793115882,0.09714540038417953,0.12976264562944,0.17040463683126109,0.22031867561517476,0.28081667221945655,0.3532634482551935,0.4390646005186017,0.5396542400916505,0.6564828805421956,0.7910057058255544,0.9446714050175739,1.1189117196427405,1.3151318103275618,1.5347015155430155,1.778947544433307,2.049146620178142,2.3465195688133087,2.672226331091845,3.027361861335733,3.412952866979317,3.8299553350829267,4.2792527872724815,4.76165520172947,5.277898539796132,5.828644815095141,6.414482644442795,7.0359282220985575,7.69342666174522,8.387353653878666,9.118017389852884,9.885660707534889,10.690463417293229,11.532544770770755,12.411966038536319,13.328733166201335,14.28279948195917,15.274068431561629,16.302396319803517,17.367595040173427,18.469434776926377,19.607646666082875,20.78192540394867,21.991931793653833,23.237295221852623,24.517616059339876,25.832467980585882,27.181400198465838,28.56393961149182,29.979592861779587,31.42784830282323,32.908177876727144,34.420038901427084,35.96287576858562,37.53612155357356,39.13919953926392,40.77152465556776,42.43250483715091,44.121542301853516,45.838034753767786,47.58137650653144,49.35095955268299,51.14617454512203,52.96641173192195,54.811061825972494,56.67951682105476,58.57117075750345,60.485420441722056,62.42166612378478,64.37931213724423,66.35776750505472,68.35644651523009,70.3747692695202,72.41216220772276,74.46805861042948,76.54189908131067,78.63313201082445,80.74121402176482,82.86561039700116,85.00579548919637,87.16125311194345,89.33147691140293,91.51597071731197,93.71424887206076,95.92583653644199,98.15026997068198,100.38709678938757,102.63587618918912,104.89617914799888,107.16758859501597,109.44969955083899,111.74211923729546,114.04446715692002,116.35637514191824,118.67748737366367,121.0074603725411,123.34596295959277,125.69267619077085,128.0472932650928,130.40951940808478,132.77907173203158,135.1556790746486,137.53908181786377,139.92903168844654,142.3252915422444,144.72763513378806,147.1358468730122,149.54972157080925,151.9690641750614,154.39368949878633,156.8234219419017,159.25809520807107,161.69755201800416,164.1416438204872,166.590230502333,169.04318009834606,171.5003685023045,173.96167917987046,176.4270028842515,178.89623737534217,181.3692871430038,183.84606313504864,186.3264824904258,188.81046827803047,191.29794924150977,193.78885955033635,196.2831385574134,198.7807305633873,201.28158458780027,203.78565414720637,206.29289704027593,208.8032751399282,211.31675419245983,213.83330362368463,216.35289635194206,218.87550860795665,221.40111976141048,223.9297121541206,226.4612709396846,228.99578392945023,231.5332414446569,234.0736361717165,236.61696304052876,239.16321906548936,241.7124032492908,244.2645164490656,246.81956126485903,249.37754193019887,251.9384642074476,254.50233528776673,257.0691636955181,259.6389591969301,262.2117327128658,264.7874962355273,267.3662627489381,269.9480461530445,272.5328611912931,275.1207233815285,277.711648950075,280.3056547688658,282.9027582954811,285.5029775159729,288.10633089035235,290.7128373006159,293.32251600120594,295.93538657178726,298.5514688722349,301.1707829997436,303.79334924794557
0.048743718592964835,,,,,,1.3037937836302392e-23,2.815564589820074e-19,3.5118381022996205e-16,7.370742350007175e-14,4.7151242586781835e-12,1.3130421626943884e-10,1.996990152266042e-09,1.9295541287391965e-08,1.3151857034980336e-07,6.814617152306968e-07,2.8355366198554573e-06,9.872561185654595e-06,2.968136499226556e-05,7.896248182392899e-05,0.0001895079825380927,0.00041669045728178763,0.0008499834191190032,0.0016250329838070658,0.0029365665248031166,0.005051294644332295,0.008319946454675648,0.013187660506129023,0.02020210725475592,0.03001891214572784,0.04340415212766256,0.061233889900698855,0.0844908741660753,0.11425866245637867,0.15171351347936113,0.19811445019544446,0.2547919175926579,0.32313545616201456,0.4045807895966308,0.5005966891132068,0.612671932182825,0.7423026246505285,0.8909801055657816,1.0601796060289403,1.251349788700967,1.4659032543925516,1.7052080669439182,1.970580317561854,2.2632777248513385,2.584494246633335,2.9353556638818397,3.316916085265408,3.730155312323359,4.17597699976404,4.655207542248519,5.168595617887695,5.7168123191446805,6.3004518035376345,6.920032399182254,7.575998103560608,8.268720417690632,8.998500462025513,9.765571324571468,10.570100596123487,11.41219305166076,12.291893441111192,13.209189356611294,14.164014147168226,15.156249855046552,16.185730151608716,17.252243253189956,18.355534800463456,19.495310687238433,20.671239826840644,21.88295684645461,23.130064701406642,24.412137203221736,25.728721456608536,27.07934020185451,28.463494060237185,29.88066368101921,31.33031178947387,32.81188513602299,34.32481634740572,35.868525681048,37.44242268449181,39.045907762074684,40.67837365129288,42.33920681178722,44.02778873001542,45.743497143037935,47.48570718512647,49.253792461025036,51.04712605026327,52.865081446706995,54.70703343808692,56.572358930169266,58.460437720340686,60.37065322532888,62.30239316764013,64.2550502250473,66.2280226471193,68.22071484234503,70.23253793889256,72.26291032153102,74.31125814637791,76.37701583519714,78.45962654941464,80.55854264436748,82.67322610328331,84.8031489502809,86.94779364129016,89.10665343157109,91.27923271835544,93.46504735706971,95.66362494962388,97.87450510335485,100.0972396593374,102.33139288903438,104.57654165846556,106.83227555937167,109.09819700713626,111.37392130552408,113.65907667864533,115.95330427044871,118.25625811349188,120.5676050668668,122.88702472573996,125.21420930342603,127.5488634878432,129.89070427411846,132.23946077521308,134.5948740125015,136.95669668826227,139.3246929420483,141.69863809288276,144.07831836919087,146.46353062832253,148.8540820674511,151.2497899275539,153.65048119209072,156.0559922818898,158.4661687476761,160.88086496153252,163.2999438085123,165.7232763795016,168.1507416663257,170.5822262599975,173.01762405290336,175.45683594563152,177.8997695590552,180.34633895220264,182.7964643463619,185.25007185580117,187.70709322540966,190.16746557550252,192.63113115399636,195.09803709605708,197.56813519134047,200.04138165885456,202.51773692945835,204.9971654359522,207.479635410744,209.96511869094252,212.45359053086574,214.9450294217297,217.43941691846254,219.9367374734433,222.4369782770174,224.94012910459807,227.44618217018095,229.95513198607517,232.46697522865995,234.98171060996927,237.499338754908,240.01986208390278,242.54328470078775,245.06961228573263,247.59885199302013,250.13101235348282,252.66610318141036,255.20413548575124,257.74512138542303,260.2890740285672,262.836007515569,265.38593682569035,267.9388777471492,270.49484681049597,273.05386122514045,275.61593881888183,278.18109798031173,280.7493576039511,283.32073703800336,285.89525603458935,288.47293470236326,291.0537934613822,293.63785300013694,296.22513423463016,298.8156582694115,301.4094463604736,304.0065198799208
0.049748743718592975,,,,,,4.2223574155207645e-23,7.453303773064986e-19,8.049575641690525e-16,1.516495439436603e-13,8.91945949122062e-12,2.3223970999843194e-10,3.3431278031988137e-09,3.085555731866943e-08,2.0231333823055586e-07,1.0140175626691572e-06,4.099494515608574e-06,1.391808672800448e-05,4.092379652030677e-05,0.00010674025913592723,0.0002516830842133224,0.0005446621854839323,0.0010951399971384527,0.0020665003053692297,0.0036899600923426647,0.006278063175705532,0.01023682721801351,0.016075749943240524,0.024415080353206935,0.0359899897192379,0.05165150406174083,0.0723642622685912,0.09920132851160489,0.13333640860499255,0.17603389775541875,0.22863722606141135,0.29255597458817223,0.3692522161480672,0.4602264981926253,0.5670038368868242,0.6911200368828653,0.8341085948198481,0.9974883893440831,1.1827523087235774,1.3913569203285403,1.6247132451898818,1.8841786657642534,2.171049965923382,2.4865574786609947,2.8318602986467223,3.208042502969912,3.6161103136056707,4.056990128735585,4.531527346461414,5.040485903182641,5.584548449472306,6.164317088287226,6.780314603408831,7.432986109811118,8.122701062660562,8.849755563990467,9.614374915755779,10.416716366789773,11.256872010844699,12.134871795111117,13.050686603725362,14.004231384885488,14.995368294140059,16.02390982991172,17.089621940852098,18.19222708749995,19.3314072435095,20.506806824338042,21.718035533297183,22.964671117064263,24.246262024408182,25.562329963474724,26.91237235434566,28.295864674772563,29.712262697670305,31.1610046226663,32.641513094871435,34.153197124492024,35.69545389669655,37.26767048143161,38.86922544343656,40.49949035581221,42.15783122062019,43.843609800204675,45.556184863300615,47.29491335030934,49.059151462299056,50.848255678809025,52.66158370938679,54.49849538424853,56.358353489335514,58.240524551047066,60.14437957575281,62.06929474890345,64.01465209815278,65.97984012439566,67.96425440403519,69.96729816513476,71.98838283946647,74.02692859157968,76.08236482584911,78.15413067114976,80.24167544286911,82.34445908125049,84.46195256473756,86.59363829680191,88.73901046457948,90.8975753676118,93.06885171505391,95.25237088985116,97.44767717859659,99.65432796605232,101.87189389360019,104.09995898124293,106.33812071308996,108.58599008661207,110.84319162627028,113.1093633624343,115.38415677684189,117.66723671571526,119.95828127301108,122.25698164448917,124.56304195556544,126.87617906452469,129.19612234339604,131.5226134386702,133.85540601405924,136.19426547748753,138.5389686944591,140.88930368987843,143.24506934033718,145.60607505877107,147.97214047329985,150.34309510194518,152.71877802480557,155.09903755516098,157.4837309108124,159.87272388692836,162.26589053145068,164.66311282406693,167.06428035961892,169.46929003671323,171.8780457521995,174.29045810208757,176.70644408938648,179.12592683926323,181.5488353218437,183.9751040829121,186.40467298269462,188.8374869428628,191.27349570182548,193.7126535783682,196.15491924359267,198.6002555011412,201.0486290756186,203.5000104091084,205.95437346562397,208.4116955434235,210.87195709491692,213.3351415540572,215.8012351709975,218.27022685380823,220.74210801705166,223.21687243699418,225.69451611323905,228.1750371365611,230.65843556271838,233.1447132920244,235.63387395446188,238.1259228001187,240.62086659473798,243.1187135201706,245.61947307952673,248.12315600682606,250.62977418095434,253.1393405437355,255.6518690219387,258.16737445303863,260.68587251456637,263.20737965687505,265.7319130391689,268.25949046864076,270.7901303425705,273.32385159324105,275.86067363554196,278.40061631712405,280.9436998709869,283.4899448703797,286.03937218589556,288.5920029446597,291.147858491506,293.7069603520365,296.2693301974834,298.83498981126763,301.4039610571856,303.97626584913337
0.050753768844221114,,,,,,1.3034313456015258e-22,1.895776183007738e-18,1.7829674771848322e-15,3.0280336022039777e-13,1.6429281316102263e-11,4.0103739138591754e-10,5.476037145053621e-09,4.8365348073572926e-08,3.055296321848275e-07,1.483243647120871e-06,5.832889761709811e-06,1.9329522749585238e-05,5.563426229845874e-05,0.00014238035427545283,0.0003300647122669683,0.0007034499766342225,0.0013949828082354158,0.002599405173122508,0.004588537750500373,0.007725168216678094,0.01247506709621411,0.019416343866963965,0.029245602326707542,0.04278061609337497,0.060959490577272284,0.08483648583161192,0.11557483450840651,0.15443699828726626,0.20277286780413864,0.26200643207893337,0.33362143204670436,0.41914647761381435,0.520140056604417,0.6381758038171993,0.7748283346470695,0.9316598844694106,1.1102079351855532,1.311973955896914,1.5384133367000958,1.790926553535494,2.070851567859771,2.379457437317896,2.7179390920363313,3.087413214962536,3.4889151531822598,3.923396779620002,4.391725220300305,4.894682360829788,5.432965046393924,6.007185891793604,6.6178746216146385,7.265479864963498,7.950371334246825,8.672842322770999,9.43311246148762,10.231330680674624,11.067578327846118,11.941872398303396,12.854168839811098,13.804365897451444,14.792307469252226,15.817786446937541,16.880548020130597,17.980292925477677,19.11668062530882,20.289332403139436,21.497834365766664,22.74174034383053,24.020574684768302,25.33383493347083,26.680994397781394,28.061504596943813,29.474797592356687,30.92028820088671,32.397376091729576,33.90544776870375,35.443878440055585,37.01203377880224,38.6092715767692,40.23494329601194,41.88839552168482,43.56897132079968,45.2760115116411,47.00885584900384,48.766844131733,50.54931723052096,52.35561806539207,54.18509249931783,56.03709019346392,57.91096540596819,59.80607774755911,61.7217928977818,63.657483286140526,65.61252874178338,67.5863171145938,69.57824486977258,71.58771765724212,73.61415085624145,75.6569700954217,77.71561174712261,79.78952339515283,81.8781642742383,83.9810056794704,86.09753134381424,88.22723778181201,90.36963459770077,92.52424475636548,94.69060481582684,96.86826512027494,99.05678995305327,101.25575764933129,103.4647606686485,105.6834056278606,107.91131329538796,110.14811854800801,112.3934702917262,114.64703134852593,116.90847831107101,119.17750136722599,121.45380409752688,123.7371032468969,126.02712847401565,128.32362208034854,130.626338721441,132.93504510288122,135.24951966328993,137.56955224659922,139.8949437657843,142.2255058600853,144.56106054763688,146.90143987528322,149.24648556721615,151.59604867394364,153.9499892229446,156.3081758722395,158.67048556797369,161.0368032069608,163.40702130506227,165.78103967210274,168.15876509395463,170.54011102231226,172.924997272581,175.31334973022038,177.70510006581117,180.10018545902818,182.49854833165378,184.90013608969784,187.30490087464457,189.71279932379477,192.12379233964373,194.5378448681799,196.95492568599332,199.37500719600965,201.79806523168435,204.22407886947457,206.65303024933917,209.0849044030799,211.51968909026832,213.9573746415277,216.3979538089238,218.8414216232179,221.28777525773336,223.73701389859,226.1891386210564,228.64415227178367,231.1020593566735,233.56286593415012,236.0265795136051,238.49320895878745,240.96276439592566,243.43525712636267,245.91069954350417,248.38910505387344,250.8704880020911,253.35486359957997,255.8422478568324,258.33265751905316,260.82611000502527,263.32262334903174,265.8222161456885,268.3249074975377,270.83071696526827,273.33966452042586,275.85177050049106,278.3670555662023,280.885540661007,283.4072469725387,285.9321958960047,288.4604089993977,290.99190799042793,293.52671468509817,296.0648509778102,298.6063388129422,301.1512001578531,303.69945697717014
0.051758793969849254,,,,,,3.8455966950621083e-22,4.6433725848590385e-18,3.823444729056544e-15,5.877204185195106e-13,2.950868533168501e-11,6.769757732084577e-10,8.786387329744415e-09,7.438888093434065e-08,4.534015353437337e-07,2.134610627318212e-06,8.174156041710903e-06,2.646528947383231e-05,7.462474776788576e-05,0.00018752802927215445,0.0004276859109902964,0.000898209868934746,0.0017576805656986162,0.003235909978043532,0.00564942857014154,0.009415540846109864,0.015063946395835793,0.02324517136780254,0.034735346255315915,0.050437156304075026,0.07137704924257188,0.09869899284218295,0.13365522466522622,0.17759452924623761,0.23194862025357477,0.2982172060986052,0.3779522870948312,0.4727421802908243,0.5841957030606933,0.7139268751569036,0.8635404272191676,1.034618334440828,1.228707531126321,1.4473089056603572,1.6918676272575615,1.9637648156614556,2.2643105324141914,2.5947380468566448,2.9561993108646503,3.349761562684998,3.7764049712223384,4.237021227405213,4.732412986102876,5.263294065119011,5.830290307219199,6.433941017561006,7.074700892639101,7.752942362862317,8.468958276884502,9.222964862034178,10.015104901418445,10.845451074386823,11.714009412884892,12.620722831833127,13.565474696849217,14.548092397555996,15.568350899084894,16.625976248593,17.720649017194418,18.852007661120496,20.01965178887516,21.223145323810613,22.462019553908533,23.735776062569084,25.043889536109,26.385810445113332,27.76096759822344,29.168770568071064,30.60861199005029,32.07986973548998,33.5819089613934,35.114084039777325,36.67574036984146,38.26621607704003,39.884843603213426,41.53095119286049,43.203864280511446,44.902906785008874,46.62740231665608,48.37667530345407,50.15005204325161,51.94686168800438,53.766437167135976,55.608116056156476,57.47124139661065,59.355162472809404,61.2592355501272,63.18282457884784,65.1253018666726,67.08604872209793,69.0644560699678,71.05992503966709,73.07186752569156,75.0997067194462,77.14287761122067,79.20082746001803,81.2730162294997,83.35891698776126,85.45801626890014,87.56981439441232,89.69382575277129,91.82957903587037,93.97661743140621,96.13449877071716,98.30279563203872,100.48109539959816,102.66900027937008,104.86612727276066,107.0721081098169,109.28658914390162,111.50923121002533,113.73970944926637,115.97771310186481,118.22294527176136,120.47512266502429,122.73397530581659,124.99924623152437,127.27069117080156,129.54807820669456,131.8311874275793,134.11981056834438,136.41375064414876,138.71282157892816,141.016847830669,143.3256640153108,145.63911453097558,147.9570531840621,150.27934281858094,152.60585494996215,154.9364694044095,157.2710739647436,159.60956402353818,161.95184224423812,164.29781823080995,166.64740820641822,169.00053470146028,171.35712625125115,173.71711710355407,176.08044693607278,178.4470605839727,180.81690777742827,183.18994288914905,185.56612469179137,187.94541612513,190.3277840728205,192.71319914857006,195.10163549149217,197.49307057043373,199.88748499700327,202.28486234705727,204.68518899037508,207.08845392824492,209.49464863868596,211.90376692902538,214.31580479555387,216.73076028997806,219.14863339239537,221.5694258905233,223.99314126490975,226.41978457987346,228.84936237990743,231.2818825913086,233.71735442878838,236.15578830682776,238.59719575555974,241.04158934095315,243.48898258909333,245.93938991435496,248.39282655127954,250.84930848996146,253.30885241477299,255.77147564625778,258.2371960860226,260.70603216448086,263.178002791293,265.6531273083661,268.13142544528677,270.61291727700586,273.0976231837575,275.58556381299854,278.07676004330045,280.5712329500846,283.069003772956,285.5700938853998,288.07452476461543,290.58231796424417,293.0934950877831,295.6080777634603,298.1260876203582,300.64754626571516,303.17247526334455
0.05276381909547739,,,,,,1.087031480482404e-21,1.0973925754392463e-17,7.951474264721157e-15,1.110482931650461e-12,5.174819163810822e-11,1.1184119784929536e-09,1.3824024944224814e-08,1.1237294375015827e-07,6.617360806317097e-07,3.0248551176326173e-06,1.1290721782228084e-05,3.5746760696657953e-05,9.882516858576329e-05,0.00024402163800012896,0.0005478566346258423,0.0011344403208578247,0.0021917459768454758,0.0039883935339772875,0.006889638203088927,0.011371339556120966,0.018030909054754928,0.027594539856894702,0.04092035487591083,0.05899742245072453,0.0829408538980216,0.11398339861793086,0.1534640870146678,0.20281454409561264,0.26354361677701144,0.3372209372063849,0.42545999446894534,0.5299012184343874,0.6521955010682267,0.7939884992377545,0.9569059839680223,1.1425404277462898,1.3524389559471037,1.588092731822406,1.8509277970631295,2.1422973514070582,2.4634754245170307,2.815651870530296,3.1999285993481354,3.6173169479022644,4.068736088419639,4.555012368172262,5.076879475641441,5.634979330717204,6.229863600926212,6.86199575125227,7.531753541470962,8.239431891716665,8.985246044041475,9.769334954700621,10.591764858780662,11.452532955347378,12.351571167542252,13.288749937871541,14.263882024376883,15.276726268247364,16.326991308103633,17.414339220094423,18.538389066740564,19.698720340645913,20.894876292210707,22.126367132817798,23.39267310745613,24.693247432497685,26.027519096089176,27.394895520065553,28.794765083503847,30.2264995090899,31.689456114366575,33.18297993064188,34.70640569311874,36.25905970624833,37.84026158895847,39.44932590499323,41.08556368386818,42.748283838762916,44.43679448785075,46.15040418608697,47.888423074738085,49.65016395594124,51.434943299896524,53.24208219159881,55.07090722399337,56.92075134362234,58.790954654091614,60.6808651817708,62.58983960712233,64.51724396401224,66.46245430832496,68.42485735623141,70.40385109160574,72.39884534139354,74.40926231695296,76.43453711962103,78.47411820752835,80.5274678216967,82.59406236885296,84.67339275889941,86.76496469532353,88.86829891717845,90.98293139181392,93.10841345802508,95.24431191981833,97.39020909150823,99.54570279533834,101.71040631328682,103.8839482950772,106.06597262479687,108.25613824877429,110.45411896760487,112.65960319535262,114.872293689082,117.09190725190246,119.31817441277349,121.5508390858687,123.78965821346424,126.03440139400334,128.28485049929796,130.5407992829278,132.80205298250664,135.06842791810786,137.3397510889753,139.6158597704592,141.89660111292784,144.18183174422384,146.47141737705226,148.76523242252324,151.063159610901,153.36508962046466,155.67092071524166,157.98055839223792,160.29391503867643,162.61090959963164,164.9314672563645,167.25551911553563,169.58300190945573,171.91385770738563,174.24803363788791,176.5854816221561,178.9261581181983,181.27002387571687,183.61704370148442,185.96718623498984,188.32042373410434,190.67673187049382,193.03608953449697,195.3984786491507,197.76388399310017,200.13229303201913,202.50369575827534,204.8780845385013,207.25545396875697,209.63580073697742,212.01912349238907,214.405422721596,216.79470063103736,219.18696103552796,221.58220925259297,223.98045200233503,226.3816973125526,228.78595442886873,231.19323372961034,233.60354664520858,236.01690558188662,238.4333238494193,240.85281559274168,243.2753957240025,245.70107987740155,248.12988431902386,250.56182592414137,252.99692210918616,255.4351907856787,257.8766503142105,260.3213194596252,262.7692173498297,265.22036343617856,267.6747774560849,270.1324793976038,272.5934894658846,275.057828051382,277.5255156997327,279.9965730831976,282.47102097358453,284.9488802165674,287.43017170732037,289.9149163673959,292.4031351227717,294.89484888300353,297.3900785214193,299.8888448562958,302.39116863296044
0.05376884422110553,,,,,3.7668781009298055e-27,2.9505050799051766e-21,2.5071071779267564e-17,1.6061976852910552e-14,2.0453543900748526e-12,8.870888548670351e-11,1.8101975278640567e-09,2.1347491054994574e-08,1.6686460865456638e-07,9.505923979809893e-07,4.2235465190297505e-06,1.5381634983393527e-05,4.766088120004008e-05,0.00012928202796937255,0.000313878338890997,0.0006941202678639047,0.0014178842156519634,0.0027058478801029622,0.004869128143141185,0.008325537159249734,0.013613189849423715,0.021400490519621115,0.0324918883731541,0.047829159942196664,0.06848830610145328,0.09567241580006618,0.1307010373842488,0.174996712688415,0.2300693777936164,0.2974993301597286,0.3789194184563849,0.47599704180757146,0.5904164605026472,0.7238618294786405,0.8780012757765856,1.0544722563974829,1.2548683565182592,1.4807276214556806,1.7335224596838104,2.0146511084346983,2.325430617313394,2.667091277995269,3.0407724083457257,3.4475193861211486,3.8882818196046953,4.36391273918878,4.875168694062273,5.422710640471603,6.00710551443809,6.628828384722712,7.288265092961906,7.9857152923292105,8.721395805522752,9.495444230316396,10.307922728600055,11.158821942291937,12.048064986365125,12.975511475848188,13.940961549547305,14.944159858941877,15.984799495424372,17.06252583385804,18.176940274236674,19.32760386692736,20.514040810103,21.73574181075344,22.99216730310849,24.282750520290723,25.60690041705817,26.964004442723677,28.353431164898204,29.774532745702828,31.226647273061428,32.70910095054745,34.22121014983217,35.76228333078932,37.33162283448231,38.92852655529049,40.552289498738126,42.20220523230591,43.877567236880196,45.57767016690703,47.30181102752475,49.04929027683775,50.819412861570925,52.611489193412865,54.424836073123444,56.25877756827792,58.11264584957699,59.98578198945445,61.87753672550485,63.78727119006531,65.71435760616923,67.65817994911862,69.6181345721053,71.593630793699,73.58409144465848,75.5889533710856,77.60766789153135,79.63970120498008,81.68453474771555,83.7416654971067,85.81060622100264,87.89088567199218,89.98204872640422,92.08365646852086,94.19528622107845,96.31653152367676,98.44700206120802,100.58632354485181,102.73413754854269,104.8901013040914,107.05388745837357,109.22518379612967,111.40369293200264,113.58913197545222,115.78123217215885,117.97973852544084,120.18440940108816,122.39501611892844,124.6113425338588,126.83318461003013,129.06034998979445,131.29265756068892,133.52993702231714,135.77202845523257,138.01878189361426,140.27005690332476,142.5257221667419,144.7856550755638,147.04974133261314,149.31787456349272,151.58995593879996,153.8658938074571,156.1456033415943,158.42900619330143,160.71603016345966,163.00660888277457,165.30068150504601,167.5981924126478,169.89909093409517,172.20333107358934,174.51087125230123,176.8216740611812,179.1357060250156,181.45293737743867,183.773341846582,186.0968964510314,188.42358130574038,190.75337943755622,193.08627660999278,195.42226115689618,197.76132382463456,200.1034576224776,202.4486576807776,204.79692111662808,207.14824690666848,209.50263576667714,211.86009003764812,214.22061357802974,216.58421166182322,218.95089088225188,221.32065906070957,223.69352516072522,226.06949920656223,228.4485922068877,230.8308160815666,233.2161835936204,235.6047082844317,237.99640441266536,240.39128689659515,242.78937125964373,245.19067357566524,247.59521043683827,250.00299887490155,252.41405635074102,254.82840069703062,257.24605008286585,259.6670229772508,262.0913381145816,264.51901446202675,266.9500711886858,269.38452763641965,271.8224032922589,274.26371776229564,276.7084907469668,279.1567420176517,281.60849139450323,284.0637587254359,286.5225638662069,288.9849266615223,291.4508669271063,293.920404432676,296.39355888577,298.87034991637336,301.350797062301
0.05477386934673367,,,,,1.2619699321825717e-26,7.70581506816697e-21,5.54623540180995e-17,3.155924954882682e-14,3.676824866703031e-12,1.4880967198179605e-10,2.873146239096611e-09,3.238290725487932e-08,2.437516643450552e-07,1.344970998696139e-06,5.814491958295908e-06,2.067937686654857e-05,6.276028578811025e-05,0.00016715106420645175,0.0003992675548552858,0.0008701880561998753,0.0017543946981357136,0.003308568595044142,0.005889878804711261,0.009972244153132229,0.016159288523375757,0.025193077412112602,0.037958137999205194,0.055480662756062074,0.0789231349088203,0.10957487081819998,0.14883914426966147,0.19821764707764047,0.2592930622214105,0.3337104955828287,0.4231584458712981,0.5293499034692959,0.6540040692171704,0.7988290824315234,0.9655060500041424,1.155674579526287,1.370919940867241,1.6127619149093706,1.8826453328384833,2.1819322668049965,2.511895799456675,2.873715275987394,3.2684729260831076,3.6971517333391533,4.1606344251419065,4.659703455556002,5.1950418564939165,5.767234837535008,6.376772021514515,7.024050210873824,7.709376588257666,8.432972263643876,9.194976089084498,9.995448670730365,10.834376516053188,11.711676261958253,12.627198936741564,13.580734215516884,14.572014634896007,15.60071973815503,16.666480127219916,17.768881402113518,18.907467972526135,20.08174672959767,21.291190569026647,22.535241759259726,23.813315150742614,25.12480122422678,26.469068977683452,27.845468652857345,29.253334303643857,30.691986209513324,32.160733138111816,33.65887446193564,35.18570213486319,36.74050253489146,38.322558180351095,39.93114932723779,41.5655554563675,43.225056658987015,44.908934930168876,46.61647537921561,48.346967366120516,50.09970557248121,51.873991014907006,53.669132007321025,55.484445077846054,57.31925584433893,59.172899851304415,61.044723369532996,62.93408415851228,64.84035219056915,66.76291033475013,68.70115499780238,70.65449671917553,72.62236071682615,74.60418738042208,76.59943270950149,78.60756869333237,80.62808363115221,82.66048239111848,84.70428660746352,86.75903481594993,88.82428252844116,90.89960224810243,92.98458342733353,95.07883237110352,97.18197208882151,99.29364209824523,101.413498185229,103.54121212331671,105.6764713572892,107.8189786548545,109.96845173061782,112.12462284641094,114.28723839191645,116.45605844936513,118.63085634587867,120.81141819679956,122.99754244317765,125.1890393858945,127.38573071997419,129.58744907002693,131.79403753013122,134.00534920934425,136.22124678463584,138.44160206260122,140.66629555112516,142.89521604197296,145.12826020510371,147.36533219534314,149.60634327189283,151.85121143102964,154.09986105222043,156.35222255777322,158.6082320860543,160.8678311782127,163.13096647828763,165.3975894465116,167.66765608556608,169.94112667952515,172.21796554512653,174.49814079508775,176.78162411304314,179.06839053974502,181.35841827012416,183.65168846080428,185.9481850476188,188.24789457298255,190.5508060220502,192.85691066813808,195.16620192634787,197.47867521526885,199.79432782632583,202.1131588004191,204.4351688114672,206.76036005652654,209.0887361521411,211.42030203659968,213.75506387778313,216.0930289863095,218.43420573368329,220.7786034751758,223.1262324771765,225.47710384876146,227.83122947724289,230.18862196746954,232.54929458466717,234.91326120060887,237.2805362429251,239.65113464736342,242.0250718128329,244.40236355905432,246.78302608667485,249.16707593968582,251.55452997001407,253.9454053041482,256.3397193116799,258.7374895756406,261.1387338645236,263.5434701058867,265.9517163614383,268.3634908035148,270.7788116928611,273.1976973576327,275.62016617354436,278.0462365450899,280.47592688776996,282.9092556112582,285.34624110345106,287.78690171534356,290.23125574667733,292.6793214323121,295.13111692927697,297.58666030445335,300.0459695228537
0.05577889447236181,,,,,4.0392783003274315e-26,1.9401050704227303e-20,1.1898884077329476e-16,6.039384179928852e-14,6.458140098042967e-12,2.4451633158078743e-10,4.475774515720221e-09,4.829165658283236e-08,3.5051668084918067e-07,1.8754646365384653e-06,7.896813815923991e-06,2.7450431902238786e-05,8.16599866969581e-05,0.00021368214606465145,0.0005024692737669356,0.0010798470032494661,0.002149758493097561,0.004008097846062299,0.007061413208665914,0.011842889899705734,0.019024354022729343,0.02942347536256098,0.04400580942161292,0.06388173785320429,0.090298705241867,0.12462939183025688,0.1683566071018064,0.22305574959913899,0.2903756709048715,0.37201872467645936,0.46972069219445883,0.5852311687050581,0.7202948814536699,0.8766342991930747,1.0559337898403804,1.2598254912986941,1.4898769819450424,1.747580772332037,2.034345587737543,2.3514893712958362,2.7002339081847944,3.081700951212382,3.4969097156940587,3.9467756052256138,4.432110028688468,4.953621171273668,5.511915587644569,6.107500492648552,6.74078663365261,7.412091637964226,8.121643738634592,8.869585791696846,9.65597950751583,10.480809828138455,11.34398939114952,12.245363028703148,13.184712257758726,14.161759724418276,15.176173571312782,16.227571702502534,17.315525925323914,18.439565952802113,19.599183254146862,20.793834744086535,22.022946304688112,23.285916135705182,24.58211793173821,25.910903885988482,27.271607522246438,28.66354635776103,30.086024400915743,31.53833448859006,33.019760469037344,34.529579236964814,36.06706262848613,37.631479184258616,39.22209579009424,40.838179204708595,42.47899748491403,44.143821318541164,45.83192527525881,47.54258898498279,49.2750982525271,51.02874611630613,52.80283385702946,54.59667196116347,56.409581042045545,58.24089272001143,60.08995046138781,61.95611037492664,63.83874196319757,65.73722882572694,67.65096931021024,69.57937710797856,71.52188179001958,73.47792928024336,75.44698226301215,77.42852052329373,79.4220412175213,81.42705907522105,83.44310653155797,85.46973379210459,87.50650883184746,89.55301733111948,91.60886255180927,93.6736651576315,95.74706298268669,97.82871075280687,99.91827976437585,102.01545752539909,104.11994736361926,106.23146800637905,108.3497531368329,110.47455093089852,112.60562357912788,114.74274679740576,116.88570933011623,119.03431244911077,121.1883694515141,123.34770515910023,125.5121554217353,127.68156662665311,129.85579521640346,132.0347072156703,134.2181777695333,136.40609069366704,138.59833803757087,140.79481966153227,142.9954428278686,145.2001218068377,147.4087774974668,149.62133706342513,151.83773358395868,154.05790571980756,156.28179739395134,158.50935748695133,160.74053954660548,162.97530151158395,165.21360544867096,167.45541730320775,169.70070666231103,171.94944653042188,174.20161311672692,176.45718563397463,178.71614610824832,180.9784791991944,183.24417203024558,185.5132140284693,187.785596773352,190.06131385440023,192.34036073688708,194.6227346354245,196.9084343949402,199.19746037867142,201.48981436279527,203.78549943734927,206.08451991307197,208.3868812338531,210.6925898944704,213.00165336330556,215.31408000975978,217.62987903609002,219.9490604134051,222.271634821577,224.59761359283246,226.92700865880082,229.2598325008087,231.59609810322476,233.93581890966152,236.2790087818622,238.62568196110053,240.97585303193935,243.3295368881945,245.68674870096655,248.0475038886094,250.41181808850837,252.7797071305503,255.15118701218037,257.5262738749385,259.90498398237787,262.2873336992761,264.6733394720541,267.0630178103215,269.45638526947187,271.8534584342607,274.25425390329656,276.65878827438706,279.06707813067993,281.47914002754254,283.89499048013613,286.31464595162885,288.7381228420136,291.16543747747596,293.5966061002883,296.0316448591826,298.47056980017595
0.05678391959798995,,,,,1.237935056805229e-25,4.7169517499404175e-20,2.4791557701968153e-16,1.1269522530744974e-13,1.1094475920250733e-11,3.938895425488063e-10,6.848391473932833e-09,7.084500370960821e-08,4.964891574223971e-07,2.5788015279006873e-06,1.05854815388012e-05,3.599407019455188e-05,0.0001050294900696515,0.0002701943264630551,0.0006258137289896702,0.001326835935005627,0.00260946904844995,0.004811852653002443,0.008392908234193466,0.013947742476916148,0.022218398165395115,0.034099252936554414,0.05063686620837885,0.0730245066508727,0.10259192303571243,0.14079114065014176,0.18917918084878044,0.24939862950082578,0.3231569417524365,0.4122052863521225,0.5183176211657877,0.6432705673200338,0.7888245242445894,0.9567063488573593,1.1485938155365247,1.366101980465555,1.6107714966760118,1.884058863662944,2.1873285470614796,2.5218468679983284,2.88877753669999,3.289178688997041,3.724001275859997,4.194088653513464,4.70017722364153,5.242897978563119,5.82277881405125,6.440247481867241,7.095635064463132,7.7891798651387285,8.521031617846244,9.29125593151768,10.099838894032308,10.94669177061906,11.831655740470461,12.754506623628709,13.714959557718474,14.712673590927961,15.747256163638433,16.818267456608403,17.925224588245403,19.0676056477379,20.24485355438858,21.45637973660526,22.70156762668187,23.97977596971942,25.290341947060607,26.632584116123496,28.005805170040066,29.409294521698385,30.842330717969134,32.30418369097924,33.7941168543308,35.31138905327031,36.855256378635794,38.42497385537284,40.01979701673828,41.63898337598315,43.281793806724636,44.94749384306296,46.635354909347754,48.3446554882997,50.07468223432457,51.824731037445126,53.59410804081406,55.382130613308966,57.18812827676483,59.01144358595064,60.85143295819919,62.70746744876846,64.57893346753973,66.46523343254003,68.3657863559845,70.28002835902221,72.20741311207715,74.14741219858233,76.09951540065754,78.06323090692014,80.03808544263755,82.02362432441114,84.01941144181612,86.02502916947495,88.04007821364557,90.06417739795651,92.09696339331566,94.13809039732287,96.18722976864872,98.24406962191482,100.3083143885582,102.37968434902966,104.45791514149462,106.54275725192035,108.63397549017547,110.73134845641358,112.83466800167886,114.94373868631143,117.05837723937177,119.17841202195027,121.30368249688259,123.43403870705912,125.56934076268881,127.70945834979622,129.85427022898213,132.00366377964463,134.15753453599964,136.31578574844465,138.47832795969754,140.64507859751214,142.81596158414735,144.9909069625885,147.16985053942156,149.35273354416384,151.53950230478077,153.73010793904487,155.92450606135216,158.1226565045504,160.32452305631568,162.53007320957587,164.73927792646964,166.95211141531024,169.168550920022,171.38857652151432,173.61217095045367,175.83931941092357,178.07000941440603,180.304230623638,182.54197470582025,184.7832351946373,187.02800736073107,189.27628809008615,191.52807576993087,193.78337018172616,196.04217240084458,198.30448470255263,200.5703104739334,202.8396541313929,205.11252104343654,207.38891745836986,209.6688504366499,211.95232778758958,214.23935801014864,216.52995023755562,218.82411418552053,221.12186010380873,223.4231987309628,225.72814125196817,228.03669925867308,230.3488847127811,232.66470991124788,234.98418745392573,237.30733021329732,239.63415130617187,241.9646640671977,244.29888202407707,246.6368188743626,248.9784884637292,251.32390476213925,253.6730818621363,256.0260339262035,258.3827752047173,260.7433200028075,263.10768266901636,265.4758775813655,267.84791913424255,270.22382172604637,272.60359974753675,274.98726757083574,277.3748395390328,279.7663299563468,282.16175307880616,284.5611231054051,286.96445416970016,289.3717603318153,291.7830555708212,294.19835377746176,296.6176687471981
0.05778894472361809,,,,,3.639992451616061e-25,1.1091845690158816e-19,5.022724718834935e-16,2.0526831500974343e-13,1.8657730817362148e-11,6.225371960628634e-10,1.0299365987250109e-08,1.0230192948006912e-07,6.930718658495691e-07,3.498185215402833e-06,1.4011013134177648e-05,4.6638658323910965e-05,0.00013357894006017762,0.0003380385105864953,0.0007715982503054304,0.0016146832334706898,0.003138439976333593,0.0057260097230631074,0.009891234403826141,0.01629316916104594,0.025745285744243566,0.039218817434840146,0.05784022603892444,0.08288320640909592,0.1157559574834411,0.15798463908144966,0.2111940145584955,0.27708627277703973,0.3574189527993002,0.45398278385406216,0.5685801206019568,0.7030045144288387,0.8590218261775514,1.0383531614641364,1.242659800600201,1.47353020298144,1.7324690908265157,2.0208885580601788,2.3401011072234885,2.691314483746654,3.0756281593947956,3.4940313028854555,3.947402072388612,4.436508065408851,4.962007766750453,5.524452843436786,6.124291145557419,6.761870283383018,7.437441662993062,8.151164874791501,8.903112341085063,9.693274140333275,10.521562936442779,11.387818951416275,12.291814928944751,13.23326104483987,14.211809727659588,15.227060359831125,16.278563835146745,17.365826954129055,18.48831664303727,19.64546398636864,20.83666806606088,22.061299603498973,23.318704402926954,24.608206596838816,25.929111695962852,27.280709447716163,28.66227650868634,30.07307893790774,31.512374519044332,32.97941492084571,34.47344770641997,35.99371820297128,37.539471244356285,39.10995279939976,40.70441149875205,42.32210007274024,43.96227671151786,45.6242063573914,47.30716193729396,49.01042554114562,50.73328954990978,52.475057714261716,54.235046183530685,56.012584482209505,57.80701643025028,59.6177010023335,61.44401312081549,63.28534437624276,65.1411036756314,67.0107177984032,68.89363188268885,70.78930981340288,72.69723452660506,74.61690822496999,76.54785250615363,78.48960840687371,80.4417363655049,82.40381610794105,84.3754464615137,86.3562451026158,88.34584824402525,90.34391026820762,92.35010331295753,94.3641168158089,96.385657023448,98.4144464722152,100.45022344548397,102.49274141336633,104.54176845983375,106.59708670190176,108.6584917051465,110.72579189936677,112.79880799779201,114.8773724228224,116.96132874089679,119.05053110870008,121.14484373258225,123.24414034272749,125.34830368331716,127.45722501965987,129.57080366301415,131.6889465136819,133.81156762229173,135.93858777042107,138.06993643985032,140.20553957673312,142.34534293397394,144.48928801828572,146.63732361478725,148.7894031047358,150.945484170528,153.10552851675817,155.26950160675827,157.43737241402226,159.609113187909,161.7846992330083,163.96410870155805,166.1473223983016,168.33432359718188,170.5250978692858,172.71963292145477,174.91791844500796,177.11994597402327,179.3257087526782,181.53520161107613,183.74842084917128,185.9653641282406,188.186030369499,190.41041965941875,192.63853316135246,194.8703730330741,197.10594234986607,199.34524503281315,201.5882857819699,203.83507001408083,206.08560380459116,208.33989383362373,210.59794733569748,212.85977205292568,215.12537619146158,217.3947683809785,219.66795763696933,221.94495332568312,224.22576513150835,226.51040302663782,228.79887724285524,231.09119824528995,233.38737670800563,235.68742349128578,237.991349620499,240.29916626642324,242.61088472692776,244.9265164099069,247.24607281737667,249.56956553064495,251.897006196469,254.2284065141359,256.5637782233827,258.90313309309573,261.24648291072947,263.59383947238473,265.94521457349117,268.3006200000507,270.66006752039067,273.0235688773855,275.39113578110715,277.7627799018701,280.13851286363126,282.51834623772,284.9022915368637,287.29036020948485,289.68256363424496,292.07891311481006,294.4794198748168
0.05879396984924623,,,,,1.0287292270614937e-24,2.5261694417491306e-19,9.906116011422941e-16,3.6529769587586715e-13,3.074005040374953e-11,9.659877754014388e-10,1.5232994124872254e-08,1.4548379450541387e-07,9.539063521211895e-07,4.683301029922232e-06,1.8317976704389432e-05,5.9734633991072675e-05,0.00016803754330382725,0.00041854457823893603,0.0009419760288986466,0.0019464980277851623,0.0037406465425804973,0.006754932685529938,0.011560093475387473,0.018880400541521982,0.029601035674502355,0.04476916073360084,0.06558885855142016,0.09341054903413769,0.12971577272415355,0.1760983890843701,0.2342432793446171,0.3059036006277653,0.3928775362966518,0.49698535105914715,0.6200474077708363,0.7638636505726482,0.9301949159232081,1.1207463053201163,1.3371527441454785,1.580966761022665,1.853648450732913,2.1565575295834454,2.490947353105465,2.8579607398110136,3.2586274292848225,3.6938629959001688,4.164469039192713,4.671134476588561,5.214437772509165,5.794849948627245,6.412738232333041,7.068370213551923,7.761918393375892,8.493465021087806,9.26300712881146,10.07046168494951,10.915670798692474,11.798406918077038,12.718377973349371,13.67523242570902,14.668564189150803,15.697917398209714,16.762791005163766,17.862643185407922,18.996895546266817,20.164937128447438,21.36612819746949,22.59980382347944,23.865277250600993,25.161843058771968,26.488780122853832,27.8453543754928,29.230821381750435,30.64442873512819,32.085418286084455,33.55302821549909,35.04649496667181,36.565055050108924,38.10794673552772,39.67441164523205,41.26369626160379,42.87505336022539,44.50774337762077,46.16103572026602,47.83421001881056,49.526557328694196,51.2373812762244,52.96599914660304,54.71174290930793,56.47396017612874,58.252015076231984,60.045289069567225,61.85318164642679,63.675110954307506,65.51051432039759,67.35884867635656,69.21959088295506,71.0922379549489,72.97630718799962,74.87133619082071,76.77688282666965,78.69252507000554,80.61786078375137,82.55250742448005,84.49610168237496,86.44829906343114,88.40877342133334,90.37721644637976,92.3533371186276,94.33686113211054,96.3275302966502,98.32510192328711,100.32934819892316,102.34005555525194,104.35702403654317,106.38006667035104,108.40900884470143,110.44368769486003,112.48395150231772,114.52965910821013,116.58067934299895,118.63689047388745,120.69817967110764,122.76444249394017,124.83558239705276,126.91151025752605,128.99214392272836,131.07740777902913,133.1672323411971,135.26155386226353,137.36031396305987,139.46345928196945,141.5709411430189,143.68271524263392,145.7987413541791,147.91898304953713,150.04340743709437,152.17198491542788,154.30468894198407,156.44149581604924,158.58238447530783,160.72733630531147,162.87633496117695,165.02936620086808,167.18641772941908,169.34747905349175,171.51254134567174,173.68159731793534,175.8546411037498,178.03166814827293,180.21267510616988,182.39765974657848,184.5866208647354,186.7795581999034,188.97647235913732,191.17736474653537,193.3822374976093,195.59109341843183,197.80393592924224,200.02076901220636,202.2415971630485,204.46642534627796,206.69525895378712,208.9281037665427,211.16496591918354,213.40585186730382,215.65076835722866,217.89972239810044,220.15272123610737,222.40977233069134,224.6708833325924,226.93606206358265,229.2053164977698,231.4786547443389,233.75608503163062,236.0376156924402,238.32325515044582,240.61301190767384,242.90689453291526,245.20491165101376,247.5070719329552,249.81338408668395,252.12385684859342,254.43849897561802,256.7573192378857,259.0803264118718,261.40752927401064,263.73893659471884,266.0745571327993,268.41439963017393,270.7584728069242,273.10678535660423,275.45934594179107,277.81616318985743,280.17724568892953,282.5426019840185,284.912240573298,287.2861699045107,289.66439837148783,292.04693431076464
0.05979899497487437,,,,,2.79904991488967e-24,5.579317726644128e-19,1.903829540263707e-15,6.356719350109905e-13,4.965200267567585e-11,1.4724470053521161e-09,2.2167769422534196e-08,2.0383570476290416e-07,1.2949275749244634e-06,6.18981384623471e-06,2.3661810251953628e-05,7.564303797726636e-05,0.00020912205287540095,0.0005129489337669142,0.0011388100340486865,0.002324704122072994,0.0044186789324979076,0.007900470284035697,0.013398975041285078,0.02170404923392377,0.033771798396011916,0.05072318739937953,0.07383635387521276,0.10453341912169704,0.14436284498220317,0.19497849959722427,0.25811659645884283,0.33557159089769106,0.42917198544381724,0.5407568353358166,0.6721535770813601,0.8251576401213615,1.0015141531954785,1.2029019278818613,1.4309197940231821,1.6870752752945122,1.9727755266766582,2.289320406876257,2.637897525350128,3.0195790829223945,3.4353203146049274,3.8859593409008277,4.372218237628659,4.894705142502718,5.453917227915944,6.050244382595709,6.6839734589704,7.355292957733339,8.064298035560679,8.810995735903925,9.595310356041756,10.41708887585028,11.276106385144637,12.172071456630709,13.10463142080939,14.073377507330447,15.077849824641342,16.117542155947113,17.19190655522046,18.30035773156222,19.442277214378777,20.617017295262254,21.823904745414847,23.062244310008076,24.331321983076666,25.63040806867285,26.95876003589163,28.315625177362516,29.700243082649177,31.111847939767863,32.5496706795145,34.01294097833187,35.50088913593971,37.01274784359539,38.547753857879265,40.10514959285251,41.68418464127674,43.28411723224295,44.90421562967705,46.543759472878136,48.20204105740438,49.87836655203039,51.57205714588739,53.28245011829401,55.00889982357033,56.75077858303847,58.507477477149706,60.27840703178495,62.062997794260276,63.86070079626274,65.67098790274983,67.49335204764581,69.32730735888842,71.17238917693956,73.02815397223617,74.89417916821685,76.77006287718584,78.65542355769605,80.54989960111396,82.45314885681763,84.36484810428732,86.28469248071346,88.21239487229404,90.14768527698419,92.09031014596286,94.04003171052129,95.99662730047194,97.95988865960176,99.92962126303273,101.90564364079403,103.88778671131162,105.87589312799739,107.86981664156518,109.86942148028157,111.8745817498876,113.88518085455095,115.90111093985534,117.92227235852533,119.94857315930585,121.97992859918106,124.01626067891559,126.0574977017203,128.103573854705,130.154428812652,132.2100073635538,134.2702590552733,136.33513786262444,138.40460187412828,140.4786129976664,142.5571366842987,144.6401416690124,146.72759972865458,148.8194854548321,150.91577604196817,153.01645108946155,155.12149241710452,157.230883893088,159.34461127386177,161.462662055162,163.58502533353314,165.711691677714,167.8426530092764,169.9779024919351,172.11743442897856,174.2612441682966,176.40932801450506,178.56168314770306,180.71830754841193,182.87919992827793,185.04435966616236,187.21378674919112,189.38748171849733,191.56544561925642,193.7476799547405,195.9341866440917,198.1249679835473,200.3200266108598,202.51936547267655,204.72298779465558,206.9308970541011,209.143096954955,211.3595914049149,213.58038449455253,215.80548047825363,218.0348837568395,220.26859886172923,222.50663044051785,224.74898324385532,226.99566211350808,229.24667197150762,231.50201781029034,233.7617046837385,236.02573769903915,238.29412200929247,240.56686280678758,242.8439653168948,245.1254347925017,247.41127650894308,249.7014957593784,251.99609785055523,254.29508809893062,256.5984718271025,258.90625436051124,261.2184410243841,263.53503714088725,265.8560480264584,268.1814789892901,270.51133532694666,272.8456223240859,275.1843452502702,277.5275093578425,279.8751198798657,282.22718202808693,284.5837009909365,286.9446819315361,289.3101299857066
0.06080402010050254,,,,,7.342788619290066e-24,1.1962866908953711e-18,3.5684923307372624e-15,1.0823737854577033e-12,7.866773361891176e-11,2.2058057380035916e-09,3.175292671191185e-08,2.8145919545291267e-07,1.7342372462407897e-06,8.078120656641221e-06,3.0203325157619222e-05,9.471816104977399e-05,0.00025749241752032377,0.0006222971974093877,0.001363483091136249,0.002750702182423896,0.005173184956278035,0.0091610922356985,0.015401883938259328,0.02475031516819875,0.03823141569921924,0.05703649835138076,0.08251279401427562,0.11614769300188431,0.1595487861884906,0.21442096904003408,0.2825418303655877,0.36573643046205717,0.46585241134623134,0.5847362002278538,0.7242108849446056,0.8860561693853775,1.0719906655739426,1.2836566507558247,1.522607313417776,1.7902964307081894,2.0880703590572662,2.4171621772547183,2.7786877939096666,3.1736438162510776,3.6029069720166627,4.067234878429031,4.567267959895822,5.103532327606029,5.676443448091636,6.28631044319559,6.933340879795861,7.617645923549061,8.339245746290999,9.09807509141322,9.893988915124464,10.72676803407351,11.596124721172353,12.501708201688288,13.443110010725668,14.41986918129508,15.431477239077623,16.47738298606484,17.55699706056626,18.66969626538529,19.814827659866012,20.991712414732486,22.1996494314924,23.43791873077014,24.705784616303244,26.00249862382498,27.32730226626365,28.679429589030338,30.058109551104597,31.462568249169543,32.89203100286069,34.345724319146264,35.82287775282115,37.32272567806709,38.84450898321953,40.387476697332275,41.95088755342578,43.53401148942607,45.136131084336824,46.75654292420524,48.394558890239196,50.04950735989322,51.720734311481436,53.40760432268568,55.109501454621395,56.82583001440967,58.556015191166296,60.299503562430495,62.05576347029271,63.824285268673925,65.60458144527058,67.39618662351153,69.19865745144438,71.01157238572515,72.8345313798406,74.66715548633145,76.50908638318208,78.35998583439567,80.2195350953716,82.08743427217466,83.96340164461895,85.84717296163252,87.73850071709008,89.6371534135048,91.54291482023677,93.45558323214574,95.37497073388393,97.3009024743041,99.23321595483434,101.17176033499173,103.11639575767032,105.066992696292,107.02343132545177,108.98560091623538,110.95339925704502,112.92673210041868,114.90551263605333,116.88966098999424,118.8791037497533,120.87377351494229,122.87360847286499,124.87855199840702,126.88855227745805,128.90356195304946,130.92353779332333,132.94844038042888,134.97823381941163,137.0128854661573,139.05236567344753,141.096647554201,143.1457067609782,145.19952128085723,147.2580712448087,149.3213387507982,151.38930769935828,153.46196364196194,155.53929363996622,157.62128613452364,159.70793082632548,161.7992185646015,163.8951412448075,165.99569171435323,168.10086368585903,170.21065165741481,172.32505083935342,174.44405708707683,176.5676668395016,178.69587706272304,180.82868519851073,182.9660891172805,185.10808707521335,187.25467767519987,189.40585983133064,191.56163273663452,193.72199583385054,195.88694878895518,198.0564914672476,200.23062391177587,202.40934632391904,204.59265904593866,206.78056254533985,208.97305740087873,211.1701442900927,213.37182397818844,215.57809730819002,217.78896519222369,220.00442860382978,222.2244885712111,224.44914617131568,226.67840252467988,228.9122587909484,231.1507161650011,233.39377587361736,235.64143917262234,237.8937073444516,240.1505816960887,242.41206355732274,244.67815427928633,246.94885523322898,249.22416780949493,251.50409341666455,253.78863348083632,256.07778944501285,258.3715627685739,260.6699549268053,262.9729674104697,265.2806017253918,267.59285939205034,269.90974194515496,272.23125093319317,274.557387917942,276.8881544739243,279.2235521878089,281.56358265773696,283.90824749257615,286.2575483110884
0.06180904522613068,,,,,1.8595229556188577e-23,2.4924602468008603e-18,6.527988356876762e-15,1.8043296806268316e-12,1.2231177949587124e-10,3.2486125860295874e-09,4.477974672102622e-08,3.830933987405227e-07,2.2916970107165932e-06,1.0411036143183826e-05,3.810004242502424e-05,0.00011728237816186489,0.0003136907084417095,0.0007473148598459447,0.0016166517397344616,0.0032244399435971253,0.006002170515115936,0.010530814949786091,0.017555768563595527,0.02799477804779014,0.04293842515066414,0.06364344331574398,0.09151967933370878,0.1281118564174109,0.17507746202079488,0.23416210532902426,0.3071736049110895,0.39595591422487253,0.5023638038270427,0.6282390191752607,0.7753884394693891,0.9455645873208772,1.1404486873109856,1.361636346062692,1.6106258270547151,1.8888088181439666,2.1974635358188896,2.5377499743628253,2.9107070871341025,3.317251678006559,3.7581787809263396,4.234163312195315,4.745762791456306,5.2934209418859846,5.877471996470415,6.498145554467735,7.155571849509777,7.849787307731351,8.580740290405666,9.34829693064957,10.152246987598883,10.992309654049485,11.868139264849678,12.779330863370193,13.725425592200969,14.705915881982783,15.720250418837011,16.767838876764976,17.84805640609972,18.960247873439485,20.103731851970714,21.277804364552242,22.481742384678935,23.71480710361219,24.976246974691577,26.265300548870187,27.581199117951968,28.923169184284376,30.2904347769499,31.682219634828808,33.09774927597632,34.536252970614235,35.99696563175817,37.47912963340046,38.98199656164985,40.504828899523666,42.046901641952076,43.60750383386236,45.18594002159379,46.78153160624957,48.393618087050754,50.02155818306765,51.66473082329897,53.322535996574,54.994395455620314,56.67975327205299,58.37807624194063,60.0888541442392,61.81159985687171,63.545849337389264,65.29116147618873,67.0471178377536,68.81332228509287,70.58940052577931,72.37499956503069,74.16978709384749,75.97345081864813,77.7856977444758,79.60625342218921,81.43486117000906,83.27128127773973,85.11529020235018,86.96667976186578,88.82525633396877,90.69084006476696,92.56326409237313,94.44237378917035,96.32802602593875,98.22008846034126,100.11843885175124,102.02296440380837,103.93356113569187,105.85013328267607,107.77259272621316,109.70085845346509,111.63485604600021,113.57451719714193,115.51977925730375,117.4705848065091,119.42688125319694,121.38862045833129,123.35575838378725,125.32825476394015,127.30607279937222,129.28917887160227,131.27754227774776,133.271134984044,135.26993139716606,137.27390815232474,139.28304391714207,141.2973192103459,143.31671623435875,145.34121872089878,147.37081178874803,149.40548181288594,151.44521630422372,153.49000379921958,155.53983375868893,157.5946964751676,159.65458298821872,161.71948500711153,163.7893948404205,165.86430533151315,167.94420980087787,170.0291019927183,172.11897602730733,174.21382635769464,176.31364773071178,178.4184351518963,180.52818385402065,182.64288926893803,184.76254700246668,186.8871528120664,189.01670258706233,191.15119233122192,193.29061814742317,195.4349762243113,197.58426282469605,199.73847427556294,201.8976069595372,204.0616573076655,206.23062179338618,208.4044969275677,210.58327925449993,212.76696534875663,214.95555181280665,217.1490352753074,219.34741238999814,221.55067983511202,223.75883431324908,225.97187255164025,228.18979130275045,230.41258734516748,232.64025748472315,234.87279855581664,237.11020742288432,239.35248098198946,241.59961616249703,243.85160992879986,246.10845928207425,248.3701612620351,250.63671294867322,252.9081114639487,255.18435397343055,257.46543768785745,259.75135986461163,262.04211780909225,264.3377088759751,266.6381304703502,268.9433800487294,271.2534551199154,273.56835324572666,275.8880720415755,278.2126091768886,280.5419623753771,282.87612941514055
0.06281407035175882,,,,,4.5508426881100825e-23,5.049901328010275e-18,1.166120969713071e-14,2.9458833293971704e-12,1.8666783738076183e-10,4.704478192163713e-09,6.218204927792564e-08,5.140111000971831e-07,2.9881017850991662e-06,1.3249965723912203e-05,4.749319161428443e-05,0.0001435905117601393,0.0003780579128918535,0.0008882357810388154,0.001897926170214614,0.0037438610994697413,0.0069001113584399205,0.011997846284404392,0.01983854574665959,0.031399627793231584,0.04783230150086927,0.07045216013198885,0.10072353556287984,0.14023893310543212,0.19069498080201375,0.25386629930502014,0.3315785714199122,0.42568190431112246,0.5380253648045784,0.6704333532658007,0.8246842804273838,1.0024918338939994,1.2054889714760373,1.4352146579596798,1.6931032690424042,1.9804765181919326,2.2985377156245046,2.6483681398616064,3.030925287845068,3.4470427661949303,3.8974315910777424,4.382682674962139,4.9032702933333265,5.459556341655835,6.0517952113976055,6.680139132682246,7.3446438496534165,8.045274512317839,8.781911685176972,9.554357388268523,10.362341100089019,11.2055256643781,12.083513053776812,12.995849953155469,13.942033133862767,14.921514597550857,15.933706474424799,16.977985666322436,18.053698229533286,19.160163496482834,20.296677939101308,21.462518780401567,22.656947364292947,23.879212297370408,25.128552379703276,26.404199344759736,27.70538043050758,29.031320804690026,30.381245866548213,31.754383445009804,33.149965909622956,34.567232205662954,36.005429819316944,37.46381667320693,38.94166294734002,40.43825281609111,41.95288608874067,43.48487973910875,45.03356930934772,46.59831017366972,48.178478649598816,49.77347294680818,51.38271394713731,53.00564581215113,54.64173641877932,56.290477626352846,57.95138538155534,59.62399967029799,61.30788432757824,63.00262671793027,64.70783730012069,66.42314909030905,68.14821703805917,69.8827173293752,71.62634663044734,73.3788212850602,75.13987647772304,76.9092653735644,78.68675824499584,80.47214159377155,82.2652172767855,84.06580164145151,85.87372467706616,87.68882918649015,89.51096998210326,91.34001310906379,93.17583509820365,95.018322250258,96.86736995257348,98.72288202895804,100.58477012291286,102.45295311417318,104.32735656814651,106.20791221763429,108.09455747603157,109.98723498101427,111.88589216765396,113.79048086978365,115.7009569483905,117.61727994577689,119.539412764209,121.46732136777656,123.40097450619058,125.34034345927972,127.28540180095898,129.23612518149642,131.19249112693547,133.15447885457687,135.12206910347257,137.09524397892895,139.07398681007257,141.05828201957047,143.04811500465595,145.043472028652,147.04434012223317,149.0507069937125,151.06256094768187,153.079890811379,155.10268586819114,157.13093579774215,159.1646306220558,161.20376065730784,163.24831647073543,165.29828884221166,167.35366873028025,169.41444724205152,171.48061560679508,173.5521651528565,175.62908728761292,177.71137348020198,179.79901524677751,181.89200413805676,183.9903317289514,186.09398961007906,188.2029693809796,190.3172626448582,192.43686100470765,194.5617560606731,196.6919394084859,198.82740263891026,200.96813733803555,203.1141350883295,205.26538747036088,207.42188606509637,209.58362245669633,211.75058823572417,213.92277500273073,216.10017437210846,218.28277797619378,220.4705774695521,222.66356453339725,224.86173088010767,227.06506825779587,229.27356845489638,231.48722330474402,233.70602469010703,235.92996454765392,238.15903487233177,240.3932277216285,242.632535219708,244.87694956139393,247.12646301600057,249.38106793097802,251.64075673538196,253.90552194314256,256.17535615613343,258.4502520670301,260.73020246195205,263.0152002186521,265.30523832988905,267.60030986305657,269.90040800427465,272.2055260387342,274.5156573562237,276.8307954521869,279.15093392856073
0.06381909547738696,,,,,1.0771818712244163e-22,9.954702304260541e-18,2.0347970740955013e-14,4.711496126528683e-12,2.7966436952203924e-10,6.698987236242022e-09,8.501719254128974e-08,6.79780088880821e-07,3.843732654024813e-06,1.664893314241491e-05,5.8488709642986e-05,0.00017377991761420786,0.00045062075453592966,0.001044573672903404,0.0022054498978123817,0.004304188708473341,0.00785680547641079,0.013542840828226557,0.022216561379879814,0.034910102115907386,0.052828612886463094,0.07733816244160477,0.10994761819945681,0.15228596445345957,0.2060765813396378,0.2731099290464751,0.35521591413792636,0.4542369987579406,0.5720028810246316,0.7103073488522318,0.8708877041884494,1.0554069780711755,1.2654390119112902,1.50245636662749,1.7678209362359059,2.0627770826654865,2.388447069925423,2.7458285542973693,3.1357938792368008,3.5590909258870043,4.016345279650833,4.508063487958216,5.034637202149468,5.596348016029714,6.193372833839907,6.825789620464342,7.493583405959047,8.196652434704978,8.934814366196111,9.707812449823633,10.515321609672883,11.356954387639703,12.232266703798285,13.140763402384618,14.081903559770108,15.05510553782205,16.05975177190358,17.095193288147367,18.16075394921924,19.255734432380738,20.37941594804981,21.531063711655644,22.70993018589308,23.915258114577387,25.14628337224463,26.402237655369355,27.682351040651834,28.985854433616677,30.311981926431255,31.659973078081318,33.02907512328748,34.41854510960028,35.827651955649664,37.25567841812646,38.70192295125894,40.165701440233164,41.646348789864085,43.14322035069876,44.655693167469,46.183167038195315,47.72506537638585,49.28083587318255,50.8499509604877,52.431908080533894,54.02622977039824,55.632463573402134,57.25018179139594,58.87898109369044,60.5184819993824,62.16832825028153,63.82818609158785,65.49774347700092,67.1767092141402,68.86481206510624,70.56179981580053,72.26743832629113,73.9815105731495,75.70381569330969,77.43416803766759,79.17239624137211,80.91834231660755,82.6718607722983,84.43281776502961,86.20109028310482,87.97656536651134,89.75913936373927,91.5487172263205,93.34521184132205,95.1485434016385,96.95863881357049,98.77543114090555,100.5988590844923,102.42886649611988,104.26540192540841,106.10841819829086,107.95787202562944,109.81372364047884,111.67593646247072,113.5444767878304,115.41931350353902,117.30041782418893,119.18776305012764,121.08132434552427,122.98107853505743,124.88700391796576,126.79908009827447,128.71728783006157,130.64160887669294,132.5720258830104,134.50852225951965,136.45108207767896,138.39968997544753,140.35433107230014,142.31499089297427,144.28165529925434,146.25431042915423,148.2329426428949,150.21753847511866,152.2080845928231,154.20456775852992,156.206974798241,158.21529257376747,160.22950795904933,162.24960782008947,164.27557899821625,166.30740829631515,168.3450824677849,170.38858820794186,172.43791214763652,174.49304084885833,176.5539608021222,178.62065842545147,180.6931200647807,182.7713319956169,184.8552804258168,186.9449514993379,189.04033130084568,191.14140586105506,193.24816116271057,195.3605831470961,197.47865772101554,199.60237076410098,201.73170813646226,203.8666556865404,206.007199259133,208.15332470353343,210.30501788173234,212.46226467662456,214.62505100021673,216.79336280173993,218.96718607568684,221.14650686971598,223.33131129240093,225.52158552080417,227.71731580785178,229.91848848948618,232.12508999159047,234.33710683665825,236.55452565020357,238.77733316690106,241.00551623643997,243.2390618290937,245.47795704099227,247.72218909909523,249.97174536586357,252.22661334362084,254.48678067861366,256.7522351647582,259.0229647470822,261.29895752486016,263.580201754443,265.8666858517848,268.15839839466804,270.45532812463847,272.75746394863796,275.0647949403585
0.0648241206030151,,,,,2.467324785446601e-22,1.9097536881938258e-17,3.468524086666135e-14,7.381105256708412e-12,4.1124810653131913e-10,9.377569904693755e-09,1.1441406855912837e-07,8.858154567402413e-07,4.875993387957065e-06,2.0645531190695464e-05,7.112977745641822e-05,0.0002078005949689072,0.0005309366513187073,0.001214813737142081,0.002535338233789141,0.004896973786386378,0.008855854352896554,0.015136593005377647,0.02464122973199544,0.03844976094080318,0.05781257382542147,0.08413576977565831,0.11896077403823234,0.1639398138535092,0.22080884986020574,0.29135941919133107,0.3774106437541485,0.480782415287174,0.6032705208995098,0.7466242398111963,0.9125267363086188,1.1025784013983255,1.3182831575590472,1.5610376356474533,1.8321230569619171,2.1326996024489215,2.4638030205859707,2.8263432113430746,3.2211045219539627,3.648747497725203,4.109811845014315,4.604720381537273,5.133783769643929,5.697205849701371,6.2950894123037875,6.927442268943097,7.594183500600542,8.29514978200013,9.030101696093688,9.798729968359188,10.600661563864527,11.43546560193868,12.302659053407835,13.201712194355206,14.132053797929817,15.09307605248219,16.084139200120244,17.104575895536748,18.153695290318677,19.230786853654585,20.335123946083492,21.46596716805105,22.62256750964977,23.80416933037739,25.010013198156276,26.239338614564332,27.49138664824869,28.76540249155827,30.06063794703454,31.376353841770353,32.71182235954236,34.066329273969906,35.43917606127589,36.829681868817794,38.23718531536451,39.6610461011618,41.10064640903696,42.555392082981314,44.02471357571065,45.5080666625353,47.00493292428578,48.514820007052165,50.03726167061561,51.57181764135278,53.11807328714825,54.67563913448086,56.24415024806871,57.82326549397322,59.41266670660465,61.01205777919659,62.621163696106265,64.23972952381415,65.86751937586986,67.50431536531589,69.14991655640623,70.80413792575271,72.46680934143403,74.13777456710976,75.81689029680977,77.50402522483445,79.19905915410196,80.90188214531591,82.61239370848448,84.33050203766226,86.05612328887813,87.78918090162115,89.52960496227657,91.27733160928686,93.03230247836746,94.79446418642999,96.56376785259398,98.34016865458825,100.12362541878163,101.9141002420568,103.71155814372841,105.51596674575211,107.32729597945846,109.14551781715467,110.97060602692089,112.80253594906429,114.64128429270887,116.48682895110005,118.33914883426286,120.19822371773301,122.06403410615188,123.93656111058542,125.81578633850377,127.70169179541934,129.59425979725253,131.49347289254987,133.3993137919648,135.3117653167297,137.23081032795088,139.1564316985275,141.0886122646355,143.02733479369095,144.9725819557844,146.92433629989245,148.88258023442236,150.8472960116844,152.8184657159131,154.79607125449044,156.78009435205124,158.77051654717567,160.76731919139922,162.7704834502884,164.77999030635257,166.7958205635854,168.8179548534372,170.8463736420446,172.8810572385538,174.92198580438716,176.96913936331964,179.02249781223662,181.0820409324639,183.14774840156102,185.21959980548544,187.29757465104336,189.38165237854355,191.47181237458676,193.5680339849248,195.67029652733112,197.7785793044273,199.89286161642215,202.01312277372259,204.13934210935437,206.27149899120334,208.40957283400382,210.55354311106564,212.7033893657174,214.8590912224306,217.0206283976356,219.1879807101737,221.3611280914022,223.54005059492968,225.7247284059708,227.9151418503191,230.1112714029206,232.31309769605608,234.5206015271182,236.73376386598684,238.9525658620027,241.17698885053198,243.40701435913098,245.64262411330964,247.88380004189307,250.13052428199092,252.3827791835743,254.640547313663,256.9038114601348,259.17255463515403,261.446760078234,263.7264112589374,266.01149187920134,268.3019858753332,270.5978774196587
0.06582914572864323,,,,,5.469864319742832e-22,3.5652514841694205e-17,5.774298707331567e-14,1.1322290705737961e-11,5.932812084033462e-10,1.2897762477848687e-08,1.514667826345849e-07,1.1366082005981587e-06,6.095676896618633e-06,2.5247361141709667e-05,8.535706363693859e-05,0.00024531634053134805,0.000617877829356813,0.0013959875802500362,0.002880908753885242,0.005508795051624906,0.009872588057462002,0.016736880741179582,0.027044422271701674,0.041913977794039985,0.06263012598690704,0.09062619352764748,0.12746187769561573,0.17479722996536756,0.2343646191781017,0.3079401209906469,0.3973155426222368,0.5042720293613919,0.6305559410112134,0.7778574510393089,0.9477921187789363,1.1418855194795652,1.36156088798225,1.6081296363434372,1.8827845395360219,2.1865953415669526,2.5205065121883123,2.885336877369688,3.281780851037322,3.7104110079290247,4.171681755126727,4.665933880783587,5.193399781148129,5.754209189954369,6.348395256744328,6.975900842100287,7.636584917727519,8.330228977540074,9.056543382398397,9.815173575774669,10.605706120471776,11.427674517865185,12.280564780741589,13.16382073938813,14.076849068019733,15.019024025656444,15.989691912267558,16.988175248179772,18.013776691795805,19.065782717819285,20.143467084209313,21.246094120203512,22.372921868958795,23.523205116100524,24.696198329763497,25.891158528967132,27.107348086921835,28.34403746457303,29.60050785973328,30.876053748745413,32.16998529207066,33.481630572615686,34.81033763604358,36.155476305381676,37.516439747357985,38.892645774473166,40.28353787394544,41.68858596213385,43.10728686981959,44.539164569903505,45.983770164110794,47.44068164920253,48.909503485937826,50.38986599548737,51.88142460908311,53.38385899560687,54.896872091877995,56.42018905823037,57.953556180495966,59.49673973739354,61.04952485015513,62.61171432903999,64.18312752925105,65.76359922672962,67.35297852241585,68.95112778182396,70.55792161523807,72.17324590245546,73.7969968648111,75.42908018619124,77.06941018387721,78.71790902933094,80.37450601844837,82.03913689032215,83.71174319318092,85.39227169588406,87.08067384313728,88.7769052524877,90.48092525075279,92.19269644841519,93.91218434895899,95.63935699162047,97.37418462530339,99.11663941154711,100.86669515462424,102.62432705686683,104.38951149738445,106.16222583248869,107.94244821614907,109.73015743897723,111.5253327842527,113.3279538996598,115.13800068344969,116.9554531838408,118.7802915105516,120.61249575743426,122.45204593525344,124.29892191372157,126.15310337196996,128.01456975669387,129.8833002472695,131.75927372719514,133.6424687612557,135.53286357786152,137.43043605605203,139.33516371669862,141.2470237174758,143.16599285120787,145.09204754722674,147.0251638754114,148.96531755260102,150.91248395110668,152.86663810906245,154.82775474238443,156.79580825812454,158.77077276902088,160.7526221090703,162.74132984995876,164.73686931820063,166.73921361285562,168.74833562369685,170.76420804972133,172.78680341790252,174.81609410209066,176.85205234198176,178.89465026207813,180.94385989057415,182.9996531781085,185.06200201632495,187.13087825619633,189.20625372606779,191.28810024938042,193.37638966204048,195.47109382940806,197.57218466287188,199.6796341359957,201.79341430020776,203.91349730003776,206.0398553878336,208.17246093802672,210.3112864608664,212.45630461565165,214.60748822343928,216.76481027923109,218.928243963648,221.09776265406052,223.2733399352047,225.45494960927653,227.64256570548417,229.83616248911136,232.0357144700479,234.24119641081217,236.45258333407304,238.669850529672,240.89297356115623,243.12192827182488,245.3566907903041,247.59723753565063,249.84354522199857,252.09559086275542,254.3533517742292,256.6168055794628,258.8859302103702,261.16070391073606,263.4411052381742,265.7271130658208
0.06683417085427137,,,,,1.1732490620788964e-21,6.473082546974748e-17,9.381200796125162e-14,1.6991071959356906e-11,8.388658983236229e-10,1.7411542306871977e-08,1.9703936742619114e-07,1.434445600021285e-06,7.501129233487892e-06,3.0411622257592303e-05,0.0001009503482573418,0.00028556191847583243,0.000709322444029086,0.0015830683000323455,0.003231588493759082,0.006119411731445281,0.01087111110145309,0.018283956061052386,0.029331851206723287,0.04516055524002825,0.06707501150055921,0.09652017932816725,0.13505703951911555,0.1843355037138012,0.2460658488117974,0.32199008488361375,0.4138544005128601,0.5233835523195248,0.6522578022759364,0.8020927733012739,0.9744223982304772,1.170684981480763,1.392212274702992,1.6402213833479113,1.9158092653504433,2.2199495507553064,2.5534913970527913,2.9171600947828584,3.311559147773464,3.7371735689712446,4.194374153812756,4.683422516304663,5.204476697150671,5.757597177170543,6.3427531522130725,6.9598289472600925,7.60863046719126,8.288891599477255,9.000280500048792,9.742405707575113,10.514822043636034,11.317036267009643,12.148512459666456,13.008677130780796,13.896924033624472,14.812618697674957,15.75510269199448,16.723697635949076,17.71770899334604,18.736429682743676,19.779143543811774,20.84512869605107,21.93366081943732,23.044016375571022,24.175475774472226,25.327326477905924,26.498866017261843,27.689404893478557,28.898269320270693,30.12480376927842,31.368373277505302,32.628365482387395,33.90419235740159,35.19529163024977,36.50112787539727,37.821193282261376,39.15500810909512,40.50212083985471,41.862108067372894,43.2345741302368,44.61915053350255,46.01549518459342,47.42329147574501,48.84224724338568,50.2720936331337,51.71258389667648,53.16349214457306,54.624612075652855,56.09575570142637,57.57675208081772,59.06744607804878,60.567697154058045,62.077378199638254,63.59637441652238,65.12458225093377,66.66190838263662,68.20826877127047,69.76358776070171,71.32779724126199,72.90083586905152,74.48264834092993,76.07318472340047,77.67239983326924,79.2802526677484,80.89670588151496,82.52172530815709,84.15527952340814,85.7973394475693,87.44787798457205,89.10686969518511,90.77429050196484,92.45011742363606,94.13432833670437,95.82690176220727,97.52781667563023,99.2370523381785,100.95458814736271,102.68040350600769,104.41447770719294,106.15678983438791,107.9073186752622,109.66604264793153,111.43293973853578,113.20798744909038,114.99116275466483,116.78244206899201,118.58180121768814,120.38921541833622,122.2046592667369,124.02810672869494,125.8595311367574,127.69890519137105,129.54620096596884,131.40138991553977,133.2644428882722,135.13533013790965,137.01402135039396,138.90048564273653,140.79469160341458,142.69660730445494,144.60620032671727,146.52343778424893,148.4482863495046,150.38071227925593,152.32068144103164,154.2681593399454,156.22311114577843,158.18550172020431,160.15529564404753,162.13245724447893,164.1169506220703,166.1087396776234,168.10778813871136,170.11405958587287,172.12751747839303,174.14812517964864,176.17584598195305,178.2106431308736,180.25247984899033,182.30131935907008,184.35712490662635,186.4198597818548,188.48948734092056,190.56597102658682,192.64927438817483,194.7393611008475,196.83619498420776,198.9397400202126,201.04996037039686,203.16682039240968,205.2902846558585,207.42031795748687,209.5568853355276,211.69995208395048,213.84948376496337,216.0054462219078,218.16780559096836,220.33652831235736,222.5115811408439,224.6929311556638,226.88054576981307,229.0743927387324,231.27444016839797,233.48065652282764,235.69301063101238,237.91147169329207,240.1360092871775,242.36659337264035,244.603194296876,246.84578279855907,249.0943300115959,251.34880746839588,253.60918710266438,255.87544125173932,258.1475426584768,260.4254644727041
0.06783919597989951,,,,,2.4321159124596538e-21,1.141451547778458e-16,1.485159016120078e-13,2.490485453866208e-11,1.160559202355641e-09,2.3030255037292833e-08,2.5142236405743853e-07,1.7773079007163307e-06,9.069046799386041e-06,3.6013759919438386e-05,0.00011744030479711837,0.0003271292518380472,0.0008016943349641444,0.0017680701500235921,0.003571285238320974,0.006699001987068672,0.011799867149803765,0.019693741048614377,0.03137303259457451,0.04799541051798934,0.07086894807478925,0.10143124593851652,0.1412242891840571,0.1918667867735539,0.25502558344949305,0.3323874872517679,0.4256325717455048,0.5364097271586028,0.6663149726488364,0.8168728159710527,0.9895207621504425,1.185596929381026,1.406330624990478,1.652835661952739,1.926106151493233,2.2270144842526105,2.5563112061366993,2.9146265009767984,3.3024730066895187,3.720249711835619,4.168246702894397,4.64665055748688,5.155550203849273,5.69494309116046,6.264741538246149,6.864779149347982,7.494817204806725,8.154550951720775,8.843615734718824,9.56159292036196,10.308015580419683,11.082373910031395,11.88412036718888,12.712674530843119,13.567427686632023,14.447747161360988,15.352980438863087,16.28245909876795,17.235502620728568,18.211422104837514,19.209523928618633,20.229113373288957,21.269498212526866,22.32999224911537,23.409918764914533,24.508613837565413,25.625429469979224,26.75973647753303,27.910927081596753,29.078417166768624,30.261648170276413,31.460088585110782,32.67323507158806,33.90061318440945,35.141777733037806,36.39631280188295,37.663831463183286,38.943975219709245,40.23641321631917,41.540841260075325,42.85698068715847,44.184577112895866,45.52339909814173,46.87323676184661,48.23390036598094,49.60521889526755,50.98703865060109,52.37922187147295,53.781645400083434,55.19419939621052,56.616786110337266,58.04931871975386,59.491720230858284,60.94392244926327,62.40586501809138,63.87749452383358,65.35876366835716,66.84963050503531,68.35005773652179,69.86001207136626,71.37946363645742,72.90838544215121,74.44675289689323,75.99454336814205,77.55173578645741,79.11831028969102,80.69424790433071,82.27953026117208,83.8741393426299,85.47805725914452,87.0912660522887,88.71374752232646,90.34548307812302,91.98645360744867,93.63663936585415,95.29601988243175,96.96457388089765,98.64227921455624,100.32911281380918,102.02505064499206,103.73006767940186,105.44413787149769,107.16723414529059,108.89932838810226,110.64039145084884,112.39039315415728,114.1493022996179,115.91708668559079,117.69371312705829,119.47914747866544,121.27335466137605,123.07629869114551,124.88794271011594,126.70824901963586,128.53717911483594,130.3746937243471,132.22075282797653,134.07531573286076,135.9383410732902,137.80978686862505,139.68961055836607,141.57776904114934,143.4742187136872,145.3789155095265,147.2918149375254,149.21287211994536,151.1420418300462,153.07927852927565,155.02453640358203,156.9777693993259,158.93893125834134,160.9079755522676,162.88485571607987,164.86952508079443,166.8619369053205,168.86204440743398,170.8698007938617,172.88515928945893,174.90807316547063,176.93849576687055,178.976380538776,181.02168105193147,183.07435102727067,185.13434435954906,187.20161514006196,189.27611767844738,191.35780652358625,193.4466364836047,195.54256264499367,197.6455403908515,199.75552541826687,201.87247375485185,203.9963417744399,206.12708621196202,208.2646641775134,210.4090331696464,212.5601510878473,214.71797624429962,216.88246737487697,219.05358364940352,221.23128468122886,223.41553053607748,225.60628174023446,227.80349928806942,230.00714464890828,232.21717977328277,234.4335670985581,236.65626955397292,238.88525056509263,241.12047405770008,243.36190446113972,245.60950671112624,247.86324625203892,250.12308903871315,252.38900153774765,254.6609507283395
0.06884422110552765,,,,,4.8610501387014705e-21,1.949874337381949e-16,2.284849709542972e-13,3.555445928671633e-11,1.5664675685765603e-09,2.9758383132197385e-08,3.137326149487317e-07,2.155356120755496e-06,1.073952756346659e-05,4.1797358265726384e-05,0.0001339687165402052,0.00036762978023612686,0.0008892360513642941,0.0019386226228449983,0.0038757970073217225,0.007203747477704418,0.012584506582597172,0.02084682094418366,0.032984953498811385,0.0501491486656036,0.07362900745613017,0.10483142681832175,0.14525489423354343,0.1964618610633083,0.2600507172527027,0.3376286180106179,0.43078611810436485,0.541074284651895,0.6699847049962777,0.8189325924929963,0.9892430227452736,1.1821402042016447,1.3987395956840751,1.6400426236339565,1.9069337177142271,2.200179369211672,2.5204289173923504,2.868216780348305,3.2439658653336503,3.647991916468417,4.080508582786341,4.541633015344627,5.031391827427903,5.549727275940033,6.096503544427405,6.6715130285451325,7.274482543036974,7.905079385543532,8.562917206866048,9.247561651393552,9.95853574134684,10.695324997899917,11.457382300120967,12.244132504509343,13.05497686071406,13.889297271903525,14.74646045354428,15.625822041031302,16.526730683845795,17.448532140571203,18.390573374795036,19.352206605177297,20.332793268712496,21.33170781973726,22.34834129159367,23.382104546481283,24.432431148396084,25.498779808322077,26.58063636823365,27.677515309080114,28.788960785488335,29.91454720573983,31.053879388238197,32.20659233520783,33.372350670537855,34.550847791864086,35.74180478757161,36.944969167914486,38.16011345640009,39.387033683569854,40.62554782043365,41.87549418403605,43.13672984247525,44.40912904200171,45.69258167436081,46.986991798534234,48.29227622748874,49.60836318747448,50.93519105480722,52.27270717292449,53.62086675055389,54.97963184094465,56.34897040004325,57.72885542171412,59.11926414670337,60.520177341955,61.931578646509486,63.353453980060806,64.78579101018198,66.2285786742439,67.68180675211877,69.14546548588051,70.61954524285748,72.10403621856317,73.59892817621574,75.1042102197453,76.61987059738297,78.14589653311695,79.68227408349144,81.22898801740149,82.78602171671992,84.353357095748,85.930974537649,87.51885284616627,89.11696921106392,90.72529918586497,92.34381667657347,93.97249394018546,95.61130159189094,97.26020861997132,98.91918240747552,100.58818875984971,102.26719193776127,103.95615469442909,105.6550383168381,107.36380267027329,109.0824062456422,110.81080620914871,112.54895845388263,114.29681765292928,116.05433731368443,117.8214698330459,119.59816655321136,121.38437781783259,123.18005302829839,124.98514069995325,126.79958851806681,128.62334339340197,130.45635151723712,132.29855841986756,134.14990900345526,136.0103476361947,137.87981816260964,139.7582639750115,141.64562805899752,143.5418530419588,145.446881240406,147.36065470615668,149.28311527090668,151.21420459023923,153.15386418579655,155.10203548615007,157.0586598666823,159.02367868796478,160.99703333287766,162.97866524242633,164.96851595026834,166.9665271159566,168.97264055691434,170.98679827914933,173.00894250673127,175.03901571004104,177.07696063281847,179.12272031801834,181.17623813250626,183.23745779060638,185.30632337652668,187.38277936568664,189.4667706449646,191.55824253189257,193.65714079282048,195.7634116600741,197.87700184812783,199.99785856881957,202.12592954563033,204.2611630270503,206.40350779905563,208.55291319672435,210.70932911500088,212.8727060186663,215.04299495146077,217.22014754449233,219.40411602385646,221.59485321753166,223.79231256158133,225.99644810564624,228.2072145177843,230.42456708866243,232.64846173512012,234.87885500312893,237.115704070165,239.3589667470123,241.60860147902252,243.86456734683583,246.12682406659948,248.39533198968377
0.06984924623115579,,,,,9.32416306303368e-21,3.211087857390342e-16,3.398967984198481e-13,4.918621691153953e-11,2.0521810870332765e-09,3.736846138199599e-08,3.8083499153223374e-07,2.544799858588965e-06,1.2390370352282004e-05,4.728859177140836e-05,0.00014905016501889117,0.0004031175729127154,0.0009627612259207426,0.0020755091140542132,0.00410831144203013,0.007568110628760256,0.013115328514866206,0.021568940282468228,0.03390295606408629,0.051235066369585726,0.07480883555391553,0.10597114797013443,0.14614667577375384,0.19681101749666632,0.25946392375525207,0.3356037403712401,0.4267039038014709,0.5341920480879592,0.659432042990744,0.8037090866576053,0.968217823794593,1.1540533486229478,1.362204875628153,1.5935518141297755,1.8488619589631659,2.1287915034983893,2.4338865880118994,2.7645861120694546,3.121225560868747,3.5040416199458764,3.91317737839888,4.348687946497138,4.8105463382600515,5.29864949273416,5.8128243289130435,6.352833748375564,6.918382517014176,7.509122973170684,8.12466052546583,8.764558920853162,9.42834528343263,10.115514946592858,10.825536122615794,11.557854470090266,12.311897625550866,13.087079758081375,13.882806184312233,14.69847804949159,15.533497044191419,16.387270091968592,17.259213917137487,18.14875938864843,19.05535552856837,19.97847309500223,20.917607653822827,21.872282089683424,22.842048527845648,23.826489665881873,24.825219537145472,25.837883746335805,26.864159230952918,27.903753611140242,28.95640419405877,30.02187669958963,31.099963771131993,32.190483330640134,33.29327683085609,34.40820745088001,35.5351582742012,36.67403048148241,37.82474158400028,38.98722371783614,40.16142201392242,41.3472930543975,42.54480342237495,43.753928348879434,44.97465045839044,46.20695861243724,47.45084684919243,48.706313415887,49.97335989006305,51.25199038513085,52.542210835359874,53.844028355257485,55.15745066824949,56.482485599646964,57.819140628845624,59.16742249644178,60.52733686114228,61.89888800274554,63.2820785668866,64.67690934787241,66.08337910609451,67.501484416769,68.93121954699299,70.37257635834484,71.82554423246913,73.29011001730129,74.76625799177404,76.25396984703724,77.75322468238183,79.26399901422447,80.78626679664501,82.31999945210744,83.86516591111516,85.42173265966454,86.98966379346251,88.5689210779731,90.15946401343786,91.76124990410183,93.3742339309444,94.99836922728481,96.63360695669024,98.27989639267098,99.93718499970302,101.60541851515484,103.28454103174971,104.97449508022656,106.67522171189681,108.38666058084587,110.1087500255041,111.84142714943226,113.58462790109975,115.33828715249479,117.10233877644076,118.876715722487,120.66135009127207,122.45617320726824,124.26111568983256,126.07610752250287,127.90107812048693,129.73595639630747,131.58067082356771,133.43514949882083,135.29932020152742,137.17311045209112,139.05644756797722,140.94925871791526,142.85147097419554,144.76301136307606,146.6838069133152,148.6137847028572,150.5528719036843,152.50099582488014,154.45808395390475,156.42406399615845,158.39886391281638,160.38241195700257,162.37463670832784,164.3754671058248,166.38483247932425,168.4026625793034,170.42888760524815,172.4634382325645,174.50624563807918,176.55724152416462,178.61635814153033,180.68352831071152,182.75868544229874,184.84176355593885,186.9326972981498,189.03142195897905,191.13787348754204,193.25198850647953,195.37370432535997,197.50295895306706,199.63969110919822,201.78384023451224,203.935346500454,206.0941508177823,208.26019484434042,210.433420991987,212.61377243272537,214.80119310404734,216.9956277136548,219.1970217428704,221.40532145046726,223.6204738747515,225.8424268354887,228.07112893513107,230.30652955942435,232.54857887743597,234.79722784102316,237.0524281837576,239.31413241933365,241.58229383947503
0.07085427135678393,,,,,1.700420999216107e-20,5.04944420388525e-16,4.842113772996528e-13,6.52959129160557e-11,2.58389138919035e-09,4.51530761595689e-08,4.45264236029913e-07,2.8962340381383026e-06,1.378838875806389e-05,5.1633901870735114e-05,0.00016011758234247823,0.0004269816642779493,0.0010072404356005473,0.002147866107046407,0.004210558409612372,0.0076895397538409875,0.013222236827558603,0.021591858852035475,0.033721963306914154,0.05066393333838581,0.07357881424074758,0.10371518713271345,0.14238475666519357,0.19093716976586306,0.25073533233868844,0.3231322049937455,0.40944977583449,0.5109606521203846,0.6288724957662983,0.7643153543559995,0.918331808459668,1.0918697632474093,1.28577765189429,1.5008017839013899,1.7375855573385313,1.9966702549065252,2.278497155205249,2.583410709086108,2.9116625536408014,3.2634161610942094,3.638751945057753,4.037672671190426,4.4601090425091785,4.905925351128091,5.374925108001767,5.866856581276144,6.381418193655782,6.918263752503167,7.477007514551719,8.057229119046022,8.658478452920646,9.280280531258184,9.922140476904433,10.583548661683311,11.263986030034376,11.962929572714735,12.679857864625665,13.414256537496486,14.16562353261662,14.933473973903554,15.717344516195702,16.51679705281226,17.331421704990085,18.160839056796398,19.004701638329674,19.862694693358023,20.734536293277323,21.61997687664914,22.518798303297014,23.430812514747434,24.35585989037641,25.29380738252645,26.244546505062445,27.20799123997127,28.184075916167377,29.172753104859485,30.17399156606087,31.18777427295787,32.214096533231405,33.252964220454736,34.30439212358245,35.36840241846676,36.445023262125204,37.53428750802431,38.6362315388146,39.75089421162844,40.87831591028355,42.01853769788158,43.171600563511696,44.3375447561627,45.51640919937576,46.70823098019216,47.91304490624251,49.13088312512559,50.36177480055774,51.60574584012275,52.86281866980683,54.13301205084843,55.41634093477867,56.71281635282471,58.0224453362131,59.34523086411909,60.68117183634441,62.03026306802401,63.39249530393082,64.76785524994561,66.15632562012279,67.55788519681995,68.97250890271843,70.40016788296592,71.84082959606198,73.29445791222149,74.76101321805072,76.2404525264838,77.73272959102896,79.23779502345747,80.75559641416113,82.28607845447226,83.82918306031192,85.38484949660065,86.95301450191812,88.53361241295708,90.12657528836208,91.7318330315937,93.34931351249521,94.978942687281,96.62064471669741,98.27434208214098,99.93995569954771,101.61740503089139,103.30660819315698,105.00748206467551,106.71994238872355,108.44390387431606,110.17928029414263,111.92598457955977,113.68392891269637,115.45302481555902,117.23318323619252,119.02431463187769,120.82632904938265,122.63913620229047,124.46264554542248,126.2967663464043,128.14140775440026,129.9964788660722,131.86188878879977,133.73754670122477,135.6233619111646,137.51924391095983,139.42510243030767,141.3408474866513,143.26638943317673,145.20163900448938,147.14650736002656,149.1009061252776,151.06474743086576,153.03794394956716,155.0204089313183,157.01205623626916,159.01280036603566,161.02255649297157,163.04124048784274,165.0687689457223,167.105059210345,169.1500293964623,171.20359841149798,173.265685974906,175.33621263651636,177.41509979343516,179.50226970562397,181.5976455102129,183.7011512345893,185.8127118083015,187.93225307385757,190.0597017964154,192.19498567243383,194.33803333731998,196.48877437210837,198.64713930921474,200.8130596372969,202.98646780526465,205.167297225459,207.3554822760551,209.55095830269752,211.75366161941872,213.96352950885384,216.18050022179446,218.40451297609715,220.63550795499583,222.87342630477656,225.11821013196987,227.36980249993732,229.62814742497096,231.89318987189512,234.1648757491992
0.07185929648241207,,,,,2.886346244579183e-20,7.421308426176029e-16,6.464999813117002e-13,8.140131096604894e-11,3.059697989870955e-09,5.1370671497861265e-08,4.906192541358151e-07,3.1087570232676525e-06,1.4480668306022812e-05,5.323412879752827e-05,0.00016248753376233566,0.0004273981357670173,0.0009961933262796722,0.0021019290074971784,0.004081896313108655,0.00739204203748518,0.01261469171151035,0.02045893062062879,0.03175394857348184,0.04743634915149065,0.06853282751459966,0.09613976406821596,0.13140122769142232,0.17548670142469597,0.22956959649283598,0.29480735416190773,0.3723236805674718,0.4631932358932534,0.5684289146515477,0.6889717100376724,0.8256830498456149,0.9793394194117333,1.1506290427246093,1.3401503704295743,1.5484121176023629,1.7758346002894971,2.022752134080408,2.2894162773628235,2.5759997240893218,2.8826006741221706,3.2092475323094827,3.555903809736463,3.922473122217822,4.30880420403019,4.714695881699022,5.139901992358636,5.584136272001106,6.047077295211824,6.528373578779313,7.027648971449232,7.544508418940475,8.07854412469119,8.629342037819669,9.196488510045421,9.779576902879988,10.378213883459557,10.992025167622456,11.62066049573756,12.263797692176231,12.921145726576228,13.59244676255097,14.277477237316514,14.97604805970853,15.688004042975939,16.413222703538267,17.15161255997059,17.90311106063567,18.667682256702136,19.445314322152175,20.23601700592845,21.039819085038605,21.8567658722195,22.686916818227246,23.53034323719674,24.387126173950055,25.257354424221084,26.141122712845405,27.03853003017233,27.949678123598925,28.874670138662587,29.813609402494055,30.766598341415975,31.73373752382736,32.71512481958612,33.710854666770544,34.7210174372044,35.74569889250721,36.78497972267929,37.838935159856966,38.907634660310634,39.991141648261085,41.08951331556958,42.2028004717981,43.331047439694274,44.474291991245,45.63256532030462,46.80589204771124,47.994290255387,49.19777154613227,50.416341126115654,51.649997907311786,52.898734627377415,54.16253798466544,55.44138878628045,56.73526210725079,58.04412745907569,59.36794896604221,60.706685547861305,62.06029110730208,63.42871472161988,64.81190083669316,66.20978946288362,67.6223163717312,69.04941329497055,70.4910081092054,71.94702505334087,73.41738489880458,74.90200515127317,76.40080206859663,77.91368168254688,79.44055830496528,80.98133637946478,82.53591981698999,84.10421033189868,85.68610760610605,87.28150944862554,88.89031195039799,90.51240963433297,92.14769560050715,93.79606166648755,95.457398502772,97.13159576334913,98.81854221140705,100.51812584022349,102.23023398929233,103.9547534557464,105.69157060114908,107.44057145373614,109.20164180619483,110.97466730907581,112.75953355993141,114.55612618829842,116.36433093661746,118.18403373720305,120.015120785385,121.85747860892317,123.7109941338174,125.57555474662443,127.4510483533963,129.337363435358,131.23438910143028,133.1420151377178,135.06013205406708,136.98863112780725,138.92740444477548,140.87634493773714,142.83534642230072,144.80430363042535,146.7831122416231,148.77166891194537,150.76987130085163,152.77761809604283,154.79480903635383,156.8213449328614,158.85712768781883,160.90206031267832,162.9560469437123,165.01899285641358,167.09080447842896,169.17138940101268,171.26065638914702,173.35851539037301,175.4648775423901,177.57965517948787,179.7027618378576,181.83411225984182,183.97362239716782,186.12120941321956,188.2767916843843,190.4402888005278,192.61162156463507,194.79071199165688,196.97748330660298,199.17185994191684,201.37376753416652,203.5831329200878,205.79988413200684,208.02395039268148,210.25526210957858,212.49375086862588,214.7393494274573,216.99199170818525,219.2516127897151,221.51814889962864,223.79153740567745,226.07171680684056
0.07286432160804021,,,,,4.281001627717781e-20,9.568592041412674e-16,7.592470898226936e-13,8.942925934882218e-11,3.1974370827468355e-09,5.163469681205916e-08,4.780279940936962e-07,2.952810860812075e-06,1.3465450227161324e-05,4.862098829078122e-05,0.00014614000838993654,0.0003793048776650107,0.0008738367686797283,0.0018248702024393675,0.003511560268866291,0.006307326465972414,0.010684543612976433,0.01721335897967156,0.02655505013921375,0.03945084603729476,0.056707401937169374,0.07918018375604614,0.10775593560898984,0.143335233542676,0.18681591653458665,0.23907796794461939,0.3009702193137024,0.3732990760172442,0.4568193255925895,0.5522269843892946,0.6601540635058134,0.7811650859700998,0.9157551596012058,1.0643493978685545,1.2273034816901605,1.404905163575137,1.5973765296861584,1.8048768527561956,2.0275058880257246,2.2653074857612676,2.5182734216366813,2.7863473894357766,3.0694291683162467,3.36737906526941,3.6800228151068346,4.007157152495067,4.34855621926182,4.703978835096558,5.073176477126442,5.455901639803071,5.851916131119336,6.2609988304379165,6.682952484835328,7.117609231752216,7.564834674291168,8.024530472124493,8.496635525328266,8.98112590979581,9.478013770068937,9.987345392637371,10.50919867730939,11.043680203844762,11.590922062594533,12.151078586531693,12.724323091608436,13.310844704845573,13.910845336106329,14.524536830368366,15.152138322284678,15.793873803450031,16.449969904470095,17.12065388809344,17.80615184575816,18.50668708745427,19.222478713430835,19.953740355667044,20.700679076942752,21.463494415603734,22.242377564595195,23.037510673928548,23.849066266383648,24.677206756953645,25.52208406709898,26.38383932562181,27.262602648364055,28.158492989667902,29.071618058868577,30.00207429562202,30.949946898266912,31.915309899802804,32.8982262864347,33.8987481539647,34.91691689762717,35.95276343126583,37.00630843203006,38.07756260703958,39.166526978721656,40.27319318577245,41.39754379692565,42.53955263491878,43.699185108389145,44.8763985492627,46.071142554023815,47.28335932676241,48.5129840225413,49.75994508958387,51.0241646089902,52.3055586308327,53.604037505614926,54.919506210207544,56.25186466749576,57.601008059075376,58.96682713044399,60.349208488223255,61.74803488903067,63.16318551973395,64.59453626866645,66.04195998812746,67.50532674736165,68.98450407653472,70.4793572000587,71.98974926897232,73.51554156355053,75.05659371440382,76.61276389402201,78.1839090078148,79.76988487517835,81.3705464021539,82.98574774587249,84.61534247100222,86.25918369841172,87.91712424628238,89.5890167638987,91.27471385835362,92.97406821440705,94.6869327077364,96.41316051181765,98.15260519867404,99.90512083372974,101.67056206499508,103.44878420681707,105.23964331841867,107.04299627744152,108.8587008487129,110.68661574844171,112.52660070404967,114.37851650982971,116.24222507863344,118.11758948976194,120.00447403330999,121.9027442507655,123.81226697296351,125.73291035425314,127.66454390410381,129.60703851579788,131.56026649246405,133.52410157058566,135.49841894111634,137.48309526832813,139.47800870650838,141.48303891462695,143.49806706908157,145.52297587462343,147.55764957356806,149.601973953384,151.65583635275124,153.71912566614432,155.7917323472764,157.8735484106026,159.9644674326425,162.06438455129427,164.173196464402,166.2908014273498,168.4170992496439,170.55199129061512,172.69538045428303,174.8471711834368,177.0072694529724,179.17558276253885,181.3520201285359,183.5364920754976,185.72891062690402,187.92918929546005,190.1372430728675,192.35298841912962,194.57634325141365,196.8072269325034,199.04556025886222,201.2912654483422,203.5442661275509,205.80448731890678,208.07185542740368,210.3462982270983,212.62774484734734,214.9161257588038,217.21137275919858
0.07386934673366835,,,,,3.4683128589486036e-20,6.764671727334195e-16,4.901537913990395e-13,5.410665437671851e-11,1.842635425530259e-09,2.8651130742403733e-08,2.5733783713352875e-07,1.550697200609657e-06,6.927020398492635e-06,2.4578927909435508e-05,7.277892286740263e-05,0.00018646154850611747,0.000424717339250878,0.0008781134184610107,0.0016747545231598892,0.002984254599409167,0.005019172323913637,0.008033854056819218,0.012320938358893658,0.01820598077068827,0.02604075170611467,0.03619576822962037,0.049052568314006416,0.06499615015654736,0.0844078999473515,0.1076592336146589,0.1351060903385875,0.16708434241461156,0.20390612862645266,0.2458570759568214,0.29319434543632866,0.3461454200778224,0.4049075456268791,0.46964774871094184,0.5405034345924576,0.6175837748702249,0.7009724164474138,0.7907322600977594,0.886912875810261,0.9895604821439241,1.0987296117353913,1.2144950356124122,1.3369624609321955,1.4662768933728334,1.6026281323141387,1.746253407518714,1.8974375349278303,2.056511141170952,2.2238475239301185,2.3998586417801673,2.584990617436339,2.7797190285420994,2.9845441682154656,3.199986389165775,3.4265815987887733,3.664876943823341,3.9154267068686885,4.178788428881161,4.455519268214452,4.746172605498296,5.051294902971797,5.371422826082844,5.707080633696583,6.058777841099511,6.427007157271877,6.812242694738427,7.214938447064551,7.635527025853744,8.074418646181067,8.532000346879915,9.008635430079222,9.50466310291155,10.020398303360118,10.55613169179349,11.112129789723582,11.688635247747591,12.28586722529119,12.904021865792703,13.543272851970597,14.203772027115884,14.88565006957327,15.589017208860875,16.313963973136214,17.060561958906767,17.828864615028614,18.618908034083336,19.430711745196653,20.26427950324292,21.119600070150973,21.99664798477367,22.895384318365934,23.815757413280313,24.75770360298435,25.721147911898992,26.706004733928495,27.712178488885893,28.73956425615926,29.788048385474585,30.857509084412264,31.94781698282653,33.058835674273844,34.19042223472143,35.342427718892694,36.51469763467525,37.707072396068114,38.91938775527493,40.15147521432339,41.403162417094556,42.6742735221119,43.964629556869106,45.27404875428581,46.60234687193107,47.94933749465604,49.31483232128617,50.69864143586218,52.100573564396576,53.52043631722008,54.95803641798855,56.413179919657,57.88567240806626,59.375319193663074,60.88192549190279,62.40529659282376,63.94523802029941,65.50155568143998,67.07405600660903,68.66254608049344,70.26683376465812,71.88672781199385,73.52203797345476,75.17257509746361,76.83815122235048,78.51857966217214,80.21367508628884,81.9232535928103,83.6471327766807,85.38513179213186,87.13707141018439,88.90277407130812,90.68206393352598,92.4747669162094,94.28071073979278,96.09972496163573,97.93164100824207,99.77629220404154,101.63351379692466,103.50314298071707,105.38501891476984,107.27898274082797,109.18487759734327,111.10254863137548,113.0318430082249,114.97260991896704,116.92470058593065,118.88796826642009,120.86226825435459,122.84745788089228,124.84339651281147,126.84994554988796,128.86696842079428,130.8943305777514,132.93189949001604,134.9795446362736,137.03713749602048,139.10455154000277,141.18166221978058,143.26834695648287,145.36448512881137,147.4699580603495,149.5846490062374,151.7084431392485,153.84122753533342,155.9828911586571,158.13332484618473,160.29242129185013,162.46007503034028,164.636182420533,166.8206416286216,169.01335261095068,171.2142170965978,173.4231385697162,175.64002225167508,177.86477508300925,180.09730570520452,182.33752444233474,184.58534328257093,186.84067585957447,189.1034374337952,191.37354487368256,193.65091663682708,195.93547275103924,198.22713479538322,200.52582588116775,202.83147063290855,205.14399516927332,207.46332708400524
0.07487437185929649,,,,,,,,,,,,,,,,,,,,,,,,,,,,,,,,,,,,,,,,,,,,,,,,,,,,,,,,,,,,,,,,,,,,,,,,,,,,,,,,,,,,,,,,,,,,,,,,,,,,,,,8.691454278441055,11.222156004444106,13.212962807119064,14.987596349222189,16.64799646090213,18.24090522810967,19.79196465645631,21.316842581641918,22.825829348316237,24.326041250570974,25.822592207076248,27.31926669847799,28.81893004665078,30.32379079455357,31.835575200292634,33.35564714087126,34.88509282285651,36.42478207526915,37.97541362873061,39.53754918016209,41.111639437604516,42.698044322283685,44.297048842333005,45.90887571215032,47.53369549125704,49.17163480923071,50.82278309712144,52.48719814135514,54.164910700260414,55.85592836810862,57.5602388296242,59.27781261753087,61.00860546164233,62.75256030021586,64.50960901015266,66.27967390202129,68.06266901679568,69.85850125522106,71.66707136456509,73.48827480367474,75.32200250359236,77.16814153819095,79.02657571697362,80.89718611029396,82.77985151570057,84.67444887279284,86.58085363293004,88.49894008921535,90.42858167142788,92.36965120994537,94.32202117222312,96.28556387457647,98.26015167252984,100.24565713137781,102.24195317943897,104.24891324564656,106.2664113830766,108.29432237982093,110.33252185844661,112.38088636514331,114.4392934495412,116.50762173609958,118.58575098779136,120.67356216287688,122.77093746532398,124.87776038947587,126.99391575947651,129.11928976391383,131.25376998609818,133.39724543036,135.54960654470142,137.7107452401242,139.8805549069768,142.0589304281709,144.24576819056495,146.4409660932202,148.64442355398003,150.85604151395748,153.07572244023922,155.30337032689255,157.53889069444057,159.78219058832136,162.03317857527094,164.29176473933504,166.5578606764128,168.8313794878942,171.1122357733953,173.4003456226662,175.69562660673697,177.99799776836707,180.3073796118556,182.6236940922658,184.9468646041103,187.27681596954568,189.61347442611347,191.95676761406966,194.30662456333454,196.66297568009327
0.07587939698492463,,,,,,,,,,,,,,,,,,,,,,,,,,,,,,,,,,,,,,,,,,,,,,,,,,,,,,,,,,,,,,,,,,,,,,,,,,,,,,,,,,,,,,,,,,,,,,,,,,,,,,,,,,,,,,,,,,,,,,,,,,,,,,,12.741367420486814,19.590882838862367,23.50689871276879,26.69920623632779,29.53856738260124,32.1674973275129,34.657534330470725,37.05015906426086,39.37173542955804,41.640123628048954,43.86800472425924,46.06471203600548,48.2373122958846,50.3912795872445,52.530934305834215,54.65973963443326,56.78050797865372,58.89554849230227,61.00677489407994,63.11578581928392,65.22392574176021,67.33233187403944,69.44197076765468,71.5536672269875,73.66812740424213,75.78595743227089,77.90767859512425,80.03373978303478,82.16452779684467,84.30037593301314,86.44157118328428,88.58836030877814,90.74095499328243,92.89953623809171,95.06425812822245,97.23525107447625,99.41262461617946,101.59646985362737,103.78686156702646,105.98386006873268,108.18751282762516,110.39785589801568,112.61491518020053,114.83870753554537,117.06924177530526,119.30651953971467,121.55053608103893,123.8012809628273,126.05873868536649,128.32288924624095,130.5937086435965,132.87116932868963,135.15524061346244,137.44588903812323,139.74307870309596,142.04677156915838,144.3569277291207,146.67350565399332,148.9964624162714,151.3257538924653,153.66133494753782,156.00315960180478,158.35118118341873,160.70535246678025,163.0656257986016,165.43195321268044,167.80428653442343,170.18257747602752,172.56677772315578,174.95683901385013,177.35271321034494,179.754352364399,182.16170877668355,184.57473505072448
0.07688442211055277,,,,,,,,,,,,,,,,,,,,,,,,,,,,,,,,,,,,,,,,,,,,,,,,,,,,,,,,,,,,,,,,,,,,,,,,,,,,,,,,,,,,,,,,,,,,,,,,,,,,,,,,,,,,,,,,,,,,,,,,,,,,,,,,,,,,,,,,,,,,,,,,,,26.430551762617714,32.2809146393449,36.73745868691117,40.57376974920424,44.050525631026154,47.29113394460667,50.364812302668604,53.31464669493526,56.16943141111668,58.94943002857539,61.66947421614227,64.34076019445278,66.97195268132815,69.56989572780961,72.14008832284127,74.68701298031844,77.21436902014261,79.72524211078893,82.22223002252099,84.7075375823809,87.18304951587618,89.65038711740067,92.11095289997522,94.56596617622837,97.01649170707664,99.46346298600614,101.90770132661196,104.34993163345646,106.79079552730873,109.23086234190205,111.67063839461471,114.11057484706758,116.55107440586985,118.99249706320633,121.43516503784771,123.8793670464948,126.3253620114311,128.77338229120065,131.22363650588403,133.67631201626304,136.1315771062681,138.58958291003313,141.0504651183344,143.51434549377635,145.98133321938946,148.4515261025791,150.9250116511389,153.40186803838913,155.88216496974246,158.36596446263027,160.8533215496909,163.34428491389178,165.83889746312042,168.33719685083463,170.83921594859984
0.07788944723618091,,,,,,,,,,,,,,,,,,,,,,,,,,,,,,,,,,,,,,,,,,,,,,,,,,,,,,,,,,,,,,,,,,,,,,,,,,,,,,,,,,,,,,,,,,,,,,,,,,,,,,,,,,,,,,,,,,,,,,,,,,,,,,,,,,,,,,,,,,,,,,,,,,,,,,,,,,,,,,,,,28.6918038878529,38.212680608218,44.29654388236619,49.250085064563116,53.60767516443824,57.59094459904018,61.31563506408013,64.85062636143834,68.24056001832899,71.51616878226068,74.69958510809215,77.80731442496007,80.85201381045582,83.84361253773471,86.7900487100441,89.69777062169919,92.57208825194988,95.41742597909473,98.23750828244827,101.03549882788043,103.8141064037407,106.57566682080264,109.32220707990268,112.05549625320137,114.77708627000641,117.4883449339285,120.19048289243497,122.88457584870389,125.57158299398465,128.2523624108764,130.92768402859096,133.59824058478756,136.26465695251494,138.9274981174015,141.5872760337568,144.244455543519,146.8994595086404,149.55267329161668,152.20444859456597,154.85510701211155
0.07889447236180905,,,,,,,,,,,,,,,,,,,,,,,,,,,,,,,,,,,,,,,,,,,,,,,,,,,,,,,,,,,,,,,,,,,,,,,,,,,,,,,,,,,,,,,,,,,,,,,,,,,,,,,,,,,,,,,,,,,,,,,,,,,,,,,,,,,,,,,,,,,,,,,,,,,,,,,,,,,,,,,,,,,,,,,,,,,,,,,37.705124383844435,47.67552575536881,54.45328588640425,60.028360503278705,64.94180976521075,69.42964406691588,73.61846648911055,77.58492709793026,81.37931526267734,85.0365777353182,88.58207287433815,92.03483297960068,95.40953440174123,98.71774850670548,101.968769166518,105.17017906747398,108.3282485765509,111.44822367878848,114.53453831992607,117.59097395291734,120.62078140758811,123.62677535527455,126.61140849759269,129.57683052381307,132.52493546709385,135.45740011390137
0.07989949748743719,,,,,,,,,,,,,,,,,,,,,,,,,,,,,,,,,,,,,,,,,,,,,,,,,,,,,,,,,,,,,,,,,,,,,,,,,,,,,,,,,,,,,,,,,,,,,,,,,,,,,,,,,,,,,,,,,,,,,,,,,,,,,,,,,,,,,,,,,,,,,,,,,,,,,,,,,,,,,,,,,,,,,,,,,,,,,,,,,,,,,,,,,,,,48.392378434727085,58.11781378527454,65.25504759021051,71.24642771217643,76.56882429872616,81.44635849179883,86.00435533341353,90.32076679828673,94.44772662526375,98.42199159008791,102.27054021502344,106.01381117769077,109.66769010819011
0.08090452261306533,,,,,,,,,,,,,,,,,,,,,,,,,,,,,,,,,,,,,,,,,,,,,,,,,,,,,,,,,,,,,,,,,,,,,,,,,,,,,,,,,,,,,,,,,,,,,,,,,,,,,,,,,,,,,,,,,,,,,,,,,,,,,,,,,,,,,,,,,,,,,,,,,,,,,,,,,,,,,,,,,,,,,,,,,,,,,,,,,,,,,,,,,,,,,,,,,,,,,,,,56.85519709767203
0.08190954773869347,,,,,,,,,,,,,,,,,,,,,,,,,,,,,,,,,,,,,,,,,,,,,,,,,,,,,,,,,,,,,,,,,,,,,,,,,,,,,,,,,,,,,,,,,,,,,,,,,,,,,,,,,,,,,,,,,,,,,,,,,,,,,,,,,,,,,,,,,,,,,,,,,,,,,,,,,,,,,,,,,,,,,,,,,,,,,,,,,,,,,,,,,,,,,,,,,,,,,,,,
0.08291457286432163,,,,,,,,,,,,,,,,,,,,,,,,,,,,,,,,,,,,,,,,,,,,,,,,,,,,,,,,,,,,,,,,,,,,,,,,,,,,,,,,,,,,,,,,,,,,,,,,,,,,,,,,,,,,,,,,,,,,,,,,,,,,,,,,,,,,,,,,,,,,,,,,,,,,,,,,,,,,,,,,,,,,,,,,,,,,,,,,,,,,,,,,,,,,,,,,,,,,,,,,
0.08391959798994977,,,,,,,,,,,,,,,,,,,,,,,,,,,,,,,,,,,,,,,,,,,,,,,,,,,,,,,,,,,,,,,,,,,,,,,,,,,,,,,,,,,,,,,,,,,,,,,,,,,,,,,,,,,,,,,,,,,,,,,,,,,,,,,,,,,,,,,,,,,,,,,,,,,,,,,,,,,,,,,,,,,,,,,,,,,,,,,,,,,,,,,,,,,,,,,,,,,,,,,,
0.08492462311557791,,,,,,,,,,,,,,,,,,,,,,,,,,,,,,,,,,,,,,,,,,,,,,,,,,,,,,,,,,,,,,,,,,,,,,,,,,,,,,,,,,,,,,,,,,,,,,,,,,,,,,,,,,,,,,,,,,,,,,,,,,,,,,,,,,,,,,,,,,,,,,,,,,,,,,,,,,,,,,,,,,,,,,,,,,,,,,,,,,,,,,,,,,,,,,,,,,,,,,,,
0.08592964824120605,,,,,,,,,,,,,,,,,,,,,,,,,,,,,,,,,,,,,,,,,,,,,,,,,,,,,,,,,,,,,,,,,,,,,,,,,,,,,,,,,,,,,,,,,,,,,,,,,,,,,,,,,,,,,,,,,,,,,,,,,,,,,,,,,,,,,,,,,,,,,,,,,,,,,,,,,,,,,,,,,,,,,,,,,,,,,,,,,,,,,,,,,,,,,,,,,,,,,,,,
0.08693467336683419,,,,,,,,,,,,,,,,,,,,,,,,,,,,,,,,,,,,,,,,,,,,,,,,,,,,,,,,,,,,,,,,,,,,,,,,,,,,,,,,,,,,,,,,,,,,,,,,,,,,,,,,,,,,,,,,,,,,,,,,,,,,,,,,,,,,,,,,,,,,,,,,,,,,,,,,,,,,,,,,,,,,,,,,,,,,,,,,,,,,,,,,,,,,,,,,,,,,,,,,
0.08793969849246233,,,,,,,,,,,,,,,,,,,,,,,,,,,,,,,,,,,,,,,,,,,,,,,,,,,,,,,,,,,,,,,,,,,,,,,,,,,,,,,,,,,,,,,,,,,,,,,,,,,,,,,,,,,,,,,,,,,,,,,,,,,,,,,,,,,,,,,,,,,,,,,,,,,,,,,,,,,,,,,,,,,,,,,,,,,,,,,,,,,,,,,,,,,,,,,,,,,,,,,,
0.08894472361809047,,,,,,,,,,,,,,,,,,,,,,,,,,,,,,,,,,,,,,,,,,,,,,,,,,,,,,,,,,,,,,,,,,,,,,,,,,,,,,,,,,,,,,,,,,,,,,,,,,,,,,,,,,,,,,,,,,,,,,,,,,,,,,,,,,,,,,,,,,,,,,,,,,,,,,,,,,,,,,,,,,,,,,,,,,,,,,,,,,,,,,,,,,,,,,,,,,,,,,,,
0.08994974874371861,,,,,,,,,,,,,,,,,,,,,,,,,,,,,,,,,,,,,,,,,,,,,,,,,,,,,,,,,,,,,,,,,,,,,,,,,,,,,,,,,,,,,,,,,,,,,,,,,,,,,,,,,,,,,,,,,,,,,,,,,,,,,,,,,,,,,,,,,,,,,,,,,,,,,,,,,,,,,,,,,,,,,,,,,,,,,,,,,,,,,,,,,,,,,,,,,,,,,,,,
0.09095477386934675,,,,,,,,,,,,,,,,,,,,,,,,,,,,,,,,,,,,,,,,,,,,,,,,,,,,,,,,,,,,,,,,,,,,,,,,,,,,,,,,,,,,,,,,,,,,,,,,,,,,,,,,,,,,,,,,,,,,,,,,,,,,,,,,,,,,,,,,,,,,,,,,,,,,,,,,,,,,,,,,,,,,,,,,,,,,,,,,,,,,,,,,,,,,,,,,,,,,,,,,
0.09195979899497489,,,,,,,,,,,,,,,,,,,,,,,,,,,,,,,,,,,,,,,,,,,,,,,,,,,,,,,,,,,,,,,,,,,,,,,,,,,,,,,,,,,,,,,,,,,,,,,,,,,,,,,,,,,,,,,,,,,,,,,,,,,,,,,,,,,,,,,,,,,,,,,,,,,,,,,,,,,,,,,,,,,,,,,,,,,,,,,,,,,,,,,,,,,,,,,,,,,,,,,,
0.09296482412060303,,,,,,,,,,,,,,,,,,,,,,,,,,,,,,,,,,,,,,,,,,,,,,,,,,,,,,,,,,,,,,,,,,,,,,,,,,,,,,,,,,,,,,,,,,,,,,,,,,,,,,,,,,,,,,,,,,,,,,,,,,,,,,,,,,,,,,,,,,,,,,,,,,,,,,,,,,,,,,,,,,,,,,,,,,,,,,,,,,,,,,,,,,,,,,,,,,,,,,,,
0.09396984924623117,,,,,,,,,,,,,,,,,,,,,,,,,,,,,,,,,,,,,,,,,,,,,,,,,,,,,,,,,,,,,,,,,,,,,,,,,,,,,,,,,,,,,,,,,,,,,,,,,,,,,,,,,,,,,,,,,,,,,,,,,,,,,,,,,,,,,,,,,,,,,,,,,,,,,,,,,,,,,,,,,,,,,,,,,,,,,,,,,,,,,,,,,,,,,,,,,,,,,,,,
0.09497487437185931,,,,,,,,,,,,,,,,,,,,,,,,,,,,,,,,,,,,,,,,,,,,,,,,,,,,,,,,,,,,,,,,,,,,,,,,,,,,,,,,,,,,,,,,,,,,,,,,,,,,,,,,,,,,,,,,,,,,,,,,,,,,,,,,,,,,,,,,,,,,,,,,,,,,,,,,,,,,,,,,,,,,,,,,,,,,,,,,,,,,,,,,,,,,,,,,,,,,,,,,
0.09597989949748745,,,,,,,,,,,,,,,,,,,,,,,,,,,,,,,,,,,,,,,,,,,,,,,,,,,,,,,,,,,,,,,,,,,,,,,,,,,,,,,,,,,,,,,,,,,,,,,,,,,,,,,,,,,,,,,,,,,,,,,,,,,,,,,,,,,,,,,,,,,,,,,,,,,,,,,,,,,,,,,,,,,,,,,,,,,,,,,,,,,,,,,,,,,,,,,,,,,,,,,,
0.09698492462311559,,,,,,,,,,,,,,,,,,,,,,,,,,,,,,,,,,,,,,,,,,,,,,,,,,,,,,,,,,,,,,,,,,,,,,,,,,,,,,,,,,,,,,,,,,,,,,,,,,,,,,,,,,,,,,,,,,,,,,,,,,,,,,,,,,,,,,,,,,,,,,,,,,,,,,,,,,,,,,,,,,,,,,,,,,,,,,,,,,,,,,,,,,,,,,,,,,,,,,,,
0.09798994974874373,,,,,,,,,,,,,,,,,,,,,,,,,,,,,,,,,,,,,,,,,,,,,,,,,,,,,,,,,,,,,,,,,,,,,,,,,,,,,,,,,,,,,,,,,,,,,,,,,,,,,,,,,,,,,,,,,,,,,,,,,,,,,,,,,,,,,,,,,,,,,,,,,,,,,,,,,,,,,,,,,,,,,,,,,,,,,,,,,,,,,,,,,,,,,,,,,,,,,,,,
0.09899497487437187,,,,,,,,,,,,,,,,,,,,,,,,,,,,,,,,,,,,,,,,,,,,,,,,,,,,,,,,,,,,,,,,,,,,,,,,,,,,,,,,,,,,,,,,,,,,,,,,,,,,,,,,,,,,,,,,,,,,,,,,,,,,,,,,,,,,,,,,,,,,,,,,,,,,,,,,,,,,,,,,,,,,,,,,,,,,,,,,,,,,,,,,,,,,,,,,,,,,,,,,
0.1,,,,,,,,,,,,,,,,,,,,,,,,,,,,,,,,,,,,,,,,,,,,,,,,,,,,,,,,,,,,,,,,,,,,,,,,,,,,,,,,,,,,,,,,,,,,,,,,,,,,,,,,,,,,,,,,,,,,,,,,,,,,,,,,,,,,,,,,,,,,,,,,,,,,,,,,,,,,,,,,,,,,,,,,,,,,,,,,,,,,,,,,,,,,,,,,,,,,,,,,
