$\mu / t$,0.0,0.02525252525252525,0.0505050505050505,0.07575757575757575,0.101010101010101,0.12626262626262627,0.1515151515151515,0.17676767676767677,0.202020202020202,0.22727272727272727,0.25252525252525254,0.2777777777777778,0.303030303030303,0.32828282828282823,0.35353535353535354,0.37878787878787873,0.404040404040404,0.4292929292929293,0.45454545454545453,0.4797979797979797,0.5050505050505051,0.5303030303030303,0.5555555555555556,0.5808080808080808,0.606060606060606,0.6313131313131313,0.6565656565656565,0.6818181818181818,0.7070707070707071,0.7323232323232324,0.7575757575757575,0.7828282828282827,0.808080808080808,0.8333333333333333,0.8585858585858586,0.8838383838383838,0.9090909090909091,0.9343434343434344,0.9595959595959594,0.9848484848484848,1.0101010101010102,1.0353535353535352,1.0606060606060606,1.0858585858585856,1.1111111111111112,1.1363636363636362,1.1616161616161615,1.1868686868686866,1.212121212121212,1.2373737373737372,1.2626262626262625,1.2878787878787878,1.313131313131313,1.3383838383838385,1.3636363636363635,1.3888888888888888,1.4141414141414141,1.439393939393939,1.4646464646464648,1.4898989898989896,1.515151515151515,1.5404040404040402,1.5656565656565653,1.5909090909090908,1.616161616161616,1.6414141414141412,1.6666666666666665,1.6919191919191918,1.7171717171717171,1.7424242424242422,1.7676767676767675,1.7929292929292928,1.8181818181818181,1.8434343434343432,1.8686868686868687,1.8939393939393938,1.919191919191919,1.9444444444444444,1.9696969696969695,1.994949494949495,2.0202020202020203,2.045454545454545,2.0707070707070705,2.095959595959596,2.121212121212121,2.146464646464646,2.1717171717171713,2.1969696969696972,2.2222222222222223,2.2474747474747474,2.2727272727272725,2.2979797979797976,2.323232323232323,2.3484848484848486,2.3737373737373733,2.398989898989899,2.424242424242424,2.4494949494949494,2.4747474747474745,2.4999999999999996
0.7407407407407407,0.0,3.0303030303030303,3.0303030303030303,3.0303030303030303,3.0303030303030303,3.0303030303030303,3.0303030303030303,3.0303030303030303,3.0303030303030303,3.0303030303030303,3.0303030303030303,3.0303030303030303,3.0303030303030303,3.0303030303030303,3.0303030303030303,3.0303030303030303,3.0303030303030303,3.0303030303030303,3.0303030303030303,3.0303030303030303,3.0303030303030303,3.0303030303030303,3.0303030303030303,3.0303030303030303,3.0303030303030303,3.0303030303030303,3.0303030303030303,3.0303030303030303,3.0303030303030303,3.0303030303030303,3.0303030303030303,3.0303030303030303,3.0303030303030303,3.0303030303030303,3.0303030303030303,3.0303030303030303,3.0303030303030303,3.0303030303030303,3.0303030303030303,3.0303030303030303,3.0303030303030303,3.0303030303030303,3.0303030303030303,3.0303030303030303,3.0303030303030303,3.0303030303030303,3.0303030303030303,3.0303030303030303,3.0303030303030303,3.0303030303030303,3.0303030303030303,3.0303030303030303,3.0303030303030303,3.0303030303030303,3.0303030303030303,3.0303030303030303,3.0303030303030303,3.0303030303030303,3.0303030303030303,3.0303030303030303,3.0303030303030303,3.0303030303030303,3.0303030303030303,3.0303030303030303,3.0303030303030303,3.0303030303030303,3.0303030303030303,3.0303030303030303,3.0303030303030303,3.0303030303030303,3.0303030303030303,3.0303030303030303,3.0303030303030303,3.0303030303030303,3.0303030303030303,3.0303030303030303,3.0303030303030303,3.0303030303030303,3.0303030303030303,3.0303030303030303,3.0303030303030303,3.0303030303030303,3.0303030303030303,3.0303030303030303,3.0303030303030303,3.0303030303030303,3.0303030303030303,3.0303030303030303,3.0303030303030303,3.0303030303030303,3.0303030303030303,6.0606060606060606,6.0606060606060606,6.0606060606060606,6.0606060606060606,6.0606060606060606,6.0606060606060606,6.0606060606060606,6.0606060606060606,6.0606060606060606
0.7463524130190796,0.0,3.0303030303030303,3.0303030303030303,3.0303030303030303,3.0303030303030303,3.0303030303030303,3.0303030303030303,3.0303030303030303,3.0303030303030303,3.0303030303030303,3.0303030303030303,3.0303030303030303,3.0303030303030303,3.0303030303030303,3.0303030303030303,3.0303030303030303,3.0303030303030303,3.0303030303030303,3.0303030303030303,3.0303030303030303,3.0303030303030303,3.0303030303030303,3.0303030303030303,3.0303030303030303,3.0303030303030303,3.0303030303030303,3.0303030303030303,3.0303030303030303,3.0303030303030303,3.0303030303030303,3.0303030303030303,3.0303030303030303,3.0303030303030303,3.0303030303030303,3.0303030303030303,3.0303030303030303,3.0303030303030303,3.0303030303030303,3.0303030303030303,3.0303030303030303,3.0303030303030303,3.0303030303030303,3.0303030303030303,3.0303030303030303,3.0303030303030303,3.0303030303030303,3.0303030303030303,3.0303030303030303,3.0303030303030303,3.0303030303030303,3.0303030303030303,3.0303030303030303,3.0303030303030303,3.0303030303030303,3.0303030303030303,3.0303030303030303,3.0303030303030303,3.0303030303030303,3.0303030303030303,3.0303030303030303,3.0303030303030303,3.0303030303030303,3.0303030303030303,3.0303030303030303,3.0303030303030303,3.0303030303030303,3.0303030303030303,3.0303030303030303,3.0303030303030303,3.0303030303030303,3.0303030303030303,3.0303030303030303,3.0303030303030303,3.0303030303030303,3.0303030303030303,3.0303030303030303,3.0303030303030303,3.0303030303030303,3.0303030303030303,3.0303030303030303,3.0303030303030303,3.0303030303030303,3.0303030303030303,3.0303030303030303,3.0303030303030303,3.0303030303030303,3.0303030303030303,3.0303030303030303,3.0303030303030303,3.0303030303030303,6.0606060606060606,6.0606060606060606,6.0606060606060606,6.0606060606060606,6.0606060606060606,6.0606060606060606,6.0606060606060606,6.0606060606060606,6.0606060606060606,6.0606060606060606
0.7519640852974185,0.0,3.0303030303030303,3.0303030303030303,3.0303030303030303,3.0303030303030303,3.0303030303030303,3.0303030303030303,3.0303030303030303,3.0303030303030303,3.0303030303030303,3.0303030303030303,3.0303030303030303,3.0303030303030303,3.0303030303030303,3.0303030303030303,3.0303030303030303,3.0303030303030303,3.0303030303030303,3.0303030303030303,3.0303030303030303,3.0303030303030303,3.0303030303030303,3.0303030303030303,3.0303030303030303,3.0303030303030303,3.0303030303030303,3.0303030303030303,3.0303030303030303,3.0303030303030303,3.0303030303030303,3.0303030303030303,3.0303030303030303,3.0303030303030303,3.0303030303030303,3.0303030303030303,3.0303030303030303,3.0303030303030303,3.0303030303030303,3.0303030303030303,3.0303030303030303,3.0303030303030303,3.0303030303030303,3.0303030303030303,3.0303030303030303,3.0303030303030303,3.0303030303030303,3.0303030303030303,3.0303030303030303,3.0303030303030303,3.0303030303030303,3.0303030303030303,3.0303030303030303,3.0303030303030303,3.0303030303030303,3.0303030303030303,3.0303030303030303,3.0303030303030303,3.0303030303030303,3.0303030303030303,3.0303030303030303,3.0303030303030303,3.0303030303030303,3.0303030303030303,3.0303030303030303,3.0303030303030303,3.0303030303030303,3.0303030303030303,3.0303030303030303,3.0303030303030303,3.0303030303030303,3.0303030303030303,3.0303030303030303,3.0303030303030303,3.0303030303030303,3.0303030303030303,3.0303030303030303,3.0303030303030303,3.0303030303030303,3.0303030303030303,3.0303030303030303,3.0303030303030303,3.0303030303030303,3.0303030303030303,3.0303030303030303,3.0303030303030303,3.0303030303030303,3.0303030303030303,3.0303030303030303,3.0303030303030303,6.0606060606060606,6.0606060606060606,6.0606060606060606,6.0606060606060606,6.0606060606060606,6.0606060606060606,6.0606060606060606,6.0606060606060606,6.0606060606060606,6.0606060606060606,9.09090909090909
0.7575757575757576,0.0,3.0303030303030303,3.0303030303030303,3.0303030303030303,3.0303030303030303,3.0303030303030303,3.0303030303030303,3.0303030303030303,3.0303030303030303,3.0303030303030303,3.0303030303030303,3.0303030303030303,3.0303030303030303,3.0303030303030303,3.0303030303030303,3.0303030303030303,3.0303030303030303,3.0303030303030303,3.0303030303030303,3.0303030303030303,3.0303030303030303,3.0303030303030303,3.0303030303030303,3.0303030303030303,3.0303030303030303,3.0303030303030303,3.0303030303030303,3.0303030303030303,3.0303030303030303,3.0303030303030303,3.0303030303030303,3.0303030303030303,3.0303030303030303,3.0303030303030303,3.0303030303030303,3.0303030303030303,3.0303030303030303,3.0303030303030303,3.0303030303030303,3.0303030303030303,3.0303030303030303,3.0303030303030303,3.0303030303030303,3.0303030303030303,3.0303030303030303,3.0303030303030303,3.0303030303030303,3.0303030303030303,3.0303030303030303,3.0303030303030303,3.0303030303030303,3.0303030303030303,3.0303030303030303,3.0303030303030303,3.0303030303030303,3.0303030303030303,3.0303030303030303,3.0303030303030303,3.0303030303030303,3.0303030303030303,3.0303030303030303,3.0303030303030303,3.0303030303030303,3.0303030303030303,3.0303030303030303,3.0303030303030303,3.0303030303030303,3.0303030303030303,3.0303030303030303,3.0303030303030303,3.0303030303030303,3.0303030303030303,3.0303030303030303,3.0303030303030303,3.0303030303030303,3.0303030303030303,3.0303030303030303,3.0303030303030303,3.0303030303030303,3.0303030303030303,3.0303030303030303,3.0303030303030303,3.0303030303030303,3.0303030303030303,3.0303030303030303,3.0303030303030303,3.0303030303030303,3.0303030303030303,6.0606060606060606,6.0606060606060606,6.0606060606060606,6.0606060606060606,6.0606060606060606,6.0606060606060606,6.0606060606060606,6.0606060606060606,6.0606060606060606,6.0606060606060606,9.09090909090909,9.09090909090909
0.7631874298540965,0.0,3.0303030303030303,3.0303030303030303,3.0303030303030303,3.0303030303030303,3.0303030303030303,3.0303030303030303,3.0303030303030303,3.0303030303030303,3.0303030303030303,3.0303030303030303,3.0303030303030303,3.0303030303030303,3.0303030303030303,3.0303030303030303,3.0303030303030303,3.0303030303030303,3.0303030303030303,3.0303030303030303,3.0303030303030303,3.0303030303030303,3.0303030303030303,3.0303030303030303,3.0303030303030303,3.0303030303030303,3.0303030303030303,3.0303030303030303,3.0303030303030303,3.0303030303030303,3.0303030303030303,3.0303030303030303,3.0303030303030303,3.0303030303030303,3.0303030303030303,3.0303030303030303,3.0303030303030303,3.0303030303030303,3.0303030303030303,3.0303030303030303,3.0303030303030303,3.0303030303030303,3.0303030303030303,3.0303030303030303,3.0303030303030303,3.0303030303030303,3.0303030303030303,3.0303030303030303,3.0303030303030303,3.0303030303030303,3.0303030303030303,3.0303030303030303,3.0303030303030303,3.0303030303030303,3.0303030303030303,3.0303030303030303,3.0303030303030303,3.0303030303030303,3.0303030303030303,3.0303030303030303,3.0303030303030303,3.0303030303030303,3.0303030303030303,3.0303030303030303,3.0303030303030303,3.0303030303030303,3.0303030303030303,3.0303030303030303,3.0303030303030303,3.0303030303030303,3.0303030303030303,3.0303030303030303,3.0303030303030303,3.0303030303030303,3.0303030303030303,3.0303030303030303,3.0303030303030303,3.0303030303030303,3.0303030303030303,3.0303030303030303,3.0303030303030303,3.0303030303030303,3.0303030303030303,3.0303030303030303,3.0303030303030303,3.0303030303030303,3.0303030303030303,3.0303030303030303,6.0606060606060606,6.0606060606060606,6.0606060606060606,6.0606060606060606,6.0606060606060606,6.0606060606060606,6.0606060606060606,6.0606060606060606,6.0606060606060606,6.0606060606060606,9.09090909090909,9.09090909090909,9.09090909090909
0.7687991021324354,0.0,3.0303030303030303,3.0303030303030303,3.0303030303030303,3.0303030303030303,3.0303030303030303,3.0303030303030303,3.0303030303030303,3.0303030303030303,3.0303030303030303,3.0303030303030303,3.0303030303030303,3.0303030303030303,3.0303030303030303,3.0303030303030303,3.0303030303030303,3.0303030303030303,3.0303030303030303,3.0303030303030303,3.0303030303030303,3.0303030303030303,3.0303030303030303,3.0303030303030303,3.0303030303030303,3.0303030303030303,3.0303030303030303,3.0303030303030303,3.0303030303030303,3.0303030303030303,3.0303030303030303,3.0303030303030303,3.0303030303030303,3.0303030303030303,3.0303030303030303,3.0303030303030303,3.0303030303030303,3.0303030303030303,3.0303030303030303,3.0303030303030303,3.0303030303030303,3.0303030303030303,3.0303030303030303,3.0303030303030303,3.0303030303030303,3.0303030303030303,3.0303030303030303,3.0303030303030303,3.0303030303030303,3.0303030303030303,3.0303030303030303,3.0303030303030303,3.0303030303030303,3.0303030303030303,3.0303030303030303,3.0303030303030303,3.0303030303030303,3.0303030303030303,3.0303030303030303,3.0303030303030303,3.0303030303030303,3.0303030303030303,3.0303030303030303,3.0303030303030303,3.0303030303030303,3.0303030303030303,3.0303030303030303,3.0303030303030303,3.0303030303030303,3.0303030303030303,3.0303030303030303,3.0303030303030303,3.0303030303030303,3.0303030303030303,3.0303030303030303,3.0303030303030303,3.0303030303030303,3.0303030303030303,3.0303030303030303,3.0303030303030303,3.0303030303030303,3.0303030303030303,3.0303030303030303,3.0303030303030303,3.0303030303030303,3.0303030303030303,3.0303030303030303,6.0606060606060606,6.0606060606060606,6.0606060606060606,6.0606060606060606,6.0606060606060606,6.0606060606060606,6.0606060606060606,6.0606060606060606,6.0606060606060606,9.09090909090909,9.09090909090909,9.09090909090909,9.09090909090909,9.09090909090909
0.7744107744107743,0.0,3.0303030303030303,3.0303030303030303,3.0303030303030303,3.0303030303030303,3.0303030303030303,3.0303030303030303,3.0303030303030303,3.0303030303030303,3.0303030303030303,3.0303030303030303,3.0303030303030303,3.0303030303030303,3.0303030303030303,3.0303030303030303,3.0303030303030303,3.0303030303030303,3.0303030303030303,3.0303030303030303,3.0303030303030303,3.0303030303030303,3.0303030303030303,3.0303030303030303,3.0303030303030303,3.0303030303030303,3.0303030303030303,3.0303030303030303,3.0303030303030303,3.0303030303030303,3.0303030303030303,3.0303030303030303,3.0303030303030303,3.0303030303030303,3.0303030303030303,3.0303030303030303,3.0303030303030303,3.0303030303030303,3.0303030303030303,3.0303030303030303,3.0303030303030303,3.0303030303030303,3.0303030303030303,3.0303030303030303,3.0303030303030303,3.0303030303030303,3.0303030303030303,3.0303030303030303,3.0303030303030303,3.0303030303030303,3.0303030303030303,3.0303030303030303,3.0303030303030303,3.0303030303030303,3.0303030303030303,3.0303030303030303,3.0303030303030303,3.0303030303030303,3.0303030303030303,3.0303030303030303,3.0303030303030303,3.0303030303030303,3.0303030303030303,3.0303030303030303,3.0303030303030303,3.0303030303030303,3.0303030303030303,3.0303030303030303,3.0303030303030303,3.0303030303030303,3.0303030303030303,3.0303030303030303,3.0303030303030303,3.0303030303030303,3.0303030303030303,3.0303030303030303,3.0303030303030303,3.0303030303030303,3.0303030303030303,3.0303030303030303,3.0303030303030303,3.0303030303030303,3.0303030303030303,3.0303030303030303,3.0303030303030303,3.0303030303030303,6.0606060606060606,6.0606060606060606,6.0606060606060606,6.0606060606060606,6.0606060606060606,6.0606060606060606,6.0606060606060606,6.0606060606060606,6.0606060606060606,9.09090909090909,9.09090909090909,9.09090909090909,9.09090909090909,9.09090909090909,9.09090909090909
0.7800224466891132,0.0,3.0303030303030303,3.0303030303030303,3.0303030303030303,3.0303030303030303,3.0303030303030303,3.0303030303030303,3.0303030303030303,3.0303030303030303,3.0303030303030303,3.0303030303030303,3.0303030303030303,3.0303030303030303,3.0303030303030303,3.0303030303030303,3.0303030303030303,3.0303030303030303,3.0303030303030303,3.0303030303030303,3.0303030303030303,3.0303030303030303,3.0303030303030303,3.0303030303030303,3.0303030303030303,3.0303030303030303,3.0303030303030303,3.0303030303030303,3.0303030303030303,3.0303030303030303,3.0303030303030303,3.0303030303030303,3.0303030303030303,3.0303030303030303,3.0303030303030303,3.0303030303030303,3.0303030303030303,3.0303030303030303,3.0303030303030303,3.0303030303030303,3.0303030303030303,3.0303030303030303,3.0303030303030303,3.0303030303030303,3.0303030303030303,3.0303030303030303,3.0303030303030303,3.0303030303030303,3.0303030303030303,3.0303030303030303,3.0303030303030303,3.0303030303030303,3.0303030303030303,3.0303030303030303,3.0303030303030303,3.0303030303030303,3.0303030303030303,3.0303030303030303,3.0303030303030303,3.0303030303030303,3.0303030303030303,3.0303030303030303,3.0303030303030303,3.0303030303030303,3.0303030303030303,3.0303030303030303,3.0303030303030303,3.0303030303030303,3.0303030303030303,3.0303030303030303,3.0303030303030303,3.0303030303030303,3.0303030303030303,3.0303030303030303,3.0303030303030303,3.0303030303030303,3.0303030303030303,3.0303030303030303,3.0303030303030303,3.0303030303030303,3.0303030303030303,3.0303030303030303,3.0303030303030303,3.0303030303030303,6.0606060606060606,6.0606060606060606,6.0606060606060606,6.0606060606060606,6.0606060606060606,6.0606060606060606,6.0606060606060606,6.0606060606060606,6.0606060606060606,6.0606060606060606,9.09090909090909,9.09090909090909,9.09090909090909,9.09090909090909,9.09090909090909,9.09090909090909,12.121212121212121
0.7856341189674523,0.0,3.0303030303030303,3.0303030303030303,3.0303030303030303,3.0303030303030303,3.0303030303030303,3.0303030303030303,3.0303030303030303,3.0303030303030303,3.0303030303030303,3.0303030303030303,3.0303030303030303,3.0303030303030303,3.0303030303030303,3.0303030303030303,3.0303030303030303,3.0303030303030303,3.0303030303030303,3.0303030303030303,3.0303030303030303,3.0303030303030303,3.0303030303030303,3.0303030303030303,3.0303030303030303,3.0303030303030303,3.0303030303030303,3.0303030303030303,3.0303030303030303,3.0303030303030303,3.0303030303030303,3.0303030303030303,3.0303030303030303,3.0303030303030303,3.0303030303030303,3.0303030303030303,3.0303030303030303,3.0303030303030303,3.0303030303030303,3.0303030303030303,3.0303030303030303,3.0303030303030303,3.0303030303030303,3.0303030303030303,3.0303030303030303,3.0303030303030303,3.0303030303030303,3.0303030303030303,3.0303030303030303,3.0303030303030303,3.0303030303030303,3.0303030303030303,3.0303030303030303,3.0303030303030303,3.0303030303030303,3.0303030303030303,3.0303030303030303,3.0303030303030303,3.0303030303030303,3.0303030303030303,3.0303030303030303,3.0303030303030303,3.0303030303030303,3.0303030303030303,3.0303030303030303,3.0303030303030303,3.0303030303030303,3.0303030303030303,3.0303030303030303,3.0303030303030303,3.0303030303030303,3.0303030303030303,3.0303030303030303,3.0303030303030303,3.0303030303030303,3.0303030303030303,3.0303030303030303,3.0303030303030303,3.0303030303030303,3.0303030303030303,3.0303030303030303,3.0303030303030303,3.0303030303030303,6.0606060606060606,6.0606060606060606,6.0606060606060606,6.0606060606060606,6.0606060606060606,6.0606060606060606,6.0606060606060606,6.0606060606060606,6.0606060606060606,6.0606060606060606,9.09090909090909,9.09090909090909,9.09090909090909,9.09090909090909,9.09090909090909,9.09090909090909,12.121212121212121,12.121212121212121
0.7912457912457912,0.0,3.0303030303030303,3.0303030303030303,3.0303030303030303,3.0303030303030303,3.0303030303030303,3.0303030303030303,3.0303030303030303,3.0303030303030303,3.0303030303030303,3.0303030303030303,3.0303030303030303,3.0303030303030303,3.0303030303030303,3.0303030303030303,3.0303030303030303,3.0303030303030303,3.0303030303030303,3.0303030303030303,3.0303030303030303,3.0303030303030303,3.0303030303030303,3.0303030303030303,3.0303030303030303,3.0303030303030303,3.0303030303030303,3.0303030303030303,3.0303030303030303,3.0303030303030303,3.0303030303030303,3.0303030303030303,3.0303030303030303,3.0303030303030303,3.0303030303030303,3.0303030303030303,3.0303030303030303,3.0303030303030303,3.0303030303030303,3.0303030303030303,3.0303030303030303,3.0303030303030303,3.0303030303030303,3.0303030303030303,3.0303030303030303,3.0303030303030303,3.0303030303030303,3.0303030303030303,3.0303030303030303,3.0303030303030303,3.0303030303030303,3.0303030303030303,3.0303030303030303,3.0303030303030303,3.0303030303030303,3.0303030303030303,3.0303030303030303,3.0303030303030303,3.0303030303030303,3.0303030303030303,3.0303030303030303,3.0303030303030303,3.0303030303030303,3.0303030303030303,3.0303030303030303,3.0303030303030303,3.0303030303030303,3.0303030303030303,3.0303030303030303,3.0303030303030303,3.0303030303030303,3.0303030303030303,3.0303030303030303,3.0303030303030303,3.0303030303030303,3.0303030303030303,3.0303030303030303,3.0303030303030303,3.0303030303030303,3.0303030303030303,3.0303030303030303,3.0303030303030303,6.0606060606060606,6.0606060606060606,6.0606060606060606,6.0606060606060606,6.0606060606060606,6.0606060606060606,6.0606060606060606,6.0606060606060606,6.0606060606060606,9.09090909090909,9.09090909090909,9.09090909090909,9.09090909090909,9.09090909090909,9.09090909090909,9.09090909090909,12.121212121212121,12.121212121212121,12.121212121212121
0.7968574635241301,0.0,3.0303030303030303,3.0303030303030303,3.0303030303030303,3.0303030303030303,3.0303030303030303,3.0303030303030303,3.0303030303030303,3.0303030303030303,3.0303030303030303,3.0303030303030303,3.0303030303030303,3.0303030303030303,3.0303030303030303,3.0303030303030303,3.0303030303030303,3.0303030303030303,3.0303030303030303,3.0303030303030303,3.0303030303030303,3.0303030303030303,3.0303030303030303,3.0303030303030303,3.0303030303030303,3.0303030303030303,3.0303030303030303,3.0303030303030303,3.0303030303030303,3.0303030303030303,3.0303030303030303,3.0303030303030303,3.0303030303030303,3.0303030303030303,3.0303030303030303,3.0303030303030303,3.0303030303030303,3.0303030303030303,3.0303030303030303,3.0303030303030303,3.0303030303030303,3.0303030303030303,3.0303030303030303,3.0303030303030303,3.0303030303030303,3.0303030303030303,3.0303030303030303,3.0303030303030303,3.0303030303030303,3.0303030303030303,3.0303030303030303,3.0303030303030303,3.0303030303030303,3.0303030303030303,3.0303030303030303,3.0303030303030303,3.0303030303030303,3.0303030303030303,3.0303030303030303,3.0303030303030303,3.0303030303030303,3.0303030303030303,3.0303030303030303,3.0303030303030303,3.0303030303030303,3.0303030303030303,3.0303030303030303,3.0303030303030303,3.0303030303030303,3.0303030303030303,3.0303030303030303,3.0303030303030303,3.0303030303030303,3.0303030303030303,3.0303030303030303,3.0303030303030303,3.0303030303030303,3.0303030303030303,3.0303030303030303,3.0303030303030303,3.0303030303030303,6.0606060606060606,6.0606060606060606,6.0606060606060606,6.0606060606060606,6.0606060606060606,6.0606060606060606,6.0606060606060606,6.0606060606060606,6.0606060606060606,9.09090909090909,9.09090909090909,9.09090909090909,9.09090909090909,9.09090909090909,9.09090909090909,12.121212121212121,12.121212121212121,12.121212121212121,12.121212121212121,12.121212121212121
0.802469135802469,0.0,3.0303030303030303,3.0303030303030303,3.0303030303030303,3.0303030303030303,3.0303030303030303,3.0303030303030303,3.0303030303030303,3.0303030303030303,3.0303030303030303,3.0303030303030303,3.0303030303030303,3.0303030303030303,3.0303030303030303,3.0303030303030303,3.0303030303030303,3.0303030303030303,3.0303030303030303,3.0303030303030303,3.0303030303030303,3.0303030303030303,3.0303030303030303,3.0303030303030303,3.0303030303030303,3.0303030303030303,3.0303030303030303,3.0303030303030303,3.0303030303030303,3.0303030303030303,3.0303030303030303,3.0303030303030303,3.0303030303030303,3.0303030303030303,3.0303030303030303,3.0303030303030303,3.0303030303030303,3.0303030303030303,3.0303030303030303,3.0303030303030303,3.0303030303030303,3.0303030303030303,3.0303030303030303,3.0303030303030303,3.0303030303030303,3.0303030303030303,3.0303030303030303,3.0303030303030303,3.0303030303030303,3.0303030303030303,3.0303030303030303,3.0303030303030303,3.0303030303030303,3.0303030303030303,3.0303030303030303,3.0303030303030303,3.0303030303030303,3.0303030303030303,3.0303030303030303,3.0303030303030303,3.0303030303030303,3.0303030303030303,3.0303030303030303,3.0303030303030303,3.0303030303030303,3.0303030303030303,3.0303030303030303,3.0303030303030303,3.0303030303030303,3.0303030303030303,3.0303030303030303,3.0303030303030303,3.0303030303030303,3.0303030303030303,3.0303030303030303,3.0303030303030303,3.0303030303030303,3.0303030303030303,3.0303030303030303,3.0303030303030303,6.0606060606060606,6.0606060606060606,6.0606060606060606,6.0606060606060606,6.0606060606060606,6.0606060606060606,6.0606060606060606,6.0606060606060606,6.0606060606060606,9.09090909090909,9.09090909090909,9.09090909090909,9.09090909090909,9.09090909090909,9.09090909090909,12.121212121212121,12.121212121212121,12.121212121212121,12.121212121212121,12.121212121212121,15.151515151515152
0.808080808080808,0.0,3.0303030303030303,3.0303030303030303,3.0303030303030303,3.0303030303030303,3.0303030303030303,3.0303030303030303,3.0303030303030303,3.0303030303030303,3.0303030303030303,3.0303030303030303,3.0303030303030303,3.0303030303030303,3.0303030303030303,3.0303030303030303,3.0303030303030303,3.0303030303030303,3.0303030303030303,3.0303030303030303,3.0303030303030303,3.0303030303030303,3.0303030303030303,3.0303030303030303,3.0303030303030303,3.0303030303030303,3.0303030303030303,3.0303030303030303,3.0303030303030303,3.0303030303030303,3.0303030303030303,3.0303030303030303,3.0303030303030303,3.0303030303030303,3.0303030303030303,3.0303030303030303,3.0303030303030303,3.0303030303030303,3.0303030303030303,3.0303030303030303,3.0303030303030303,3.0303030303030303,3.0303030303030303,3.0303030303030303,3.0303030303030303,3.0303030303030303,3.0303030303030303,3.0303030303030303,3.0303030303030303,3.0303030303030303,3.0303030303030303,3.0303030303030303,3.0303030303030303,3.0303030303030303,3.0303030303030303,3.0303030303030303,3.0303030303030303,3.0303030303030303,3.0303030303030303,3.0303030303030303,3.0303030303030303,3.0303030303030303,3.0303030303030303,3.0303030303030303,3.0303030303030303,3.0303030303030303,3.0303030303030303,3.0303030303030303,3.0303030303030303,3.0303030303030303,3.0303030303030303,3.0303030303030303,3.0303030303030303,3.0303030303030303,3.0303030303030303,3.0303030303030303,3.0303030303030303,3.0303030303030303,3.0303030303030303,6.0606060606060606,6.0606060606060606,6.0606060606060606,6.0606060606060606,6.0606060606060606,6.0606060606060606,6.0606060606060606,6.0606060606060606,6.0606060606060606,9.09090909090909,9.09090909090909,9.09090909090909,9.09090909090909,9.09090909090909,9.09090909090909,12.121212121212121,12.121212121212121,12.121212121212121,12.121212121212121,12.121212121212121,15.151515151515152,15.151515151515152
0.813692480359147,0.0,3.0303030303030303,3.0303030303030303,3.0303030303030303,3.0303030303030303,3.0303030303030303,3.0303030303030303,3.0303030303030303,3.0303030303030303,3.0303030303030303,3.0303030303030303,3.0303030303030303,3.0303030303030303,3.0303030303030303,3.0303030303030303,3.0303030303030303,3.0303030303030303,3.0303030303030303,3.0303030303030303,3.0303030303030303,3.0303030303030303,3.0303030303030303,3.0303030303030303,3.0303030303030303,3.0303030303030303,3.0303030303030303,3.0303030303030303,3.0303030303030303,3.0303030303030303,3.0303030303030303,3.0303030303030303,3.0303030303030303,3.0303030303030303,3.0303030303030303,3.0303030303030303,3.0303030303030303,3.0303030303030303,3.0303030303030303,3.0303030303030303,3.0303030303030303,3.0303030303030303,3.0303030303030303,3.0303030303030303,3.0303030303030303,3.0303030303030303,3.0303030303030303,3.0303030303030303,3.0303030303030303,3.0303030303030303,3.0303030303030303,3.0303030303030303,3.0303030303030303,3.0303030303030303,3.0303030303030303,3.0303030303030303,3.0303030303030303,3.0303030303030303,3.0303030303030303,3.0303030303030303,3.0303030303030303,3.0303030303030303,3.0303030303030303,3.0303030303030303,3.0303030303030303,3.0303030303030303,3.0303030303030303,3.0303030303030303,3.0303030303030303,3.0303030303030303,3.0303030303030303,3.0303030303030303,3.0303030303030303,3.0303030303030303,3.0303030303030303,3.0303030303030303,3.0303030303030303,3.0303030303030303,6.0606060606060606,6.0606060606060606,6.0606060606060606,6.0606060606060606,6.0606060606060606,6.0606060606060606,6.0606060606060606,6.0606060606060606,6.0606060606060606,9.09090909090909,9.09090909090909,9.09090909090909,9.09090909090909,9.09090909090909,9.09090909090909,12.121212121212121,12.121212121212121,12.121212121212121,12.121212121212121,15.151515151515152,15.151515151515152,15.151515151515152,15.151515151515152
0.8193041526374859,0.0,3.0303030303030303,3.0303030303030303,3.0303030303030303,3.0303030303030303,3.0303030303030303,3.0303030303030303,3.0303030303030303,3.0303030303030303,3.0303030303030303,3.0303030303030303,3.0303030303030303,3.0303030303030303,3.0303030303030303,3.0303030303030303,3.0303030303030303,3.0303030303030303,3.0303030303030303,3.0303030303030303,3.0303030303030303,3.0303030303030303,3.0303030303030303,3.0303030303030303,3.0303030303030303,3.0303030303030303,3.0303030303030303,3.0303030303030303,3.0303030303030303,3.0303030303030303,3.0303030303030303,3.0303030303030303,3.0303030303030303,3.0303030303030303,3.0303030303030303,3.0303030303030303,3.0303030303030303,3.0303030303030303,3.0303030303030303,3.0303030303030303,3.0303030303030303,3.0303030303030303,3.0303030303030303,3.0303030303030303,3.0303030303030303,3.0303030303030303,3.0303030303030303,3.0303030303030303,3.0303030303030303,3.0303030303030303,3.0303030303030303,3.0303030303030303,3.0303030303030303,3.0303030303030303,3.0303030303030303,3.0303030303030303,3.0303030303030303,3.0303030303030303,3.0303030303030303,3.0303030303030303,3.0303030303030303,3.0303030303030303,3.0303030303030303,3.0303030303030303,3.0303030303030303,3.0303030303030303,3.0303030303030303,3.0303030303030303,3.0303030303030303,3.0303030303030303,3.0303030303030303,3.0303030303030303,3.0303030303030303,3.0303030303030303,3.0303030303030303,3.0303030303030303,3.0303030303030303,6.0606060606060606,6.0606060606060606,6.0606060606060606,6.0606060606060606,6.0606060606060606,6.0606060606060606,6.0606060606060606,6.0606060606060606,9.09090909090909,9.09090909090909,9.09090909090909,9.09090909090909,9.09090909090909,9.09090909090909,12.121212121212121,12.121212121212121,12.121212121212121,12.121212121212121,12.121212121212121,15.151515151515152,15.151515151515152,15.151515151515152,15.151515151515152,18.18181818181818
0.8249158249158248,0.0,3.0303030303030303,3.0303030303030303,3.0303030303030303,3.0303030303030303,3.0303030303030303,3.0303030303030303,3.0303030303030303,3.0303030303030303,3.0303030303030303,3.0303030303030303,3.0303030303030303,3.0303030303030303,3.0303030303030303,3.0303030303030303,3.0303030303030303,3.0303030303030303,3.0303030303030303,3.0303030303030303,3.0303030303030303,3.0303030303030303,3.0303030303030303,3.0303030303030303,3.0303030303030303,3.0303030303030303,3.0303030303030303,3.0303030303030303,3.0303030303030303,3.0303030303030303,3.0303030303030303,3.0303030303030303,3.0303030303030303,3.0303030303030303,3.0303030303030303,3.0303030303030303,3.0303030303030303,3.0303030303030303,3.0303030303030303,3.0303030303030303,3.0303030303030303,3.0303030303030303,3.0303030303030303,3.0303030303030303,3.0303030303030303,3.0303030303030303,3.0303030303030303,3.0303030303030303,3.0303030303030303,3.0303030303030303,3.0303030303030303,3.0303030303030303,3.0303030303030303,3.0303030303030303,3.0303030303030303,3.0303030303030303,3.0303030303030303,3.0303030303030303,3.0303030303030303,3.0303030303030303,3.0303030303030303,3.0303030303030303,3.0303030303030303,3.0303030303030303,3.0303030303030303,3.0303030303030303,3.0303030303030303,3.0303030303030303,3.0303030303030303,3.0303030303030303,3.0303030303030303,3.0303030303030303,3.0303030303030303,3.0303030303030303,3.0303030303030303,3.0303030303030303,6.0606060606060606,6.0606060606060606,6.0606060606060606,6.0606060606060606,6.0606060606060606,6.0606060606060606,6.0606060606060606,6.0606060606060606,9.09090909090909,9.09090909090909,9.09090909090909,9.09090909090909,9.09090909090909,9.09090909090909,12.121212121212121,12.121212121212121,12.121212121212121,12.121212121212121,12.121212121212121,15.151515151515152,15.151515151515152,15.151515151515152,15.151515151515152,18.18181818181818,18.18181818181818
0.8305274971941637,0.0,3.0303030303030303,3.0303030303030303,3.0303030303030303,3.0303030303030303,3.0303030303030303,3.0303030303030303,3.0303030303030303,3.0303030303030303,3.0303030303030303,3.0303030303030303,3.0303030303030303,3.0303030303030303,3.0303030303030303,3.0303030303030303,3.0303030303030303,3.0303030303030303,3.0303030303030303,3.0303030303030303,3.0303030303030303,3.0303030303030303,3.0303030303030303,3.0303030303030303,3.0303030303030303,3.0303030303030303,3.0303030303030303,3.0303030303030303,3.0303030303030303,3.0303030303030303,3.0303030303030303,3.0303030303030303,3.0303030303030303,3.0303030303030303,3.0303030303030303,3.0303030303030303,3.0303030303030303,3.0303030303030303,3.0303030303030303,3.0303030303030303,3.0303030303030303,3.0303030303030303,3.0303030303030303,3.0303030303030303,3.0303030303030303,3.0303030303030303,3.0303030303030303,3.0303030303030303,3.0303030303030303,3.0303030303030303,3.0303030303030303,3.0303030303030303,3.0303030303030303,3.0303030303030303,3.0303030303030303,3.0303030303030303,3.0303030303030303,3.0303030303030303,3.0303030303030303,3.0303030303030303,3.0303030303030303,3.0303030303030303,3.0303030303030303,3.0303030303030303,3.0303030303030303,3.0303030303030303,3.0303030303030303,3.0303030303030303,3.0303030303030303,3.0303030303030303,3.0303030303030303,3.0303030303030303,3.0303030303030303,3.0303030303030303,3.0303030303030303,6.0606060606060606,6.0606060606060606,6.0606060606060606,6.0606060606060606,6.0606060606060606,6.0606060606060606,6.0606060606060606,6.0606060606060606,9.09090909090909,9.09090909090909,9.09090909090909,9.09090909090909,9.09090909090909,9.09090909090909,12.121212121212121,12.121212121212121,12.121212121212121,12.121212121212121,15.151515151515152,15.151515151515152,15.151515151515152,15.151515151515152,18.18181818181818,18.18181818181818,18.18181818181818,18.18181818181818
0.8361391694725028,0.0,3.0303030303030303,3.0303030303030303,3.0303030303030303,3.0303030303030303,3.0303030303030303,3.0303030303030303,3.0303030303030303,3.0303030303030303,3.0303030303030303,3.0303030303030303,3.0303030303030303,3.0303030303030303,3.0303030303030303,3.0303030303030303,3.0303030303030303,3.0303030303030303,3.0303030303030303,3.0303030303030303,3.0303030303030303,3.0303030303030303,3.0303030303030303,3.0303030303030303,3.0303030303030303,3.0303030303030303,3.0303030303030303,3.0303030303030303,3.0303030303030303,3.0303030303030303,3.0303030303030303,3.0303030303030303,3.0303030303030303,3.0303030303030303,3.0303030303030303,3.0303030303030303,3.0303030303030303,3.0303030303030303,3.0303030303030303,3.0303030303030303,3.0303030303030303,3.0303030303030303,3.0303030303030303,3.0303030303030303,3.0303030303030303,3.0303030303030303,3.0303030303030303,3.0303030303030303,3.0303030303030303,3.0303030303030303,3.0303030303030303,3.0303030303030303,3.0303030303030303,3.0303030303030303,3.0303030303030303,3.0303030303030303,3.0303030303030303,3.0303030303030303,3.0303030303030303,3.0303030303030303,3.0303030303030303,3.0303030303030303,3.0303030303030303,3.0303030303030303,3.0303030303030303,3.0303030303030303,3.0303030303030303,3.0303030303030303,3.0303030303030303,3.0303030303030303,3.0303030303030303,3.0303030303030303,3.0303030303030303,3.0303030303030303,6.0606060606060606,6.0606060606060606,6.0606060606060606,6.0606060606060606,6.0606060606060606,6.0606060606060606,6.0606060606060606,6.0606060606060606,9.09090909090909,9.09090909090909,9.09090909090909,9.09090909090909,9.09090909090909,12.121212121212121,12.121212121212121,12.121212121212121,12.121212121212121,12.121212121212121,15.151515151515152,15.151515151515152,15.151515151515152,15.151515151515152,18.18181818181818,18.18181818181818,18.18181818181818,21.21212121212121,21.21212121212121
0.8417508417508417,0.0,3.0303030303030303,3.0303030303030303,3.0303030303030303,3.0303030303030303,3.0303030303030303,3.0303030303030303,3.0303030303030303,3.0303030303030303,3.0303030303030303,3.0303030303030303,3.0303030303030303,3.0303030303030303,3.0303030303030303,3.0303030303030303,3.0303030303030303,3.0303030303030303,3.0303030303030303,3.0303030303030303,3.0303030303030303,3.0303030303030303,3.0303030303030303,3.0303030303030303,3.0303030303030303,3.0303030303030303,3.0303030303030303,3.0303030303030303,3.0303030303030303,3.0303030303030303,3.0303030303030303,3.0303030303030303,3.0303030303030303,3.0303030303030303,3.0303030303030303,3.0303030303030303,3.0303030303030303,3.0303030303030303,3.0303030303030303,3.0303030303030303,3.0303030303030303,3.0303030303030303,3.0303030303030303,3.0303030303030303,3.0303030303030303,3.0303030303030303,3.0303030303030303,3.0303030303030303,3.0303030303030303,3.0303030303030303,3.0303030303030303,3.0303030303030303,3.0303030303030303,3.0303030303030303,3.0303030303030303,3.0303030303030303,3.0303030303030303,3.0303030303030303,3.0303030303030303,3.0303030303030303,3.0303030303030303,3.0303030303030303,3.0303030303030303,3.0303030303030303,3.0303030303030303,3.0303030303030303,3.0303030303030303,3.0303030303030303,3.0303030303030303,3.0303030303030303,3.0303030303030303,3.0303030303030303,6.0606060606060606,6.0606060606060606,6.0606060606060606,6.0606060606060606,6.0606060606060606,6.0606060606060606,6.0606060606060606,6.0606060606060606,9.09090909090909,9.09090909090909,9.09090909090909,9.09090909090909,9.09090909090909,9.09090909090909,12.121212121212121,12.121212121212121,12.121212121212121,12.121212121212121,12.121212121212121,15.151515151515152,15.151515151515152,15.151515151515152,18.18181818181818,18.18181818181818,18.18181818181818,18.18181818181818,21.21212121212121,21.21212121212121,21.21212121212121
0.8473625140291806,0.0,3.0303030303030303,3.0303030303030303,3.0303030303030303,3.0303030303030303,3.0303030303030303,3.0303030303030303,3.0303030303030303,3.0303030303030303,3.0303030303030303,3.0303030303030303,3.0303030303030303,3.0303030303030303,3.0303030303030303,3.0303030303030303,3.0303030303030303,3.0303030303030303,3.0303030303030303,3.0303030303030303,3.0303030303030303,3.0303030303030303,3.0303030303030303,3.0303030303030303,3.0303030303030303,3.0303030303030303,3.0303030303030303,3.0303030303030303,3.0303030303030303,3.0303030303030303,3.0303030303030303,3.0303030303030303,3.0303030303030303,3.0303030303030303,3.0303030303030303,3.0303030303030303,3.0303030303030303,3.0303030303030303,3.0303030303030303,3.0303030303030303,3.0303030303030303,3.0303030303030303,3.0303030303030303,3.0303030303030303,3.0303030303030303,3.0303030303030303,3.0303030303030303,3.0303030303030303,3.0303030303030303,3.0303030303030303,3.0303030303030303,3.0303030303030303,3.0303030303030303,3.0303030303030303,3.0303030303030303,3.0303030303030303,3.0303030303030303,3.0303030303030303,3.0303030303030303,3.0303030303030303,3.0303030303030303,3.0303030303030303,3.0303030303030303,3.0303030303030303,3.0303030303030303,3.0303030303030303,3.0303030303030303,3.0303030303030303,3.0303030303030303,3.0303030303030303,3.0303030303030303,6.0606060606060606,6.0606060606060606,6.0606060606060606,6.0606060606060606,6.0606060606060606,6.0606060606060606,6.0606060606060606,6.0606060606060606,9.09090909090909,9.09090909090909,9.09090909090909,9.09090909090909,9.09090909090909,9.09090909090909,12.121212121212121,12.121212121212121,12.121212121212121,12.121212121212121,15.151515151515152,15.151515151515152,15.151515151515152,15.151515151515152,18.18181818181818,18.18181818181818,18.18181818181818,21.21212121212121,21.21212121212121,21.21212121212121,24.242424242424242,24.242424242424242
0.8529741863075195,0.0,3.0303030303030303,3.0303030303030303,3.0303030303030303,3.0303030303030303,3.0303030303030303,3.0303030303030303,3.0303030303030303,3.0303030303030303,3.0303030303030303,3.0303030303030303,3.0303030303030303,3.0303030303030303,3.0303030303030303,3.0303030303030303,3.0303030303030303,3.0303030303030303,3.0303030303030303,3.0303030303030303,3.0303030303030303,3.0303030303030303,3.0303030303030303,3.0303030303030303,3.0303030303030303,3.0303030303030303,3.0303030303030303,3.0303030303030303,3.0303030303030303,3.0303030303030303,3.0303030303030303,3.0303030303030303,3.0303030303030303,3.0303030303030303,3.0303030303030303,3.0303030303030303,3.0303030303030303,3.0303030303030303,3.0303030303030303,3.0303030303030303,3.0303030303030303,3.0303030303030303,3.0303030303030303,3.0303030303030303,3.0303030303030303,3.0303030303030303,3.0303030303030303,3.0303030303030303,3.0303030303030303,3.0303030303030303,3.0303030303030303,3.0303030303030303,3.0303030303030303,3.0303030303030303,3.0303030303030303,3.0303030303030303,3.0303030303030303,3.0303030303030303,3.0303030303030303,3.0303030303030303,3.0303030303030303,3.0303030303030303,3.0303030303030303,3.0303030303030303,3.0303030303030303,3.0303030303030303,3.0303030303030303,3.0303030303030303,3.0303030303030303,3.0303030303030303,6.0606060606060606,6.0606060606060606,6.0606060606060606,6.0606060606060606,6.0606060606060606,6.0606060606060606,6.0606060606060606,6.0606060606060606,9.09090909090909,9.09090909090909,9.09090909090909,9.09090909090909,9.09090909090909,9.09090909090909,12.121212121212121,12.121212121212121,12.121212121212121,12.121212121212121,15.151515151515152,15.151515151515152,15.151515151515152,15.151515151515152,18.18181818181818,18.18181818181818,18.18181818181818,21.21212121212121,21.21212121212121,21.21212121212121,24.242424242424242,24.242424242424242,24.242424242424242
0.8585858585858585,0.0,3.0303030303030303,3.0303030303030303,3.0303030303030303,3.0303030303030303,3.0303030303030303,3.0303030303030303,3.0303030303030303,3.0303030303030303,3.0303030303030303,3.0303030303030303,3.0303030303030303,3.0303030303030303,3.0303030303030303,3.0303030303030303,3.0303030303030303,3.0303030303030303,3.0303030303030303,3.0303030303030303,3.0303030303030303,3.0303030303030303,3.0303030303030303,3.0303030303030303,3.0303030303030303,3.0303030303030303,3.0303030303030303,3.0303030303030303,3.0303030303030303,3.0303030303030303,3.0303030303030303,3.0303030303030303,3.0303030303030303,3.0303030303030303,3.0303030303030303,3.0303030303030303,3.0303030303030303,3.0303030303030303,3.0303030303030303,3.0303030303030303,3.0303030303030303,3.0303030303030303,3.0303030303030303,3.0303030303030303,3.0303030303030303,3.0303030303030303,3.0303030303030303,3.0303030303030303,3.0303030303030303,3.0303030303030303,3.0303030303030303,3.0303030303030303,3.0303030303030303,3.0303030303030303,3.0303030303030303,3.0303030303030303,3.0303030303030303,3.0303030303030303,3.0303030303030303,3.0303030303030303,3.0303030303030303,3.0303030303030303,3.0303030303030303,3.0303030303030303,3.0303030303030303,3.0303030303030303,3.0303030303030303,3.0303030303030303,3.0303030303030303,6.0606060606060606,6.0606060606060606,6.0606060606060606,6.0606060606060606,6.0606060606060606,6.0606060606060606,6.0606060606060606,6.0606060606060606,9.09090909090909,9.09090909090909,9.09090909090909,9.09090909090909,9.09090909090909,12.121212121212121,12.121212121212121,12.121212121212121,12.121212121212121,12.121212121212121,15.151515151515152,15.151515151515152,15.151515151515152,18.18181818181818,18.18181818181818,18.18181818181818,21.21212121212121,21.21212121212121,21.21212121212121,24.242424242424242,24.242424242424242,24.242424242424242,27.272727272727273,27.272727272727273
0.8641975308641975,0.0,3.0303030303030303,3.0303030303030303,3.0303030303030303,3.0303030303030303,3.0303030303030303,3.0303030303030303,3.0303030303030303,3.0303030303030303,3.0303030303030303,3.0303030303030303,3.0303030303030303,3.0303030303030303,3.0303030303030303,3.0303030303030303,3.0303030303030303,3.0303030303030303,3.0303030303030303,3.0303030303030303,3.0303030303030303,3.0303030303030303,3.0303030303030303,3.0303030303030303,3.0303030303030303,3.0303030303030303,3.0303030303030303,3.0303030303030303,3.0303030303030303,3.0303030303030303,3.0303030303030303,3.0303030303030303,3.0303030303030303,3.0303030303030303,3.0303030303030303,3.0303030303030303,3.0303030303030303,3.0303030303030303,3.0303030303030303,3.0303030303030303,3.0303030303030303,3.0303030303030303,3.0303030303030303,3.0303030303030303,3.0303030303030303,3.0303030303030303,3.0303030303030303,3.0303030303030303,3.0303030303030303,3.0303030303030303,3.0303030303030303,3.0303030303030303,3.0303030303030303,3.0303030303030303,3.0303030303030303,3.0303030303030303,3.0303030303030303,3.0303030303030303,3.0303030303030303,3.0303030303030303,3.0303030303030303,3.0303030303030303,3.0303030303030303,3.0303030303030303,3.0303030303030303,3.0303030303030303,3.0303030303030303,3.0303030303030303,6.0606060606060606,6.0606060606060606,6.0606060606060606,6.0606060606060606,6.0606060606060606,6.0606060606060606,6.0606060606060606,6.0606060606060606,9.09090909090909,9.09090909090909,9.09090909090909,9.09090909090909,9.09090909090909,12.121212121212121,12.121212121212121,12.121212121212121,12.121212121212121,15.151515151515152,15.151515151515152,15.151515151515152,15.151515151515152,18.18181818181818,18.18181818181818,18.18181818181818,21.21212121212121,21.21212121212121,21.21212121212121,24.242424242424242,24.242424242424242,27.272727272727273,27.272727272727273,27.272727272727273,30.303030303030305
0.8698092031425364,0.0,3.0303030303030303,3.0303030303030303,3.0303030303030303,3.0303030303030303,3.0303030303030303,3.0303030303030303,3.0303030303030303,3.0303030303030303,3.0303030303030303,3.0303030303030303,3.0303030303030303,3.0303030303030303,3.0303030303030303,3.0303030303030303,3.0303030303030303,3.0303030303030303,3.0303030303030303,3.0303030303030303,3.0303030303030303,3.0303030303030303,3.0303030303030303,3.0303030303030303,3.0303030303030303,3.0303030303030303,3.0303030303030303,3.0303030303030303,3.0303030303030303,3.0303030303030303,3.0303030303030303,3.0303030303030303,3.0303030303030303,3.0303030303030303,3.0303030303030303,3.0303030303030303,3.0303030303030303,3.0303030303030303,3.0303030303030303,3.0303030303030303,3.0303030303030303,3.0303030303030303,3.0303030303030303,3.0303030303030303,3.0303030303030303,3.0303030303030303,3.0303030303030303,3.0303030303030303,3.0303030303030303,3.0303030303030303,3.0303030303030303,3.0303030303030303,3.0303030303030303,3.0303030303030303,3.0303030303030303,3.0303030303030303,3.0303030303030303,3.0303030303030303,3.0303030303030303,3.0303030303030303,3.0303030303030303,3.0303030303030303,3.0303030303030303,3.0303030303030303,3.0303030303030303,3.0303030303030303,3.0303030303030303,6.0606060606060606,6.0606060606060606,6.0606060606060606,6.0606060606060606,6.0606060606060606,6.0606060606060606,6.0606060606060606,9.09090909090909,9.09090909090909,9.09090909090909,9.09090909090909,9.09090909090909,9.09090909090909,12.121212121212121,12.121212121212121,12.121212121212121,12.121212121212121,15.151515151515152,15.151515151515152,15.151515151515152,18.18181818181818,18.18181818181818,18.18181818181818,21.21212121212121,21.21212121212121,21.21212121212121,24.242424242424242,24.242424242424242,24.242424242424242,27.272727272727273,27.272727272727273,30.303030303030305,30.303030303030305,30.303030303030305
0.8754208754208753,0.0,3.0303030303030303,3.0303030303030303,3.0303030303030303,3.0303030303030303,3.0303030303030303,3.0303030303030303,3.0303030303030303,3.0303030303030303,3.0303030303030303,3.0303030303030303,3.0303030303030303,3.0303030303030303,3.0303030303030303,3.0303030303030303,3.0303030303030303,3.0303030303030303,3.0303030303030303,3.0303030303030303,3.0303030303030303,3.0303030303030303,3.0303030303030303,3.0303030303030303,3.0303030303030303,3.0303030303030303,3.0303030303030303,3.0303030303030303,3.0303030303030303,3.0303030303030303,3.0303030303030303,3.0303030303030303,3.0303030303030303,3.0303030303030303,3.0303030303030303,3.0303030303030303,3.0303030303030303,3.0303030303030303,3.0303030303030303,3.0303030303030303,3.0303030303030303,3.0303030303030303,3.0303030303030303,3.0303030303030303,3.0303030303030303,3.0303030303030303,3.0303030303030303,3.0303030303030303,3.0303030303030303,3.0303030303030303,3.0303030303030303,3.0303030303030303,3.0303030303030303,3.0303030303030303,3.0303030303030303,3.0303030303030303,3.0303030303030303,3.0303030303030303,3.0303030303030303,3.0303030303030303,3.0303030303030303,3.0303030303030303,3.0303030303030303,3.0303030303030303,3.0303030303030303,3.0303030303030303,6.0606060606060606,6.0606060606060606,6.0606060606060606,6.0606060606060606,6.0606060606060606,6.0606060606060606,6.0606060606060606,9.09090909090909,9.09090909090909,9.09090909090909,9.09090909090909,9.09090909090909,12.121212121212121,12.121212121212121,12.121212121212121,12.121212121212121,15.151515151515152,15.151515151515152,15.151515151515152,15.151515151515152,18.18181818181818,18.18181818181818,18.18181818181818,21.21212121212121,21.21212121212121,21.21212121212121,24.242424242424242,24.242424242424242,27.272727272727273,27.272727272727273,27.272727272727273,30.303030303030305,30.303030303030305,33.333333333333336,33.333333333333336
0.8810325476992142,0.0,3.0303030303030303,3.0303030303030303,3.0303030303030303,3.0303030303030303,3.0303030303030303,3.0303030303030303,3.0303030303030303,3.0303030303030303,3.0303030303030303,3.0303030303030303,3.0303030303030303,3.0303030303030303,3.0303030303030303,3.0303030303030303,3.0303030303030303,3.0303030303030303,3.0303030303030303,3.0303030303030303,3.0303030303030303,3.0303030303030303,3.0303030303030303,3.0303030303030303,3.0303030303030303,3.0303030303030303,3.0303030303030303,3.0303030303030303,3.0303030303030303,3.0303030303030303,3.0303030303030303,3.0303030303030303,3.0303030303030303,3.0303030303030303,3.0303030303030303,3.0303030303030303,3.0303030303030303,3.0303030303030303,3.0303030303030303,3.0303030303030303,3.0303030303030303,3.0303030303030303,3.0303030303030303,3.0303030303030303,3.0303030303030303,3.0303030303030303,3.0303030303030303,3.0303030303030303,3.0303030303030303,3.0303030303030303,3.0303030303030303,3.0303030303030303,3.0303030303030303,3.0303030303030303,3.0303030303030303,3.0303030303030303,3.0303030303030303,3.0303030303030303,3.0303030303030303,3.0303030303030303,3.0303030303030303,3.0303030303030303,3.0303030303030303,3.0303030303030303,3.0303030303030303,6.0606060606060606,6.0606060606060606,6.0606060606060606,6.0606060606060606,6.0606060606060606,6.0606060606060606,6.0606060606060606,9.09090909090909,9.09090909090909,9.09090909090909,9.09090909090909,9.09090909090909,12.121212121212121,12.121212121212121,12.121212121212121,12.121212121212121,15.151515151515152,15.151515151515152,15.151515151515152,18.18181818181818,18.18181818181818,18.18181818181818,21.21212121212121,21.21212121212121,21.21212121212121,24.242424242424242,24.242424242424242,24.242424242424242,27.272727272727273,27.272727272727273,30.303030303030305,30.303030303030305,33.333333333333336,33.333333333333336,36.36363636363636,36.36363636363636
0.8866442199775533,0.0,3.0303030303030303,3.0303030303030303,3.0303030303030303,3.0303030303030303,3.0303030303030303,3.0303030303030303,3.0303030303030303,3.0303030303030303,3.0303030303030303,3.0303030303030303,3.0303030303030303,3.0303030303030303,3.0303030303030303,3.0303030303030303,3.0303030303030303,3.0303030303030303,3.0303030303030303,3.0303030303030303,3.0303030303030303,3.0303030303030303,3.0303030303030303,3.0303030303030303,3.0303030303030303,3.0303030303030303,3.0303030303030303,3.0303030303030303,3.0303030303030303,3.0303030303030303,3.0303030303030303,3.0303030303030303,3.0303030303030303,3.0303030303030303,3.0303030303030303,3.0303030303030303,3.0303030303030303,3.0303030303030303,3.0303030303030303,3.0303030303030303,3.0303030303030303,3.0303030303030303,3.0303030303030303,3.0303030303030303,3.0303030303030303,3.0303030303030303,3.0303030303030303,3.0303030303030303,3.0303030303030303,3.0303030303030303,3.0303030303030303,3.0303030303030303,3.0303030303030303,3.0303030303030303,3.0303030303030303,3.0303030303030303,3.0303030303030303,3.0303030303030303,3.0303030303030303,3.0303030303030303,3.0303030303030303,3.0303030303030303,3.0303030303030303,3.0303030303030303,6.0606060606060606,6.0606060606060606,6.0606060606060606,6.0606060606060606,6.0606060606060606,6.0606060606060606,6.0606060606060606,9.09090909090909,9.09090909090909,9.09090909090909,9.09090909090909,9.09090909090909,12.121212121212121,12.121212121212121,12.121212121212121,12.121212121212121,15.151515151515152,15.151515151515152,15.151515151515152,18.18181818181818,18.18181818181818,18.18181818181818,21.21212121212121,21.21212121212121,21.21212121212121,24.242424242424242,24.242424242424242,27.272727272727273,27.272727272727273,30.303030303030305,30.303030303030305,33.333333333333336,33.333333333333336,36.36363636363636,36.36363636363636,39.39393939393939,39.39393939393939
0.8922558922558922,0.0,3.0303030303030303,3.0303030303030303,3.0303030303030303,3.0303030303030303,3.0303030303030303,3.0303030303030303,3.0303030303030303,3.0303030303030303,3.0303030303030303,3.0303030303030303,3.0303030303030303,3.0303030303030303,3.0303030303030303,3.0303030303030303,3.0303030303030303,3.0303030303030303,3.0303030303030303,3.0303030303030303,3.0303030303030303,3.0303030303030303,3.0303030303030303,3.0303030303030303,3.0303030303030303,3.0303030303030303,3.0303030303030303,3.0303030303030303,3.0303030303030303,3.0303030303030303,3.0303030303030303,3.0303030303030303,3.0303030303030303,3.0303030303030303,3.0303030303030303,3.0303030303030303,3.0303030303030303,3.0303030303030303,3.0303030303030303,3.0303030303030303,3.0303030303030303,3.0303030303030303,3.0303030303030303,3.0303030303030303,3.0303030303030303,3.0303030303030303,3.0303030303030303,3.0303030303030303,3.0303030303030303,3.0303030303030303,3.0303030303030303,3.0303030303030303,3.0303030303030303,3.0303030303030303,3.0303030303030303,3.0303030303030303,3.0303030303030303,3.0303030303030303,3.0303030303030303,3.0303030303030303,3.0303030303030303,3.0303030303030303,3.0303030303030303,6.0606060606060606,6.0606060606060606,6.0606060606060606,6.0606060606060606,6.0606060606060606,6.0606060606060606,9.09090909090909,9.09090909090909,9.09090909090909,9.09090909090909,9.09090909090909,12.121212121212121,12.121212121212121,12.121212121212121,12.121212121212121,15.151515151515152,15.151515151515152,15.151515151515152,18.18181818181818,18.18181818181818,18.18181818181818,21.21212121212121,21.21212121212121,21.21212121212121,24.242424242424242,24.242424242424242,27.272727272727273,27.272727272727273,27.272727272727273,30.303030303030305,30.303030303030305,33.333333333333336,33.333333333333336,36.36363636363636,36.36363636363636,39.39393939393939,42.42424242424242,42.42424242424242
0.8978675645342311,0.0,3.0303030303030303,3.0303030303030303,3.0303030303030303,3.0303030303030303,3.0303030303030303,3.0303030303030303,3.0303030303030303,3.0303030303030303,3.0303030303030303,3.0303030303030303,3.0303030303030303,3.0303030303030303,3.0303030303030303,3.0303030303030303,3.0303030303030303,3.0303030303030303,3.0303030303030303,3.0303030303030303,3.0303030303030303,3.0303030303030303,3.0303030303030303,3.0303030303030303,3.0303030303030303,3.0303030303030303,3.0303030303030303,3.0303030303030303,3.0303030303030303,3.0303030303030303,3.0303030303030303,3.0303030303030303,3.0303030303030303,3.0303030303030303,3.0303030303030303,3.0303030303030303,3.0303030303030303,3.0303030303030303,3.0303030303030303,3.0303030303030303,3.0303030303030303,3.0303030303030303,3.0303030303030303,3.0303030303030303,3.0303030303030303,3.0303030303030303,3.0303030303030303,3.0303030303030303,3.0303030303030303,3.0303030303030303,3.0303030303030303,3.0303030303030303,3.0303030303030303,3.0303030303030303,3.0303030303030303,3.0303030303030303,3.0303030303030303,3.0303030303030303,3.0303030303030303,3.0303030303030303,3.0303030303030303,6.0606060606060606,6.0606060606060606,6.0606060606060606,6.0606060606060606,6.0606060606060606,6.0606060606060606,6.0606060606060606,9.09090909090909,9.09090909090909,9.09090909090909,9.09090909090909,9.09090909090909,12.121212121212121,12.121212121212121,12.121212121212121,12.121212121212121,15.151515151515152,15.151515151515152,15.151515151515152,18.18181818181818,18.18181818181818,18.18181818181818,21.21212121212121,21.21212121212121,24.242424242424242,24.242424242424242,24.242424242424242,27.272727272727273,27.272727272727273,30.303030303030305,30.303030303030305,33.333333333333336,33.333333333333336,36.36363636363636,36.36363636363636,39.39393939393939,39.39393939393939,42.42424242424242,45.45454545454545,45.45454545454545
0.90347923681257,0.0,3.0303030303030303,3.0303030303030303,3.0303030303030303,3.0303030303030303,3.0303030303030303,3.0303030303030303,3.0303030303030303,3.0303030303030303,3.0303030303030303,3.0303030303030303,3.0303030303030303,3.0303030303030303,3.0303030303030303,3.0303030303030303,3.0303030303030303,3.0303030303030303,3.0303030303030303,3.0303030303030303,3.0303030303030303,3.0303030303030303,3.0303030303030303,3.0303030303030303,3.0303030303030303,3.0303030303030303,3.0303030303030303,3.0303030303030303,3.0303030303030303,3.0303030303030303,3.0303030303030303,3.0303030303030303,3.0303030303030303,3.0303030303030303,3.0303030303030303,3.0303030303030303,3.0303030303030303,3.0303030303030303,3.0303030303030303,3.0303030303030303,3.0303030303030303,3.0303030303030303,3.0303030303030303,3.0303030303030303,3.0303030303030303,3.0303030303030303,3.0303030303030303,3.0303030303030303,3.0303030303030303,3.0303030303030303,3.0303030303030303,3.0303030303030303,3.0303030303030303,3.0303030303030303,3.0303030303030303,3.0303030303030303,3.0303030303030303,3.0303030303030303,3.0303030303030303,3.0303030303030303,6.0606060606060606,6.0606060606060606,6.0606060606060606,6.0606060606060606,6.0606060606060606,6.0606060606060606,6.0606060606060606,9.09090909090909,9.09090909090909,9.09090909090909,9.09090909090909,12.121212121212121,12.121212121212121,12.121212121212121,12.121212121212121,15.151515151515152,15.151515151515152,15.151515151515152,18.18181818181818,18.18181818181818,18.18181818181818,21.21212121212121,21.21212121212121,21.21212121212121,24.242424242424242,24.242424242424242,27.272727272727273,27.272727272727273,30.303030303030305,30.303030303030305,33.333333333333336,33.333333333333336,36.36363636363636,36.36363636363636,39.39393939393939,39.39393939393939,42.42424242424242,45.45454545454545,45.45454545454545,48.484848484848484,51.515151515151516
0.909090909090909,0.0,3.0303030303030303,3.0303030303030303,3.0303030303030303,3.0303030303030303,3.0303030303030303,3.0303030303030303,3.0303030303030303,3.0303030303030303,3.0303030303030303,3.0303030303030303,3.0303030303030303,3.0303030303030303,3.0303030303030303,3.0303030303030303,3.0303030303030303,3.0303030303030303,3.0303030303030303,3.0303030303030303,3.0303030303030303,3.0303030303030303,3.0303030303030303,3.0303030303030303,3.0303030303030303,3.0303030303030303,3.0303030303030303,3.0303030303030303,3.0303030303030303,3.0303030303030303,3.0303030303030303,3.0303030303030303,3.0303030303030303,3.0303030303030303,3.0303030303030303,3.0303030303030303,3.0303030303030303,3.0303030303030303,3.0303030303030303,3.0303030303030303,3.0303030303030303,3.0303030303030303,3.0303030303030303,3.0303030303030303,3.0303030303030303,3.0303030303030303,3.0303030303030303,3.0303030303030303,3.0303030303030303,3.0303030303030303,3.0303030303030303,3.0303030303030303,3.0303030303030303,3.0303030303030303,3.0303030303030303,3.0303030303030303,3.0303030303030303,3.0303030303030303,3.0303030303030303,6.0606060606060606,6.0606060606060606,6.0606060606060606,6.0606060606060606,6.0606060606060606,6.0606060606060606,9.09090909090909,9.09090909090909,9.09090909090909,9.09090909090909,9.09090909090909,12.121212121212121,12.121212121212121,12.121212121212121,12.121212121212121,15.151515151515152,15.151515151515152,15.151515151515152,18.18181818181818,18.18181818181818,21.21212121212121,21.21212121212121,21.21212121212121,24.242424242424242,24.242424242424242,27.272727272727273,27.272727272727273,30.303030303030305,30.303030303030305,33.333333333333336,33.333333333333336,36.36363636363636,36.36363636363636,39.39393939393939,39.39393939393939,42.42424242424242,45.45454545454545,45.45454545454545,48.484848484848484,51.515151515151516,51.515151515151516,54.54545454545455
0.914702581369248,0.0,3.0303030303030303,3.0303030303030303,3.0303030303030303,3.0303030303030303,3.0303030303030303,3.0303030303030303,3.0303030303030303,3.0303030303030303,3.0303030303030303,3.0303030303030303,3.0303030303030303,3.0303030303030303,3.0303030303030303,3.0303030303030303,3.0303030303030303,3.0303030303030303,3.0303030303030303,3.0303030303030303,3.0303030303030303,3.0303030303030303,3.0303030303030303,3.0303030303030303,3.0303030303030303,3.0303030303030303,3.0303030303030303,3.0303030303030303,3.0303030303030303,3.0303030303030303,3.0303030303030303,3.0303030303030303,3.0303030303030303,3.0303030303030303,3.0303030303030303,3.0303030303030303,3.0303030303030303,3.0303030303030303,3.0303030303030303,3.0303030303030303,3.0303030303030303,3.0303030303030303,3.0303030303030303,3.0303030303030303,3.0303030303030303,3.0303030303030303,3.0303030303030303,3.0303030303030303,3.0303030303030303,3.0303030303030303,3.0303030303030303,3.0303030303030303,3.0303030303030303,3.0303030303030303,3.0303030303030303,3.0303030303030303,3.0303030303030303,3.0303030303030303,6.0606060606060606,6.0606060606060606,6.0606060606060606,6.0606060606060606,6.0606060606060606,6.0606060606060606,9.09090909090909,9.09090909090909,9.09090909090909,9.09090909090909,9.09090909090909,12.121212121212121,12.121212121212121,12.121212121212121,15.151515151515152,15.151515151515152,15.151515151515152,18.18181818181818,18.18181818181818,18.18181818181818,21.21212121212121,21.21212121212121,24.242424242424242,24.242424242424242,27.272727272727273,27.272727272727273,30.303030303030305,30.303030303030305,33.333333333333336,33.333333333333336,36.36363636363636,36.36363636363636,39.39393939393939,39.39393939393939,42.42424242424242,45.45454545454545,45.45454545454545,48.484848484848484,51.515151515151516,51.515151515151516,54.54545454545455,57.57575757575758,60.60606060606061
0.9203142536475869,0.0,3.0303030303030303,3.0303030303030303,3.0303030303030303,3.0303030303030303,3.0303030303030303,3.0303030303030303,3.0303030303030303,3.0303030303030303,3.0303030303030303,3.0303030303030303,3.0303030303030303,3.0303030303030303,3.0303030303030303,3.0303030303030303,3.0303030303030303,3.0303030303030303,3.0303030303030303,3.0303030303030303,3.0303030303030303,3.0303030303030303,3.0303030303030303,3.0303030303030303,3.0303030303030303,3.0303030303030303,3.0303030303030303,3.0303030303030303,3.0303030303030303,3.0303030303030303,3.0303030303030303,3.0303030303030303,3.0303030303030303,3.0303030303030303,3.0303030303030303,3.0303030303030303,3.0303030303030303,3.0303030303030303,3.0303030303030303,3.0303030303030303,3.0303030303030303,3.0303030303030303,3.0303030303030303,3.0303030303030303,3.0303030303030303,3.0303030303030303,3.0303030303030303,3.0303030303030303,3.0303030303030303,3.0303030303030303,3.0303030303030303,3.0303030303030303,3.0303030303030303,3.0303030303030303,3.0303030303030303,3.0303030303030303,6.0606060606060606,6.0606060606060606,6.0606060606060606,6.0606060606060606,6.0606060606060606,6.0606060606060606,6.0606060606060606,9.09090909090909,9.09090909090909,9.09090909090909,9.09090909090909,12.121212121212121,12.121212121212121,12.121212121212121,15.151515151515152,15.151515151515152,15.151515151515152,18.18181818181818,18.18181818181818,18.18181818181818,21.21212121212121,21.21212121212121,24.242424242424242,24.242424242424242,27.272727272727273,27.272727272727273,30.303030303030305,30.303030303030305,33.333333333333336,33.333333333333336,36.36363636363636,36.36363636363636,39.39393939393939,42.42424242424242,42.42424242424242,45.45454545454545,48.484848484848484,48.484848484848484,51.515151515151516,54.54545454545455,54.54545454545455,57.57575757575758,60.60606060606061,63.63636363636363,66.66666666666667
0.9259259259259258,0.0,3.0303030303030303,3.0303030303030303,3.0303030303030303,3.0303030303030303,3.0303030303030303,3.0303030303030303,3.0303030303030303,3.0303030303030303,3.0303030303030303,3.0303030303030303,3.0303030303030303,3.0303030303030303,3.0303030303030303,3.0303030303030303,3.0303030303030303,3.0303030303030303,3.0303030303030303,3.0303030303030303,3.0303030303030303,3.0303030303030303,3.0303030303030303,3.0303030303030303,3.0303030303030303,3.0303030303030303,3.0303030303030303,3.0303030303030303,3.0303030303030303,3.0303030303030303,3.0303030303030303,3.0303030303030303,3.0303030303030303,3.0303030303030303,3.0303030303030303,3.0303030303030303,3.0303030303030303,3.0303030303030303,3.0303030303030303,3.0303030303030303,3.0303030303030303,3.0303030303030303,3.0303030303030303,3.0303030303030303,3.0303030303030303,3.0303030303030303,3.0303030303030303,3.0303030303030303,3.0303030303030303,3.0303030303030303,3.0303030303030303,3.0303030303030303,3.0303030303030303,3.0303030303030303,3.0303030303030303,6.0606060606060606,6.0606060606060606,6.0606060606060606,6.0606060606060606,6.0606060606060606,6.0606060606060606,9.09090909090909,9.09090909090909,9.09090909090909,9.09090909090909,12.121212121212121,12.121212121212121,12.121212121212121,12.121212121212121,15.151515151515152,15.151515151515152,18.18181818181818,18.18181818181818,18.18181818181818,21.21212121212121,21.21212121212121,24.242424242424242,24.242424242424242,27.272727272727273,27.272727272727273,30.303030303030305,30.303030303030305,33.333333333333336,33.333333333333336,36.36363636363636,39.39393939393939,39.39393939393939,42.42424242424242,45.45454545454545,45.45454545454545,48.484848484848484,51.515151515151516,51.515151515151516,54.54545454545455,57.57575757575758,60.60606060606061,63.63636363636363,63.63636363636363,66.66666666666667,69.6969696969697,72.72727272727272
0.9315375982042647,0.0,3.0303030303030303,3.0303030303030303,3.0303030303030303,3.0303030303030303,3.0303030303030303,3.0303030303030303,3.0303030303030303,3.0303030303030303,3.0303030303030303,3.0303030303030303,3.0303030303030303,3.0303030303030303,3.0303030303030303,3.0303030303030303,3.0303030303030303,3.0303030303030303,3.0303030303030303,3.0303030303030303,3.0303030303030303,3.0303030303030303,3.0303030303030303,3.0303030303030303,3.0303030303030303,3.0303030303030303,3.0303030303030303,3.0303030303030303,3.0303030303030303,3.0303030303030303,3.0303030303030303,3.0303030303030303,3.0303030303030303,3.0303030303030303,3.0303030303030303,3.0303030303030303,3.0303030303030303,3.0303030303030303,3.0303030303030303,3.0303030303030303,3.0303030303030303,3.0303030303030303,3.0303030303030303,3.0303030303030303,3.0303030303030303,3.0303030303030303,3.0303030303030303,3.0303030303030303,3.0303030303030303,3.0303030303030303,3.0303030303030303,3.0303030303030303,3.0303030303030303,3.0303030303030303,6.0606060606060606,6.0606060606060606,6.0606060606060606,6.0606060606060606,6.0606060606060606,9.09090909090909,9.09090909090909,9.09090909090909,9.09090909090909,9.09090909090909,12.121212121212121,12.121212121212121,12.121212121212121,15.151515151515152,15.151515151515152,15.151515151515152,18.18181818181818,18.18181818181818,21.21212121212121,21.21212121212121,24.242424242424242,24.242424242424242,27.272727272727273,27.272727272727273,30.303030303030305,30.303030303030305,33.333333333333336,36.36363636363636,36.36363636363636,39.39393939393939,42.42424242424242,42.42424242424242,45.45454545454545,48.484848484848484,48.484848484848484,51.515151515151516,54.54545454545455,57.57575757575758,60.60606060606061,60.60606060606061,63.63636363636363,66.66666666666667,69.6969696969697,72.72727272727272,75.75757575757575,78.78787878787878,81.81818181818181
0.9371492704826037,0.0,3.0303030303030303,3.0303030303030303,3.0303030303030303,3.0303030303030303,3.0303030303030303,3.0303030303030303,3.0303030303030303,3.0303030303030303,3.0303030303030303,3.0303030303030303,3.0303030303030303,3.0303030303030303,3.0303030303030303,3.0303030303030303,3.0303030303030303,3.0303030303030303,3.0303030303030303,3.0303030303030303,3.0303030303030303,3.0303030303030303,3.0303030303030303,3.0303030303030303,3.0303030303030303,3.0303030303030303,3.0303030303030303,3.0303030303030303,3.0303030303030303,3.0303030303030303,3.0303030303030303,3.0303030303030303,3.0303030303030303,3.0303030303030303,3.0303030303030303,3.0303030303030303,3.0303030303030303,3.0303030303030303,3.0303030303030303,3.0303030303030303,3.0303030303030303,3.0303030303030303,3.0303030303030303,3.0303030303030303,3.0303030303030303,3.0303030303030303,3.0303030303030303,3.0303030303030303,3.0303030303030303,3.0303030303030303,3.0303030303030303,3.0303030303030303,6.0606060606060606,6.0606060606060606,6.0606060606060606,6.0606060606060606,6.0606060606060606,6.0606060606060606,9.09090909090909,9.09090909090909,9.09090909090909,9.09090909090909,12.121212121212121,12.121212121212121,12.121212121212121,15.151515151515152,15.151515151515152,15.151515151515152,18.18181818181818,18.18181818181818,21.21212121212121,21.21212121212121,24.242424242424242,24.242424242424242,27.272727272727273,27.272727272727273,30.303030303030305,30.303030303030305,33.333333333333336,36.36363636363636,36.36363636363636,39.39393939393939,42.42424242424242,42.42424242424242,45.45454545454545,48.484848484848484,51.515151515151516,51.515151515151516,54.54545454545455,57.57575757575758,60.60606060606061,63.63636363636363,66.66666666666667,69.6969696969697,72.72727272727272,72.72727272727272,75.75757575757575,78.78787878787878,81.81818181818181,84.84848484848484,87.87878787878788
0.9427609427609427,0.0,3.0303030303030303,3.0303030303030303,3.0303030303030303,3.0303030303030303,3.0303030303030303,3.0303030303030303,3.0303030303030303,3.0303030303030303,3.0303030303030303,3.0303030303030303,3.0303030303030303,3.0303030303030303,3.0303030303030303,3.0303030303030303,3.0303030303030303,3.0303030303030303,3.0303030303030303,3.0303030303030303,3.0303030303030303,3.0303030303030303,3.0303030303030303,3.0303030303030303,3.0303030303030303,3.0303030303030303,3.0303030303030303,3.0303030303030303,3.0303030303030303,3.0303030303030303,3.0303030303030303,3.0303030303030303,3.0303030303030303,3.0303030303030303,3.0303030303030303,3.0303030303030303,3.0303030303030303,3.0303030303030303,3.0303030303030303,3.0303030303030303,3.0303030303030303,3.0303030303030303,3.0303030303030303,3.0303030303030303,3.0303030303030303,3.0303030303030303,3.0303030303030303,3.0303030303030303,3.0303030303030303,3.0303030303030303,3.0303030303030303,6.0606060606060606,6.0606060606060606,6.0606060606060606,6.0606060606060606,6.0606060606060606,6.0606060606060606,9.09090909090909,9.09090909090909,9.09090909090909,12.121212121212121,12.121212121212121,12.121212121212121,15.151515151515152,15.151515151515152,15.151515151515152,18.18181818181818,18.18181818181818,21.21212121212121,21.21212121212121,24.242424242424242,24.242424242424242,27.272727272727273,27.272727272727273,30.303030303030305,30.303030303030305,33.333333333333336,36.36363636363636,36.36363636363636,39.39393939393939,42.42424242424242,42.42424242424242,45.45454545454545,48.484848484848484,51.515151515151516,54.54545454545455,54.54545454545455,57.57575757575758,60.60606060606061,63.63636363636363,66.66666666666667,69.6969696969697,72.72727272727272,75.75757575757575,78.78787878787878,81.81818181818181,84.84848484848484,87.87878787878788,90.9090909090909,93.93939393939394,96.96969696969697
0.9483726150392816,0.0,3.0303030303030303,3.0303030303030303,3.0303030303030303,3.0303030303030303,3.0303030303030303,3.0303030303030303,3.0303030303030303,3.0303030303030303,3.0303030303030303,3.0303030303030303,3.0303030303030303,3.0303030303030303,3.0303030303030303,3.0303030303030303,3.0303030303030303,3.0303030303030303,3.0303030303030303,3.0303030303030303,3.0303030303030303,3.0303030303030303,3.0303030303030303,3.0303030303030303,3.0303030303030303,3.0303030303030303,3.0303030303030303,3.0303030303030303,3.0303030303030303,3.0303030303030303,3.0303030303030303,3.0303030303030303,3.0303030303030303,3.0303030303030303,3.0303030303030303,3.0303030303030303,3.0303030303030303,3.0303030303030303,3.0303030303030303,3.0303030303030303,3.0303030303030303,3.0303030303030303,3.0303030303030303,3.0303030303030303,3.0303030303030303,3.0303030303030303,3.0303030303030303,3.0303030303030303,3.0303030303030303,3.0303030303030303,6.0606060606060606,6.0606060606060606,6.0606060606060606,6.0606060606060606,6.0606060606060606,9.09090909090909,9.09090909090909,9.09090909090909,9.09090909090909,12.121212121212121,12.121212121212121,12.121212121212121,15.151515151515152,15.151515151515152,18.18181818181818,18.18181818181818,18.18181818181818,21.21212121212121,21.21212121212121,24.242424242424242,27.272727272727273,27.272727272727273,30.303030303030305,30.303030303030305,33.333333333333336,36.36363636363636,36.36363636363636,39.39393939393939,42.42424242424242,45.45454545454545,45.45454545454545,48.484848484848484,51.515151515151516,54.54545454545455,57.57575757575758,60.60606060606061,63.63636363636363,63.63636363636363,66.66666666666667,69.6969696969697,72.72727272727272,75.75757575757575,78.78787878787878,81.81818181818181,87.87878787878788,90.9090909090909,93.93939393939394,96.96969696969697,100.0,103.03030303030303,106.06060606060606
0.9539842873176205,0.0,3.0303030303030303,3.0303030303030303,3.0303030303030303,3.0303030303030303,3.0303030303030303,3.0303030303030303,3.0303030303030303,3.0303030303030303,3.0303030303030303,3.0303030303030303,3.0303030303030303,3.0303030303030303,3.0303030303030303,3.0303030303030303,3.0303030303030303,3.0303030303030303,3.0303030303030303,3.0303030303030303,3.0303030303030303,3.0303030303030303,3.0303030303030303,3.0303030303030303,3.0303030303030303,3.0303030303030303,3.0303030303030303,3.0303030303030303,3.0303030303030303,3.0303030303030303,3.0303030303030303,3.0303030303030303,3.0303030303030303,3.0303030303030303,3.0303030303030303,3.0303030303030303,3.0303030303030303,3.0303030303030303,3.0303030303030303,3.0303030303030303,3.0303030303030303,3.0303030303030303,3.0303030303030303,3.0303030303030303,3.0303030303030303,3.0303030303030303,3.0303030303030303,3.0303030303030303,6.0606060606060606,6.0606060606060606,6.0606060606060606,6.0606060606060606,6.0606060606060606,6.0606060606060606,9.09090909090909,9.09090909090909,9.09090909090909,12.121212121212121,12.121212121212121,12.121212121212121,15.151515151515152,15.151515151515152,15.151515151515152,18.18181818181818,18.18181818181818,21.21212121212121,21.21212121212121,24.242424242424242,27.272727272727273,27.272727272727273,30.303030303030305,30.303030303030305,33.333333333333336,36.36363636363636,36.36363636363636,39.39393939393939,42.42424242424242,45.45454545454545,45.45454545454545,48.484848484848484,51.515151515151516,54.54545454545455,57.57575757575758,60.60606060606061,63.63636363636363,66.66666666666667,69.6969696969697,72.72727272727272,75.75757575757575,78.78787878787878,81.81818181818181,84.84848484848484,87.87878787878788,90.9090909090909,93.93939393939394,100.0,103.03030303030303,106.06060606060606,109.0909090909091,112.12121212121212,118.18181818181819
0.9595959595959594,0.0,3.0303030303030303,3.0303030303030303,3.0303030303030303,3.0303030303030303,3.0303030303030303,3.0303030303030303,3.0303030303030303,3.0303030303030303,3.0303030303030303,3.0303030303030303,3.0303030303030303,3.0303030303030303,3.0303030303030303,3.0303030303030303,3.0303030303030303,3.0303030303030303,3.0303030303030303,3.0303030303030303,3.0303030303030303,3.0303030303030303,3.0303030303030303,3.0303030303030303,3.0303030303030303,3.0303030303030303,3.0303030303030303,3.0303030303030303,3.0303030303030303,3.0303030303030303,3.0303030303030303,3.0303030303030303,3.0303030303030303,3.0303030303030303,3.0303030303030303,3.0303030303030303,3.0303030303030303,3.0303030303030303,3.0303030303030303,3.0303030303030303,3.0303030303030303,3.0303030303030303,3.0303030303030303,3.0303030303030303,3.0303030303030303,3.0303030303030303,3.0303030303030303,6.0606060606060606,6.0606060606060606,6.0606060606060606,6.0606060606060606,6.0606060606060606,9.09090909090909,9.09090909090909,9.09090909090909,9.09090909090909,12.121212121212121,12.121212121212121,15.151515151515152,15.151515151515152,15.151515151515152,18.18181818181818,18.18181818181818,21.21212121212121,21.21212121212121,24.242424242424242,24.242424242424242,27.272727272727273,30.303030303030305,30.303030303030305,33.333333333333336,36.36363636363636,36.36363636363636,39.39393939393939,42.42424242424242,45.45454545454545,48.484848484848484,51.515151515151516,51.515151515151516,54.54545454545455,57.57575757575758,60.60606060606061,63.63636363636363,66.66666666666667,69.6969696969697,72.72727272727272,75.75757575757575,78.78787878787878,81.81818181818181,87.87878787878788,90.9090909090909,93.93939393939394,96.96969696969697,100.0,103.03030303030303,109.0909090909091,112.12121212121212,115.15151515151516,121.21212121212122,124.24242424242424,127.27272727272727
0.9652076318742984,0.0,3.0303030303030303,3.0303030303030303,3.0303030303030303,3.0303030303030303,3.0303030303030303,3.0303030303030303,3.0303030303030303,3.0303030303030303,3.0303030303030303,3.0303030303030303,3.0303030303030303,3.0303030303030303,3.0303030303030303,3.0303030303030303,3.0303030303030303,3.0303030303030303,3.0303030303030303,3.0303030303030303,3.0303030303030303,3.0303030303030303,3.0303030303030303,3.0303030303030303,3.0303030303030303,3.0303030303030303,3.0303030303030303,3.0303030303030303,3.0303030303030303,3.0303030303030303,3.0303030303030303,3.0303030303030303,3.0303030303030303,3.0303030303030303,3.0303030303030303,3.0303030303030303,3.0303030303030303,3.0303030303030303,3.0303030303030303,3.0303030303030303,3.0303030303030303,3.0303030303030303,3.0303030303030303,3.0303030303030303,3.0303030303030303,3.0303030303030303,6.0606060606060606,6.0606060606060606,6.0606060606060606,6.0606060606060606,9.09090909090909,9.09090909090909,9.09090909090909,9.09090909090909,12.121212121212121,12.121212121212121,12.121212121212121,15.151515151515152,15.151515151515152,18.18181818181818,18.18181818181818,21.21212121212121,21.21212121212121,24.242424242424242,24.242424242424242,27.272727272727273,30.303030303030305,30.303030303030305,33.333333333333336,36.36363636363636,39.39393939393939,39.39393939393939,42.42424242424242,45.45454545454545,48.484848484848484,51.515151515151516,54.54545454545455,57.57575757575758,60.60606060606061,63.63636363636363,66.66666666666667,69.6969696969697,72.72727272727272,75.75757575757575,78.78787878787878,81.81818181818181,84.84848484848484,87.87878787878788,90.9090909090909,96.96969696969697,100.0,103.03030303030303,106.06060606060606,112.12121212121212,115.15151515151516,118.18181818181819,121.21212121212122,127.27272727272727,130.3030303030303,136.36363636363637,139.3939393939394
0.9708193041526374,0.0,3.0303030303030303,3.0303030303030303,3.0303030303030303,3.0303030303030303,3.0303030303030303,3.0303030303030303,3.0303030303030303,3.0303030303030303,3.0303030303030303,3.0303030303030303,3.0303030303030303,3.0303030303030303,3.0303030303030303,3.0303030303030303,3.0303030303030303,3.0303030303030303,3.0303030303030303,3.0303030303030303,3.0303030303030303,3.0303030303030303,3.0303030303030303,3.0303030303030303,3.0303030303030303,3.0303030303030303,3.0303030303030303,3.0303030303030303,3.0303030303030303,3.0303030303030303,3.0303030303030303,3.0303030303030303,3.0303030303030303,3.0303030303030303,3.0303030303030303,3.0303030303030303,3.0303030303030303,3.0303030303030303,3.0303030303030303,3.0303030303030303,3.0303030303030303,3.0303030303030303,3.0303030303030303,3.0303030303030303,6.0606060606060606,6.0606060606060606,6.0606060606060606,6.0606060606060606,6.0606060606060606,9.09090909090909,9.09090909090909,9.09090909090909,12.121212121212121,12.121212121212121,12.121212121212121,15.151515151515152,15.151515151515152,18.18181818181818,18.18181818181818,21.21212121212121,21.21212121212121,24.242424242424242,24.242424242424242,27.272727272727273,30.303030303030305,30.303030303030305,33.333333333333336,36.36363636363636,39.39393939393939,42.42424242424242,42.42424242424242,45.45454545454545,48.484848484848484,51.515151515151516,54.54545454545455,57.57575757575758,60.60606060606061,63.63636363636363,66.66666666666667,69.6969696969697,72.72727272727272,75.75757575757575,78.78787878787878,84.84848484848484,87.87878787878788,90.9090909090909,93.93939393939394,96.96969696969697,103.03030303030303,106.06060606060606,109.0909090909091,112.12121212121212,118.18181818181819,121.21212121212122,127.27272727272727,130.3030303030303,133.33333333333334,139.3939393939394,142.42424242424244,148.48484848484847,151.5151515151515
0.9764309764309763,0.0,3.0303030303030303,3.0303030303030303,3.0303030303030303,3.0303030303030303,3.0303030303030303,3.0303030303030303,3.0303030303030303,3.0303030303030303,3.0303030303030303,3.0303030303030303,3.0303030303030303,3.0303030303030303,3.0303030303030303,3.0303030303030303,3.0303030303030303,3.0303030303030303,3.0303030303030303,3.0303030303030303,3.0303030303030303,3.0303030303030303,3.0303030303030303,3.0303030303030303,3.0303030303030303,3.0303030303030303,3.0303030303030303,3.0303030303030303,3.0303030303030303,3.0303030303030303,3.0303030303030303,3.0303030303030303,3.0303030303030303,3.0303030303030303,3.0303030303030303,3.0303030303030303,3.0303030303030303,3.0303030303030303,3.0303030303030303,3.0303030303030303,3.0303030303030303,3.0303030303030303,6.0606060606060606,6.0606060606060606,6.0606060606060606,6.0606060606060606,6.0606060606060606,9.09090909090909,9.09090909090909,9.09090909090909,12.121212121212121,12.121212121212121,12.121212121212121,15.151515151515152,15.151515151515152,18.18181818181818,18.18181818181818,21.21212121212121,21.21212121212121,24.242424242424242,27.272727272727273,27.272727272727273,30.303030303030305,33.333333333333336,33.333333333333336,36.36363636363636,39.39393939393939,42.42424242424242,45.45454545454545,48.484848484848484,51.515151515151516,51.515151515151516,54.54545454545455,57.57575757575758,60.60606060606061,66.66666666666667,69.6969696969697,72.72727272727272,75.75757575757575,78.78787878787878,81.81818181818181,84.84848484848484,90.9090909090909,93.93939393939394,96.96969696969697,100.0,106.06060606060606,109.0909090909091,112.12121212121212,118.18181818181819,121.21212121212122,124.24242424242424,130.3030303030303,133.33333333333334,136.36363636363637,142.42424242424244,145.45454545454544,151.5151515151515,154.54545454545453,160.6060606060606,163.63636363636363
0.9820426487093152,0.0,3.0303030303030303,3.0303030303030303,3.0303030303030303,3.0303030303030303,3.0303030303030303,3.0303030303030303,3.0303030303030303,3.0303030303030303,3.0303030303030303,3.0303030303030303,3.0303030303030303,3.0303030303030303,3.0303030303030303,3.0303030303030303,3.0303030303030303,3.0303030303030303,3.0303030303030303,3.0303030303030303,3.0303030303030303,3.0303030303030303,3.0303030303030303,3.0303030303030303,3.0303030303030303,3.0303030303030303,3.0303030303030303,3.0303030303030303,3.0303030303030303,3.0303030303030303,3.0303030303030303,3.0303030303030303,3.0303030303030303,3.0303030303030303,3.0303030303030303,3.0303030303030303,3.0303030303030303,3.0303030303030303,3.0303030303030303,3.0303030303030303,3.0303030303030303,6.0606060606060606,6.0606060606060606,6.0606060606060606,6.0606060606060606,9.09090909090909,9.09090909090909,9.09090909090909,12.121212121212121,12.121212121212121,12.121212121212121,15.151515151515152,15.151515151515152,18.18181818181818,18.18181818181818,21.21212121212121,24.242424242424242,24.242424242424242,27.272727272727273,30.303030303030305,30.303030303030305,33.333333333333336,36.36363636363636,39.39393939393939,39.39393939393939,42.42424242424242,45.45454545454545,48.484848484848484,51.515151515151516,54.54545454545455,57.57575757575758,60.60606060606061,63.63636363636363,66.66666666666667,69.6969696969697,75.75757575757575,78.78787878787878,81.81818181818181,84.84848484848484,87.87878787878788,93.93939393939394,96.96969696969697,100.0,103.03030303030303,109.0909090909091,112.12121212121212,115.15151515151516,121.21212121212122,124.24242424242424,127.27272727272727,133.33333333333334,136.36363636363637,142.42424242424244,145.45454545454544,151.5151515151515,154.54545454545453,160.6060606060606,163.63636363636363,169.6969696969697,172.72727272727272,178.78787878787878
0.9876543209876542,0.0,3.0303030303030303,3.0303030303030303,3.0303030303030303,3.0303030303030303,3.0303030303030303,3.0303030303030303,3.0303030303030303,3.0303030303030303,3.0303030303030303,3.0303030303030303,3.0303030303030303,3.0303030303030303,3.0303030303030303,3.0303030303030303,3.0303030303030303,3.0303030303030303,3.0303030303030303,3.0303030303030303,3.0303030303030303,3.0303030303030303,3.0303030303030303,3.0303030303030303,3.0303030303030303,3.0303030303030303,3.0303030303030303,3.0303030303030303,3.0303030303030303,3.0303030303030303,3.0303030303030303,3.0303030303030303,3.0303030303030303,3.0303030303030303,3.0303030303030303,3.0303030303030303,3.0303030303030303,3.0303030303030303,6.0606060606060606,6.0606060606060606,6.0606060606060606,6.0606060606060606,6.0606060606060606,9.09090909090909,9.09090909090909,9.09090909090909,12.121212121212121,12.121212121212121,15.151515151515152,15.151515151515152,18.18181818181818,18.18181818181818,21.21212121212121,21.21212121212121,24.242424242424242,27.272727272727273,27.272727272727273,30.303030303030305,33.333333333333336,36.36363636363636,36.36363636363636,39.39393939393939,42.42424242424242,45.45454545454545,48.484848484848484,51.515151515151516,54.54545454545455,57.57575757575758,60.60606060606061,63.63636363636363,66.66666666666667,69.6969696969697,72.72727272727272,78.78787878787878,81.81818181818181,84.84848484848484,87.87878787878788,90.9090909090909,96.96969696969697,100.0,103.03030303030303,109.0909090909091,112.12121212121212,115.15151515151516,121.21212121212122,124.24242424242424,127.27272727272727,133.33333333333334,136.36363636363637,139.3939393939394,145.45454545454544,148.48484848484847,154.54545454545453,157.57575757575756,163.63636363636363,166.66666666666666,169.6969696969697,175.75757575757575,178.78787878787878,184.84848484848484,187.87878787878788
0.9932659932659931,0.0,3.0303030303030303,3.0303030303030303,3.0303030303030303,3.0303030303030303,3.0303030303030303,3.0303030303030303,3.0303030303030303,3.0303030303030303,3.0303030303030303,3.0303030303030303,3.0303030303030303,3.0303030303030303,3.0303030303030303,3.0303030303030303,3.0303030303030303,3.0303030303030303,3.0303030303030303,3.0303030303030303,3.0303030303030303,3.0303030303030303,3.0303030303030303,3.0303030303030303,3.0303030303030303,3.0303030303030303,3.0303030303030303,3.0303030303030303,3.0303030303030303,3.0303030303030303,3.0303030303030303,3.0303030303030303,3.0303030303030303,3.0303030303030303,3.0303030303030303,3.0303030303030303,6.0606060606060606,6.0606060606060606,6.0606060606060606,6.0606060606060606,9.09090909090909,9.09090909090909,9.09090909090909,12.121212121212121,12.121212121212121,15.151515151515152,15.151515151515152,18.18181818181818,18.18181818181818,21.21212121212121,21.21212121212121,24.242424242424242,27.272727272727273,27.272727272727273,30.303030303030305,33.333333333333336,36.36363636363636,39.39393939393939,39.39393939393939,42.42424242424242,45.45454545454545,48.484848484848484,51.515151515151516,54.54545454545455,57.57575757575758,60.60606060606061,63.63636363636363,66.66666666666667,69.6969696969697,72.72727272727272,78.78787878787878,81.81818181818181,84.84848484848484,87.87878787878788,90.9090909090909,93.93939393939394,100.0,103.03030303030303,106.06060606060606,109.0909090909091,115.15151515151516,118.18181818181819,121.21212121212122,127.27272727272727,130.3030303030303,133.33333333333334,139.3939393939394,142.42424242424244,145.45454545454544,151.5151515151515,154.54545454545453,157.57575757575756,163.63636363636363,166.66666666666666,172.72727272727272,175.75757575757575,178.78787878787878,184.84848484848484,187.87878787878788,193.93939393939394,196.96969696969697
0.9988776655443321,0.0,3.0303030303030303,3.0303030303030303,3.0303030303030303,3.0303030303030303,3.0303030303030303,3.0303030303030303,3.0303030303030303,3.0303030303030303,3.0303030303030303,3.0303030303030303,3.0303030303030303,3.0303030303030303,3.0303030303030303,3.0303030303030303,3.0303030303030303,3.0303030303030303,3.0303030303030303,3.0303030303030303,3.0303030303030303,3.0303030303030303,3.0303030303030303,3.0303030303030303,3.0303030303030303,3.0303030303030303,3.0303030303030303,3.0303030303030303,3.0303030303030303,3.0303030303030303,3.0303030303030303,6.0606060606060606,6.0606060606060606,6.0606060606060606,6.0606060606060606,9.09090909090909,9.09090909090909,9.09090909090909,12.121212121212121,12.121212121212121,12.121212121212121,15.151515151515152,15.151515151515152,18.18181818181818,18.18181818181818,21.21212121212121,21.21212121212121,24.242424242424242,27.272727272727273,27.272727272727273,30.303030303030305,33.333333333333336,33.333333333333336,36.36363636363636,39.39393939393939,42.42424242424242,42.42424242424242,45.45454545454545,48.484848484848484,51.515151515151516,54.54545454545455,57.57575757575758,60.60606060606061,63.63636363636363,66.66666666666667,69.6969696969697,72.72727272727272,75.75757575757575,78.78787878787878,81.81818181818181,84.84848484848484,87.87878787878788,90.9090909090909,93.93939393939394,96.96969696969697,103.03030303030303,106.06060606060606,109.0909090909091,112.12121212121212,115.15151515151516,121.21212121212122,124.24242424242424,127.27272727272727,130.3030303030303,136.36363636363637,139.3939393939394,142.42424242424244,148.48484848484847,151.5151515151515,154.54545454545453,160.6060606060606,163.63636363636363,166.66666666666666,172.72727272727272,175.75757575757575,181.8181818181818,184.84848484848484,187.87878787878788,193.93939393939394,196.96969696969697,203.03030303030303
1.0044893378226711,0.0,3.0303030303030303,3.0303030303030303,3.0303030303030303,3.0303030303030303,3.0303030303030303,3.0303030303030303,3.0303030303030303,3.0303030303030303,3.0303030303030303,3.0303030303030303,3.0303030303030303,3.0303030303030303,3.0303030303030303,3.0303030303030303,3.0303030303030303,3.0303030303030303,3.0303030303030303,3.0303030303030303,3.0303030303030303,3.0303030303030303,3.0303030303030303,3.0303030303030303,3.0303030303030303,3.0303030303030303,3.0303030303030303,3.0303030303030303,3.0303030303030303,3.0303030303030303,3.0303030303030303,3.0303030303030303,3.0303030303030303,3.0303030303030303,6.0606060606060606,6.0606060606060606,6.0606060606060606,6.0606060606060606,9.09090909090909,9.09090909090909,9.09090909090909,12.121212121212121,12.121212121212121,12.121212121212121,15.151515151515152,15.151515151515152,18.18181818181818,21.21212121212121,21.21212121212121,24.242424242424242,27.272727272727273,27.272727272727273,30.303030303030305,33.333333333333336,36.36363636363636,36.36363636363636,39.39393939393939,42.42424242424242,45.45454545454545,48.484848484848484,51.515151515151516,54.54545454545455,57.57575757575758,60.60606060606061,63.63636363636363,66.66666666666667,69.6969696969697,72.72727272727272,75.75757575757575,78.78787878787878,81.81818181818181,84.84848484848484,87.87878787878788,93.93939393939394,96.96969696969697,100.0,103.03030303030303,106.06060606060606,112.12121212121212,115.15151515151516,118.18181818181819,121.21212121212122,127.27272727272727,130.3030303030303,133.33333333333334,139.3939393939394,142.42424242424244,145.45454545454544,151.5151515151515,154.54545454545453,157.57575757575756,163.63636363636363,166.66666666666666,172.72727272727272,175.75757575757575,178.78787878787878,184.84848484848484,187.87878787878788,193.93939393939394,196.96969696969697,203.03030303030303
1.01010101010101,0.0,3.0303030303030303,3.0303030303030303,3.0303030303030303,3.0303030303030303,3.0303030303030303,3.0303030303030303,3.0303030303030303,3.0303030303030303,3.0303030303030303,3.0303030303030303,3.0303030303030303,3.0303030303030303,3.0303030303030303,3.0303030303030303,3.0303030303030303,3.0303030303030303,3.0303030303030303,3.0303030303030303,3.0303030303030303,3.0303030303030303,3.0303030303030303,3.0303030303030303,3.0303030303030303,3.0303030303030303,3.0303030303030303,3.0303030303030303,3.0303030303030303,3.0303030303030303,3.0303030303030303,3.0303030303030303,3.0303030303030303,3.0303030303030303,3.0303030303030303,3.0303030303030303,3.0303030303030303,6.0606060606060606,6.0606060606060606,6.0606060606060606,6.0606060606060606,9.09090909090909,9.09090909090909,9.09090909090909,12.121212121212121,12.121212121212121,12.121212121212121,15.151515151515152,15.151515151515152,18.18181818181818,21.21212121212121,21.21212121212121,24.242424242424242,24.242424242424242,27.272727272727273,30.303030303030305,33.333333333333336,33.333333333333336,36.36363636363636,39.39393939393939,42.42424242424242,45.45454545454545,48.484848484848484,51.515151515151516,54.54545454545455,57.57575757575758,60.60606060606061,63.63636363636363,66.66666666666667,69.6969696969697,72.72727272727272,75.75757575757575,81.81818181818181,84.84848484848484,87.87878787878788,90.9090909090909,96.96969696969697,100.0,103.03030303030303,106.06060606060606,112.12121212121212,115.15151515151516,118.18181818181819,124.24242424242424,127.27272727272727,130.3030303030303,136.36363636363637,139.3939393939394,145.45454545454544,148.48484848484847,151.5151515151515,157.57575757575756,160.6060606060606,166.66666666666666,169.6969696969697,175.75757575757575,178.78787878787878,184.84848484848484,187.87878787878788,193.93939393939394,196.96969696969697
1.015712682379349,0.0,3.0303030303030303,3.0303030303030303,3.0303030303030303,3.0303030303030303,3.0303030303030303,3.0303030303030303,3.0303030303030303,3.0303030303030303,3.0303030303030303,3.0303030303030303,3.0303030303030303,3.0303030303030303,3.0303030303030303,3.0303030303030303,3.0303030303030303,3.0303030303030303,3.0303030303030303,3.0303030303030303,3.0303030303030303,3.0303030303030303,3.0303030303030303,3.0303030303030303,3.0303030303030303,3.0303030303030303,3.0303030303030303,3.0303030303030303,3.0303030303030303,3.0303030303030303,3.0303030303030303,3.0303030303030303,3.0303030303030303,3.0303030303030303,3.0303030303030303,3.0303030303030303,3.0303030303030303,3.0303030303030303,3.0303030303030303,6.0606060606060606,6.0606060606060606,6.0606060606060606,6.0606060606060606,9.09090909090909,9.09090909090909,9.09090909090909,9.09090909090909,12.121212121212121,12.121212121212121,15.151515151515152,15.151515151515152,18.18181818181818,18.18181818181818,21.21212121212121,21.21212121212121,24.242424242424242,27.272727272727273,27.272727272727273,30.303030303030305,33.333333333333336,36.36363636363636,39.39393939393939,39.39393939393939,42.42424242424242,45.45454545454545,48.484848484848484,51.515151515151516,54.54545454545455,57.57575757575758,60.60606060606061,63.63636363636363,69.6969696969697,72.72727272727272,75.75757575757575,78.78787878787878,81.81818181818181,84.84848484848484,90.9090909090909,93.93939393939394,96.96969696969697,103.03030303030303,106.06060606060606,109.0909090909091,115.15151515151516,118.18181818181819,121.21212121212122,127.27272727272727,130.3030303030303,136.36363636363637,139.3939393939394,142.42424242424244,148.48484848484847,151.5151515151515,157.57575757575756,160.6060606060606,166.66666666666666,169.6969696969697,175.75757575757575,178.78787878787878,184.84848484848484,187.87878787878788
1.0213243546576878,0.0,3.0303030303030303,3.0303030303030303,3.0303030303030303,3.0303030303030303,3.0303030303030303,3.0303030303030303,3.0303030303030303,3.0303030303030303,3.0303030303030303,3.0303030303030303,3.0303030303030303,3.0303030303030303,3.0303030303030303,3.0303030303030303,3.0303030303030303,3.0303030303030303,3.0303030303030303,3.0303030303030303,3.0303030303030303,3.0303030303030303,3.0303030303030303,3.0303030303030303,3.0303030303030303,3.0303030303030303,3.0303030303030303,3.0303030303030303,3.0303030303030303,3.0303030303030303,3.0303030303030303,3.0303030303030303,3.0303030303030303,3.0303030303030303,3.0303030303030303,3.0303030303030303,3.0303030303030303,3.0303030303030303,3.0303030303030303,3.0303030303030303,3.0303030303030303,6.0606060606060606,6.0606060606060606,6.0606060606060606,6.0606060606060606,9.09090909090909,9.09090909090909,9.09090909090909,12.121212121212121,12.121212121212121,12.121212121212121,15.151515151515152,15.151515151515152,18.18181818181818,18.18181818181818,21.21212121212121,21.21212121212121,24.242424242424242,27.272727272727273,27.272727272727273,30.303030303030305,33.333333333333336,36.36363636363636,36.36363636363636,39.39393939393939,42.42424242424242,45.45454545454545,48.484848484848484,51.515151515151516,54.54545454545455,57.57575757575758,60.60606060606061,63.63636363636363,66.66666666666667,69.6969696969697,72.72727272727272,78.78787878787878,81.81818181818181,84.84848484848484,87.87878787878788,90.9090909090909,96.96969696969697,100.0,103.03030303030303,109.0909090909091,112.12121212121212,115.15151515151516,121.21212121212122,124.24242424242424,130.3030303030303,133.33333333333334,139.3939393939394,142.42424242424244,145.45454545454544,151.5151515151515,154.54545454545453,160.6060606060606,163.63636363636363,169.6969696969697,175.75757575757575,178.78787878787878
1.0269360269360268,0.0,3.0303030303030303,3.0303030303030303,3.0303030303030303,3.0303030303030303,3.0303030303030303,3.0303030303030303,3.0303030303030303,3.0303030303030303,3.0303030303030303,3.0303030303030303,3.0303030303030303,3.0303030303030303,3.0303030303030303,3.0303030303030303,3.0303030303030303,3.0303030303030303,3.0303030303030303,3.0303030303030303,3.0303030303030303,3.0303030303030303,3.0303030303030303,3.0303030303030303,3.0303030303030303,3.0303030303030303,3.0303030303030303,3.0303030303030303,3.0303030303030303,3.0303030303030303,3.0303030303030303,3.0303030303030303,3.0303030303030303,3.0303030303030303,3.0303030303030303,3.0303030303030303,3.0303030303030303,3.0303030303030303,3.0303030303030303,3.0303030303030303,3.0303030303030303,3.0303030303030303,6.0606060606060606,6.0606060606060606,6.0606060606060606,6.0606060606060606,6.0606060606060606,9.09090909090909,9.09090909090909,9.09090909090909,12.121212121212121,12.121212121212121,12.121212121212121,15.151515151515152,15.151515151515152,18.18181818181818,18.18181818181818,21.21212121212121,24.242424242424242,24.242424242424242,27.272727272727273,27.272727272727273,30.303030303030305,33.333333333333336,36.36363636363636,36.36363636363636,39.39393939393939,42.42424242424242,45.45454545454545,48.484848484848484,51.515151515151516,54.54545454545455,57.57575757575758,60.60606060606061,63.63636363636363,66.66666666666667,69.6969696969697,72.72727272727272,75.75757575757575,81.81818181818181,84.84848484848484,87.87878787878788,90.9090909090909,93.93939393939394,100.0,103.03030303030303,106.06060606060606,112.12121212121212,115.15151515151516,118.18181818181819,124.24242424242424,127.27272727272727,133.33333333333334,136.36363636363637,142.42424242424244,145.45454545454544,151.5151515151515,154.54545454545453,157.57575757575756,163.63636363636363,169.6969696969697
1.0325476992143656,0.0,3.0303030303030303,3.0303030303030303,3.0303030303030303,3.0303030303030303,3.0303030303030303,3.0303030303030303,3.0303030303030303,3.0303030303030303,3.0303030303030303,3.0303030303030303,3.0303030303030303,3.0303030303030303,3.0303030303030303,3.0303030303030303,3.0303030303030303,3.0303030303030303,3.0303030303030303,3.0303030303030303,3.0303030303030303,3.0303030303030303,3.0303030303030303,3.0303030303030303,3.0303030303030303,3.0303030303030303,3.0303030303030303,3.0303030303030303,3.0303030303030303,3.0303030303030303,3.0303030303030303,3.0303030303030303,3.0303030303030303,3.0303030303030303,3.0303030303030303,3.0303030303030303,3.0303030303030303,3.0303030303030303,3.0303030303030303,3.0303030303030303,3.0303030303030303,3.0303030303030303,3.0303030303030303,6.0606060606060606,6.0606060606060606,6.0606060606060606,6.0606060606060606,6.0606060606060606,9.09090909090909,9.09090909090909,9.09090909090909,12.121212121212121,12.121212121212121,12.121212121212121,15.151515151515152,15.151515151515152,18.18181818181818,18.18181818181818,21.21212121212121,21.21212121212121,24.242424242424242,24.242424242424242,27.272727272727273,30.303030303030305,30.303030303030305,33.333333333333336,36.36363636363636,39.39393939393939,39.39393939393939,42.42424242424242,45.45454545454545,48.484848484848484,51.515151515151516,54.54545454545455,57.57575757575758,60.60606060606061,63.63636363636363,66.66666666666667,69.6969696969697,72.72727272727272,75.75757575757575,78.78787878787878,84.84848484848484,87.87878787878788,90.9090909090909,93.93939393939394,100.0,103.03030303030303,106.06060606060606,109.0909090909091,115.15151515151516,118.18181818181819,124.24242424242424,127.27272727272727,130.3030303030303,136.36363636363637,139.3939393939394,145.45454545454544,148.48484848484847,154.54545454545453,157.57575757575756
1.0381593714927047,0.0,3.0303030303030303,3.0303030303030303,3.0303030303030303,3.0303030303030303,3.0303030303030303,3.0303030303030303,3.0303030303030303,3.0303030303030303,3.0303030303030303,3.0303030303030303,3.0303030303030303,3.0303030303030303,3.0303030303030303,3.0303030303030303,3.0303030303030303,3.0303030303030303,3.0303030303030303,3.0303030303030303,3.0303030303030303,3.0303030303030303,3.0303030303030303,3.0303030303030303,3.0303030303030303,3.0303030303030303,3.0303030303030303,3.0303030303030303,3.0303030303030303,3.0303030303030303,3.0303030303030303,3.0303030303030303,3.0303030303030303,3.0303030303030303,3.0303030303030303,3.0303030303030303,3.0303030303030303,3.0303030303030303,3.0303030303030303,3.0303030303030303,3.0303030303030303,3.0303030303030303,3.0303030303030303,3.0303030303030303,3.0303030303030303,6.0606060606060606,6.0606060606060606,6.0606060606060606,6.0606060606060606,9.09090909090909,9.09090909090909,9.09090909090909,9.09090909090909,12.121212121212121,12.121212121212121,15.151515151515152,15.151515151515152,15.151515151515152,18.18181818181818,18.18181818181818,21.21212121212121,21.21212121212121,24.242424242424242,27.272727272727273,27.272727272727273,30.303030303030305,33.333333333333336,33.333333333333336,36.36363636363636,39.39393939393939,42.42424242424242,45.45454545454545,45.45454545454545,48.484848484848484,51.515151515151516,54.54545454545455,57.57575757575758,60.60606060606061,63.63636363636363,66.66666666666667,69.6969696969697,72.72727272727272,75.75757575757575,81.81818181818181,84.84848484848484,87.87878787878788,90.9090909090909,93.93939393939394,100.0,103.03030303030303,106.06060606060606,109.0909090909091,115.15151515151516,118.18181818181819,121.21212121212122,127.27272727272727,130.3030303030303,136.36363636363637,139.3939393939394,142.42424242424244,148.48484848484847
1.0437710437710437,0.0,3.0303030303030303,3.0303030303030303,3.0303030303030303,3.0303030303030303,3.0303030303030303,3.0303030303030303,3.0303030303030303,3.0303030303030303,3.0303030303030303,3.0303030303030303,3.0303030303030303,3.0303030303030303,3.0303030303030303,3.0303030303030303,3.0303030303030303,3.0303030303030303,3.0303030303030303,3.0303030303030303,3.0303030303030303,3.0303030303030303,3.0303030303030303,3.0303030303030303,3.0303030303030303,3.0303030303030303,3.0303030303030303,3.0303030303030303,3.0303030303030303,3.0303030303030303,3.0303030303030303,3.0303030303030303,3.0303030303030303,3.0303030303030303,3.0303030303030303,3.0303030303030303,3.0303030303030303,3.0303030303030303,3.0303030303030303,3.0303030303030303,3.0303030303030303,3.0303030303030303,3.0303030303030303,3.0303030303030303,3.0303030303030303,3.0303030303030303,6.0606060606060606,6.0606060606060606,6.0606060606060606,6.0606060606060606,6.0606060606060606,9.09090909090909,9.09090909090909,9.09090909090909,12.121212121212121,12.121212121212121,12.121212121212121,15.151515151515152,15.151515151515152,18.18181818181818,18.18181818181818,21.21212121212121,21.21212121212121,24.242424242424242,24.242424242424242,27.272727272727273,30.303030303030305,30.303030303030305,33.333333333333336,36.36363636363636,36.36363636363636,39.39393939393939,42.42424242424242,45.45454545454545,48.484848484848484,51.515151515151516,51.515151515151516,54.54545454545455,57.57575757575758,60.60606060606061,63.63636363636363,66.66666666666667,69.6969696969697,72.72727272727272,78.78787878787878,81.81818181818181,84.84848484848484,87.87878787878788,90.9090909090909,93.93939393939394,100.0,103.03030303030303,106.06060606060606,109.0909090909091,115.15151515151516,118.18181818181819,121.21212121212122,127.27272727272727,130.3030303030303,133.33333333333334,139.3939393939394
1.0493827160493825,0.0,3.0303030303030303,3.0303030303030303,3.0303030303030303,3.0303030303030303,3.0303030303030303,3.0303030303030303,3.0303030303030303,3.0303030303030303,3.0303030303030303,3.0303030303030303,3.0303030303030303,3.0303030303030303,3.0303030303030303,3.0303030303030303,3.0303030303030303,3.0303030303030303,3.0303030303030303,3.0303030303030303,3.0303030303030303,3.0303030303030303,3.0303030303030303,3.0303030303030303,3.0303030303030303,3.0303030303030303,3.0303030303030303,3.0303030303030303,3.0303030303030303,3.0303030303030303,3.0303030303030303,3.0303030303030303,3.0303030303030303,3.0303030303030303,3.0303030303030303,3.0303030303030303,3.0303030303030303,3.0303030303030303,3.0303030303030303,3.0303030303030303,3.0303030303030303,3.0303030303030303,3.0303030303030303,3.0303030303030303,3.0303030303030303,3.0303030303030303,3.0303030303030303,6.0606060606060606,6.0606060606060606,6.0606060606060606,6.0606060606060606,6.0606060606060606,9.09090909090909,9.09090909090909,9.09090909090909,12.121212121212121,12.121212121212121,12.121212121212121,15.151515151515152,15.151515151515152,18.18181818181818,18.18181818181818,18.18181818181818,21.21212121212121,24.242424242424242,24.242424242424242,27.272727272727273,27.272727272727273,30.303030303030305,33.333333333333336,33.333333333333336,36.36363636363636,39.39393939393939,42.42424242424242,42.42424242424242,45.45454545454545,48.484848484848484,51.515151515151516,54.54545454545455,57.57575757575758,60.60606060606061,63.63636363636363,66.66666666666667,69.6969696969697,72.72727272727272,75.75757575757575,78.78787878787878,81.81818181818181,84.84848484848484,87.87878787878788,90.9090909090909,96.96969696969697,100.0,103.03030303030303,106.06060606060606,109.0909090909091,115.15151515151516,118.18181818181819,121.21212121212122,127.27272727272727,130.3030303030303
1.0549943883277215,0.0,3.0303030303030303,3.0303030303030303,3.0303030303030303,3.0303030303030303,3.0303030303030303,3.0303030303030303,3.0303030303030303,3.0303030303030303,3.0303030303030303,3.0303030303030303,3.0303030303030303,3.0303030303030303,3.0303030303030303,3.0303030303030303,3.0303030303030303,3.0303030303030303,3.0303030303030303,3.0303030303030303,3.0303030303030303,3.0303030303030303,3.0303030303030303,3.0303030303030303,3.0303030303030303,3.0303030303030303,3.0303030303030303,3.0303030303030303,3.0303030303030303,3.0303030303030303,3.0303030303030303,3.0303030303030303,3.0303030303030303,3.0303030303030303,3.0303030303030303,3.0303030303030303,3.0303030303030303,3.0303030303030303,3.0303030303030303,3.0303030303030303,3.0303030303030303,3.0303030303030303,3.0303030303030303,3.0303030303030303,3.0303030303030303,3.0303030303030303,3.0303030303030303,3.0303030303030303,6.0606060606060606,6.0606060606060606,6.0606060606060606,6.0606060606060606,6.0606060606060606,9.09090909090909,9.09090909090909,9.09090909090909,12.121212121212121,12.121212121212121,12.121212121212121,15.151515151515152,15.151515151515152,15.151515151515152,18.18181818181818,18.18181818181818,21.21212121212121,21.21212121212121,24.242424242424242,24.242424242424242,27.272727272727273,30.303030303030305,30.303030303030305,33.333333333333336,36.36363636363636,36.36363636363636,39.39393939393939,42.42424242424242,45.45454545454545,48.484848484848484,48.484848484848484,51.515151515151516,54.54545454545455,57.57575757575758,60.60606060606061,63.63636363636363,66.66666666666667,69.6969696969697,72.72727272727272,75.75757575757575,78.78787878787878,81.81818181818181,84.84848484848484,87.87878787878788,90.9090909090909,96.96969696969697,100.0,103.03030303030303,106.06060606060606,109.0909090909091,115.15151515151516,118.18181818181819,121.21212121212122
1.0606060606060606,0.0,3.0303030303030303,3.0303030303030303,3.0303030303030303,3.0303030303030303,3.0303030303030303,3.0303030303030303,3.0303030303030303,3.0303030303030303,3.0303030303030303,3.0303030303030303,3.0303030303030303,3.0303030303030303,3.0303030303030303,3.0303030303030303,3.0303030303030303,3.0303030303030303,3.0303030303030303,3.0303030303030303,3.0303030303030303,3.0303030303030303,3.0303030303030303,3.0303030303030303,3.0303030303030303,3.0303030303030303,3.0303030303030303,3.0303030303030303,3.0303030303030303,3.0303030303030303,3.0303030303030303,3.0303030303030303,3.0303030303030303,3.0303030303030303,3.0303030303030303,3.0303030303030303,3.0303030303030303,3.0303030303030303,3.0303030303030303,3.0303030303030303,3.0303030303030303,3.0303030303030303,3.0303030303030303,3.0303030303030303,3.0303030303030303,3.0303030303030303,3.0303030303030303,3.0303030303030303,3.0303030303030303,6.0606060606060606,6.0606060606060606,6.0606060606060606,6.0606060606060606,6.0606060606060606,9.09090909090909,9.09090909090909,9.09090909090909,9.09090909090909,12.121212121212121,12.121212121212121,15.151515151515152,15.151515151515152,15.151515151515152,18.18181818181818,18.18181818181818,21.21212121212121,21.21212121212121,24.242424242424242,24.242424242424242,27.272727272727273,27.272727272727273,30.303030303030305,33.333333333333336,33.333333333333336,36.36363636363636,39.39393939393939,42.42424242424242,42.42424242424242,45.45454545454545,48.484848484848484,51.515151515151516,54.54545454545455,54.54545454545455,57.57575757575758,60.60606060606061,63.63636363636363,66.66666666666667,69.6969696969697,72.72727272727272,75.75757575757575,78.78787878787878,81.81818181818181,84.84848484848484,90.9090909090909,93.93939393939394,96.96969696969697,100.0,103.03030303030303,106.06060606060606,109.0909090909091,115.15151515151516
1.0662177328843994,0.0,3.0303030303030303,3.0303030303030303,3.0303030303030303,3.0303030303030303,3.0303030303030303,3.0303030303030303,3.0303030303030303,3.0303030303030303,3.0303030303030303,3.0303030303030303,3.0303030303030303,3.0303030303030303,3.0303030303030303,3.0303030303030303,3.0303030303030303,3.0303030303030303,3.0303030303030303,3.0303030303030303,3.0303030303030303,3.0303030303030303,3.0303030303030303,3.0303030303030303,3.0303030303030303,3.0303030303030303,3.0303030303030303,3.0303030303030303,3.0303030303030303,3.0303030303030303,3.0303030303030303,3.0303030303030303,3.0303030303030303,3.0303030303030303,3.0303030303030303,3.0303030303030303,3.0303030303030303,3.0303030303030303,3.0303030303030303,3.0303030303030303,3.0303030303030303,3.0303030303030303,3.0303030303030303,3.0303030303030303,3.0303030303030303,3.0303030303030303,3.0303030303030303,3.0303030303030303,3.0303030303030303,3.0303030303030303,6.0606060606060606,6.0606060606060606,6.0606060606060606,6.0606060606060606,6.0606060606060606,9.09090909090909,9.09090909090909,9.09090909090909,9.09090909090909,12.121212121212121,12.121212121212121,12.121212121212121,15.151515151515152,15.151515151515152,18.18181818181818,18.18181818181818,21.21212121212121,21.21212121212121,24.242424242424242,24.242424242424242,27.272727272727273,27.272727272727273,30.303030303030305,30.303030303030305,33.333333333333336,36.36363636363636,36.36363636363636,39.39393939393939,42.42424242424242,45.45454545454545,45.45454545454545,48.484848484848484,51.515151515151516,54.54545454545455,57.57575757575758,60.60606060606061,63.63636363636363,63.63636363636363,66.66666666666667,69.6969696969697,72.72727272727272,75.75757575757575,78.78787878787878,81.81818181818181,87.87878787878788,90.9090909090909,93.93939393939394,96.96969696969697,100.0,103.03030303030303,106.06060606060606
1.0718294051627384,0.0,3.0303030303030303,3.0303030303030303,3.0303030303030303,3.0303030303030303,3.0303030303030303,3.0303030303030303,3.0303030303030303,3.0303030303030303,3.0303030303030303,3.0303030303030303,3.0303030303030303,3.0303030303030303,3.0303030303030303,3.0303030303030303,3.0303030303030303,3.0303030303030303,3.0303030303030303,3.0303030303030303,3.0303030303030303,3.0303030303030303,3.0303030303030303,3.0303030303030303,3.0303030303030303,3.0303030303030303,3.0303030303030303,3.0303030303030303,3.0303030303030303,3.0303030303030303,3.0303030303030303,3.0303030303030303,3.0303030303030303,3.0303030303030303,3.0303030303030303,3.0303030303030303,3.0303030303030303,3.0303030303030303,3.0303030303030303,3.0303030303030303,3.0303030303030303,3.0303030303030303,3.0303030303030303,3.0303030303030303,3.0303030303030303,3.0303030303030303,3.0303030303030303,3.0303030303030303,3.0303030303030303,3.0303030303030303,6.0606060606060606,6.0606060606060606,6.0606060606060606,6.0606060606060606,6.0606060606060606,6.0606060606060606,9.09090909090909,9.09090909090909,9.09090909090909,9.09090909090909,12.121212121212121,12.121212121212121,12.121212121212121,15.151515151515152,15.151515151515152,18.18181818181818,18.18181818181818,18.18181818181818,21.21212121212121,21.21212121212121,24.242424242424242,24.242424242424242,27.272727272727273,30.303030303030305,30.303030303030305,33.333333333333336,33.333333333333336,36.36363636363636,39.39393939393939,39.39393939393939,42.42424242424242,45.45454545454545,48.484848484848484,48.484848484848484,51.515151515151516,54.54545454545455,57.57575757575758,60.60606060606061,63.63636363636363,66.66666666666667,69.6969696969697,69.6969696969697,72.72727272727272,75.75757575757575,78.78787878787878,81.81818181818181,87.87878787878788,90.9090909090909,93.93939393939394,96.96969696969697,100.0
1.0774410774410772,0.0,3.0303030303030303,3.0303030303030303,3.0303030303030303,3.0303030303030303,3.0303030303030303,3.0303030303030303,3.0303030303030303,3.0303030303030303,3.0303030303030303,3.0303030303030303,3.0303030303030303,3.0303030303030303,3.0303030303030303,3.0303030303030303,3.0303030303030303,3.0303030303030303,3.0303030303030303,3.0303030303030303,3.0303030303030303,3.0303030303030303,3.0303030303030303,3.0303030303030303,3.0303030303030303,3.0303030303030303,3.0303030303030303,3.0303030303030303,3.0303030303030303,3.0303030303030303,3.0303030303030303,3.0303030303030303,3.0303030303030303,3.0303030303030303,3.0303030303030303,3.0303030303030303,3.0303030303030303,3.0303030303030303,3.0303030303030303,3.0303030303030303,3.0303030303030303,3.0303030303030303,3.0303030303030303,3.0303030303030303,3.0303030303030303,3.0303030303030303,3.0303030303030303,3.0303030303030303,3.0303030303030303,3.0303030303030303,3.0303030303030303,6.0606060606060606,6.0606060606060606,6.0606060606060606,6.0606060606060606,6.0606060606060606,6.0606060606060606,9.09090909090909,9.09090909090909,9.09090909090909,9.09090909090909,12.121212121212121,12.121212121212121,12.121212121212121,15.151515151515152,15.151515151515152,15.151515151515152,18.18181818181818,18.18181818181818,21.21212121212121,21.21212121212121,24.242424242424242,24.242424242424242,27.272727272727273,27.272727272727273,30.303030303030305,30.303030303030305,33.333333333333336,36.36363636363636,36.36363636363636,39.39393939393939,42.42424242424242,42.42424242424242,45.45454545454545,48.484848484848484,51.515151515151516,51.515151515151516,54.54545454545455,57.57575757575758,60.60606060606061,63.63636363636363,66.66666666666667,66.66666666666667,69.6969696969697,72.72727272727272,75.75757575757575,78.78787878787878,81.81818181818181,84.84848484848484,87.87878787878788,90.9090909090909
1.0830527497194162,0.0,3.0303030303030303,3.0303030303030303,3.0303030303030303,3.0303030303030303,3.0303030303030303,3.0303030303030303,3.0303030303030303,3.0303030303030303,3.0303030303030303,3.0303030303030303,3.0303030303030303,3.0303030303030303,3.0303030303030303,3.0303030303030303,3.0303030303030303,3.0303030303030303,3.0303030303030303,3.0303030303030303,3.0303030303030303,3.0303030303030303,3.0303030303030303,3.0303030303030303,3.0303030303030303,3.0303030303030303,3.0303030303030303,3.0303030303030303,3.0303030303030303,3.0303030303030303,3.0303030303030303,3.0303030303030303,3.0303030303030303,3.0303030303030303,3.0303030303030303,3.0303030303030303,3.0303030303030303,3.0303030303030303,3.0303030303030303,3.0303030303030303,3.0303030303030303,3.0303030303030303,3.0303030303030303,3.0303030303030303,3.0303030303030303,3.0303030303030303,3.0303030303030303,3.0303030303030303,3.0303030303030303,3.0303030303030303,3.0303030303030303,3.0303030303030303,6.0606060606060606,6.0606060606060606,6.0606060606060606,6.0606060606060606,6.0606060606060606,6.0606060606060606,9.09090909090909,9.09090909090909,9.09090909090909,9.09090909090909,12.121212121212121,12.121212121212121,12.121212121212121,15.151515151515152,15.151515151515152,15.151515151515152,18.18181818181818,18.18181818181818,21.21212121212121,21.21212121212121,21.21212121212121,24.242424242424242,24.242424242424242,27.272727272727273,30.303030303030305,30.303030303030305,33.333333333333336,33.333333333333336,36.36363636363636,39.39393939393939,39.39393939393939,42.42424242424242,45.45454545454545,45.45454545454545,48.484848484848484,51.515151515151516,54.54545454545455,54.54545454545455,57.57575757575758,60.60606060606061,63.63636363636363,66.66666666666667,69.6969696969697,72.72727272727272,72.72727272727272,75.75757575757575,78.78787878787878,81.81818181818181,84.84848484848484
1.088664421997755,0.0,3.0303030303030303,3.0303030303030303,3.0303030303030303,3.0303030303030303,3.0303030303030303,3.0303030303030303,3.0303030303030303,3.0303030303030303,3.0303030303030303,3.0303030303030303,3.0303030303030303,3.0303030303030303,3.0303030303030303,3.0303030303030303,3.0303030303030303,3.0303030303030303,3.0303030303030303,3.0303030303030303,3.0303030303030303,3.0303030303030303,3.0303030303030303,3.0303030303030303,3.0303030303030303,3.0303030303030303,3.0303030303030303,3.0303030303030303,3.0303030303030303,3.0303030303030303,3.0303030303030303,3.0303030303030303,3.0303030303030303,3.0303030303030303,3.0303030303030303,3.0303030303030303,3.0303030303030303,3.0303030303030303,3.0303030303030303,3.0303030303030303,3.0303030303030303,3.0303030303030303,3.0303030303030303,3.0303030303030303,3.0303030303030303,3.0303030303030303,3.0303030303030303,3.0303030303030303,3.0303030303030303,3.0303030303030303,3.0303030303030303,3.0303030303030303,3.0303030303030303,6.0606060606060606,6.0606060606060606,6.0606060606060606,6.0606060606060606,6.0606060606060606,6.0606060606060606,9.09090909090909,9.09090909090909,9.09090909090909,9.09090909090909,12.121212121212121,12.121212121212121,12.121212121212121,15.151515151515152,15.151515151515152,15.151515151515152,18.18181818181818,18.18181818181818,18.18181818181818,21.21212121212121,21.21212121212121,24.242424242424242,24.242424242424242,27.272727272727273,27.272727272727273,30.303030303030305,33.333333333333336,33.333333333333336,36.36363636363636,36.36363636363636,39.39393939393939,42.42424242424242,42.42424242424242,45.45454545454545,48.484848484848484,51.515151515151516,51.515151515151516,54.54545454545455,57.57575757575758,60.60606060606061,60.60606060606061,63.63636363636363,66.66666666666667,69.6969696969697,72.72727272727272,75.75757575757575,78.78787878787878,81.81818181818181
1.094276094276094,0.0,3.0303030303030303,3.0303030303030303,3.0303030303030303,3.0303030303030303,3.0303030303030303,3.0303030303030303,3.0303030303030303,3.0303030303030303,3.0303030303030303,3.0303030303030303,3.0303030303030303,3.0303030303030303,3.0303030303030303,3.0303030303030303,3.0303030303030303,3.0303030303030303,3.0303030303030303,3.0303030303030303,3.0303030303030303,3.0303030303030303,3.0303030303030303,3.0303030303030303,3.0303030303030303,3.0303030303030303,3.0303030303030303,3.0303030303030303,3.0303030303030303,3.0303030303030303,3.0303030303030303,3.0303030303030303,3.0303030303030303,3.0303030303030303,3.0303030303030303,3.0303030303030303,3.0303030303030303,3.0303030303030303,3.0303030303030303,3.0303030303030303,3.0303030303030303,3.0303030303030303,3.0303030303030303,3.0303030303030303,3.0303030303030303,3.0303030303030303,3.0303030303030303,3.0303030303030303,3.0303030303030303,3.0303030303030303,3.0303030303030303,3.0303030303030303,3.0303030303030303,3.0303030303030303,6.0606060606060606,6.0606060606060606,6.0606060606060606,6.0606060606060606,6.0606060606060606,6.0606060606060606,9.09090909090909,9.09090909090909,9.09090909090909,9.09090909090909,12.121212121212121,12.121212121212121,12.121212121212121,15.151515151515152,15.151515151515152,15.151515151515152,18.18181818181818,18.18181818181818,18.18181818181818,21.21212121212121,21.21212121212121,24.242424242424242,24.242424242424242,27.272727272727273,27.272727272727273,30.303030303030305,30.303030303030305,33.333333333333336,36.36363636363636,36.36363636363636,39.39393939393939,42.42424242424242,42.42424242424242,45.45454545454545,48.484848484848484,48.484848484848484,51.515151515151516,54.54545454545455,57.57575757575758,57.57575757575758,60.60606060606061,63.63636363636363,66.66666666666667,69.6969696969697,69.6969696969697,72.72727272727272,75.75757575757575
1.099887766554433,0.0,3.0303030303030303,3.0303030303030303,3.0303030303030303,3.0303030303030303,3.0303030303030303,3.0303030303030303,3.0303030303030303,3.0303030303030303,3.0303030303030303,3.0303030303030303,3.0303030303030303,3.0303030303030303,3.0303030303030303,3.0303030303030303,3.0303030303030303,3.0303030303030303,3.0303030303030303,3.0303030303030303,3.0303030303030303,3.0303030303030303,3.0303030303030303,3.0303030303030303,3.0303030303030303,3.0303030303030303,3.0303030303030303,3.0303030303030303,3.0303030303030303,3.0303030303030303,3.0303030303030303,3.0303030303030303,3.0303030303030303,3.0303030303030303,3.0303030303030303,3.0303030303030303,3.0303030303030303,3.0303030303030303,3.0303030303030303,3.0303030303030303,3.0303030303030303,3.0303030303030303,3.0303030303030303,3.0303030303030303,3.0303030303030303,3.0303030303030303,3.0303030303030303,3.0303030303030303,3.0303030303030303,3.0303030303030303,3.0303030303030303,3.0303030303030303,3.0303030303030303,3.0303030303030303,3.0303030303030303,6.0606060606060606,6.0606060606060606,6.0606060606060606,6.0606060606060606,6.0606060606060606,6.0606060606060606,9.09090909090909,9.09090909090909,9.09090909090909,9.09090909090909,12.121212121212121,12.121212121212121,12.121212121212121,15.151515151515152,15.151515151515152,15.151515151515152,18.18181818181818,18.18181818181818,18.18181818181818,21.21212121212121,21.21212121212121,24.242424242424242,24.242424242424242,27.272727272727273,27.272727272727273,30.303030303030305,30.303030303030305,33.333333333333336,36.36363636363636,36.36363636363636,39.39393939393939,39.39393939393939,42.42424242424242,45.45454545454545,45.45454545454545,48.484848484848484,51.515151515151516,54.54545454545455,54.54545454545455,57.57575757575758,60.60606060606061,63.63636363636363,63.63636363636363,66.66666666666667,69.6969696969697,72.72727272727272
1.105499438832772,0.0,3.0303030303030303,3.0303030303030303,3.0303030303030303,3.0303030303030303,3.0303030303030303,3.0303030303030303,3.0303030303030303,3.0303030303030303,3.0303030303030303,3.0303030303030303,3.0303030303030303,3.0303030303030303,3.0303030303030303,3.0303030303030303,3.0303030303030303,3.0303030303030303,3.0303030303030303,3.0303030303030303,3.0303030303030303,3.0303030303030303,3.0303030303030303,3.0303030303030303,3.0303030303030303,3.0303030303030303,3.0303030303030303,3.0303030303030303,3.0303030303030303,3.0303030303030303,3.0303030303030303,3.0303030303030303,3.0303030303030303,3.0303030303030303,3.0303030303030303,3.0303030303030303,3.0303030303030303,3.0303030303030303,3.0303030303030303,3.0303030303030303,3.0303030303030303,3.0303030303030303,3.0303030303030303,3.0303030303030303,3.0303030303030303,3.0303030303030303,3.0303030303030303,3.0303030303030303,3.0303030303030303,3.0303030303030303,3.0303030303030303,3.0303030303030303,3.0303030303030303,3.0303030303030303,3.0303030303030303,6.0606060606060606,6.0606060606060606,6.0606060606060606,6.0606060606060606,6.0606060606060606,6.0606060606060606,9.09090909090909,9.09090909090909,9.09090909090909,9.09090909090909,9.09090909090909,12.121212121212121,12.121212121212121,12.121212121212121,15.151515151515152,15.151515151515152,15.151515151515152,18.18181818181818,18.18181818181818,21.21212121212121,21.21212121212121,21.21212121212121,24.242424242424242,24.242424242424242,27.272727272727273,27.272727272727273,30.303030303030305,30.303030303030305,33.333333333333336,33.333333333333336,36.36363636363636,39.39393939393939,39.39393939393939,42.42424242424242,45.45454545454545,45.45454545454545,48.484848484848484,51.515151515151516,51.515151515151516,54.54545454545455,57.57575757575758,60.60606060606061,60.60606060606061,63.63636363636363,66.66666666666667,69.6969696969697
1.111111111111111,0.0,3.0303030303030303,3.0303030303030303,3.0303030303030303,3.0303030303030303,3.0303030303030303,3.0303030303030303,3.0303030303030303,3.0303030303030303,3.0303030303030303,3.0303030303030303,3.0303030303030303,3.0303030303030303,3.0303030303030303,3.0303030303030303,3.0303030303030303,3.0303030303030303,3.0303030303030303,3.0303030303030303,3.0303030303030303,3.0303030303030303,3.0303030303030303,3.0303030303030303,3.0303030303030303,3.0303030303030303,3.0303030303030303,3.0303030303030303,3.0303030303030303,3.0303030303030303,3.0303030303030303,3.0303030303030303,3.0303030303030303,3.0303030303030303,3.0303030303030303,3.0303030303030303,3.0303030303030303,3.0303030303030303,3.0303030303030303,3.0303030303030303,3.0303030303030303,3.0303030303030303,3.0303030303030303,3.0303030303030303,3.0303030303030303,3.0303030303030303,3.0303030303030303,3.0303030303030303,3.0303030303030303,3.0303030303030303,3.0303030303030303,3.0303030303030303,3.0303030303030303,3.0303030303030303,3.0303030303030303,3.0303030303030303,6.0606060606060606,6.0606060606060606,6.0606060606060606,6.0606060606060606,6.0606060606060606,6.0606060606060606,9.09090909090909,9.09090909090909,9.09090909090909,9.09090909090909,12.121212121212121,12.121212121212121,12.121212121212121,12.121212121212121,15.151515151515152,15.151515151515152,15.151515151515152,18.18181818181818,18.18181818181818,21.21212121212121,21.21212121212121,21.21212121212121,24.242424242424242,24.242424242424242,27.272727272727273,27.272727272727273,30.303030303030305,30.303030303030305,33.333333333333336,33.333333333333336,36.36363636363636,39.39393939393939,39.39393939393939,42.42424242424242,45.45454545454545,45.45454545454545,48.484848484848484,51.515151515151516,51.515151515151516,54.54545454545455,57.57575757575758,60.60606060606061,60.60606060606061,63.63636363636363,66.66666666666667
1.11672278338945,0.0,3.0303030303030303,3.0303030303030303,3.0303030303030303,3.0303030303030303,3.0303030303030303,3.0303030303030303,3.0303030303030303,3.0303030303030303,3.0303030303030303,3.0303030303030303,3.0303030303030303,3.0303030303030303,3.0303030303030303,3.0303030303030303,3.0303030303030303,3.0303030303030303,3.0303030303030303,3.0303030303030303,3.0303030303030303,3.0303030303030303,3.0303030303030303,3.0303030303030303,3.0303030303030303,3.0303030303030303,3.0303030303030303,3.0303030303030303,3.0303030303030303,3.0303030303030303,3.0303030303030303,3.0303030303030303,3.0303030303030303,3.0303030303030303,3.0303030303030303,3.0303030303030303,3.0303030303030303,3.0303030303030303,3.0303030303030303,3.0303030303030303,3.0303030303030303,3.0303030303030303,3.0303030303030303,3.0303030303030303,3.0303030303030303,3.0303030303030303,3.0303030303030303,3.0303030303030303,3.0303030303030303,3.0303030303030303,3.0303030303030303,3.0303030303030303,3.0303030303030303,3.0303030303030303,3.0303030303030303,3.0303030303030303,3.0303030303030303,6.0606060606060606,6.0606060606060606,6.0606060606060606,6.0606060606060606,6.0606060606060606,6.0606060606060606,9.09090909090909,9.09090909090909,9.09090909090909,9.09090909090909,12.121212121212121,12.121212121212121,12.121212121212121,12.121212121212121,15.151515151515152,15.151515151515152,15.151515151515152,18.18181818181818,18.18181818181818,21.21212121212121,21.21212121212121,21.21212121212121,24.242424242424242,24.242424242424242,27.272727272727273,27.272727272727273,30.303030303030305,30.303030303030305,33.333333333333336,33.333333333333336,36.36363636363636,39.39393939393939,39.39393939393939,42.42424242424242,45.45454545454545,45.45454545454545,48.484848484848484,51.515151515151516,51.515151515151516,54.54545454545455,57.57575757575758,57.57575757575758,60.60606060606061,63.63636363636363
1.1223344556677888,0.0,3.0303030303030303,3.0303030303030303,3.0303030303030303,3.0303030303030303,3.0303030303030303,3.0303030303030303,3.0303030303030303,3.0303030303030303,3.0303030303030303,3.0303030303030303,3.0303030303030303,3.0303030303030303,3.0303030303030303,3.0303030303030303,3.0303030303030303,3.0303030303030303,3.0303030303030303,3.0303030303030303,3.0303030303030303,3.0303030303030303,3.0303030303030303,3.0303030303030303,3.0303030303030303,3.0303030303030303,3.0303030303030303,3.0303030303030303,3.0303030303030303,3.0303030303030303,3.0303030303030303,3.0303030303030303,3.0303030303030303,3.0303030303030303,3.0303030303030303,3.0303030303030303,3.0303030303030303,3.0303030303030303,3.0303030303030303,3.0303030303030303,3.0303030303030303,3.0303030303030303,3.0303030303030303,3.0303030303030303,3.0303030303030303,3.0303030303030303,3.0303030303030303,3.0303030303030303,3.0303030303030303,3.0303030303030303,3.0303030303030303,3.0303030303030303,3.0303030303030303,3.0303030303030303,3.0303030303030303,3.0303030303030303,3.0303030303030303,6.0606060606060606,6.0606060606060606,6.0606060606060606,6.0606060606060606,6.0606060606060606,6.0606060606060606,9.09090909090909,9.09090909090909,9.09090909090909,9.09090909090909,9.09090909090909,12.121212121212121,12.121212121212121,12.121212121212121,15.151515151515152,15.151515151515152,15.151515151515152,18.18181818181818,18.18181818181818,18.18181818181818,21.21212121212121,21.21212121212121,24.242424242424242,24.242424242424242,24.242424242424242,27.272727272727273,27.272727272727273,30.303030303030305,30.303030303030305,33.333333333333336,36.36363636363636,36.36363636363636,39.39393939393939,39.39393939393939,42.42424242424242,45.45454545454545,45.45454545454545,48.484848484848484,51.515151515151516,51.515151515151516,54.54545454545455,57.57575757575758,57.57575757575758,60.60606060606061
1.1279461279461278,0.0,3.0303030303030303,3.0303030303030303,3.0303030303030303,3.0303030303030303,3.0303030303030303,3.0303030303030303,3.0303030303030303,3.0303030303030303,3.0303030303030303,3.0303030303030303,3.0303030303030303,3.0303030303030303,3.0303030303030303,3.0303030303030303,3.0303030303030303,3.0303030303030303,3.0303030303030303,3.0303030303030303,3.0303030303030303,3.0303030303030303,3.0303030303030303,3.0303030303030303,3.0303030303030303,3.0303030303030303,3.0303030303030303,3.0303030303030303,3.0303030303030303,3.0303030303030303,3.0303030303030303,3.0303030303030303,3.0303030303030303,3.0303030303030303,3.0303030303030303,3.0303030303030303,3.0303030303030303,3.0303030303030303,3.0303030303030303,3.0303030303030303,3.0303030303030303,3.0303030303030303,3.0303030303030303,3.0303030303030303,3.0303030303030303,3.0303030303030303,3.0303030303030303,3.0303030303030303,3.0303030303030303,3.0303030303030303,3.0303030303030303,3.0303030303030303,3.0303030303030303,3.0303030303030303,3.0303030303030303,3.0303030303030303,3.0303030303030303,3.0303030303030303,6.0606060606060606,6.0606060606060606,6.0606060606060606,6.0606060606060606,6.0606060606060606,6.0606060606060606,9.09090909090909,9.09090909090909,9.09090909090909,9.09090909090909,9.09090909090909,12.121212121212121,12.121212121212121,12.121212121212121,15.151515151515152,15.151515151515152,15.151515151515152,18.18181818181818,18.18181818181818,18.18181818181818,21.21212121212121,21.21212121212121,24.242424242424242,24.242424242424242,27.272727272727273,27.272727272727273,27.272727272727273,30.303030303030305,30.303030303030305,33.333333333333336,36.36363636363636,36.36363636363636,39.39393939393939,39.39393939393939,42.42424242424242,45.45454545454545,45.45454545454545,48.484848484848484,51.515151515151516,51.515151515151516,54.54545454545455,57.57575757575758,57.57575757575758
1.1335578002244668,0.0,3.0303030303030303,3.0303030303030303,3.0303030303030303,3.0303030303030303,3.0303030303030303,3.0303030303030303,3.0303030303030303,3.0303030303030303,3.0303030303030303,3.0303030303030303,3.0303030303030303,3.0303030303030303,3.0303030303030303,3.0303030303030303,3.0303030303030303,3.0303030303030303,3.0303030303030303,3.0303030303030303,3.0303030303030303,3.0303030303030303,3.0303030303030303,3.0303030303030303,3.0303030303030303,3.0303030303030303,3.0303030303030303,3.0303030303030303,3.0303030303030303,3.0303030303030303,3.0303030303030303,3.0303030303030303,3.0303030303030303,3.0303030303030303,3.0303030303030303,3.0303030303030303,3.0303030303030303,3.0303030303030303,3.0303030303030303,3.0303030303030303,3.0303030303030303,3.0303030303030303,3.0303030303030303,3.0303030303030303,3.0303030303030303,3.0303030303030303,3.0303030303030303,3.0303030303030303,3.0303030303030303,3.0303030303030303,3.0303030303030303,3.0303030303030303,3.0303030303030303,3.0303030303030303,3.0303030303030303,3.0303030303030303,3.0303030303030303,3.0303030303030303,6.0606060606060606,6.0606060606060606,6.0606060606060606,6.0606060606060606,6.0606060606060606,6.0606060606060606,6.0606060606060606,9.09090909090909,9.09090909090909,9.09090909090909,9.09090909090909,12.121212121212121,12.121212121212121,12.121212121212121,12.121212121212121,15.151515151515152,15.151515151515152,15.151515151515152,18.18181818181818,18.18181818181818,18.18181818181818,21.21212121212121,21.21212121212121,24.242424242424242,24.242424242424242,27.272727272727273,27.272727272727273,30.303030303030305,30.303030303030305,33.333333333333336,33.333333333333336,36.36363636363636,36.36363636363636,39.39393939393939,39.39393939393939,42.42424242424242,45.45454545454545,45.45454545454545,48.484848484848484,51.515151515151516,51.515151515151516,54.54545454545455,57.57575757575758
1.1391694725028056,0.0,3.0303030303030303,3.0303030303030303,3.0303030303030303,3.0303030303030303,3.0303030303030303,3.0303030303030303,3.0303030303030303,3.0303030303030303,3.0303030303030303,3.0303030303030303,3.0303030303030303,3.0303030303030303,3.0303030303030303,3.0303030303030303,3.0303030303030303,3.0303030303030303,3.0303030303030303,3.0303030303030303,3.0303030303030303,3.0303030303030303,3.0303030303030303,3.0303030303030303,3.0303030303030303,3.0303030303030303,3.0303030303030303,3.0303030303030303,3.0303030303030303,3.0303030303030303,3.0303030303030303,3.0303030303030303,3.0303030303030303,3.0303030303030303,3.0303030303030303,3.0303030303030303,3.0303030303030303,3.0303030303030303,3.0303030303030303,3.0303030303030303,3.0303030303030303,3.0303030303030303,3.0303030303030303,3.0303030303030303,3.0303030303030303,3.0303030303030303,3.0303030303030303,3.0303030303030303,3.0303030303030303,3.0303030303030303,3.0303030303030303,3.0303030303030303,3.0303030303030303,3.0303030303030303,3.0303030303030303,3.0303030303030303,3.0303030303030303,3.0303030303030303,3.0303030303030303,6.0606060606060606,6.0606060606060606,6.0606060606060606,6.0606060606060606,6.0606060606060606,6.0606060606060606,9.09090909090909,9.09090909090909,9.09090909090909,9.09090909090909,9.09090909090909,12.121212121212121,12.121212121212121,12.121212121212121,15.151515151515152,15.151515151515152,15.151515151515152,15.151515151515152,18.18181818181818,18.18181818181818,21.21212121212121,21.21212121212121,21.21212121212121,24.242424242424242,24.242424242424242,27.272727272727273,27.272727272727273,30.303030303030305,30.303030303030305,33.333333333333336,33.333333333333336,36.36363636363636,36.36363636363636,39.39393939393939,39.39393939393939,42.42424242424242,45.45454545454545,45.45454545454545,48.484848484848484,51.515151515151516,51.515151515151516,54.54545454545455
1.1447811447811445,0.0,3.0303030303030303,3.0303030303030303,3.0303030303030303,3.0303030303030303,3.0303030303030303,3.0303030303030303,3.0303030303030303,3.0303030303030303,3.0303030303030303,3.0303030303030303,3.0303030303030303,3.0303030303030303,3.0303030303030303,3.0303030303030303,3.0303030303030303,3.0303030303030303,3.0303030303030303,3.0303030303030303,3.0303030303030303,3.0303030303030303,3.0303030303030303,3.0303030303030303,3.0303030303030303,3.0303030303030303,3.0303030303030303,3.0303030303030303,3.0303030303030303,3.0303030303030303,3.0303030303030303,3.0303030303030303,3.0303030303030303,3.0303030303030303,3.0303030303030303,3.0303030303030303,3.0303030303030303,3.0303030303030303,3.0303030303030303,3.0303030303030303,3.0303030303030303,3.0303030303030303,3.0303030303030303,3.0303030303030303,3.0303030303030303,3.0303030303030303,3.0303030303030303,3.0303030303030303,3.0303030303030303,3.0303030303030303,3.0303030303030303,3.0303030303030303,3.0303030303030303,3.0303030303030303,3.0303030303030303,3.0303030303030303,3.0303030303030303,3.0303030303030303,3.0303030303030303,6.0606060606060606,6.0606060606060606,6.0606060606060606,6.0606060606060606,6.0606060606060606,6.0606060606060606,6.0606060606060606,9.09090909090909,9.09090909090909,9.09090909090909,9.09090909090909,12.121212121212121,12.121212121212121,12.121212121212121,12.121212121212121,15.151515151515152,15.151515151515152,15.151515151515152,18.18181818181818,18.18181818181818,18.18181818181818,21.21212121212121,21.21212121212121,21.21212121212121,24.242424242424242,24.242424242424242,27.272727272727273,27.272727272727273,30.303030303030305,30.303030303030305,33.333333333333336,33.333333333333336,36.36363636363636,36.36363636363636,39.39393939393939,42.42424242424242,42.42424242424242,45.45454545454545,45.45454545454545,48.484848484848484,51.515151515151516,51.515151515151516
1.1503928170594835,0.0,3.0303030303030303,3.0303030303030303,3.0303030303030303,3.0303030303030303,3.0303030303030303,3.0303030303030303,3.0303030303030303,3.0303030303030303,3.0303030303030303,3.0303030303030303,3.0303030303030303,3.0303030303030303,3.0303030303030303,3.0303030303030303,3.0303030303030303,3.0303030303030303,3.0303030303030303,3.0303030303030303,3.0303030303030303,3.0303030303030303,3.0303030303030303,3.0303030303030303,3.0303030303030303,3.0303030303030303,3.0303030303030303,3.0303030303030303,3.0303030303030303,3.0303030303030303,3.0303030303030303,3.0303030303030303,3.0303030303030303,3.0303030303030303,3.0303030303030303,3.0303030303030303,3.0303030303030303,3.0303030303030303,3.0303030303030303,3.0303030303030303,3.0303030303030303,3.0303030303030303,3.0303030303030303,3.0303030303030303,3.0303030303030303,3.0303030303030303,3.0303030303030303,3.0303030303030303,3.0303030303030303,3.0303030303030303,3.0303030303030303,3.0303030303030303,3.0303030303030303,3.0303030303030303,3.0303030303030303,3.0303030303030303,3.0303030303030303,3.0303030303030303,3.0303030303030303,3.0303030303030303,6.0606060606060606,6.0606060606060606,6.0606060606060606,6.0606060606060606,6.0606060606060606,6.0606060606060606,9.09090909090909,9.09090909090909,9.09090909090909,9.09090909090909,9.09090909090909,12.121212121212121,12.121212121212121,12.121212121212121,12.121212121212121,15.151515151515152,15.151515151515152,15.151515151515152,18.18181818181818,18.18181818181818,18.18181818181818,21.21212121212121,21.21212121212121,24.242424242424242,24.242424242424242,24.242424242424242,27.272727272727273,27.272727272727273,30.303030303030305,30.303030303030305,33.333333333333336,33.333333333333336,36.36363636363636,36.36363636363636,39.39393939393939,42.42424242424242,42.42424242424242,45.45454545454545,45.45454545454545,48.484848484848484,51.515151515151516
1.1560044893378225,0.0,3.0303030303030303,3.0303030303030303,3.0303030303030303,3.0303030303030303,3.0303030303030303,3.0303030303030303,3.0303030303030303,3.0303030303030303,3.0303030303030303,3.0303030303030303,3.0303030303030303,3.0303030303030303,3.0303030303030303,3.0303030303030303,3.0303030303030303,3.0303030303030303,3.0303030303030303,3.0303030303030303,3.0303030303030303,3.0303030303030303,3.0303030303030303,3.0303030303030303,3.0303030303030303,3.0303030303030303,3.0303030303030303,3.0303030303030303,3.0303030303030303,3.0303030303030303,3.0303030303030303,3.0303030303030303,3.0303030303030303,3.0303030303030303,3.0303030303030303,3.0303030303030303,3.0303030303030303,3.0303030303030303,3.0303030303030303,3.0303030303030303,3.0303030303030303,3.0303030303030303,3.0303030303030303,3.0303030303030303,3.0303030303030303,3.0303030303030303,3.0303030303030303,3.0303030303030303,3.0303030303030303,3.0303030303030303,3.0303030303030303,3.0303030303030303,3.0303030303030303,3.0303030303030303,3.0303030303030303,3.0303030303030303,3.0303030303030303,3.0303030303030303,3.0303030303030303,3.0303030303030303,6.0606060606060606,6.0606060606060606,6.0606060606060606,6.0606060606060606,6.0606060606060606,6.0606060606060606,6.0606060606060606,9.09090909090909,9.09090909090909,9.09090909090909,9.09090909090909,9.09090909090909,12.121212121212121,12.121212121212121,12.121212121212121,15.151515151515152,15.151515151515152,15.151515151515152,15.151515151515152,18.18181818181818,18.18181818181818,21.21212121212121,21.21212121212121,21.21212121212121,24.242424242424242,24.242424242424242,27.272727272727273,27.272727272727273,27.272727272727273,30.303030303030305,30.303030303030305,33.333333333333336,36.36363636363636,36.36363636363636,39.39393939393939,39.39393939393939,42.42424242424242,42.42424242424242,45.45454545454545,48.484848484848484,48.484848484848484
1.1616161616161613,0.0,3.0303030303030303,3.0303030303030303,3.0303030303030303,3.0303030303030303,3.0303030303030303,3.0303030303030303,3.0303030303030303,3.0303030303030303,3.0303030303030303,3.0303030303030303,3.0303030303030303,3.0303030303030303,3.0303030303030303,3.0303030303030303,3.0303030303030303,3.0303030303030303,3.0303030303030303,3.0303030303030303,3.0303030303030303,3.0303030303030303,3.0303030303030303,3.0303030303030303,3.0303030303030303,3.0303030303030303,3.0303030303030303,3.0303030303030303,3.0303030303030303,3.0303030303030303,3.0303030303030303,3.0303030303030303,3.0303030303030303,3.0303030303030303,3.0303030303030303,3.0303030303030303,3.0303030303030303,3.0303030303030303,3.0303030303030303,3.0303030303030303,3.0303030303030303,3.0303030303030303,3.0303030303030303,3.0303030303030303,3.0303030303030303,3.0303030303030303,3.0303030303030303,3.0303030303030303,3.0303030303030303,3.0303030303030303,3.0303030303030303,3.0303030303030303,3.0303030303030303,3.0303030303030303,3.0303030303030303,3.0303030303030303,3.0303030303030303,3.0303030303030303,3.0303030303030303,3.0303030303030303,3.0303030303030303,6.0606060606060606,6.0606060606060606,6.0606060606060606,6.0606060606060606,6.0606060606060606,6.0606060606060606,6.0606060606060606,9.09090909090909,9.09090909090909,9.09090909090909,9.09090909090909,12.121212121212121,12.121212121212121,12.121212121212121,12.121212121212121,15.151515151515152,15.151515151515152,15.151515151515152,18.18181818181818,18.18181818181818,18.18181818181818,21.21212121212121,21.21212121212121,21.21212121212121,24.242424242424242,24.242424242424242,27.272727272727273,27.272727272727273,30.303030303030305,30.303030303030305,33.333333333333336,33.333333333333336,36.36363636363636,36.36363636363636,39.39393939393939,39.39393939393939,42.42424242424242,42.42424242424242,45.45454545454545,48.484848484848484
1.1672278338945004,0.0,3.0303030303030303,3.0303030303030303,3.0303030303030303,3.0303030303030303,3.0303030303030303,3.0303030303030303,3.0303030303030303,3.0303030303030303,3.0303030303030303,3.0303030303030303,3.0303030303030303,3.0303030303030303,3.0303030303030303,3.0303030303030303,3.0303030303030303,3.0303030303030303,3.0303030303030303,3.0303030303030303,3.0303030303030303,3.0303030303030303,3.0303030303030303,3.0303030303030303,3.0303030303030303,3.0303030303030303,3.0303030303030303,3.0303030303030303,3.0303030303030303,3.0303030303030303,3.0303030303030303,3.0303030303030303,3.0303030303030303,3.0303030303030303,3.0303030303030303,3.0303030303030303,3.0303030303030303,3.0303030303030303,3.0303030303030303,3.0303030303030303,3.0303030303030303,3.0303030303030303,3.0303030303030303,3.0303030303030303,3.0303030303030303,3.0303030303030303,3.0303030303030303,3.0303030303030303,3.0303030303030303,3.0303030303030303,3.0303030303030303,3.0303030303030303,3.0303030303030303,3.0303030303030303,3.0303030303030303,3.0303030303030303,3.0303030303030303,3.0303030303030303,3.0303030303030303,3.0303030303030303,3.0303030303030303,6.0606060606060606,6.0606060606060606,6.0606060606060606,6.0606060606060606,6.0606060606060606,6.0606060606060606,6.0606060606060606,9.09090909090909,9.09090909090909,9.09090909090909,9.09090909090909,9.09090909090909,12.121212121212121,12.121212121212121,12.121212121212121,12.121212121212121,15.151515151515152,15.151515151515152,15.151515151515152,18.18181818181818,18.18181818181818,18.18181818181818,21.21212121212121,21.21212121212121,24.242424242424242,24.242424242424242,24.242424242424242,27.272727272727273,27.272727272727273,30.303030303030305,30.303030303030305,33.333333333333336,33.333333333333336,36.36363636363636,36.36363636363636,39.39393939393939,39.39393939393939,42.42424242424242,45.45454545454545,45.45454545454545
1.1728395061728394,0.0,3.0303030303030303,3.0303030303030303,3.0303030303030303,3.0303030303030303,3.0303030303030303,3.0303030303030303,3.0303030303030303,3.0303030303030303,3.0303030303030303,3.0303030303030303,3.0303030303030303,3.0303030303030303,3.0303030303030303,3.0303030303030303,3.0303030303030303,3.0303030303030303,3.0303030303030303,3.0303030303030303,3.0303030303030303,3.0303030303030303,3.0303030303030303,3.0303030303030303,3.0303030303030303,3.0303030303030303,3.0303030303030303,3.0303030303030303,3.0303030303030303,3.0303030303030303,3.0303030303030303,3.0303030303030303,3.0303030303030303,3.0303030303030303,3.0303030303030303,3.0303030303030303,3.0303030303030303,3.0303030303030303,3.0303030303030303,3.0303030303030303,3.0303030303030303,3.0303030303030303,3.0303030303030303,3.0303030303030303,3.0303030303030303,3.0303030303030303,3.0303030303030303,3.0303030303030303,3.0303030303030303,3.0303030303030303,3.0303030303030303,3.0303030303030303,3.0303030303030303,3.0303030303030303,3.0303030303030303,3.0303030303030303,3.0303030303030303,3.0303030303030303,3.0303030303030303,3.0303030303030303,3.0303030303030303,3.0303030303030303,6.0606060606060606,6.0606060606060606,6.0606060606060606,6.0606060606060606,6.0606060606060606,6.0606060606060606,6.0606060606060606,9.09090909090909,9.09090909090909,9.09090909090909,9.09090909090909,12.121212121212121,12.121212121212121,12.121212121212121,12.121212121212121,15.151515151515152,15.151515151515152,15.151515151515152,18.18181818181818,18.18181818181818,18.18181818181818,21.21212121212121,21.21212121212121,21.21212121212121,24.242424242424242,24.242424242424242,27.272727272727273,27.272727272727273,27.272727272727273,30.303030303030305,30.303030303030305,33.333333333333336,33.333333333333336,36.36363636363636,36.36363636363636,39.39393939393939,42.42424242424242,42.42424242424242,45.45454545454545
1.1784511784511782,0.0,3.0303030303030303,3.0303030303030303,3.0303030303030303,3.0303030303030303,3.0303030303030303,3.0303030303030303,3.0303030303030303,3.0303030303030303,3.0303030303030303,3.0303030303030303,3.0303030303030303,3.0303030303030303,3.0303030303030303,3.0303030303030303,3.0303030303030303,3.0303030303030303,3.0303030303030303,3.0303030303030303,3.0303030303030303,3.0303030303030303,3.0303030303030303,3.0303030303030303,3.0303030303030303,3.0303030303030303,3.0303030303030303,3.0303030303030303,3.0303030303030303,3.0303030303030303,3.0303030303030303,3.0303030303030303,3.0303030303030303,3.0303030303030303,3.0303030303030303,3.0303030303030303,3.0303030303030303,3.0303030303030303,3.0303030303030303,3.0303030303030303,3.0303030303030303,3.0303030303030303,3.0303030303030303,3.0303030303030303,3.0303030303030303,3.0303030303030303,3.0303030303030303,3.0303030303030303,3.0303030303030303,3.0303030303030303,3.0303030303030303,3.0303030303030303,3.0303030303030303,3.0303030303030303,3.0303030303030303,3.0303030303030303,3.0303030303030303,3.0303030303030303,3.0303030303030303,3.0303030303030303,3.0303030303030303,3.0303030303030303,6.0606060606060606,6.0606060606060606,6.0606060606060606,6.0606060606060606,6.0606060606060606,6.0606060606060606,6.0606060606060606,9.09090909090909,9.09090909090909,9.09090909090909,9.09090909090909,9.09090909090909,12.121212121212121,12.121212121212121,12.121212121212121,12.121212121212121,15.151515151515152,15.151515151515152,15.151515151515152,18.18181818181818,18.18181818181818,18.18181818181818,21.21212121212121,21.21212121212121,21.21212121212121,24.242424242424242,24.242424242424242,27.272727272727273,27.272727272727273,30.303030303030305,30.303030303030305,33.333333333333336,33.333333333333336,36.36363636363636,36.36363636363636,39.39393939393939,39.39393939393939,42.42424242424242,42.42424242424242
1.1840628507295172,0.0,3.0303030303030303,3.0303030303030303,3.0303030303030303,3.0303030303030303,3.0303030303030303,3.0303030303030303,3.0303030303030303,3.0303030303030303,3.0303030303030303,3.0303030303030303,3.0303030303030303,3.0303030303030303,3.0303030303030303,3.0303030303030303,3.0303030303030303,3.0303030303030303,3.0303030303030303,3.0303030303030303,3.0303030303030303,3.0303030303030303,3.0303030303030303,3.0303030303030303,3.0303030303030303,3.0303030303030303,3.0303030303030303,3.0303030303030303,3.0303030303030303,3.0303030303030303,3.0303030303030303,3.0303030303030303,3.0303030303030303,3.0303030303030303,3.0303030303030303,3.0303030303030303,3.0303030303030303,3.0303030303030303,3.0303030303030303,3.0303030303030303,3.0303030303030303,3.0303030303030303,3.0303030303030303,3.0303030303030303,3.0303030303030303,3.0303030303030303,3.0303030303030303,3.0303030303030303,3.0303030303030303,3.0303030303030303,3.0303030303030303,3.0303030303030303,3.0303030303030303,3.0303030303030303,3.0303030303030303,3.0303030303030303,3.0303030303030303,3.0303030303030303,3.0303030303030303,3.0303030303030303,3.0303030303030303,3.0303030303030303,3.0303030303030303,6.0606060606060606,6.0606060606060606,6.0606060606060606,6.0606060606060606,6.0606060606060606,6.0606060606060606,6.0606060606060606,9.09090909090909,9.09090909090909,9.09090909090909,9.09090909090909,12.121212121212121,12.121212121212121,12.121212121212121,12.121212121212121,15.151515151515152,15.151515151515152,15.151515151515152,15.151515151515152,18.18181818181818,18.18181818181818,18.18181818181818,21.21212121212121,21.21212121212121,24.242424242424242,24.242424242424242,24.242424242424242,27.272727272727273,27.272727272727273,30.303030303030305,30.303030303030305,33.333333333333336,33.333333333333336,36.36363636363636,36.36363636363636,39.39393939393939,39.39393939393939,42.42424242424242
1.1896745230078563,0.0,3.0303030303030303,3.0303030303030303,3.0303030303030303,3.0303030303030303,3.0303030303030303,3.0303030303030303,3.0303030303030303,3.0303030303030303,3.0303030303030303,3.0303030303030303,3.0303030303030303,3.0303030303030303,3.0303030303030303,3.0303030303030303,3.0303030303030303,3.0303030303030303,3.0303030303030303,3.0303030303030303,3.0303030303030303,3.0303030303030303,3.0303030303030303,3.0303030303030303,3.0303030303030303,3.0303030303030303,3.0303030303030303,3.0303030303030303,3.0303030303030303,3.0303030303030303,3.0303030303030303,3.0303030303030303,3.0303030303030303,3.0303030303030303,3.0303030303030303,3.0303030303030303,3.0303030303030303,3.0303030303030303,3.0303030303030303,3.0303030303030303,3.0303030303030303,3.0303030303030303,3.0303030303030303,3.0303030303030303,3.0303030303030303,3.0303030303030303,3.0303030303030303,3.0303030303030303,3.0303030303030303,3.0303030303030303,3.0303030303030303,3.0303030303030303,3.0303030303030303,3.0303030303030303,3.0303030303030303,3.0303030303030303,3.0303030303030303,3.0303030303030303,3.0303030303030303,3.0303030303030303,3.0303030303030303,3.0303030303030303,3.0303030303030303,6.0606060606060606,6.0606060606060606,6.0606060606060606,6.0606060606060606,6.0606060606060606,6.0606060606060606,6.0606060606060606,9.09090909090909,9.09090909090909,9.09090909090909,9.09090909090909,9.09090909090909,12.121212121212121,12.121212121212121,12.121212121212121,12.121212121212121,15.151515151515152,15.151515151515152,15.151515151515152,18.18181818181818,18.18181818181818,18.18181818181818,21.21212121212121,21.21212121212121,21.21212121212121,24.242424242424242,24.242424242424242,27.272727272727273,27.272727272727273,27.272727272727273,30.303030303030305,30.303030303030305,33.333333333333336,33.333333333333336,36.36363636363636,36.36363636363636,39.39393939393939,39.39393939393939
1.195286195286195,0.0,3.0303030303030303,3.0303030303030303,3.0303030303030303,3.0303030303030303,3.0303030303030303,3.0303030303030303,3.0303030303030303,3.0303030303030303,3.0303030303030303,3.0303030303030303,3.0303030303030303,3.0303030303030303,3.0303030303030303,3.0303030303030303,3.0303030303030303,3.0303030303030303,3.0303030303030303,3.0303030303030303,3.0303030303030303,3.0303030303030303,3.0303030303030303,3.0303030303030303,3.0303030303030303,3.0303030303030303,3.0303030303030303,3.0303030303030303,3.0303030303030303,3.0303030303030303,3.0303030303030303,3.0303030303030303,3.0303030303030303,3.0303030303030303,3.0303030303030303,3.0303030303030303,3.0303030303030303,3.0303030303030303,3.0303030303030303,3.0303030303030303,3.0303030303030303,3.0303030303030303,3.0303030303030303,3.0303030303030303,3.0303030303030303,3.0303030303030303,3.0303030303030303,3.0303030303030303,3.0303030303030303,3.0303030303030303,3.0303030303030303,3.0303030303030303,3.0303030303030303,3.0303030303030303,3.0303030303030303,3.0303030303030303,3.0303030303030303,3.0303030303030303,3.0303030303030303,3.0303030303030303,3.0303030303030303,3.0303030303030303,3.0303030303030303,6.0606060606060606,6.0606060606060606,6.0606060606060606,6.0606060606060606,6.0606060606060606,6.0606060606060606,6.0606060606060606,6.0606060606060606,9.09090909090909,9.09090909090909,9.09090909090909,9.09090909090909,12.121212121212121,12.121212121212121,12.121212121212121,12.121212121212121,15.151515151515152,15.151515151515152,15.151515151515152,15.151515151515152,18.18181818181818,18.18181818181818,18.18181818181818,21.21212121212121,21.21212121212121,24.242424242424242,24.242424242424242,24.242424242424242,27.272727272727273,27.272727272727273,30.303030303030305,30.303030303030305,33.333333333333336,33.333333333333336,36.36363636363636,36.36363636363636,39.39393939393939,39.39393939393939
1.200897867564534,0.0,3.0303030303030303,3.0303030303030303,3.0303030303030303,3.0303030303030303,3.0303030303030303,3.0303030303030303,3.0303030303030303,3.0303030303030303,3.0303030303030303,3.0303030303030303,3.0303030303030303,3.0303030303030303,3.0303030303030303,3.0303030303030303,3.0303030303030303,3.0303030303030303,3.0303030303030303,3.0303030303030303,3.0303030303030303,3.0303030303030303,3.0303030303030303,3.0303030303030303,3.0303030303030303,3.0303030303030303,3.0303030303030303,3.0303030303030303,3.0303030303030303,3.0303030303030303,3.0303030303030303,3.0303030303030303,3.0303030303030303,3.0303030303030303,3.0303030303030303,3.0303030303030303,3.0303030303030303,3.0303030303030303,3.0303030303030303,3.0303030303030303,3.0303030303030303,3.0303030303030303,3.0303030303030303,3.0303030303030303,3.0303030303030303,3.0303030303030303,3.0303030303030303,3.0303030303030303,3.0303030303030303,3.0303030303030303,3.0303030303030303,3.0303030303030303,3.0303030303030303,3.0303030303030303,3.0303030303030303,3.0303030303030303,3.0303030303030303,3.0303030303030303,3.0303030303030303,3.0303030303030303,3.0303030303030303,3.0303030303030303,3.0303030303030303,3.0303030303030303,6.0606060606060606,6.0606060606060606,6.0606060606060606,6.0606060606060606,6.0606060606060606,6.0606060606060606,6.0606060606060606,9.09090909090909,9.09090909090909,9.09090909090909,9.09090909090909,9.09090909090909,12.121212121212121,12.121212121212121,12.121212121212121,12.121212121212121,15.151515151515152,15.151515151515152,15.151515151515152,18.18181818181818,18.18181818181818,18.18181818181818,21.21212121212121,21.21212121212121,21.21212121212121,24.242424242424242,24.242424242424242,24.242424242424242,27.272727272727273,27.272727272727273,30.303030303030305,30.303030303030305,33.333333333333336,33.333333333333336,36.36363636363636,36.36363636363636,39.39393939393939
1.206509539842873,0.0,3.0303030303030303,3.0303030303030303,3.0303030303030303,3.0303030303030303,3.0303030303030303,3.0303030303030303,3.0303030303030303,3.0303030303030303,3.0303030303030303,3.0303030303030303,3.0303030303030303,3.0303030303030303,3.0303030303030303,3.0303030303030303,3.0303030303030303,3.0303030303030303,3.0303030303030303,3.0303030303030303,3.0303030303030303,3.0303030303030303,3.0303030303030303,3.0303030303030303,3.0303030303030303,3.0303030303030303,3.0303030303030303,3.0303030303030303,3.0303030303030303,3.0303030303030303,3.0303030303030303,3.0303030303030303,3.0303030303030303,3.0303030303030303,3.0303030303030303,3.0303030303030303,3.0303030303030303,3.0303030303030303,3.0303030303030303,3.0303030303030303,3.0303030303030303,3.0303030303030303,3.0303030303030303,3.0303030303030303,3.0303030303030303,3.0303030303030303,3.0303030303030303,3.0303030303030303,3.0303030303030303,3.0303030303030303,3.0303030303030303,3.0303030303030303,3.0303030303030303,3.0303030303030303,3.0303030303030303,3.0303030303030303,3.0303030303030303,3.0303030303030303,3.0303030303030303,3.0303030303030303,3.0303030303030303,3.0303030303030303,3.0303030303030303,3.0303030303030303,6.0606060606060606,6.0606060606060606,6.0606060606060606,6.0606060606060606,6.0606060606060606,6.0606060606060606,6.0606060606060606,9.09090909090909,9.09090909090909,9.09090909090909,9.09090909090909,9.09090909090909,12.121212121212121,12.121212121212121,12.121212121212121,12.121212121212121,15.151515151515152,15.151515151515152,15.151515151515152,15.151515151515152,18.18181818181818,18.18181818181818,18.18181818181818,21.21212121212121,21.21212121212121,21.21212121212121,24.242424242424242,24.242424242424242,27.272727272727273,27.272727272727273,30.303030303030305,30.303030303030305,30.303030303030305,33.333333333333336,33.333333333333336,36.36363636363636,36.36363636363636
1.212121212121212,0.0,3.0303030303030303,3.0303030303030303,3.0303030303030303,3.0303030303030303,3.0303030303030303,3.0303030303030303,3.0303030303030303,3.0303030303030303,3.0303030303030303,3.0303030303030303,3.0303030303030303,3.0303030303030303,3.0303030303030303,3.0303030303030303,3.0303030303030303,3.0303030303030303,3.0303030303030303,3.0303030303030303,3.0303030303030303,3.0303030303030303,3.0303030303030303,3.0303030303030303,3.0303030303030303,3.0303030303030303,3.0303030303030303,3.0303030303030303,3.0303030303030303,3.0303030303030303,3.0303030303030303,3.0303030303030303,3.0303030303030303,3.0303030303030303,3.0303030303030303,3.0303030303030303,3.0303030303030303,3.0303030303030303,3.0303030303030303,3.0303030303030303,3.0303030303030303,3.0303030303030303,3.0303030303030303,3.0303030303030303,3.0303030303030303,3.0303030303030303,3.0303030303030303,3.0303030303030303,3.0303030303030303,3.0303030303030303,3.0303030303030303,3.0303030303030303,3.0303030303030303,3.0303030303030303,3.0303030303030303,3.0303030303030303,3.0303030303030303,3.0303030303030303,3.0303030303030303,3.0303030303030303,3.0303030303030303,3.0303030303030303,3.0303030303030303,3.0303030303030303,3.0303030303030303,6.0606060606060606,6.0606060606060606,6.0606060606060606,6.0606060606060606,6.0606060606060606,6.0606060606060606,6.0606060606060606,9.09090909090909,9.09090909090909,9.09090909090909,9.09090909090909,9.09090909090909,12.121212121212121,12.121212121212121,12.121212121212121,12.121212121212121,15.151515151515152,15.151515151515152,15.151515151515152,18.18181818181818,18.18181818181818,18.18181818181818,21.21212121212121,21.21212121212121,21.21212121212121,24.242424242424242,24.242424242424242,24.242424242424242,27.272727272727273,27.272727272727273,30.303030303030305,30.303030303030305,33.333333333333336,33.333333333333336,36.36363636363636,36.36363636363636
1.2177328843995507,0.0,3.0303030303030303,3.0303030303030303,3.0303030303030303,3.0303030303030303,3.0303030303030303,3.0303030303030303,3.0303030303030303,3.0303030303030303,3.0303030303030303,3.0303030303030303,3.0303030303030303,3.0303030303030303,3.0303030303030303,3.0303030303030303,3.0303030303030303,3.0303030303030303,3.0303030303030303,3.0303030303030303,3.0303030303030303,3.0303030303030303,3.0303030303030303,3.0303030303030303,3.0303030303030303,3.0303030303030303,3.0303030303030303,3.0303030303030303,3.0303030303030303,3.0303030303030303,3.0303030303030303,3.0303030303030303,3.0303030303030303,3.0303030303030303,3.0303030303030303,3.0303030303030303,3.0303030303030303,3.0303030303030303,3.0303030303030303,3.0303030303030303,3.0303030303030303,3.0303030303030303,3.0303030303030303,3.0303030303030303,3.0303030303030303,3.0303030303030303,3.0303030303030303,3.0303030303030303,3.0303030303030303,3.0303030303030303,3.0303030303030303,3.0303030303030303,3.0303030303030303,3.0303030303030303,3.0303030303030303,3.0303030303030303,3.0303030303030303,3.0303030303030303,3.0303030303030303,3.0303030303030303,3.0303030303030303,3.0303030303030303,3.0303030303030303,3.0303030303030303,3.0303030303030303,6.0606060606060606,6.0606060606060606,6.0606060606060606,6.0606060606060606,6.0606060606060606,6.0606060606060606,6.0606060606060606,9.09090909090909,9.09090909090909,9.09090909090909,9.09090909090909,9.09090909090909,12.121212121212121,12.121212121212121,12.121212121212121,12.121212121212121,15.151515151515152,15.151515151515152,15.151515151515152,15.151515151515152,18.18181818181818,18.18181818181818,18.18181818181818,21.21212121212121,21.21212121212121,21.21212121212121,24.242424242424242,24.242424242424242,27.272727272727273,27.272727272727273,27.272727272727273,30.303030303030305,30.303030303030305,33.333333333333336,33.333333333333336,36.36363636363636
1.2233445566778898,0.0,3.0303030303030303,3.0303030303030303,3.0303030303030303,3.0303030303030303,3.0303030303030303,3.0303030303030303,3.0303030303030303,3.0303030303030303,3.0303030303030303,3.0303030303030303,3.0303030303030303,3.0303030303030303,3.0303030303030303,3.0303030303030303,3.0303030303030303,3.0303030303030303,3.0303030303030303,3.0303030303030303,3.0303030303030303,3.0303030303030303,3.0303030303030303,3.0303030303030303,3.0303030303030303,3.0303030303030303,3.0303030303030303,3.0303030303030303,3.0303030303030303,3.0303030303030303,3.0303030303030303,3.0303030303030303,3.0303030303030303,3.0303030303030303,3.0303030303030303,3.0303030303030303,3.0303030303030303,3.0303030303030303,3.0303030303030303,3.0303030303030303,3.0303030303030303,3.0303030303030303,3.0303030303030303,3.0303030303030303,3.0303030303030303,3.0303030303030303,3.0303030303030303,3.0303030303030303,3.0303030303030303,3.0303030303030303,3.0303030303030303,3.0303030303030303,3.0303030303030303,3.0303030303030303,3.0303030303030303,3.0303030303030303,3.0303030303030303,3.0303030303030303,3.0303030303030303,3.0303030303030303,3.0303030303030303,3.0303030303030303,3.0303030303030303,3.0303030303030303,3.0303030303030303,6.0606060606060606,6.0606060606060606,6.0606060606060606,6.0606060606060606,6.0606060606060606,6.0606060606060606,6.0606060606060606,6.0606060606060606,9.09090909090909,9.09090909090909,9.09090909090909,9.09090909090909,9.09090909090909,12.121212121212121,12.121212121212121,12.121212121212121,12.121212121212121,15.151515151515152,15.151515151515152,15.151515151515152,18.18181818181818,18.18181818181818,18.18181818181818,21.21212121212121,21.21212121212121,21.21212121212121,24.242424242424242,24.242424242424242,24.242424242424242,27.272727272727273,27.272727272727273,30.303030303030305,30.303030303030305,33.333333333333336,33.333333333333336,33.333333333333336
1.2289562289562288,0.0,3.0303030303030303,3.0303030303030303,3.0303030303030303,3.0303030303030303,3.0303030303030303,3.0303030303030303,3.0303030303030303,3.0303030303030303,3.0303030303030303,3.0303030303030303,3.0303030303030303,3.0303030303030303,3.0303030303030303,3.0303030303030303,3.0303030303030303,3.0303030303030303,3.0303030303030303,3.0303030303030303,3.0303030303030303,3.0303030303030303,3.0303030303030303,3.0303030303030303,3.0303030303030303,3.0303030303030303,3.0303030303030303,3.0303030303030303,3.0303030303030303,3.0303030303030303,3.0303030303030303,3.0303030303030303,3.0303030303030303,3.0303030303030303,3.0303030303030303,3.0303030303030303,3.0303030303030303,3.0303030303030303,3.0303030303030303,3.0303030303030303,3.0303030303030303,3.0303030303030303,3.0303030303030303,3.0303030303030303,3.0303030303030303,3.0303030303030303,3.0303030303030303,3.0303030303030303,3.0303030303030303,3.0303030303030303,3.0303030303030303,3.0303030303030303,3.0303030303030303,3.0303030303030303,3.0303030303030303,3.0303030303030303,3.0303030303030303,3.0303030303030303,3.0303030303030303,3.0303030303030303,3.0303030303030303,3.0303030303030303,3.0303030303030303,3.0303030303030303,3.0303030303030303,3.0303030303030303,6.0606060606060606,6.0606060606060606,6.0606060606060606,6.0606060606060606,6.0606060606060606,6.0606060606060606,6.0606060606060606,9.09090909090909,9.09090909090909,9.09090909090909,9.09090909090909,9.09090909090909,12.121212121212121,12.121212121212121,12.121212121212121,12.121212121212121,15.151515151515152,15.151515151515152,15.151515151515152,15.151515151515152,18.18181818181818,18.18181818181818,18.18181818181818,21.21212121212121,21.21212121212121,21.21212121212121,24.242424242424242,24.242424242424242,27.272727272727273,27.272727272727273,27.272727272727273,30.303030303030305,30.303030303030305,33.333333333333336,33.333333333333336
1.2345679012345676,0.0,3.0303030303030303,3.0303030303030303,3.0303030303030303,3.0303030303030303,3.0303030303030303,3.0303030303030303,3.0303030303030303,3.0303030303030303,3.0303030303030303,3.0303030303030303,3.0303030303030303,3.0303030303030303,3.0303030303030303,3.0303030303030303,3.0303030303030303,3.0303030303030303,3.0303030303030303,3.0303030303030303,3.0303030303030303,3.0303030303030303,3.0303030303030303,3.0303030303030303,3.0303030303030303,3.0303030303030303,3.0303030303030303,3.0303030303030303,3.0303030303030303,3.0303030303030303,3.0303030303030303,3.0303030303030303,3.0303030303030303,3.0303030303030303,3.0303030303030303,3.0303030303030303,3.0303030303030303,3.0303030303030303,3.0303030303030303,3.0303030303030303,3.0303030303030303,3.0303030303030303,3.0303030303030303,3.0303030303030303,3.0303030303030303,3.0303030303030303,3.0303030303030303,3.0303030303030303,3.0303030303030303,3.0303030303030303,3.0303030303030303,3.0303030303030303,3.0303030303030303,3.0303030303030303,3.0303030303030303,3.0303030303030303,3.0303030303030303,3.0303030303030303,3.0303030303030303,3.0303030303030303,3.0303030303030303,3.0303030303030303,3.0303030303030303,3.0303030303030303,3.0303030303030303,3.0303030303030303,6.0606060606060606,6.0606060606060606,6.0606060606060606,6.0606060606060606,6.0606060606060606,6.0606060606060606,6.0606060606060606,6.0606060606060606,9.09090909090909,9.09090909090909,9.09090909090909,9.09090909090909,9.09090909090909,12.121212121212121,12.121212121212121,12.121212121212121,12.121212121212121,15.151515151515152,15.151515151515152,15.151515151515152,18.18181818181818,18.18181818181818,18.18181818181818,21.21212121212121,21.21212121212121,21.21212121212121,24.242424242424242,24.242424242424242,24.242424242424242,27.272727272727273,27.272727272727273,30.303030303030305,30.303030303030305,30.303030303030305,33.333333333333336
1.2401795735129066,0.0,3.0303030303030303,3.0303030303030303,3.0303030303030303,3.0303030303030303,3.0303030303030303,3.0303030303030303,3.0303030303030303,3.0303030303030303,3.0303030303030303,3.0303030303030303,3.0303030303030303,3.0303030303030303,3.0303030303030303,3.0303030303030303,3.0303030303030303,3.0303030303030303,3.0303030303030303,3.0303030303030303,3.0303030303030303,3.0303030303030303,3.0303030303030303,3.0303030303030303,3.0303030303030303,3.0303030303030303,3.0303030303030303,3.0303030303030303,3.0303030303030303,3.0303030303030303,3.0303030303030303,3.0303030303030303,3.0303030303030303,3.0303030303030303,3.0303030303030303,3.0303030303030303,3.0303030303030303,3.0303030303030303,3.0303030303030303,3.0303030303030303,3.0303030303030303,3.0303030303030303,3.0303030303030303,3.0303030303030303,3.0303030303030303,3.0303030303030303,3.0303030303030303,3.0303030303030303,3.0303030303030303,3.0303030303030303,3.0303030303030303,3.0303030303030303,3.0303030303030303,3.0303030303030303,3.0303030303030303,3.0303030303030303,3.0303030303030303,3.0303030303030303,3.0303030303030303,3.0303030303030303,3.0303030303030303,3.0303030303030303,3.0303030303030303,3.0303030303030303,3.0303030303030303,3.0303030303030303,3.0303030303030303,6.0606060606060606,6.0606060606060606,6.0606060606060606,6.0606060606060606,6.0606060606060606,6.0606060606060606,6.0606060606060606,9.09090909090909,9.09090909090909,9.09090909090909,9.09090909090909,9.09090909090909,12.121212121212121,12.121212121212121,12.121212121212121,12.121212121212121,15.151515151515152,15.151515151515152,15.151515151515152,15.151515151515152,18.18181818181818,18.18181818181818,18.18181818181818,21.21212121212121,21.21212121212121,21.21212121212121,24.242424242424242,24.242424242424242,27.272727272727273,27.272727272727273,27.272727272727273,30.303030303030305,30.303030303030305,33.333333333333336
1.2457912457912457,0.0,3.0303030303030303,3.0303030303030303,3.0303030303030303,3.0303030303030303,3.0303030303030303,3.0303030303030303,3.0303030303030303,3.0303030303030303,3.0303030303030303,3.0303030303030303,3.0303030303030303,3.0303030303030303,3.0303030303030303,3.0303030303030303,3.0303030303030303,3.0303030303030303,3.0303030303030303,3.0303030303030303,3.0303030303030303,3.0303030303030303,3.0303030303030303,3.0303030303030303,3.0303030303030303,3.0303030303030303,3.0303030303030303,3.0303030303030303,3.0303030303030303,3.0303030303030303,3.0303030303030303,3.0303030303030303,3.0303030303030303,3.0303030303030303,3.0303030303030303,3.0303030303030303,3.0303030303030303,3.0303030303030303,3.0303030303030303,3.0303030303030303,3.0303030303030303,3.0303030303030303,3.0303030303030303,3.0303030303030303,3.0303030303030303,3.0303030303030303,3.0303030303030303,3.0303030303030303,3.0303030303030303,3.0303030303030303,3.0303030303030303,3.0303030303030303,3.0303030303030303,3.0303030303030303,3.0303030303030303,3.0303030303030303,3.0303030303030303,3.0303030303030303,3.0303030303030303,3.0303030303030303,3.0303030303030303,3.0303030303030303,3.0303030303030303,3.0303030303030303,3.0303030303030303,3.0303030303030303,3.0303030303030303,6.0606060606060606,6.0606060606060606,6.0606060606060606,6.0606060606060606,6.0606060606060606,6.0606060606060606,6.0606060606060606,9.09090909090909,9.09090909090909,9.09090909090909,9.09090909090909,9.09090909090909,9.09090909090909,12.121212121212121,12.121212121212121,12.121212121212121,12.121212121212121,15.151515151515152,15.151515151515152,15.151515151515152,18.18181818181818,18.18181818181818,18.18181818181818,21.21212121212121,21.21212121212121,21.21212121212121,24.242424242424242,24.242424242424242,24.242424242424242,27.272727272727273,27.272727272727273,30.303030303030305,30.303030303030305,30.303030303030305
1.2514029180695845,0.0,3.0303030303030303,3.0303030303030303,3.0303030303030303,3.0303030303030303,3.0303030303030303,3.0303030303030303,3.0303030303030303,3.0303030303030303,3.0303030303030303,3.0303030303030303,3.0303030303030303,3.0303030303030303,3.0303030303030303,3.0303030303030303,3.0303030303030303,3.0303030303030303,3.0303030303030303,3.0303030303030303,3.0303030303030303,3.0303030303030303,3.0303030303030303,3.0303030303030303,3.0303030303030303,3.0303030303030303,3.0303030303030303,3.0303030303030303,3.0303030303030303,3.0303030303030303,3.0303030303030303,3.0303030303030303,3.0303030303030303,3.0303030303030303,3.0303030303030303,3.0303030303030303,3.0303030303030303,3.0303030303030303,3.0303030303030303,3.0303030303030303,3.0303030303030303,3.0303030303030303,3.0303030303030303,3.0303030303030303,3.0303030303030303,3.0303030303030303,3.0303030303030303,3.0303030303030303,3.0303030303030303,3.0303030303030303,3.0303030303030303,3.0303030303030303,3.0303030303030303,3.0303030303030303,3.0303030303030303,3.0303030303030303,3.0303030303030303,3.0303030303030303,3.0303030303030303,3.0303030303030303,3.0303030303030303,3.0303030303030303,3.0303030303030303,3.0303030303030303,3.0303030303030303,3.0303030303030303,3.0303030303030303,6.0606060606060606,6.0606060606060606,6.0606060606060606,6.0606060606060606,6.0606060606060606,6.0606060606060606,6.0606060606060606,6.0606060606060606,9.09090909090909,9.09090909090909,9.09090909090909,9.09090909090909,9.09090909090909,12.121212121212121,12.121212121212121,12.121212121212121,12.121212121212121,15.151515151515152,15.151515151515152,15.151515151515152,15.151515151515152,18.18181818181818,18.18181818181818,18.18181818181818,21.21212121212121,21.21212121212121,21.21212121212121,24.242424242424242,24.242424242424242,27.272727272727273,27.272727272727273,27.272727272727273,30.303030303030305,30.303030303030305
1.2570145903479233,0.0,3.0303030303030303,3.0303030303030303,3.0303030303030303,3.0303030303030303,3.0303030303030303,3.0303030303030303,3.0303030303030303,3.0303030303030303,3.0303030303030303,3.0303030303030303,3.0303030303030303,3.0303030303030303,3.0303030303030303,3.0303030303030303,3.0303030303030303,3.0303030303030303,3.0303030303030303,3.0303030303030303,3.0303030303030303,3.0303030303030303,3.0303030303030303,3.0303030303030303,3.0303030303030303,3.0303030303030303,3.0303030303030303,3.0303030303030303,3.0303030303030303,3.0303030303030303,3.0303030303030303,3.0303030303030303,3.0303030303030303,3.0303030303030303,3.0303030303030303,3.0303030303030303,3.0303030303030303,3.0303030303030303,3.0303030303030303,3.0303030303030303,3.0303030303030303,3.0303030303030303,3.0303030303030303,3.0303030303030303,3.0303030303030303,3.0303030303030303,3.0303030303030303,3.0303030303030303,3.0303030303030303,3.0303030303030303,3.0303030303030303,3.0303030303030303,3.0303030303030303,3.0303030303030303,3.0303030303030303,3.0303030303030303,3.0303030303030303,3.0303030303030303,3.0303030303030303,3.0303030303030303,3.0303030303030303,3.0303030303030303,3.0303030303030303,3.0303030303030303,3.0303030303030303,3.0303030303030303,3.0303030303030303,3.0303030303030303,6.0606060606060606,6.0606060606060606,6.0606060606060606,6.0606060606060606,6.0606060606060606,6.0606060606060606,6.0606060606060606,9.09090909090909,9.09090909090909,9.09090909090909,9.09090909090909,9.09090909090909,12.121212121212121,12.121212121212121,12.121212121212121,12.121212121212121,12.121212121212121,15.151515151515152,15.151515151515152,15.151515151515152,18.18181818181818,18.18181818181818,18.18181818181818,21.21212121212121,21.21212121212121,21.21212121212121,24.242424242424242,24.242424242424242,24.242424242424242,27.272727272727273,27.272727272727273,30.303030303030305,30.303030303030305
1.2626262626262625,0.0,3.0303030303030303,3.0303030303030303,3.0303030303030303,3.0303030303030303,3.0303030303030303,3.0303030303030303,3.0303030303030303,3.0303030303030303,3.0303030303030303,3.0303030303030303,3.0303030303030303,3.0303030303030303,3.0303030303030303,3.0303030303030303,3.0303030303030303,3.0303030303030303,3.0303030303030303,3.0303030303030303,3.0303030303030303,3.0303030303030303,3.0303030303030303,3.0303030303030303,3.0303030303030303,3.0303030303030303,3.0303030303030303,3.0303030303030303,3.0303030303030303,3.0303030303030303,3.0303030303030303,3.0303030303030303,3.0303030303030303,3.0303030303030303,3.0303030303030303,3.0303030303030303,3.0303030303030303,3.0303030303030303,3.0303030303030303,3.0303030303030303,3.0303030303030303,3.0303030303030303,3.0303030303030303,3.0303030303030303,3.0303030303030303,3.0303030303030303,3.0303030303030303,3.0303030303030303,3.0303030303030303,3.0303030303030303,3.0303030303030303,3.0303030303030303,3.0303030303030303,3.0303030303030303,3.0303030303030303,3.0303030303030303,3.0303030303030303,3.0303030303030303,3.0303030303030303,3.0303030303030303,3.0303030303030303,3.0303030303030303,3.0303030303030303,3.0303030303030303,3.0303030303030303,3.0303030303030303,3.0303030303030303,3.0303030303030303,6.0606060606060606,6.0606060606060606,6.0606060606060606,6.0606060606060606,6.0606060606060606,6.0606060606060606,6.0606060606060606,6.0606060606060606,9.09090909090909,9.09090909090909,9.09090909090909,9.09090909090909,9.09090909090909,12.121212121212121,12.121212121212121,12.121212121212121,12.121212121212121,15.151515151515152,15.151515151515152,15.151515151515152,15.151515151515152,18.18181818181818,18.18181818181818,18.18181818181818,21.21212121212121,21.21212121212121,21.21212121212121,24.242424242424242,24.242424242424242,27.272727272727273,27.272727272727273,27.272727272727273,30.303030303030305
1.2682379349046013,0.0,3.0303030303030303,3.0303030303030303,3.0303030303030303,3.0303030303030303,3.0303030303030303,3.0303030303030303,3.0303030303030303,3.0303030303030303,3.0303030303030303,3.0303030303030303,3.0303030303030303,3.0303030303030303,3.0303030303030303,3.0303030303030303,3.0303030303030303,3.0303030303030303,3.0303030303030303,3.0303030303030303,3.0303030303030303,3.0303030303030303,3.0303030303030303,3.0303030303030303,3.0303030303030303,3.0303030303030303,3.0303030303030303,3.0303030303030303,3.0303030303030303,3.0303030303030303,3.0303030303030303,3.0303030303030303,3.0303030303030303,3.0303030303030303,3.0303030303030303,3.0303030303030303,3.0303030303030303,3.0303030303030303,3.0303030303030303,3.0303030303030303,3.0303030303030303,3.0303030303030303,3.0303030303030303,3.0303030303030303,3.0303030303030303,3.0303030303030303,3.0303030303030303,3.0303030303030303,3.0303030303030303,3.0303030303030303,3.0303030303030303,3.0303030303030303,3.0303030303030303,3.0303030303030303,3.0303030303030303,3.0303030303030303,3.0303030303030303,3.0303030303030303,3.0303030303030303,3.0303030303030303,3.0303030303030303,3.0303030303030303,3.0303030303030303,3.0303030303030303,3.0303030303030303,3.0303030303030303,3.0303030303030303,3.0303030303030303,6.0606060606060606,6.0606060606060606,6.0606060606060606,6.0606060606060606,6.0606060606060606,6.0606060606060606,6.0606060606060606,6.0606060606060606,9.09090909090909,9.09090909090909,9.09090909090909,9.09090909090909,9.09090909090909,12.121212121212121,12.121212121212121,12.121212121212121,12.121212121212121,15.151515151515152,15.151515151515152,15.151515151515152,15.151515151515152,18.18181818181818,18.18181818181818,18.18181818181818,21.21212121212121,21.21212121212121,21.21212121212121,24.242424242424242,24.242424242424242,24.242424242424242,27.272727272727273,27.272727272727273,30.303030303030305
1.2738496071829402,0.0,3.0303030303030303,3.0303030303030303,3.0303030303030303,3.0303030303030303,3.0303030303030303,3.0303030303030303,3.0303030303030303,3.0303030303030303,3.0303030303030303,3.0303030303030303,3.0303030303030303,3.0303030303030303,3.0303030303030303,3.0303030303030303,3.0303030303030303,3.0303030303030303,3.0303030303030303,3.0303030303030303,3.0303030303030303,3.0303030303030303,3.0303030303030303,3.0303030303030303,3.0303030303030303,3.0303030303030303,3.0303030303030303,3.0303030303030303,3.0303030303030303,3.0303030303030303,3.0303030303030303,3.0303030303030303,3.0303030303030303,3.0303030303030303,3.0303030303030303,3.0303030303030303,3.0303030303030303,3.0303030303030303,3.0303030303030303,3.0303030303030303,3.0303030303030303,3.0303030303030303,3.0303030303030303,3.0303030303030303,3.0303030303030303,3.0303030303030303,3.0303030303030303,3.0303030303030303,3.0303030303030303,3.0303030303030303,3.0303030303030303,3.0303030303030303,3.0303030303030303,3.0303030303030303,3.0303030303030303,3.0303030303030303,3.0303030303030303,3.0303030303030303,3.0303030303030303,3.0303030303030303,3.0303030303030303,3.0303030303030303,3.0303030303030303,3.0303030303030303,3.0303030303030303,3.0303030303030303,3.0303030303030303,3.0303030303030303,3.0303030303030303,6.0606060606060606,6.0606060606060606,6.0606060606060606,6.0606060606060606,6.0606060606060606,6.0606060606060606,6.0606060606060606,9.09090909090909,9.09090909090909,9.09090909090909,9.09090909090909,9.09090909090909,9.09090909090909,12.121212121212121,12.121212121212121,12.121212121212121,12.121212121212121,15.151515151515152,15.151515151515152,15.151515151515152,15.151515151515152,18.18181818181818,18.18181818181818,18.18181818181818,21.21212121212121,21.21212121212121,21.21212121212121,24.242424242424242,24.242424242424242,27.272727272727273,27.272727272727273,27.272727272727273
1.2794612794612792,0.0,3.0303030303030303,3.0303030303030303,3.0303030303030303,3.0303030303030303,3.0303030303030303,3.0303030303030303,3.0303030303030303,3.0303030303030303,3.0303030303030303,3.0303030303030303,3.0303030303030303,3.0303030303030303,3.0303030303030303,3.0303030303030303,3.0303030303030303,3.0303030303030303,3.0303030303030303,3.0303030303030303,3.0303030303030303,3.0303030303030303,3.0303030303030303,3.0303030303030303,3.0303030303030303,3.0303030303030303,3.0303030303030303,3.0303030303030303,3.0303030303030303,3.0303030303030303,3.0303030303030303,3.0303030303030303,3.0303030303030303,3.0303030303030303,3.0303030303030303,3.0303030303030303,3.0303030303030303,3.0303030303030303,3.0303030303030303,3.0303030303030303,3.0303030303030303,3.0303030303030303,3.0303030303030303,3.0303030303030303,3.0303030303030303,3.0303030303030303,3.0303030303030303,3.0303030303030303,3.0303030303030303,3.0303030303030303,3.0303030303030303,3.0303030303030303,3.0303030303030303,3.0303030303030303,3.0303030303030303,3.0303030303030303,3.0303030303030303,3.0303030303030303,3.0303030303030303,3.0303030303030303,3.0303030303030303,3.0303030303030303,3.0303030303030303,3.0303030303030303,3.0303030303030303,3.0303030303030303,3.0303030303030303,3.0303030303030303,3.0303030303030303,6.0606060606060606,6.0606060606060606,6.0606060606060606,6.0606060606060606,6.0606060606060606,6.0606060606060606,6.0606060606060606,6.0606060606060606,9.09090909090909,9.09090909090909,9.09090909090909,9.09090909090909,9.09090909090909,12.121212121212121,12.121212121212121,12.121212121212121,12.121212121212121,15.151515151515152,15.151515151515152,15.151515151515152,15.151515151515152,18.18181818181818,18.18181818181818,18.18181818181818,21.21212121212121,21.21212121212121,21.21212121212121,24.242424242424242,24.242424242424242,24.242424242424242,27.272727272727273,27.272727272727273
1.2850729517396182,0.0,3.0303030303030303,3.0303030303030303,3.0303030303030303,3.0303030303030303,3.0303030303030303,3.0303030303030303,3.0303030303030303,3.0303030303030303,3.0303030303030303,3.0303030303030303,3.0303030303030303,3.0303030303030303,3.0303030303030303,3.0303030303030303,3.0303030303030303,3.0303030303030303,3.0303030303030303,3.0303030303030303,3.0303030303030303,3.0303030303030303,3.0303030303030303,3.0303030303030303,3.0303030303030303,3.0303030303030303,3.0303030303030303,3.0303030303030303,3.0303030303030303,3.0303030303030303,3.0303030303030303,3.0303030303030303,3.0303030303030303,3.0303030303030303,3.0303030303030303,3.0303030303030303,3.0303030303030303,3.0303030303030303,3.0303030303030303,3.0303030303030303,3.0303030303030303,3.0303030303030303,3.0303030303030303,3.0303030303030303,3.0303030303030303,3.0303030303030303,3.0303030303030303,3.0303030303030303,3.0303030303030303,3.0303030303030303,3.0303030303030303,3.0303030303030303,3.0303030303030303,3.0303030303030303,3.0303030303030303,3.0303030303030303,3.0303030303030303,3.0303030303030303,3.0303030303030303,3.0303030303030303,3.0303030303030303,3.0303030303030303,3.0303030303030303,3.0303030303030303,3.0303030303030303,3.0303030303030303,3.0303030303030303,3.0303030303030303,3.0303030303030303,6.0606060606060606,6.0606060606060606,6.0606060606060606,6.0606060606060606,6.0606060606060606,6.0606060606060606,6.0606060606060606,6.0606060606060606,9.09090909090909,9.09090909090909,9.09090909090909,9.09090909090909,9.09090909090909,12.121212121212121,12.121212121212121,12.121212121212121,12.121212121212121,12.121212121212121,15.151515151515152,15.151515151515152,15.151515151515152,18.18181818181818,18.18181818181818,18.18181818181818,18.18181818181818,21.21212121212121,21.21212121212121,21.21212121212121,24.242424242424242,24.242424242424242,27.272727272727273,27.272727272727273
1.290684624017957,0.0,3.0303030303030303,3.0303030303030303,3.0303030303030303,3.0303030303030303,3.0303030303030303,3.0303030303030303,3.0303030303030303,3.0303030303030303,3.0303030303030303,3.0303030303030303,3.0303030303030303,3.0303030303030303,3.0303030303030303,3.0303030303030303,3.0303030303030303,3.0303030303030303,3.0303030303030303,3.0303030303030303,3.0303030303030303,3.0303030303030303,3.0303030303030303,3.0303030303030303,3.0303030303030303,3.0303030303030303,3.0303030303030303,3.0303030303030303,3.0303030303030303,3.0303030303030303,3.0303030303030303,3.0303030303030303,3.0303030303030303,3.0303030303030303,3.0303030303030303,3.0303030303030303,3.0303030303030303,3.0303030303030303,3.0303030303030303,3.0303030303030303,3.0303030303030303,3.0303030303030303,3.0303030303030303,3.0303030303030303,3.0303030303030303,3.0303030303030303,3.0303030303030303,3.0303030303030303,3.0303030303030303,3.0303030303030303,3.0303030303030303,3.0303030303030303,3.0303030303030303,3.0303030303030303,3.0303030303030303,3.0303030303030303,3.0303030303030303,3.0303030303030303,3.0303030303030303,3.0303030303030303,3.0303030303030303,3.0303030303030303,3.0303030303030303,3.0303030303030303,3.0303030303030303,3.0303030303030303,3.0303030303030303,3.0303030303030303,3.0303030303030303,3.0303030303030303,6.0606060606060606,6.0606060606060606,6.0606060606060606,6.0606060606060606,6.0606060606060606,6.0606060606060606,6.0606060606060606,9.09090909090909,9.09090909090909,9.09090909090909,9.09090909090909,9.09090909090909,9.09090909090909,12.121212121212121,12.121212121212121,12.121212121212121,12.121212121212121,15.151515151515152,15.151515151515152,15.151515151515152,15.151515151515152,18.18181818181818,18.18181818181818,18.18181818181818,21.21212121212121,21.21212121212121,21.21212121212121,24.242424242424242,24.242424242424242,24.242424242424242,27.272727272727273
1.296296296296296,0.0,3.0303030303030303,3.0303030303030303,3.0303030303030303,3.0303030303030303,3.0303030303030303,3.0303030303030303,3.0303030303030303,3.0303030303030303,3.0303030303030303,3.0303030303030303,3.0303030303030303,3.0303030303030303,3.0303030303030303,3.0303030303030303,3.0303030303030303,3.0303030303030303,3.0303030303030303,3.0303030303030303,3.0303030303030303,3.0303030303030303,3.0303030303030303,3.0303030303030303,3.0303030303030303,3.0303030303030303,3.0303030303030303,3.0303030303030303,3.0303030303030303,3.0303030303030303,3.0303030303030303,3.0303030303030303,3.0303030303030303,3.0303030303030303,3.0303030303030303,3.0303030303030303,3.0303030303030303,3.0303030303030303,3.0303030303030303,3.0303030303030303,3.0303030303030303,3.0303030303030303,3.0303030303030303,3.0303030303030303,3.0303030303030303,3.0303030303030303,3.0303030303030303,3.0303030303030303,3.0303030303030303,3.0303030303030303,3.0303030303030303,3.0303030303030303,3.0303030303030303,3.0303030303030303,3.0303030303030303,3.0303030303030303,3.0303030303030303,3.0303030303030303,3.0303030303030303,3.0303030303030303,3.0303030303030303,3.0303030303030303,3.0303030303030303,3.0303030303030303,3.0303030303030303,3.0303030303030303,3.0303030303030303,3.0303030303030303,3.0303030303030303,3.0303030303030303,6.0606060606060606,6.0606060606060606,6.0606060606060606,6.0606060606060606,6.0606060606060606,6.0606060606060606,6.0606060606060606,6.0606060606060606,9.09090909090909,9.09090909090909,9.09090909090909,9.09090909090909,9.09090909090909,12.121212121212121,12.121212121212121,12.121212121212121,12.121212121212121,12.121212121212121,15.151515151515152,15.151515151515152,15.151515151515152,18.18181818181818,18.18181818181818,18.18181818181818,18.18181818181818,21.21212121212121,21.21212121212121,24.242424242424242,24.242424242424242,24.242424242424242,27.272727272727273
