$\mu / t$,0.0,0.0505050505050505,0.101010101010101,0.1515151515151515,0.202020202020202,0.25252525252525254,0.303030303030303,0.35353535353535354,0.404040404040404,0.45454545454545453,0.5050505050505051,0.5555555555555556,0.606060606060606,0.6565656565656565,0.7070707070707071,0.7575757575757575,0.808080808080808,0.8585858585858586,0.9090909090909091,0.9595959595959594,1.0101010101010102,1.0606060606060606,1.1111111111111112,1.1616161616161615,1.212121212121212,1.2626262626262625,1.313131313131313,1.3636363636363635,1.4141414141414141,1.4646464646464648,1.515151515151515,1.5656565656565653,1.616161616161616,1.6666666666666665,1.7171717171717171,1.7676767676767675,1.8181818181818181,1.8686868686868687,1.919191919191919,1.9696969696969695,2.0202020202020203,2.0707070707070705,2.121212121212121,2.1717171717171713,2.2222222222222223,2.2727272727272725,2.323232323232323,2.3737373737373733,2.424242424242424,2.4747474747474745,2.525252525252525,2.5757575757575757,2.626262626262626,2.676767676767677,2.727272727272727,2.7777777777777777,2.8282828282828283,2.878787878787878,2.9292929292929295,2.9797979797979792,3.03030303030303,3.0808080808080804,3.1313131313131306,3.1818181818181817,3.232323232323232,3.2828282828282824,3.333333333333333,3.3838383838383836,3.4343434343434343,3.4848484848484844,3.535353535353535,3.5858585858585856,3.6363636363636362,3.6868686868686864,3.7373737373737375,3.7878787878787876,3.838383838383838,3.888888888888889,3.939393939393939,3.98989898989899,4.040404040404041,4.09090909090909,4.141414141414141,4.191919191919192,4.242424242424242,4.292929292929292,4.3434343434343425,4.3939393939393945,4.444444444444445,4.494949494949495,4.545454545454545,4.595959595959595,4.646464646464646,4.696969696969697,4.7474747474747465,4.797979797979798,4.848484848484848,4.898989898989899,4.949494949494949,4.999999999999999
0.5,0.0,10.1010101010101,10.1010101010101,10.1010101010101,10.1010101010101,10.1010101010101,10.1010101010101,10.1010101010101,10.1010101010101,10.1010101010101,10.1010101010101,10.1010101010101,10.1010101010101,10.1010101010101,10.1010101010101,10.1010101010101,10.1010101010101,10.1010101010101,10.1010101010101,10.1010101010101,10.1010101010101,10.1010101010101,10.1010101010101,10.1010101010101,10.1010101010101,10.1010101010101,10.1010101010101,10.1010101010101,10.1010101010101,10.1010101010101,10.1010101010101,10.1010101010101,10.1010101010101,10.1010101010101,10.1010101010101,10.1010101010101,10.1010101010101,10.1010101010101,10.1010101010101,10.1010101010101,10.1010101010101,10.1010101010101,10.1010101010101,10.1010101010101,10.1010101010101,10.1010101010101,10.1010101010101,10.1010101010101,10.1010101010101,10.1010101010101,10.1010101010101,10.1010101010101,10.1010101010101,10.1010101010101,10.1010101010101,10.1010101010101,10.1010101010101,10.1010101010101,10.1010101010101,10.1010101010101,10.1010101010101,10.1010101010101,10.1010101010101,10.1010101010101,10.1010101010101,10.1010101010101,10.1010101010101,10.1010101010101,10.1010101010101,10.1010101010101,10.1010101010101,10.1010101010101,10.1010101010101,10.1010101010101,10.1010101010101,10.1010101010101,10.1010101010101,10.1010101010101,10.1010101010101,10.1010101010101,10.1010101010101,10.1010101010101,10.1010101010101,10.1010101010101,10.1010101010101,10.1010101010101,10.1010101010101,10.1010101010101,10.1010101010101,10.1010101010101,10.1010101010101,10.1010101010101,10.1010101010101,10.1010101010101,10.1010101010101,10.1010101010101,20.2020202020202,20.2020202020202,20.2020202020202,20.2020202020202
0.51010101010101,0.0,10.1010101010101,10.1010101010101,10.1010101010101,10.1010101010101,10.1010101010101,10.1010101010101,10.1010101010101,10.1010101010101,10.1010101010101,10.1010101010101,10.1010101010101,10.1010101010101,10.1010101010101,10.1010101010101,10.1010101010101,10.1010101010101,10.1010101010101,10.1010101010101,10.1010101010101,10.1010101010101,10.1010101010101,10.1010101010101,10.1010101010101,10.1010101010101,10.1010101010101,10.1010101010101,10.1010101010101,10.1010101010101,10.1010101010101,10.1010101010101,10.1010101010101,10.1010101010101,10.1010101010101,10.1010101010101,10.1010101010101,10.1010101010101,10.1010101010101,10.1010101010101,10.1010101010101,10.1010101010101,10.1010101010101,10.1010101010101,10.1010101010101,10.1010101010101,10.1010101010101,10.1010101010101,10.1010101010101,10.1010101010101,10.1010101010101,10.1010101010101,10.1010101010101,10.1010101010101,10.1010101010101,10.1010101010101,10.1010101010101,10.1010101010101,10.1010101010101,10.1010101010101,10.1010101010101,10.1010101010101,10.1010101010101,10.1010101010101,10.1010101010101,10.1010101010101,10.1010101010101,10.1010101010101,10.1010101010101,10.1010101010101,10.1010101010101,10.1010101010101,10.1010101010101,10.1010101010101,10.1010101010101,10.1010101010101,10.1010101010101,10.1010101010101,10.1010101010101,10.1010101010101,10.1010101010101,10.1010101010101,10.1010101010101,10.1010101010101,10.1010101010101,10.1010101010101,10.1010101010101,10.1010101010101,10.1010101010101,10.1010101010101,10.1010101010101,10.1010101010101,10.1010101010101,10.1010101010101,20.2020202020202,20.2020202020202,20.2020202020202,20.2020202020202,20.2020202020202,20.2020202020202,20.2020202020202
0.5202020202020202,0.0,10.1010101010101,10.1010101010101,10.1010101010101,10.1010101010101,10.1010101010101,10.1010101010101,10.1010101010101,10.1010101010101,10.1010101010101,10.1010101010101,10.1010101010101,10.1010101010101,10.1010101010101,10.1010101010101,10.1010101010101,10.1010101010101,10.1010101010101,10.1010101010101,10.1010101010101,10.1010101010101,10.1010101010101,10.1010101010101,10.1010101010101,10.1010101010101,10.1010101010101,10.1010101010101,10.1010101010101,10.1010101010101,10.1010101010101,10.1010101010101,10.1010101010101,10.1010101010101,10.1010101010101,10.1010101010101,10.1010101010101,10.1010101010101,10.1010101010101,10.1010101010101,10.1010101010101,10.1010101010101,10.1010101010101,10.1010101010101,10.1010101010101,10.1010101010101,10.1010101010101,10.1010101010101,10.1010101010101,10.1010101010101,10.1010101010101,10.1010101010101,10.1010101010101,10.1010101010101,10.1010101010101,10.1010101010101,10.1010101010101,10.1010101010101,10.1010101010101,10.1010101010101,10.1010101010101,10.1010101010101,10.1010101010101,10.1010101010101,10.1010101010101,10.1010101010101,10.1010101010101,10.1010101010101,10.1010101010101,10.1010101010101,10.1010101010101,10.1010101010101,10.1010101010101,10.1010101010101,10.1010101010101,10.1010101010101,10.1010101010101,10.1010101010101,10.1010101010101,10.1010101010101,10.1010101010101,10.1010101010101,10.1010101010101,10.1010101010101,10.1010101010101,10.1010101010101,10.1010101010101,10.1010101010101,10.1010101010101,10.1010101010101,10.1010101010101,10.1010101010101,20.2020202020202,20.2020202020202,20.2020202020202,20.2020202020202,20.2020202020202,20.2020202020202,20.2020202020202,20.2020202020202,20.2020202020202
0.5303030303030303,0.0,10.1010101010101,10.1010101010101,10.1010101010101,10.1010101010101,10.1010101010101,10.1010101010101,10.1010101010101,10.1010101010101,10.1010101010101,10.1010101010101,10.1010101010101,10.1010101010101,10.1010101010101,10.1010101010101,10.1010101010101,10.1010101010101,10.1010101010101,10.1010101010101,10.1010101010101,10.1010101010101,10.1010101010101,10.1010101010101,10.1010101010101,10.1010101010101,10.1010101010101,10.1010101010101,10.1010101010101,10.1010101010101,10.1010101010101,10.1010101010101,10.1010101010101,10.1010101010101,10.1010101010101,10.1010101010101,10.1010101010101,10.1010101010101,10.1010101010101,10.1010101010101,10.1010101010101,10.1010101010101,10.1010101010101,10.1010101010101,10.1010101010101,10.1010101010101,10.1010101010101,10.1010101010101,10.1010101010101,10.1010101010101,10.1010101010101,10.1010101010101,10.1010101010101,10.1010101010101,10.1010101010101,10.1010101010101,10.1010101010101,10.1010101010101,10.1010101010101,10.1010101010101,10.1010101010101,10.1010101010101,10.1010101010101,10.1010101010101,10.1010101010101,10.1010101010101,10.1010101010101,10.1010101010101,10.1010101010101,10.1010101010101,10.1010101010101,10.1010101010101,10.1010101010101,10.1010101010101,10.1010101010101,10.1010101010101,10.1010101010101,10.1010101010101,10.1010101010101,10.1010101010101,10.1010101010101,10.1010101010101,10.1010101010101,10.1010101010101,10.1010101010101,10.1010101010101,10.1010101010101,10.1010101010101,10.1010101010101,10.1010101010101,20.2020202020202,20.2020202020202,20.2020202020202,20.2020202020202,20.2020202020202,20.2020202020202,20.2020202020202,20.2020202020202,20.2020202020202,20.2020202020202,20.2020202020202
0.5404040404040404,0.0,10.1010101010101,10.1010101010101,10.1010101010101,10.1010101010101,10.1010101010101,10.1010101010101,10.1010101010101,10.1010101010101,10.1010101010101,10.1010101010101,10.1010101010101,10.1010101010101,10.1010101010101,10.1010101010101,10.1010101010101,10.1010101010101,10.1010101010101,10.1010101010101,10.1010101010101,10.1010101010101,10.1010101010101,10.1010101010101,10.1010101010101,10.1010101010101,10.1010101010101,10.1010101010101,10.1010101010101,10.1010101010101,10.1010101010101,10.1010101010101,10.1010101010101,10.1010101010101,10.1010101010101,10.1010101010101,10.1010101010101,10.1010101010101,10.1010101010101,10.1010101010101,10.1010101010101,10.1010101010101,10.1010101010101,10.1010101010101,10.1010101010101,10.1010101010101,10.1010101010101,10.1010101010101,10.1010101010101,10.1010101010101,10.1010101010101,10.1010101010101,10.1010101010101,10.1010101010101,10.1010101010101,10.1010101010101,10.1010101010101,10.1010101010101,10.1010101010101,10.1010101010101,10.1010101010101,10.1010101010101,10.1010101010101,10.1010101010101,10.1010101010101,10.1010101010101,10.1010101010101,10.1010101010101,10.1010101010101,10.1010101010101,10.1010101010101,10.1010101010101,10.1010101010101,10.1010101010101,10.1010101010101,10.1010101010101,10.1010101010101,10.1010101010101,10.1010101010101,10.1010101010101,10.1010101010101,10.1010101010101,10.1010101010101,10.1010101010101,10.1010101010101,10.1010101010101,10.1010101010101,10.1010101010101,20.2020202020202,20.2020202020202,20.2020202020202,20.2020202020202,20.2020202020202,20.2020202020202,20.2020202020202,20.2020202020202,20.2020202020202,20.2020202020202,20.2020202020202,20.2020202020202,30.3030303030303
0.5505050505050505,0.0,10.1010101010101,10.1010101010101,10.1010101010101,10.1010101010101,10.1010101010101,10.1010101010101,10.1010101010101,10.1010101010101,10.1010101010101,10.1010101010101,10.1010101010101,10.1010101010101,10.1010101010101,10.1010101010101,10.1010101010101,10.1010101010101,10.1010101010101,10.1010101010101,10.1010101010101,10.1010101010101,10.1010101010101,10.1010101010101,10.1010101010101,10.1010101010101,10.1010101010101,10.1010101010101,10.1010101010101,10.1010101010101,10.1010101010101,10.1010101010101,10.1010101010101,10.1010101010101,10.1010101010101,10.1010101010101,10.1010101010101,10.1010101010101,10.1010101010101,10.1010101010101,10.1010101010101,10.1010101010101,10.1010101010101,10.1010101010101,10.1010101010101,10.1010101010101,10.1010101010101,10.1010101010101,10.1010101010101,10.1010101010101,10.1010101010101,10.1010101010101,10.1010101010101,10.1010101010101,10.1010101010101,10.1010101010101,10.1010101010101,10.1010101010101,10.1010101010101,10.1010101010101,10.1010101010101,10.1010101010101,10.1010101010101,10.1010101010101,10.1010101010101,10.1010101010101,10.1010101010101,10.1010101010101,10.1010101010101,10.1010101010101,10.1010101010101,10.1010101010101,10.1010101010101,10.1010101010101,10.1010101010101,10.1010101010101,10.1010101010101,10.1010101010101,10.1010101010101,10.1010101010101,10.1010101010101,10.1010101010101,10.1010101010101,10.1010101010101,10.1010101010101,10.1010101010101,20.2020202020202,20.2020202020202,20.2020202020202,20.2020202020202,20.2020202020202,20.2020202020202,20.2020202020202,20.2020202020202,20.2020202020202,20.2020202020202,20.2020202020202,20.2020202020202,30.3030303030303,30.3030303030303,30.3030303030303
0.5606060606060606,0.0,10.1010101010101,10.1010101010101,10.1010101010101,10.1010101010101,10.1010101010101,10.1010101010101,10.1010101010101,10.1010101010101,10.1010101010101,10.1010101010101,10.1010101010101,10.1010101010101,10.1010101010101,10.1010101010101,10.1010101010101,10.1010101010101,10.1010101010101,10.1010101010101,10.1010101010101,10.1010101010101,10.1010101010101,10.1010101010101,10.1010101010101,10.1010101010101,10.1010101010101,10.1010101010101,10.1010101010101,10.1010101010101,10.1010101010101,10.1010101010101,10.1010101010101,10.1010101010101,10.1010101010101,10.1010101010101,10.1010101010101,10.1010101010101,10.1010101010101,10.1010101010101,10.1010101010101,10.1010101010101,10.1010101010101,10.1010101010101,10.1010101010101,10.1010101010101,10.1010101010101,10.1010101010101,10.1010101010101,10.1010101010101,10.1010101010101,10.1010101010101,10.1010101010101,10.1010101010101,10.1010101010101,10.1010101010101,10.1010101010101,10.1010101010101,10.1010101010101,10.1010101010101,10.1010101010101,10.1010101010101,10.1010101010101,10.1010101010101,10.1010101010101,10.1010101010101,10.1010101010101,10.1010101010101,10.1010101010101,10.1010101010101,10.1010101010101,10.1010101010101,10.1010101010101,10.1010101010101,10.1010101010101,10.1010101010101,10.1010101010101,10.1010101010101,10.1010101010101,10.1010101010101,10.1010101010101,10.1010101010101,10.1010101010101,10.1010101010101,20.2020202020202,20.2020202020202,20.2020202020202,20.2020202020202,20.2020202020202,20.2020202020202,20.2020202020202,20.2020202020202,20.2020202020202,20.2020202020202,20.2020202020202,20.2020202020202,30.3030303030303,30.3030303030303,30.3030303030303,30.3030303030303,30.3030303030303
0.5707070707070707,0.0,10.1010101010101,10.1010101010101,10.1010101010101,10.1010101010101,10.1010101010101,10.1010101010101,10.1010101010101,10.1010101010101,10.1010101010101,10.1010101010101,10.1010101010101,10.1010101010101,10.1010101010101,10.1010101010101,10.1010101010101,10.1010101010101,10.1010101010101,10.1010101010101,10.1010101010101,10.1010101010101,10.1010101010101,10.1010101010101,10.1010101010101,10.1010101010101,10.1010101010101,10.1010101010101,10.1010101010101,10.1010101010101,10.1010101010101,10.1010101010101,10.1010101010101,10.1010101010101,10.1010101010101,10.1010101010101,10.1010101010101,10.1010101010101,10.1010101010101,10.1010101010101,10.1010101010101,10.1010101010101,10.1010101010101,10.1010101010101,10.1010101010101,10.1010101010101,10.1010101010101,10.1010101010101,10.1010101010101,10.1010101010101,10.1010101010101,10.1010101010101,10.1010101010101,10.1010101010101,10.1010101010101,10.1010101010101,10.1010101010101,10.1010101010101,10.1010101010101,10.1010101010101,10.1010101010101,10.1010101010101,10.1010101010101,10.1010101010101,10.1010101010101,10.1010101010101,10.1010101010101,10.1010101010101,10.1010101010101,10.1010101010101,10.1010101010101,10.1010101010101,10.1010101010101,10.1010101010101,10.1010101010101,10.1010101010101,10.1010101010101,10.1010101010101,10.1010101010101,10.1010101010101,10.1010101010101,10.1010101010101,20.2020202020202,20.2020202020202,20.2020202020202,20.2020202020202,20.2020202020202,20.2020202020202,20.2020202020202,20.2020202020202,20.2020202020202,20.2020202020202,20.2020202020202,20.2020202020202,30.3030303030303,30.3030303030303,30.3030303030303,30.3030303030303,30.3030303030303,30.3030303030303,30.3030303030303
0.5808080808080808,0.0,10.1010101010101,10.1010101010101,10.1010101010101,10.1010101010101,10.1010101010101,10.1010101010101,10.1010101010101,10.1010101010101,10.1010101010101,10.1010101010101,10.1010101010101,10.1010101010101,10.1010101010101,10.1010101010101,10.1010101010101,10.1010101010101,10.1010101010101,10.1010101010101,10.1010101010101,10.1010101010101,10.1010101010101,10.1010101010101,10.1010101010101,10.1010101010101,10.1010101010101,10.1010101010101,10.1010101010101,10.1010101010101,10.1010101010101,10.1010101010101,10.1010101010101,10.1010101010101,10.1010101010101,10.1010101010101,10.1010101010101,10.1010101010101,10.1010101010101,10.1010101010101,10.1010101010101,10.1010101010101,10.1010101010101,10.1010101010101,10.1010101010101,10.1010101010101,10.1010101010101,10.1010101010101,10.1010101010101,10.1010101010101,10.1010101010101,10.1010101010101,10.1010101010101,10.1010101010101,10.1010101010101,10.1010101010101,10.1010101010101,10.1010101010101,10.1010101010101,10.1010101010101,10.1010101010101,10.1010101010101,10.1010101010101,10.1010101010101,10.1010101010101,10.1010101010101,10.1010101010101,10.1010101010101,10.1010101010101,10.1010101010101,10.1010101010101,10.1010101010101,10.1010101010101,10.1010101010101,10.1010101010101,10.1010101010101,10.1010101010101,10.1010101010101,10.1010101010101,10.1010101010101,20.2020202020202,20.2020202020202,20.2020202020202,20.2020202020202,20.2020202020202,20.2020202020202,20.2020202020202,20.2020202020202,20.2020202020202,20.2020202020202,20.2020202020202,20.2020202020202,30.3030303030303,30.3030303030303,30.3030303030303,30.3030303030303,30.3030303030303,30.3030303030303,30.3030303030303,30.3030303030303,40.4040404040404
0.5909090909090909,0.0,10.1010101010101,10.1010101010101,10.1010101010101,10.1010101010101,10.1010101010101,10.1010101010101,10.1010101010101,10.1010101010101,10.1010101010101,10.1010101010101,10.1010101010101,10.1010101010101,10.1010101010101,10.1010101010101,10.1010101010101,10.1010101010101,10.1010101010101,10.1010101010101,10.1010101010101,10.1010101010101,10.1010101010101,10.1010101010101,10.1010101010101,10.1010101010101,10.1010101010101,10.1010101010101,10.1010101010101,10.1010101010101,10.1010101010101,10.1010101010101,10.1010101010101,10.1010101010101,10.1010101010101,10.1010101010101,10.1010101010101,10.1010101010101,10.1010101010101,10.1010101010101,10.1010101010101,10.1010101010101,10.1010101010101,10.1010101010101,10.1010101010101,10.1010101010101,10.1010101010101,10.1010101010101,10.1010101010101,10.1010101010101,10.1010101010101,10.1010101010101,10.1010101010101,10.1010101010101,10.1010101010101,10.1010101010101,10.1010101010101,10.1010101010101,10.1010101010101,10.1010101010101,10.1010101010101,10.1010101010101,10.1010101010101,10.1010101010101,10.1010101010101,10.1010101010101,10.1010101010101,10.1010101010101,10.1010101010101,10.1010101010101,10.1010101010101,10.1010101010101,10.1010101010101,10.1010101010101,10.1010101010101,10.1010101010101,10.1010101010101,10.1010101010101,10.1010101010101,20.2020202020202,20.2020202020202,20.2020202020202,20.2020202020202,20.2020202020202,20.2020202020202,20.2020202020202,20.2020202020202,20.2020202020202,20.2020202020202,20.2020202020202,30.3030303030303,30.3030303030303,30.3030303030303,30.3030303030303,30.3030303030303,30.3030303030303,30.3030303030303,30.3030303030303,40.4040404040404,40.4040404040404,40.4040404040404
0.601010101010101,0.0,10.1010101010101,10.1010101010101,10.1010101010101,10.1010101010101,10.1010101010101,10.1010101010101,10.1010101010101,10.1010101010101,10.1010101010101,10.1010101010101,10.1010101010101,10.1010101010101,10.1010101010101,10.1010101010101,10.1010101010101,10.1010101010101,10.1010101010101,10.1010101010101,10.1010101010101,10.1010101010101,10.1010101010101,10.1010101010101,10.1010101010101,10.1010101010101,10.1010101010101,10.1010101010101,10.1010101010101,10.1010101010101,10.1010101010101,10.1010101010101,10.1010101010101,10.1010101010101,10.1010101010101,10.1010101010101,10.1010101010101,10.1010101010101,10.1010101010101,10.1010101010101,10.1010101010101,10.1010101010101,10.1010101010101,10.1010101010101,10.1010101010101,10.1010101010101,10.1010101010101,10.1010101010101,10.1010101010101,10.1010101010101,10.1010101010101,10.1010101010101,10.1010101010101,10.1010101010101,10.1010101010101,10.1010101010101,10.1010101010101,10.1010101010101,10.1010101010101,10.1010101010101,10.1010101010101,10.1010101010101,10.1010101010101,10.1010101010101,10.1010101010101,10.1010101010101,10.1010101010101,10.1010101010101,10.1010101010101,10.1010101010101,10.1010101010101,10.1010101010101,10.1010101010101,10.1010101010101,10.1010101010101,10.1010101010101,10.1010101010101,20.2020202020202,20.2020202020202,20.2020202020202,20.2020202020202,20.2020202020202,20.2020202020202,20.2020202020202,20.2020202020202,20.2020202020202,20.2020202020202,20.2020202020202,30.3030303030303,30.3030303030303,30.3030303030303,30.3030303030303,30.3030303030303,30.3030303030303,30.3030303030303,40.4040404040404,40.4040404040404,40.4040404040404,40.4040404040404,40.4040404040404,40.4040404040404
0.6111111111111112,0.0,10.1010101010101,10.1010101010101,10.1010101010101,10.1010101010101,10.1010101010101,10.1010101010101,10.1010101010101,10.1010101010101,10.1010101010101,10.1010101010101,10.1010101010101,10.1010101010101,10.1010101010101,10.1010101010101,10.1010101010101,10.1010101010101,10.1010101010101,10.1010101010101,10.1010101010101,10.1010101010101,10.1010101010101,10.1010101010101,10.1010101010101,10.1010101010101,10.1010101010101,10.1010101010101,10.1010101010101,10.1010101010101,10.1010101010101,10.1010101010101,10.1010101010101,10.1010101010101,10.1010101010101,10.1010101010101,10.1010101010101,10.1010101010101,10.1010101010101,10.1010101010101,10.1010101010101,10.1010101010101,10.1010101010101,10.1010101010101,10.1010101010101,10.1010101010101,10.1010101010101,10.1010101010101,10.1010101010101,10.1010101010101,10.1010101010101,10.1010101010101,10.1010101010101,10.1010101010101,10.1010101010101,10.1010101010101,10.1010101010101,10.1010101010101,10.1010101010101,10.1010101010101,10.1010101010101,10.1010101010101,10.1010101010101,10.1010101010101,10.1010101010101,10.1010101010101,10.1010101010101,10.1010101010101,10.1010101010101,10.1010101010101,10.1010101010101,10.1010101010101,10.1010101010101,10.1010101010101,10.1010101010101,20.2020202020202,20.2020202020202,20.2020202020202,20.2020202020202,20.2020202020202,20.2020202020202,20.2020202020202,20.2020202020202,20.2020202020202,20.2020202020202,20.2020202020202,30.3030303030303,30.3030303030303,30.3030303030303,30.3030303030303,30.3030303030303,30.3030303030303,30.3030303030303,40.4040404040404,40.4040404040404,40.4040404040404,40.4040404040404,40.4040404040404,40.4040404040404,40.4040404040404,50.505050505050505
0.6212121212121212,0.0,10.1010101010101,10.1010101010101,10.1010101010101,10.1010101010101,10.1010101010101,10.1010101010101,10.1010101010101,10.1010101010101,10.1010101010101,10.1010101010101,10.1010101010101,10.1010101010101,10.1010101010101,10.1010101010101,10.1010101010101,10.1010101010101,10.1010101010101,10.1010101010101,10.1010101010101,10.1010101010101,10.1010101010101,10.1010101010101,10.1010101010101,10.1010101010101,10.1010101010101,10.1010101010101,10.1010101010101,10.1010101010101,10.1010101010101,10.1010101010101,10.1010101010101,10.1010101010101,10.1010101010101,10.1010101010101,10.1010101010101,10.1010101010101,10.1010101010101,10.1010101010101,10.1010101010101,10.1010101010101,10.1010101010101,10.1010101010101,10.1010101010101,10.1010101010101,10.1010101010101,10.1010101010101,10.1010101010101,10.1010101010101,10.1010101010101,10.1010101010101,10.1010101010101,10.1010101010101,10.1010101010101,10.1010101010101,10.1010101010101,10.1010101010101,10.1010101010101,10.1010101010101,10.1010101010101,10.1010101010101,10.1010101010101,10.1010101010101,10.1010101010101,10.1010101010101,10.1010101010101,10.1010101010101,10.1010101010101,10.1010101010101,10.1010101010101,10.1010101010101,10.1010101010101,10.1010101010101,20.2020202020202,20.2020202020202,20.2020202020202,20.2020202020202,20.2020202020202,20.2020202020202,20.2020202020202,20.2020202020202,20.2020202020202,20.2020202020202,30.3030303030303,30.3030303030303,30.3030303030303,30.3030303030303,30.3030303030303,30.3030303030303,30.3030303030303,40.4040404040404,40.4040404040404,40.4040404040404,40.4040404040404,40.4040404040404,40.4040404040404,50.505050505050505,50.505050505050505,50.505050505050505,50.505050505050505
0.6313131313131313,0.0,10.1010101010101,10.1010101010101,10.1010101010101,10.1010101010101,10.1010101010101,10.1010101010101,10.1010101010101,10.1010101010101,10.1010101010101,10.1010101010101,10.1010101010101,10.1010101010101,10.1010101010101,10.1010101010101,10.1010101010101,10.1010101010101,10.1010101010101,10.1010101010101,10.1010101010101,10.1010101010101,10.1010101010101,10.1010101010101,10.1010101010101,10.1010101010101,10.1010101010101,10.1010101010101,10.1010101010101,10.1010101010101,10.1010101010101,10.1010101010101,10.1010101010101,10.1010101010101,10.1010101010101,10.1010101010101,10.1010101010101,10.1010101010101,10.1010101010101,10.1010101010101,10.1010101010101,10.1010101010101,10.1010101010101,10.1010101010101,10.1010101010101,10.1010101010101,10.1010101010101,10.1010101010101,10.1010101010101,10.1010101010101,10.1010101010101,10.1010101010101,10.1010101010101,10.1010101010101,10.1010101010101,10.1010101010101,10.1010101010101,10.1010101010101,10.1010101010101,10.1010101010101,10.1010101010101,10.1010101010101,10.1010101010101,10.1010101010101,10.1010101010101,10.1010101010101,10.1010101010101,10.1010101010101,10.1010101010101,10.1010101010101,10.1010101010101,10.1010101010101,20.2020202020202,20.2020202020202,20.2020202020202,20.2020202020202,20.2020202020202,20.2020202020202,20.2020202020202,20.2020202020202,20.2020202020202,20.2020202020202,30.3030303030303,30.3030303030303,30.3030303030303,30.3030303030303,30.3030303030303,30.3030303030303,30.3030303030303,40.4040404040404,40.4040404040404,40.4040404040404,40.4040404040404,40.4040404040404,40.4040404040404,50.505050505050505,50.505050505050505,50.505050505050505,50.505050505050505,50.505050505050505,50.505050505050505
0.6414141414141414,0.0,10.1010101010101,10.1010101010101,10.1010101010101,10.1010101010101,10.1010101010101,10.1010101010101,10.1010101010101,10.1010101010101,10.1010101010101,10.1010101010101,10.1010101010101,10.1010101010101,10.1010101010101,10.1010101010101,10.1010101010101,10.1010101010101,10.1010101010101,10.1010101010101,10.1010101010101,10.1010101010101,10.1010101010101,10.1010101010101,10.1010101010101,10.1010101010101,10.1010101010101,10.1010101010101,10.1010101010101,10.1010101010101,10.1010101010101,10.1010101010101,10.1010101010101,10.1010101010101,10.1010101010101,10.1010101010101,10.1010101010101,10.1010101010101,10.1010101010101,10.1010101010101,10.1010101010101,10.1010101010101,10.1010101010101,10.1010101010101,10.1010101010101,10.1010101010101,10.1010101010101,10.1010101010101,10.1010101010101,10.1010101010101,10.1010101010101,10.1010101010101,10.1010101010101,10.1010101010101,10.1010101010101,10.1010101010101,10.1010101010101,10.1010101010101,10.1010101010101,10.1010101010101,10.1010101010101,10.1010101010101,10.1010101010101,10.1010101010101,10.1010101010101,10.1010101010101,10.1010101010101,10.1010101010101,10.1010101010101,10.1010101010101,20.2020202020202,20.2020202020202,20.2020202020202,20.2020202020202,20.2020202020202,20.2020202020202,20.2020202020202,20.2020202020202,20.2020202020202,20.2020202020202,30.3030303030303,30.3030303030303,30.3030303030303,30.3030303030303,30.3030303030303,30.3030303030303,30.3030303030303,40.4040404040404,40.4040404040404,40.4040404040404,40.4040404040404,40.4040404040404,40.4040404040404,50.505050505050505,50.505050505050505,50.505050505050505,50.505050505050505,50.505050505050505,60.6060606060606,60.6060606060606,60.6060606060606
0.6515151515151515,0.0,10.1010101010101,10.1010101010101,10.1010101010101,10.1010101010101,10.1010101010101,10.1010101010101,10.1010101010101,10.1010101010101,10.1010101010101,10.1010101010101,10.1010101010101,10.1010101010101,10.1010101010101,10.1010101010101,10.1010101010101,10.1010101010101,10.1010101010101,10.1010101010101,10.1010101010101,10.1010101010101,10.1010101010101,10.1010101010101,10.1010101010101,10.1010101010101,10.1010101010101,10.1010101010101,10.1010101010101,10.1010101010101,10.1010101010101,10.1010101010101,10.1010101010101,10.1010101010101,10.1010101010101,10.1010101010101,10.1010101010101,10.1010101010101,10.1010101010101,10.1010101010101,10.1010101010101,10.1010101010101,10.1010101010101,10.1010101010101,10.1010101010101,10.1010101010101,10.1010101010101,10.1010101010101,10.1010101010101,10.1010101010101,10.1010101010101,10.1010101010101,10.1010101010101,10.1010101010101,10.1010101010101,10.1010101010101,10.1010101010101,10.1010101010101,10.1010101010101,10.1010101010101,10.1010101010101,10.1010101010101,10.1010101010101,10.1010101010101,10.1010101010101,10.1010101010101,10.1010101010101,10.1010101010101,10.1010101010101,20.2020202020202,20.2020202020202,20.2020202020202,20.2020202020202,20.2020202020202,20.2020202020202,20.2020202020202,20.2020202020202,20.2020202020202,30.3030303030303,30.3030303030303,30.3030303030303,30.3030303030303,30.3030303030303,30.3030303030303,30.3030303030303,40.4040404040404,40.4040404040404,40.4040404040404,40.4040404040404,40.4040404040404,40.4040404040404,50.505050505050505,50.505050505050505,50.505050505050505,50.505050505050505,50.505050505050505,60.6060606060606,60.6060606060606,60.6060606060606,60.6060606060606,60.6060606060606
0.6616161616161617,0.0,10.1010101010101,10.1010101010101,10.1010101010101,10.1010101010101,10.1010101010101,10.1010101010101,10.1010101010101,10.1010101010101,10.1010101010101,10.1010101010101,10.1010101010101,10.1010101010101,10.1010101010101,10.1010101010101,10.1010101010101,10.1010101010101,10.1010101010101,10.1010101010101,10.1010101010101,10.1010101010101,10.1010101010101,10.1010101010101,10.1010101010101,10.1010101010101,10.1010101010101,10.1010101010101,10.1010101010101,10.1010101010101,10.1010101010101,10.1010101010101,10.1010101010101,10.1010101010101,10.1010101010101,10.1010101010101,10.1010101010101,10.1010101010101,10.1010101010101,10.1010101010101,10.1010101010101,10.1010101010101,10.1010101010101,10.1010101010101,10.1010101010101,10.1010101010101,10.1010101010101,10.1010101010101,10.1010101010101,10.1010101010101,10.1010101010101,10.1010101010101,10.1010101010101,10.1010101010101,10.1010101010101,10.1010101010101,10.1010101010101,10.1010101010101,10.1010101010101,10.1010101010101,10.1010101010101,10.1010101010101,10.1010101010101,10.1010101010101,10.1010101010101,10.1010101010101,10.1010101010101,20.2020202020202,20.2020202020202,20.2020202020202,20.2020202020202,20.2020202020202,20.2020202020202,20.2020202020202,20.2020202020202,20.2020202020202,20.2020202020202,30.3030303030303,30.3030303030303,30.3030303030303,30.3030303030303,30.3030303030303,30.3030303030303,30.3030303030303,40.4040404040404,40.4040404040404,40.4040404040404,40.4040404040404,40.4040404040404,50.505050505050505,50.505050505050505,50.505050505050505,50.505050505050505,50.505050505050505,60.6060606060606,60.6060606060606,60.6060606060606,60.6060606060606,60.6060606060606,70.7070707070707,70.7070707070707
0.6717171717171717,0.0,10.1010101010101,10.1010101010101,10.1010101010101,10.1010101010101,10.1010101010101,10.1010101010101,10.1010101010101,10.1010101010101,10.1010101010101,10.1010101010101,10.1010101010101,10.1010101010101,10.1010101010101,10.1010101010101,10.1010101010101,10.1010101010101,10.1010101010101,10.1010101010101,10.1010101010101,10.1010101010101,10.1010101010101,10.1010101010101,10.1010101010101,10.1010101010101,10.1010101010101,10.1010101010101,10.1010101010101,10.1010101010101,10.1010101010101,10.1010101010101,10.1010101010101,10.1010101010101,10.1010101010101,10.1010101010101,10.1010101010101,10.1010101010101,10.1010101010101,10.1010101010101,10.1010101010101,10.1010101010101,10.1010101010101,10.1010101010101,10.1010101010101,10.1010101010101,10.1010101010101,10.1010101010101,10.1010101010101,10.1010101010101,10.1010101010101,10.1010101010101,10.1010101010101,10.1010101010101,10.1010101010101,10.1010101010101,10.1010101010101,10.1010101010101,10.1010101010101,10.1010101010101,10.1010101010101,10.1010101010101,10.1010101010101,10.1010101010101,10.1010101010101,10.1010101010101,20.2020202020202,20.2020202020202,20.2020202020202,20.2020202020202,20.2020202020202,20.2020202020202,20.2020202020202,20.2020202020202,20.2020202020202,30.3030303030303,30.3030303030303,30.3030303030303,30.3030303030303,30.3030303030303,30.3030303030303,30.3030303030303,40.4040404040404,40.4040404040404,40.4040404040404,40.4040404040404,40.4040404040404,50.505050505050505,50.505050505050505,50.505050505050505,50.505050505050505,50.505050505050505,60.6060606060606,60.6060606060606,60.6060606060606,60.6060606060606,60.6060606060606,70.7070707070707,70.7070707070707,70.7070707070707,70.7070707070707
0.6818181818181819,0.0,10.1010101010101,10.1010101010101,10.1010101010101,10.1010101010101,10.1010101010101,10.1010101010101,10.1010101010101,10.1010101010101,10.1010101010101,10.1010101010101,10.1010101010101,10.1010101010101,10.1010101010101,10.1010101010101,10.1010101010101,10.1010101010101,10.1010101010101,10.1010101010101,10.1010101010101,10.1010101010101,10.1010101010101,10.1010101010101,10.1010101010101,10.1010101010101,10.1010101010101,10.1010101010101,10.1010101010101,10.1010101010101,10.1010101010101,10.1010101010101,10.1010101010101,10.1010101010101,10.1010101010101,10.1010101010101,10.1010101010101,10.1010101010101,10.1010101010101,10.1010101010101,10.1010101010101,10.1010101010101,10.1010101010101,10.1010101010101,10.1010101010101,10.1010101010101,10.1010101010101,10.1010101010101,10.1010101010101,10.1010101010101,10.1010101010101,10.1010101010101,10.1010101010101,10.1010101010101,10.1010101010101,10.1010101010101,10.1010101010101,10.1010101010101,10.1010101010101,10.1010101010101,10.1010101010101,10.1010101010101,10.1010101010101,10.1010101010101,10.1010101010101,20.2020202020202,20.2020202020202,20.2020202020202,20.2020202020202,20.2020202020202,20.2020202020202,20.2020202020202,20.2020202020202,30.3030303030303,30.3030303030303,30.3030303030303,30.3030303030303,30.3030303030303,30.3030303030303,30.3030303030303,40.4040404040404,40.4040404040404,40.4040404040404,40.4040404040404,40.4040404040404,50.505050505050505,50.505050505050505,50.505050505050505,50.505050505050505,50.505050505050505,60.6060606060606,60.6060606060606,60.6060606060606,60.6060606060606,70.7070707070707,70.7070707070707,70.7070707070707,70.7070707070707,80.8080808080808,80.8080808080808,80.8080808080808
0.6919191919191919,0.0,10.1010101010101,10.1010101010101,10.1010101010101,10.1010101010101,10.1010101010101,10.1010101010101,10.1010101010101,10.1010101010101,10.1010101010101,10.1010101010101,10.1010101010101,10.1010101010101,10.1010101010101,10.1010101010101,10.1010101010101,10.1010101010101,10.1010101010101,10.1010101010101,10.1010101010101,10.1010101010101,10.1010101010101,10.1010101010101,10.1010101010101,10.1010101010101,10.1010101010101,10.1010101010101,10.1010101010101,10.1010101010101,10.1010101010101,10.1010101010101,10.1010101010101,10.1010101010101,10.1010101010101,10.1010101010101,10.1010101010101,10.1010101010101,10.1010101010101,10.1010101010101,10.1010101010101,10.1010101010101,10.1010101010101,10.1010101010101,10.1010101010101,10.1010101010101,10.1010101010101,10.1010101010101,10.1010101010101,10.1010101010101,10.1010101010101,10.1010101010101,10.1010101010101,10.1010101010101,10.1010101010101,10.1010101010101,10.1010101010101,10.1010101010101,10.1010101010101,10.1010101010101,10.1010101010101,10.1010101010101,10.1010101010101,20.2020202020202,20.2020202020202,20.2020202020202,20.2020202020202,20.2020202020202,20.2020202020202,20.2020202020202,20.2020202020202,20.2020202020202,30.3030303030303,30.3030303030303,30.3030303030303,30.3030303030303,30.3030303030303,30.3030303030303,40.4040404040404,40.4040404040404,40.4040404040404,40.4040404040404,40.4040404040404,40.4040404040404,50.505050505050505,50.505050505050505,50.505050505050505,50.505050505050505,60.6060606060606,60.6060606060606,60.6060606060606,60.6060606060606,70.7070707070707,70.7070707070707,70.7070707070707,70.7070707070707,80.8080808080808,80.8080808080808,80.8080808080808,80.8080808080808,90.9090909090909
0.702020202020202,0.0,10.1010101010101,10.1010101010101,10.1010101010101,10.1010101010101,10.1010101010101,10.1010101010101,10.1010101010101,10.1010101010101,10.1010101010101,10.1010101010101,10.1010101010101,10.1010101010101,10.1010101010101,10.1010101010101,10.1010101010101,10.1010101010101,10.1010101010101,10.1010101010101,10.1010101010101,10.1010101010101,10.1010101010101,10.1010101010101,10.1010101010101,10.1010101010101,10.1010101010101,10.1010101010101,10.1010101010101,10.1010101010101,10.1010101010101,10.1010101010101,10.1010101010101,10.1010101010101,10.1010101010101,10.1010101010101,10.1010101010101,10.1010101010101,10.1010101010101,10.1010101010101,10.1010101010101,10.1010101010101,10.1010101010101,10.1010101010101,10.1010101010101,10.1010101010101,10.1010101010101,10.1010101010101,10.1010101010101,10.1010101010101,10.1010101010101,10.1010101010101,10.1010101010101,10.1010101010101,10.1010101010101,10.1010101010101,10.1010101010101,10.1010101010101,10.1010101010101,10.1010101010101,10.1010101010101,10.1010101010101,20.2020202020202,20.2020202020202,20.2020202020202,20.2020202020202,20.2020202020202,20.2020202020202,20.2020202020202,20.2020202020202,30.3030303030303,30.3030303030303,30.3030303030303,30.3030303030303,30.3030303030303,30.3030303030303,30.3030303030303,40.4040404040404,40.4040404040404,40.4040404040404,40.4040404040404,40.4040404040404,50.505050505050505,50.505050505050505,50.505050505050505,50.505050505050505,60.6060606060606,60.6060606060606,60.6060606060606,60.6060606060606,70.7070707070707,70.7070707070707,70.7070707070707,70.7070707070707,80.8080808080808,80.8080808080808,80.8080808080808,80.8080808080808,90.9090909090909,90.9090909090909,90.9090909090909
0.7121212121212122,0.0,10.1010101010101,10.1010101010101,10.1010101010101,10.1010101010101,10.1010101010101,10.1010101010101,10.1010101010101,10.1010101010101,10.1010101010101,10.1010101010101,10.1010101010101,10.1010101010101,10.1010101010101,10.1010101010101,10.1010101010101,10.1010101010101,10.1010101010101,10.1010101010101,10.1010101010101,10.1010101010101,10.1010101010101,10.1010101010101,10.1010101010101,10.1010101010101,10.1010101010101,10.1010101010101,10.1010101010101,10.1010101010101,10.1010101010101,10.1010101010101,10.1010101010101,10.1010101010101,10.1010101010101,10.1010101010101,10.1010101010101,10.1010101010101,10.1010101010101,10.1010101010101,10.1010101010101,10.1010101010101,10.1010101010101,10.1010101010101,10.1010101010101,10.1010101010101,10.1010101010101,10.1010101010101,10.1010101010101,10.1010101010101,10.1010101010101,10.1010101010101,10.1010101010101,10.1010101010101,10.1010101010101,10.1010101010101,10.1010101010101,10.1010101010101,10.1010101010101,10.1010101010101,20.2020202020202,20.2020202020202,20.2020202020202,20.2020202020202,20.2020202020202,20.2020202020202,20.2020202020202,20.2020202020202,20.2020202020202,30.3030303030303,30.3030303030303,30.3030303030303,30.3030303030303,30.3030303030303,30.3030303030303,40.4040404040404,40.4040404040404,40.4040404040404,40.4040404040404,40.4040404040404,50.505050505050505,50.505050505050505,50.505050505050505,50.505050505050505,60.6060606060606,60.6060606060606,60.6060606060606,60.6060606060606,70.7070707070707,70.7070707070707,70.7070707070707,70.7070707070707,80.8080808080808,80.8080808080808,80.8080808080808,80.8080808080808,90.9090909090909,90.9090909090909,90.9090909090909,101.01010101010101,101.01010101010101
0.7222222222222222,0.0,10.1010101010101,10.1010101010101,10.1010101010101,10.1010101010101,10.1010101010101,10.1010101010101,10.1010101010101,10.1010101010101,10.1010101010101,10.1010101010101,10.1010101010101,10.1010101010101,10.1010101010101,10.1010101010101,10.1010101010101,10.1010101010101,10.1010101010101,10.1010101010101,10.1010101010101,10.1010101010101,10.1010101010101,10.1010101010101,10.1010101010101,10.1010101010101,10.1010101010101,10.1010101010101,10.1010101010101,10.1010101010101,10.1010101010101,10.1010101010101,10.1010101010101,10.1010101010101,10.1010101010101,10.1010101010101,10.1010101010101,10.1010101010101,10.1010101010101,10.1010101010101,10.1010101010101,10.1010101010101,10.1010101010101,10.1010101010101,10.1010101010101,10.1010101010101,10.1010101010101,10.1010101010101,10.1010101010101,10.1010101010101,10.1010101010101,10.1010101010101,10.1010101010101,10.1010101010101,10.1010101010101,10.1010101010101,10.1010101010101,10.1010101010101,10.1010101010101,20.2020202020202,20.2020202020202,20.2020202020202,20.2020202020202,20.2020202020202,20.2020202020202,20.2020202020202,20.2020202020202,30.3030303030303,30.3030303030303,30.3030303030303,30.3030303030303,30.3030303030303,30.3030303030303,40.4040404040404,40.4040404040404,40.4040404040404,40.4040404040404,40.4040404040404,50.505050505050505,50.505050505050505,50.505050505050505,50.505050505050505,60.6060606060606,60.6060606060606,60.6060606060606,60.6060606060606,70.7070707070707,70.7070707070707,70.7070707070707,70.7070707070707,80.8080808080808,80.8080808080808,80.8080808080808,90.9090909090909,90.9090909090909,90.9090909090909,90.9090909090909,101.01010101010101,101.01010101010101,101.01010101010101,111.1111111111111
0.7323232323232324,0.0,10.1010101010101,10.1010101010101,10.1010101010101,10.1010101010101,10.1010101010101,10.1010101010101,10.1010101010101,10.1010101010101,10.1010101010101,10.1010101010101,10.1010101010101,10.1010101010101,10.1010101010101,10.1010101010101,10.1010101010101,10.1010101010101,10.1010101010101,10.1010101010101,10.1010101010101,10.1010101010101,10.1010101010101,10.1010101010101,10.1010101010101,10.1010101010101,10.1010101010101,10.1010101010101,10.1010101010101,10.1010101010101,10.1010101010101,10.1010101010101,10.1010101010101,10.1010101010101,10.1010101010101,10.1010101010101,10.1010101010101,10.1010101010101,10.1010101010101,10.1010101010101,10.1010101010101,10.1010101010101,10.1010101010101,10.1010101010101,10.1010101010101,10.1010101010101,10.1010101010101,10.1010101010101,10.1010101010101,10.1010101010101,10.1010101010101,10.1010101010101,10.1010101010101,10.1010101010101,10.1010101010101,10.1010101010101,10.1010101010101,10.1010101010101,20.2020202020202,20.2020202020202,20.2020202020202,20.2020202020202,20.2020202020202,20.2020202020202,20.2020202020202,20.2020202020202,30.3030303030303,30.3030303030303,30.3030303030303,30.3030303030303,30.3030303030303,30.3030303030303,40.4040404040404,40.4040404040404,40.4040404040404,40.4040404040404,50.505050505050505,50.505050505050505,50.505050505050505,50.505050505050505,50.505050505050505,60.6060606060606,60.6060606060606,60.6060606060606,70.7070707070707,70.7070707070707,70.7070707070707,70.7070707070707,80.8080808080808,80.8080808080808,80.8080808080808,90.9090909090909,90.9090909090909,90.9090909090909,101.01010101010101,101.01010101010101,101.01010101010101,111.1111111111111,111.1111111111111,111.1111111111111,121.2121212121212
0.7424242424242424,0.0,10.1010101010101,10.1010101010101,10.1010101010101,10.1010101010101,10.1010101010101,10.1010101010101,10.1010101010101,10.1010101010101,10.1010101010101,10.1010101010101,10.1010101010101,10.1010101010101,10.1010101010101,10.1010101010101,10.1010101010101,10.1010101010101,10.1010101010101,10.1010101010101,10.1010101010101,10.1010101010101,10.1010101010101,10.1010101010101,10.1010101010101,10.1010101010101,10.1010101010101,10.1010101010101,10.1010101010101,10.1010101010101,10.1010101010101,10.1010101010101,10.1010101010101,10.1010101010101,10.1010101010101,10.1010101010101,10.1010101010101,10.1010101010101,10.1010101010101,10.1010101010101,10.1010101010101,10.1010101010101,10.1010101010101,10.1010101010101,10.1010101010101,10.1010101010101,10.1010101010101,10.1010101010101,10.1010101010101,10.1010101010101,10.1010101010101,10.1010101010101,10.1010101010101,10.1010101010101,10.1010101010101,10.1010101010101,10.1010101010101,20.2020202020202,20.2020202020202,20.2020202020202,20.2020202020202,20.2020202020202,20.2020202020202,20.2020202020202,30.3030303030303,30.3030303030303,30.3030303030303,30.3030303030303,30.3030303030303,30.3030303030303,40.4040404040404,40.4040404040404,40.4040404040404,40.4040404040404,40.4040404040404,50.505050505050505,50.505050505050505,50.505050505050505,50.505050505050505,60.6060606060606,60.6060606060606,60.6060606060606,60.6060606060606,70.7070707070707,70.7070707070707,70.7070707070707,80.8080808080808,80.8080808080808,80.8080808080808,90.9090909090909,90.9090909090909,90.9090909090909,101.01010101010101,101.01010101010101,101.01010101010101,111.1111111111111,111.1111111111111,111.1111111111111,121.2121212121212,121.2121212121212,121.2121212121212
0.7525252525252526,0.0,10.1010101010101,10.1010101010101,10.1010101010101,10.1010101010101,10.1010101010101,10.1010101010101,10.1010101010101,10.1010101010101,10.1010101010101,10.1010101010101,10.1010101010101,10.1010101010101,10.1010101010101,10.1010101010101,10.1010101010101,10.1010101010101,10.1010101010101,10.1010101010101,10.1010101010101,10.1010101010101,10.1010101010101,10.1010101010101,10.1010101010101,10.1010101010101,10.1010101010101,10.1010101010101,10.1010101010101,10.1010101010101,10.1010101010101,10.1010101010101,10.1010101010101,10.1010101010101,10.1010101010101,10.1010101010101,10.1010101010101,10.1010101010101,10.1010101010101,10.1010101010101,10.1010101010101,10.1010101010101,10.1010101010101,10.1010101010101,10.1010101010101,10.1010101010101,10.1010101010101,10.1010101010101,10.1010101010101,10.1010101010101,10.1010101010101,10.1010101010101,10.1010101010101,10.1010101010101,10.1010101010101,20.2020202020202,20.2020202020202,20.2020202020202,20.2020202020202,20.2020202020202,20.2020202020202,20.2020202020202,20.2020202020202,30.3030303030303,30.3030303030303,30.3030303030303,30.3030303030303,30.3030303030303,40.4040404040404,40.4040404040404,40.4040404040404,40.4040404040404,40.4040404040404,50.505050505050505,50.505050505050505,50.505050505050505,50.505050505050505,60.6060606060606,60.6060606060606,60.6060606060606,60.6060606060606,70.7070707070707,70.7070707070707,70.7070707070707,80.8080808080808,80.8080808080808,80.8080808080808,90.9090909090909,90.9090909090909,90.9090909090909,101.01010101010101,101.01010101010101,101.01010101010101,111.1111111111111,111.1111111111111,111.1111111111111,121.2121212121212,121.2121212121212,121.2121212121212,131.3131313131313,131.3131313131313
0.7626262626262627,0.0,10.1010101010101,10.1010101010101,10.1010101010101,10.1010101010101,10.1010101010101,10.1010101010101,10.1010101010101,10.1010101010101,10.1010101010101,10.1010101010101,10.1010101010101,10.1010101010101,10.1010101010101,10.1010101010101,10.1010101010101,10.1010101010101,10.1010101010101,10.1010101010101,10.1010101010101,10.1010101010101,10.1010101010101,10.1010101010101,10.1010101010101,10.1010101010101,10.1010101010101,10.1010101010101,10.1010101010101,10.1010101010101,10.1010101010101,10.1010101010101,10.1010101010101,10.1010101010101,10.1010101010101,10.1010101010101,10.1010101010101,10.1010101010101,10.1010101010101,10.1010101010101,10.1010101010101,10.1010101010101,10.1010101010101,10.1010101010101,10.1010101010101,10.1010101010101,10.1010101010101,10.1010101010101,10.1010101010101,10.1010101010101,10.1010101010101,10.1010101010101,10.1010101010101,10.1010101010101,20.2020202020202,20.2020202020202,20.2020202020202,20.2020202020202,20.2020202020202,20.2020202020202,20.2020202020202,30.3030303030303,30.3030303030303,30.3030303030303,30.3030303030303,30.3030303030303,30.3030303030303,40.4040404040404,40.4040404040404,40.4040404040404,40.4040404040404,50.505050505050505,50.505050505050505,50.505050505050505,50.505050505050505,60.6060606060606,60.6060606060606,60.6060606060606,60.6060606060606,70.7070707070707,70.7070707070707,70.7070707070707,80.8080808080808,80.8080808080808,80.8080808080808,90.9090909090909,90.9090909090909,90.9090909090909,101.01010101010101,101.01010101010101,101.01010101010101,111.1111111111111,111.1111111111111,111.1111111111111,121.2121212121212,121.2121212121212,131.3131313131313,131.3131313131313,131.3131313131313,141.4141414141414,141.4141414141414
0.7727272727272727,0.0,10.1010101010101,10.1010101010101,10.1010101010101,10.1010101010101,10.1010101010101,10.1010101010101,10.1010101010101,10.1010101010101,10.1010101010101,10.1010101010101,10.1010101010101,10.1010101010101,10.1010101010101,10.1010101010101,10.1010101010101,10.1010101010101,10.1010101010101,10.1010101010101,10.1010101010101,10.1010101010101,10.1010101010101,10.1010101010101,10.1010101010101,10.1010101010101,10.1010101010101,10.1010101010101,10.1010101010101,10.1010101010101,10.1010101010101,10.1010101010101,10.1010101010101,10.1010101010101,10.1010101010101,10.1010101010101,10.1010101010101,10.1010101010101,10.1010101010101,10.1010101010101,10.1010101010101,10.1010101010101,10.1010101010101,10.1010101010101,10.1010101010101,10.1010101010101,10.1010101010101,10.1010101010101,10.1010101010101,10.1010101010101,10.1010101010101,10.1010101010101,10.1010101010101,20.2020202020202,20.2020202020202,20.2020202020202,20.2020202020202,20.2020202020202,20.2020202020202,20.2020202020202,30.3030303030303,30.3030303030303,30.3030303030303,30.3030303030303,30.3030303030303,40.4040404040404,40.4040404040404,40.4040404040404,40.4040404040404,40.4040404040404,50.505050505050505,50.505050505050505,50.505050505050505,50.505050505050505,60.6060606060606,60.6060606060606,60.6060606060606,70.7070707070707,70.7070707070707,70.7070707070707,80.8080808080808,80.8080808080808,80.8080808080808,90.9090909090909,90.9090909090909,90.9090909090909,101.01010101010101,101.01010101010101,101.01010101010101,111.1111111111111,111.1111111111111,121.2121212121212,121.2121212121212,121.2121212121212,131.3131313131313,131.3131313131313,141.4141414141414,141.4141414141414,141.4141414141414,151.5151515151515,151.5151515151515
0.7828282828282829,0.0,10.1010101010101,10.1010101010101,10.1010101010101,10.1010101010101,10.1010101010101,10.1010101010101,10.1010101010101,10.1010101010101,10.1010101010101,10.1010101010101,10.1010101010101,10.1010101010101,10.1010101010101,10.1010101010101,10.1010101010101,10.1010101010101,10.1010101010101,10.1010101010101,10.1010101010101,10.1010101010101,10.1010101010101,10.1010101010101,10.1010101010101,10.1010101010101,10.1010101010101,10.1010101010101,10.1010101010101,10.1010101010101,10.1010101010101,10.1010101010101,10.1010101010101,10.1010101010101,10.1010101010101,10.1010101010101,10.1010101010101,10.1010101010101,10.1010101010101,10.1010101010101,10.1010101010101,10.1010101010101,10.1010101010101,10.1010101010101,10.1010101010101,10.1010101010101,10.1010101010101,10.1010101010101,10.1010101010101,10.1010101010101,10.1010101010101,10.1010101010101,20.2020202020202,20.2020202020202,20.2020202020202,20.2020202020202,20.2020202020202,20.2020202020202,20.2020202020202,30.3030303030303,30.3030303030303,30.3030303030303,30.3030303030303,30.3030303030303,40.4040404040404,40.4040404040404,40.4040404040404,40.4040404040404,50.505050505050505,50.505050505050505,50.505050505050505,50.505050505050505,60.6060606060606,60.6060606060606,60.6060606060606,70.7070707070707,70.7070707070707,70.7070707070707,80.8080808080808,80.8080808080808,80.8080808080808,90.9090909090909,90.9090909090909,90.9090909090909,101.01010101010101,101.01010101010101,101.01010101010101,111.1111111111111,111.1111111111111,121.2121212121212,121.2121212121212,121.2121212121212,131.3131313131313,131.3131313131313,141.4141414141414,141.4141414141414,141.4141414141414,151.5151515151515,151.5151515151515,161.6161616161616,161.6161616161616
0.7929292929292929,0.0,10.1010101010101,10.1010101010101,10.1010101010101,10.1010101010101,10.1010101010101,10.1010101010101,10.1010101010101,10.1010101010101,10.1010101010101,10.1010101010101,10.1010101010101,10.1010101010101,10.1010101010101,10.1010101010101,10.1010101010101,10.1010101010101,10.1010101010101,10.1010101010101,10.1010101010101,10.1010101010101,10.1010101010101,10.1010101010101,10.1010101010101,10.1010101010101,10.1010101010101,10.1010101010101,10.1010101010101,10.1010101010101,10.1010101010101,10.1010101010101,10.1010101010101,10.1010101010101,10.1010101010101,10.1010101010101,10.1010101010101,10.1010101010101,10.1010101010101,10.1010101010101,10.1010101010101,10.1010101010101,10.1010101010101,10.1010101010101,10.1010101010101,10.1010101010101,10.1010101010101,10.1010101010101,10.1010101010101,10.1010101010101,20.2020202020202,20.2020202020202,20.2020202020202,20.2020202020202,20.2020202020202,20.2020202020202,20.2020202020202,30.3030303030303,30.3030303030303,30.3030303030303,30.3030303030303,30.3030303030303,40.4040404040404,40.4040404040404,40.4040404040404,40.4040404040404,40.4040404040404,50.505050505050505,50.505050505050505,50.505050505050505,60.6060606060606,60.6060606060606,60.6060606060606,70.7070707070707,70.7070707070707,70.7070707070707,70.7070707070707,80.8080808080808,80.8080808080808,90.9090909090909,90.9090909090909,90.9090909090909,101.01010101010101,101.01010101010101,101.01010101010101,111.1111111111111,111.1111111111111,121.2121212121212,121.2121212121212,121.2121212121212,131.3131313131313,131.3131313131313,141.4141414141414,141.4141414141414,151.5151515151515,151.5151515151515,161.6161616161616,161.6161616161616,161.6161616161616,171.7171717171717,171.7171717171717
0.803030303030303,0.0,10.1010101010101,10.1010101010101,10.1010101010101,10.1010101010101,10.1010101010101,10.1010101010101,10.1010101010101,10.1010101010101,10.1010101010101,10.1010101010101,10.1010101010101,10.1010101010101,10.1010101010101,10.1010101010101,10.1010101010101,10.1010101010101,10.1010101010101,10.1010101010101,10.1010101010101,10.1010101010101,10.1010101010101,10.1010101010101,10.1010101010101,10.1010101010101,10.1010101010101,10.1010101010101,10.1010101010101,10.1010101010101,10.1010101010101,10.1010101010101,10.1010101010101,10.1010101010101,10.1010101010101,10.1010101010101,10.1010101010101,10.1010101010101,10.1010101010101,10.1010101010101,10.1010101010101,10.1010101010101,10.1010101010101,10.1010101010101,10.1010101010101,10.1010101010101,10.1010101010101,10.1010101010101,10.1010101010101,20.2020202020202,20.2020202020202,20.2020202020202,20.2020202020202,20.2020202020202,20.2020202020202,20.2020202020202,30.3030303030303,30.3030303030303,30.3030303030303,30.3030303030303,30.3030303030303,40.4040404040404,40.4040404040404,40.4040404040404,40.4040404040404,50.505050505050505,50.505050505050505,50.505050505050505,60.6060606060606,60.6060606060606,60.6060606060606,60.6060606060606,70.7070707070707,70.7070707070707,70.7070707070707,80.8080808080808,80.8080808080808,90.9090909090909,90.9090909090909,90.9090909090909,101.01010101010101,101.01010101010101,101.01010101010101,111.1111111111111,111.1111111111111,121.2121212121212,121.2121212121212,131.3131313131313,131.3131313131313,131.3131313131313,141.4141414141414,141.4141414141414,151.5151515151515,151.5151515151515,161.6161616161616,161.6161616161616,171.7171717171717,171.7171717171717,181.8181818181818,181.8181818181818,191.91919191919192
0.8131313131313131,0.0,10.1010101010101,10.1010101010101,10.1010101010101,10.1010101010101,10.1010101010101,10.1010101010101,10.1010101010101,10.1010101010101,10.1010101010101,10.1010101010101,10.1010101010101,10.1010101010101,10.1010101010101,10.1010101010101,10.1010101010101,10.1010101010101,10.1010101010101,10.1010101010101,10.1010101010101,10.1010101010101,10.1010101010101,10.1010101010101,10.1010101010101,10.1010101010101,10.1010101010101,10.1010101010101,10.1010101010101,10.1010101010101,10.1010101010101,10.1010101010101,10.1010101010101,10.1010101010101,10.1010101010101,10.1010101010101,10.1010101010101,10.1010101010101,10.1010101010101,10.1010101010101,10.1010101010101,10.1010101010101,10.1010101010101,10.1010101010101,10.1010101010101,10.1010101010101,10.1010101010101,10.1010101010101,20.2020202020202,20.2020202020202,20.2020202020202,20.2020202020202,20.2020202020202,20.2020202020202,20.2020202020202,30.3030303030303,30.3030303030303,30.3030303030303,30.3030303030303,40.4040404040404,40.4040404040404,40.4040404040404,40.4040404040404,50.505050505050505,50.505050505050505,50.505050505050505,50.505050505050505,60.6060606060606,60.6060606060606,60.6060606060606,70.7070707070707,70.7070707070707,70.7070707070707,80.8080808080808,80.8080808080808,80.8080808080808,90.9090909090909,90.9090909090909,101.01010101010101,101.01010101010101,101.01010101010101,111.1111111111111,111.1111111111111,121.2121212121212,121.2121212121212,131.3131313131313,131.3131313131313,131.3131313131313,141.4141414141414,141.4141414141414,151.5151515151515,151.5151515151515,161.6161616161616,161.6161616161616,171.7171717171717,171.7171717171717,181.8181818181818,181.8181818181818,191.91919191919192,191.91919191919192,202.02020202020202
0.8232323232323233,0.0,10.1010101010101,10.1010101010101,10.1010101010101,10.1010101010101,10.1010101010101,10.1010101010101,10.1010101010101,10.1010101010101,10.1010101010101,10.1010101010101,10.1010101010101,10.1010101010101,10.1010101010101,10.1010101010101,10.1010101010101,10.1010101010101,10.1010101010101,10.1010101010101,10.1010101010101,10.1010101010101,10.1010101010101,10.1010101010101,10.1010101010101,10.1010101010101,10.1010101010101,10.1010101010101,10.1010101010101,10.1010101010101,10.1010101010101,10.1010101010101,10.1010101010101,10.1010101010101,10.1010101010101,10.1010101010101,10.1010101010101,10.1010101010101,10.1010101010101,10.1010101010101,10.1010101010101,10.1010101010101,10.1010101010101,10.1010101010101,10.1010101010101,10.1010101010101,10.1010101010101,20.2020202020202,20.2020202020202,20.2020202020202,20.2020202020202,20.2020202020202,20.2020202020202,30.3030303030303,30.3030303030303,30.3030303030303,30.3030303030303,30.3030303030303,40.4040404040404,40.4040404040404,40.4040404040404,40.4040404040404,50.505050505050505,50.505050505050505,50.505050505050505,60.6060606060606,60.6060606060606,60.6060606060606,70.7070707070707,70.7070707070707,70.7070707070707,80.8080808080808,80.8080808080808,80.8080808080808,90.9090909090909,90.9090909090909,101.01010101010101,101.01010101010101,101.01010101010101,111.1111111111111,111.1111111111111,121.2121212121212,121.2121212121212,131.3131313131313,131.3131313131313,141.4141414141414,141.4141414141414,151.5151515151515,151.5151515151515,161.6161616161616,161.6161616161616,161.6161616161616,171.7171717171717,181.8181818181818,181.8181818181818,191.91919191919192,191.91919191919192,202.02020202020202,202.02020202020202,212.1212121212121,212.1212121212121
0.8333333333333334,0.0,10.1010101010101,10.1010101010101,10.1010101010101,10.1010101010101,10.1010101010101,10.1010101010101,10.1010101010101,10.1010101010101,10.1010101010101,10.1010101010101,10.1010101010101,10.1010101010101,10.1010101010101,10.1010101010101,10.1010101010101,10.1010101010101,10.1010101010101,10.1010101010101,10.1010101010101,10.1010101010101,10.1010101010101,10.1010101010101,10.1010101010101,10.1010101010101,10.1010101010101,10.1010101010101,10.1010101010101,10.1010101010101,10.1010101010101,10.1010101010101,10.1010101010101,10.1010101010101,10.1010101010101,10.1010101010101,10.1010101010101,10.1010101010101,10.1010101010101,10.1010101010101,10.1010101010101,10.1010101010101,10.1010101010101,10.1010101010101,10.1010101010101,10.1010101010101,20.2020202020202,20.2020202020202,20.2020202020202,20.2020202020202,20.2020202020202,20.2020202020202,30.3030303030303,30.3030303030303,30.3030303030303,30.3030303030303,40.4040404040404,40.4040404040404,40.4040404040404,40.4040404040404,50.505050505050505,50.505050505050505,50.505050505050505,60.6060606060606,60.6060606060606,60.6060606060606,70.7070707070707,70.7070707070707,70.7070707070707,80.8080808080808,80.8080808080808,80.8080808080808,90.9090909090909,90.9090909090909,101.01010101010101,101.01010101010101,101.01010101010101,111.1111111111111,111.1111111111111,121.2121212121212,121.2121212121212,131.3131313131313,131.3131313131313,141.4141414141414,141.4141414141414,151.5151515151515,151.5151515151515,161.6161616161616,161.6161616161616,171.7171717171717,171.7171717171717,181.8181818181818,181.8181818181818,191.91919191919192,191.91919191919192,202.02020202020202,202.02020202020202,212.1212121212121,212.1212121212121,222.2222222222222,232.3232323232323
0.8434343434343434,0.0,10.1010101010101,10.1010101010101,10.1010101010101,10.1010101010101,10.1010101010101,10.1010101010101,10.1010101010101,10.1010101010101,10.1010101010101,10.1010101010101,10.1010101010101,10.1010101010101,10.1010101010101,10.1010101010101,10.1010101010101,10.1010101010101,10.1010101010101,10.1010101010101,10.1010101010101,10.1010101010101,10.1010101010101,10.1010101010101,10.1010101010101,10.1010101010101,10.1010101010101,10.1010101010101,10.1010101010101,10.1010101010101,10.1010101010101,10.1010101010101,10.1010101010101,10.1010101010101,10.1010101010101,10.1010101010101,10.1010101010101,10.1010101010101,10.1010101010101,10.1010101010101,10.1010101010101,10.1010101010101,10.1010101010101,10.1010101010101,20.2020202020202,20.2020202020202,20.2020202020202,20.2020202020202,20.2020202020202,20.2020202020202,30.3030303030303,30.3030303030303,30.3030303030303,30.3030303030303,30.3030303030303,40.4040404040404,40.4040404040404,40.4040404040404,40.4040404040404,50.505050505050505,50.505050505050505,50.505050505050505,60.6060606060606,60.6060606060606,60.6060606060606,70.7070707070707,70.7070707070707,80.8080808080808,80.8080808080808,80.8080808080808,90.9090909090909,90.9090909090909,101.01010101010101,101.01010101010101,101.01010101010101,111.1111111111111,111.1111111111111,121.2121212121212,121.2121212121212,131.3131313131313,131.3131313131313,141.4141414141414,141.4141414141414,151.5151515151515,151.5151515151515,161.6161616161616,161.6161616161616,171.7171717171717,171.7171717171717,181.8181818181818,191.91919191919192,191.91919191919192,202.02020202020202,202.02020202020202,212.1212121212121,212.1212121212121,222.2222222222222,222.2222222222222,232.3232323232323,242.4242424242424,242.4242424242424
0.8535353535353536,0.0,10.1010101010101,10.1010101010101,10.1010101010101,10.1010101010101,10.1010101010101,10.1010101010101,10.1010101010101,10.1010101010101,10.1010101010101,10.1010101010101,10.1010101010101,10.1010101010101,10.1010101010101,10.1010101010101,10.1010101010101,10.1010101010101,10.1010101010101,10.1010101010101,10.1010101010101,10.1010101010101,10.1010101010101,10.1010101010101,10.1010101010101,10.1010101010101,10.1010101010101,10.1010101010101,10.1010101010101,10.1010101010101,10.1010101010101,10.1010101010101,10.1010101010101,10.1010101010101,10.1010101010101,10.1010101010101,10.1010101010101,10.1010101010101,10.1010101010101,10.1010101010101,10.1010101010101,10.1010101010101,10.1010101010101,20.2020202020202,20.2020202020202,20.2020202020202,20.2020202020202,20.2020202020202,20.2020202020202,30.3030303030303,30.3030303030303,30.3030303030303,30.3030303030303,40.4040404040404,40.4040404040404,40.4040404040404,40.4040404040404,50.505050505050505,50.505050505050505,50.505050505050505,60.6060606060606,60.6060606060606,60.6060606060606,70.7070707070707,70.7070707070707,70.7070707070707,80.8080808080808,80.8080808080808,90.9090909090909,90.9090909090909,101.01010101010101,101.01010101010101,111.1111111111111,111.1111111111111,111.1111111111111,121.2121212121212,121.2121212121212,131.3131313131313,131.3131313131313,141.4141414141414,141.4141414141414,151.5151515151515,161.6161616161616,161.6161616161616,171.7171717171717,171.7171717171717,181.8181818181818,181.8181818181818,191.91919191919192,191.91919191919192,202.02020202020202,212.1212121212121,212.1212121212121,222.2222222222222,222.2222222222222,232.3232323232323,232.3232323232323,242.4242424242424,252.5252525252525,252.5252525252525,262.6262626262626
0.8636363636363636,0.0,10.1010101010101,10.1010101010101,10.1010101010101,10.1010101010101,10.1010101010101,10.1010101010101,10.1010101010101,10.1010101010101,10.1010101010101,10.1010101010101,10.1010101010101,10.1010101010101,10.1010101010101,10.1010101010101,10.1010101010101,10.1010101010101,10.1010101010101,10.1010101010101,10.1010101010101,10.1010101010101,10.1010101010101,10.1010101010101,10.1010101010101,10.1010101010101,10.1010101010101,10.1010101010101,10.1010101010101,10.1010101010101,10.1010101010101,10.1010101010101,10.1010101010101,10.1010101010101,10.1010101010101,10.1010101010101,10.1010101010101,10.1010101010101,10.1010101010101,10.1010101010101,10.1010101010101,10.1010101010101,20.2020202020202,20.2020202020202,20.2020202020202,20.2020202020202,20.2020202020202,20.2020202020202,30.3030303030303,30.3030303030303,30.3030303030303,30.3030303030303,40.4040404040404,40.4040404040404,40.4040404040404,50.505050505050505,50.505050505050505,50.505050505050505,60.6060606060606,60.6060606060606,60.6060606060606,70.7070707070707,70.7070707070707,70.7070707070707,80.8080808080808,80.8080808080808,90.9090909090909,90.9090909090909,101.01010101010101,101.01010101010101,111.1111111111111,111.1111111111111,121.2121212121212,121.2121212121212,131.3131313131313,131.3131313131313,141.4141414141414,141.4141414141414,151.5151515151515,151.5151515151515,161.6161616161616,161.6161616161616,171.7171717171717,171.7171717171717,181.8181818181818,191.91919191919192,191.91919191919192,202.02020202020202,202.02020202020202,212.1212121212121,212.1212121212121,222.2222222222222,232.3232323232323,232.3232323232323,242.4242424242424,252.5252525252525,252.5252525252525,262.6262626262626,262.6262626262626,272.7272727272727,282.8282828282828
0.8737373737373737,0.0,10.1010101010101,10.1010101010101,10.1010101010101,10.1010101010101,10.1010101010101,10.1010101010101,10.1010101010101,10.1010101010101,10.1010101010101,10.1010101010101,10.1010101010101,10.1010101010101,10.1010101010101,10.1010101010101,10.1010101010101,10.1010101010101,10.1010101010101,10.1010101010101,10.1010101010101,10.1010101010101,10.1010101010101,10.1010101010101,10.1010101010101,10.1010101010101,10.1010101010101,10.1010101010101,10.1010101010101,10.1010101010101,10.1010101010101,10.1010101010101,10.1010101010101,10.1010101010101,10.1010101010101,10.1010101010101,10.1010101010101,10.1010101010101,10.1010101010101,10.1010101010101,10.1010101010101,20.2020202020202,20.2020202020202,20.2020202020202,20.2020202020202,20.2020202020202,30.3030303030303,30.3030303030303,30.3030303030303,30.3030303030303,40.4040404040404,40.4040404040404,40.4040404040404,40.4040404040404,50.505050505050505,50.505050505050505,50.505050505050505,60.6060606060606,60.6060606060606,70.7070707070707,70.7070707070707,70.7070707070707,80.8080808080808,80.8080808080808,90.9090909090909,90.9090909090909,101.01010101010101,101.01010101010101,111.1111111111111,111.1111111111111,121.2121212121212,121.2121212121212,131.3131313131313,131.3131313131313,141.4141414141414,141.4141414141414,151.5151515151515,151.5151515151515,161.6161616161616,171.7171717171717,171.7171717171717,181.8181818181818,181.8181818181818,191.91919191919192,191.91919191919192,202.02020202020202,212.1212121212121,212.1212121212121,222.2222222222222,232.3232323232323,232.3232323232323,242.4242424242424,242.4242424242424,252.5252525252525,262.6262626262626,262.6262626262626,272.7272727272727,282.8282828282828,282.8282828282828,292.9292929292929,303.030303030303
0.8838383838383839,0.0,10.1010101010101,10.1010101010101,10.1010101010101,10.1010101010101,10.1010101010101,10.1010101010101,10.1010101010101,10.1010101010101,10.1010101010101,10.1010101010101,10.1010101010101,10.1010101010101,10.1010101010101,10.1010101010101,10.1010101010101,10.1010101010101,10.1010101010101,10.1010101010101,10.1010101010101,10.1010101010101,10.1010101010101,10.1010101010101,10.1010101010101,10.1010101010101,10.1010101010101,10.1010101010101,10.1010101010101,10.1010101010101,10.1010101010101,10.1010101010101,10.1010101010101,10.1010101010101,10.1010101010101,10.1010101010101,10.1010101010101,10.1010101010101,10.1010101010101,10.1010101010101,20.2020202020202,20.2020202020202,20.2020202020202,20.2020202020202,20.2020202020202,30.3030303030303,30.3030303030303,30.3030303030303,30.3030303030303,40.4040404040404,40.4040404040404,40.4040404040404,50.505050505050505,50.505050505050505,50.505050505050505,60.6060606060606,60.6060606060606,60.6060606060606,70.7070707070707,70.7070707070707,80.8080808080808,80.8080808080808,90.9090909090909,90.9090909090909,101.01010101010101,101.01010101010101,111.1111111111111,111.1111111111111,121.2121212121212,121.2121212121212,131.3131313131313,131.3131313131313,141.4141414141414,141.4141414141414,151.5151515151515,161.6161616161616,161.6161616161616,171.7171717171717,171.7171717171717,181.8181818181818,191.91919191919192,191.91919191919192,202.02020202020202,212.1212121212121,212.1212121212121,222.2222222222222,222.2222222222222,232.3232323232323,242.4242424242424,242.4242424242424,252.5252525252525,262.6262626262626,262.6262626262626,272.7272727272727,282.8282828282828,282.8282828282828,292.9292929292929,303.030303030303,303.030303030303,313.1313131313131,323.2323232323232
0.893939393939394,0.0,10.1010101010101,10.1010101010101,10.1010101010101,10.1010101010101,10.1010101010101,10.1010101010101,10.1010101010101,10.1010101010101,10.1010101010101,10.1010101010101,10.1010101010101,10.1010101010101,10.1010101010101,10.1010101010101,10.1010101010101,10.1010101010101,10.1010101010101,10.1010101010101,10.1010101010101,10.1010101010101,10.1010101010101,10.1010101010101,10.1010101010101,10.1010101010101,10.1010101010101,10.1010101010101,10.1010101010101,10.1010101010101,10.1010101010101,10.1010101010101,10.1010101010101,10.1010101010101,10.1010101010101,10.1010101010101,10.1010101010101,10.1010101010101,20.2020202020202,20.2020202020202,20.2020202020202,20.2020202020202,20.2020202020202,20.2020202020202,30.3030303030303,30.3030303030303,30.3030303030303,40.4040404040404,40.4040404040404,40.4040404040404,50.505050505050505,50.505050505050505,50.505050505050505,60.6060606060606,60.6060606060606,60.6060606060606,70.7070707070707,70.7070707070707,80.8080808080808,80.8080808080808,90.9090909090909,90.9090909090909,101.01010101010101,101.01010101010101,111.1111111111111,111.1111111111111,121.2121212121212,121.2121212121212,131.3131313131313,141.4141414141414,141.4141414141414,151.5151515151515,151.5151515151515,161.6161616161616,171.7171717171717,171.7171717171717,181.8181818181818,181.8181818181818,191.91919191919192,202.02020202020202,202.02020202020202,212.1212121212121,222.2222222222222,222.2222222222222,232.3232323232323,242.4242424242424,242.4242424242424,252.5252525252525,262.6262626262626,262.6262626262626,272.7272727272727,282.8282828282828,292.9292929292929,292.9292929292929,303.030303030303,313.1313131313131,313.1313131313131,323.2323232323232,333.3333333333333,333.3333333333333,343.4343434343434
0.9040404040404041,0.0,10.1010101010101,10.1010101010101,10.1010101010101,10.1010101010101,10.1010101010101,10.1010101010101,10.1010101010101,10.1010101010101,10.1010101010101,10.1010101010101,10.1010101010101,10.1010101010101,10.1010101010101,10.1010101010101,10.1010101010101,10.1010101010101,10.1010101010101,10.1010101010101,10.1010101010101,10.1010101010101,10.1010101010101,10.1010101010101,10.1010101010101,10.1010101010101,10.1010101010101,10.1010101010101,10.1010101010101,10.1010101010101,10.1010101010101,10.1010101010101,10.1010101010101,10.1010101010101,10.1010101010101,10.1010101010101,10.1010101010101,20.2020202020202,20.2020202020202,20.2020202020202,20.2020202020202,20.2020202020202,30.3030303030303,30.3030303030303,30.3030303030303,30.3030303030303,40.4040404040404,40.4040404040404,40.4040404040404,50.505050505050505,50.505050505050505,60.6060606060606,60.6060606060606,60.6060606060606,70.7070707070707,70.7070707070707,80.8080808080808,80.8080808080808,90.9090909090909,90.9090909090909,101.01010101010101,101.01010101010101,111.1111111111111,111.1111111111111,121.2121212121212,131.3131313131313,131.3131313131313,141.4141414141414,141.4141414141414,151.5151515151515,161.6161616161616,161.6161616161616,171.7171717171717,181.8181818181818,181.8181818181818,191.91919191919192,202.02020202020202,202.02020202020202,212.1212121212121,222.2222222222222,222.2222222222222,232.3232323232323,242.4242424242424,252.5252525252525,252.5252525252525,262.6262626262626,272.7272727272727,272.7272727272727,282.8282828282828,292.9292929292929,303.030303030303,303.030303030303,313.1313131313131,323.2323232323232,323.2323232323232,333.3333333333333,343.4343434343434,353.5353535353535,353.5353535353535,363.6363636363636,373.73737373737373
0.9141414141414141,0.0,10.1010101010101,10.1010101010101,10.1010101010101,10.1010101010101,10.1010101010101,10.1010101010101,10.1010101010101,10.1010101010101,10.1010101010101,10.1010101010101,10.1010101010101,10.1010101010101,10.1010101010101,10.1010101010101,10.1010101010101,10.1010101010101,10.1010101010101,10.1010101010101,10.1010101010101,10.1010101010101,10.1010101010101,10.1010101010101,10.1010101010101,10.1010101010101,10.1010101010101,10.1010101010101,10.1010101010101,10.1010101010101,10.1010101010101,10.1010101010101,10.1010101010101,10.1010101010101,10.1010101010101,10.1010101010101,20.2020202020202,20.2020202020202,20.2020202020202,20.2020202020202,20.2020202020202,30.3030303030303,30.3030303030303,30.3030303030303,40.4040404040404,40.4040404040404,40.4040404040404,50.505050505050505,50.505050505050505,60.6060606060606,60.6060606060606,60.6060606060606,70.7070707070707,70.7070707070707,80.8080808080808,80.8080808080808,90.9090909090909,90.9090909090909,101.01010101010101,111.1111111111111,111.1111111111111,121.2121212121212,121.2121212121212,131.3131313131313,141.4141414141414,141.4141414141414,151.5151515151515,161.6161616161616,161.6161616161616,171.7171717171717,181.8181818181818,181.8181818181818,191.91919191919192,202.02020202020202,202.02020202020202,212.1212121212121,222.2222222222222,232.3232323232323,232.3232323232323,242.4242424242424,252.5252525252525,262.6262626262626,262.6262626262626,272.7272727272727,282.8282828282828,292.9292929292929,292.9292929292929,303.030303030303,313.1313131313131,323.2323232323232,323.2323232323232,333.3333333333333,343.4343434343434,353.5353535353535,353.5353535353535,363.6363636363636,373.73737373737373,383.83838383838383,393.93939393939394,393.93939393939394,404.04040404040404
0.9242424242424243,0.0,10.1010101010101,10.1010101010101,10.1010101010101,10.1010101010101,10.1010101010101,10.1010101010101,10.1010101010101,10.1010101010101,10.1010101010101,10.1010101010101,10.1010101010101,10.1010101010101,10.1010101010101,10.1010101010101,10.1010101010101,10.1010101010101,10.1010101010101,10.1010101010101,10.1010101010101,10.1010101010101,10.1010101010101,10.1010101010101,10.1010101010101,10.1010101010101,10.1010101010101,10.1010101010101,10.1010101010101,10.1010101010101,10.1010101010101,10.1010101010101,10.1010101010101,10.1010101010101,20.2020202020202,20.2020202020202,20.2020202020202,20.2020202020202,20.2020202020202,30.3030303030303,30.3030303030303,30.3030303030303,40.4040404040404,40.4040404040404,40.4040404040404,50.505050505050505,50.505050505050505,60.6060606060606,60.6060606060606,70.7070707070707,70.7070707070707,80.8080808080808,80.8080808080808,90.9090909090909,90.9090909090909,101.01010101010101,101.01010101010101,111.1111111111111,121.2121212121212,121.2121212121212,131.3131313131313,141.4141414141414,141.4141414141414,151.5151515151515,161.6161616161616,161.6161616161616,171.7171717171717,181.8181818181818,191.91919191919192,191.91919191919192,202.02020202020202,212.1212121212121,222.2222222222222,222.2222222222222,232.3232323232323,242.4242424242424,252.5252525252525,262.6262626262626,262.6262626262626,272.7272727272727,282.8282828282828,292.9292929292929,303.030303030303,303.030303030303,313.1313131313131,323.2323232323232,333.3333333333333,343.4343434343434,343.4343434343434,353.5353535353535,363.6363636363636,373.73737373737373,383.83838383838383,393.93939393939394,393.93939393939394,404.04040404040404,414.1414141414141,424.2424242424242,434.3434343434343,444.4444444444444,444.4444444444444
0.9343434343434344,0.0,10.1010101010101,10.1010101010101,10.1010101010101,10.1010101010101,10.1010101010101,10.1010101010101,10.1010101010101,10.1010101010101,10.1010101010101,10.1010101010101,10.1010101010101,10.1010101010101,10.1010101010101,10.1010101010101,10.1010101010101,10.1010101010101,10.1010101010101,10.1010101010101,10.1010101010101,10.1010101010101,10.1010101010101,10.1010101010101,10.1010101010101,10.1010101010101,10.1010101010101,10.1010101010101,10.1010101010101,10.1010101010101,10.1010101010101,10.1010101010101,10.1010101010101,20.2020202020202,20.2020202020202,20.2020202020202,20.2020202020202,30.3030303030303,30.3030303030303,30.3030303030303,40.4040404040404,40.4040404040404,40.4040404040404,50.505050505050505,50.505050505050505,60.6060606060606,60.6060606060606,70.7070707070707,70.7070707070707,80.8080808080808,80.8080808080808,90.9090909090909,101.01010101010101,101.01010101010101,111.1111111111111,121.2121212121212,121.2121212121212,131.3131313131313,141.4141414141414,141.4141414141414,151.5151515151515,161.6161616161616,171.7171717171717,181.8181818181818,181.8181818181818,191.91919191919192,202.02020202020202,212.1212121212121,222.2222222222222,222.2222222222222,232.3232323232323,242.4242424242424,252.5252525252525,262.6262626262626,272.7272727272727,282.8282828282828,282.8282828282828,292.9292929292929,303.030303030303,313.1313131313131,323.2323232323232,333.3333333333333,343.4343434343434,353.5353535353535,363.6363636363636,363.6363636363636,373.73737373737373,383.83838383838383,393.93939393939394,404.04040404040404,414.1414141414141,424.2424242424242,434.3434343434343,444.4444444444444,444.4444444444444,454.5454545454545,464.6464646464646,474.7474747474747,484.8484848484848,494.9494949494949,505.050505050505
0.9444444444444444,0.0,10.1010101010101,10.1010101010101,10.1010101010101,10.1010101010101,10.1010101010101,10.1010101010101,10.1010101010101,10.1010101010101,10.1010101010101,10.1010101010101,10.1010101010101,10.1010101010101,10.1010101010101,10.1010101010101,10.1010101010101,10.1010101010101,10.1010101010101,10.1010101010101,10.1010101010101,10.1010101010101,10.1010101010101,10.1010101010101,10.1010101010101,10.1010101010101,10.1010101010101,10.1010101010101,10.1010101010101,10.1010101010101,10.1010101010101,20.2020202020202,20.2020202020202,20.2020202020202,20.2020202020202,30.3030303030303,30.3030303030303,30.3030303030303,40.4040404040404,40.4040404040404,40.4040404040404,50.505050505050505,50.505050505050505,60.6060606060606,60.6060606060606,70.7070707070707,70.7070707070707,80.8080808080808,90.9090909090909,90.9090909090909,101.01010101010101,111.1111111111111,111.1111111111111,121.2121212121212,131.3131313131313,141.4141414141414,141.4141414141414,151.5151515151515,161.6161616161616,171.7171717171717,171.7171717171717,181.8181818181818,191.91919191919192,202.02020202020202,212.1212121212121,222.2222222222222,232.3232323232323,242.4242424242424,242.4242424242424,252.5252525252525,262.6262626262626,272.7272727272727,282.8282828282828,292.9292929292929,303.030303030303,313.1313131313131,323.2323232323232,333.3333333333333,343.4343434343434,353.5353535353535,353.5353535353535,363.6363636363636,373.73737373737373,383.83838383838383,393.93939393939394,404.04040404040404,414.1414141414141,424.2424242424242,434.3434343434343,444.4444444444444,454.5454545454545,464.6464646464646,474.7474747474747,484.8484848484848,494.9494949494949,494.9494949494949,505.050505050505,515.1515151515151,525.2525252525252,535.3535353535353,545.4545454545454
0.9545454545454546,0.0,10.1010101010101,10.1010101010101,10.1010101010101,10.1010101010101,10.1010101010101,10.1010101010101,10.1010101010101,10.1010101010101,10.1010101010101,10.1010101010101,10.1010101010101,10.1010101010101,10.1010101010101,10.1010101010101,10.1010101010101,10.1010101010101,10.1010101010101,10.1010101010101,10.1010101010101,10.1010101010101,10.1010101010101,10.1010101010101,10.1010101010101,10.1010101010101,10.1010101010101,10.1010101010101,10.1010101010101,10.1010101010101,20.2020202020202,20.2020202020202,20.2020202020202,20.2020202020202,30.3030303030303,30.3030303030303,30.3030303030303,40.4040404040404,40.4040404040404,50.505050505050505,50.505050505050505,60.6060606060606,60.6060606060606,70.7070707070707,80.8080808080808,80.8080808080808,90.9090909090909,101.01010101010101,101.01010101010101,111.1111111111111,121.2121212121212,121.2121212121212,131.3131313131313,141.4141414141414,151.5151515151515,161.6161616161616,161.6161616161616,171.7171717171717,181.8181818181818,191.91919191919192,202.02020202020202,212.1212121212121,222.2222222222222,232.3232323232323,242.4242424242424,242.4242424242424,252.5252525252525,262.6262626262626,272.7272727272727,282.8282828282828,292.9292929292929,303.030303030303,313.1313131313131,323.2323232323232,333.3333333333333,343.4343434343434,353.5353535353535,363.6363636363636,373.73737373737373,383.83838383838383,393.93939393939394,404.04040404040404,414.1414141414141,424.2424242424242,434.3434343434343,444.4444444444444,454.5454545454545,464.6464646464646,464.6464646464646,474.7474747474747,484.8484848484848,494.9494949494949,505.050505050505,515.1515151515151,525.2525252525252,535.3535353535353,545.4545454545454,555.5555555555555,565.6565656565656,575.7575757575758,585.8585858585858
0.9646464646464648,0.0,10.1010101010101,10.1010101010101,10.1010101010101,10.1010101010101,10.1010101010101,10.1010101010101,10.1010101010101,10.1010101010101,10.1010101010101,10.1010101010101,10.1010101010101,10.1010101010101,10.1010101010101,10.1010101010101,10.1010101010101,10.1010101010101,10.1010101010101,10.1010101010101,10.1010101010101,10.1010101010101,10.1010101010101,10.1010101010101,10.1010101010101,10.1010101010101,10.1010101010101,10.1010101010101,20.2020202020202,20.2020202020202,20.2020202020202,20.2020202020202,30.3030303030303,30.3030303030303,30.3030303030303,40.4040404040404,40.4040404040404,50.505050505050505,50.505050505050505,60.6060606060606,60.6060606060606,70.7070707070707,80.8080808080808,80.8080808080808,90.9090909090909,101.01010101010101,101.01010101010101,111.1111111111111,121.2121212121212,131.3131313131313,141.4141414141414,141.4141414141414,151.5151515151515,161.6161616161616,171.7171717171717,181.8181818181818,191.91919191919192,202.02020202020202,212.1212121212121,222.2222222222222,232.3232323232323,232.3232323232323,242.4242424242424,252.5252525252525,262.6262626262626,272.7272727272727,282.8282828282828,292.9292929292929,303.030303030303,313.1313131313131,323.2323232323232,333.3333333333333,343.4343434343434,353.5353535353535,363.6363636363636,373.73737373737373,383.83838383838383,393.93939393939394,404.04040404040404,414.1414141414141,424.2424242424242,434.3434343434343,444.4444444444444,454.5454545454545,464.6464646464646,474.7474747474747,484.8484848484848,494.9494949494949,505.050505050505,515.1515151515151,525.2525252525252,525.2525252525252,535.3535353535353,545.4545454545454,555.5555555555555,565.6565656565656,575.7575757575758,585.8585858585858,595.959595959596,606.060606060606,616.1616161616162
0.9747474747474748,0.0,10.1010101010101,10.1010101010101,10.1010101010101,10.1010101010101,10.1010101010101,10.1010101010101,10.1010101010101,10.1010101010101,10.1010101010101,10.1010101010101,10.1010101010101,10.1010101010101,10.1010101010101,10.1010101010101,10.1010101010101,10.1010101010101,10.1010101010101,10.1010101010101,10.1010101010101,10.1010101010101,10.1010101010101,10.1010101010101,10.1010101010101,10.1010101010101,10.1010101010101,20.2020202020202,20.2020202020202,20.2020202020202,30.3030303030303,30.3030303030303,30.3030303030303,40.4040404040404,40.4040404040404,50.505050505050505,50.505050505050505,60.6060606060606,70.7070707070707,70.7070707070707,80.8080808080808,90.9090909090909,90.9090909090909,101.01010101010101,111.1111111111111,121.2121212121212,121.2121212121212,131.3131313131313,141.4141414141414,151.5151515151515,161.6161616161616,171.7171717171717,181.8181818181818,181.8181818181818,191.91919191919192,202.02020202020202,212.1212121212121,222.2222222222222,232.3232323232323,242.4242424242424,252.5252525252525,262.6262626262626,272.7272727272727,282.8282828282828,292.9292929292929,303.030303030303,313.1313131313131,323.2323232323232,333.3333333333333,343.4343434343434,353.5353535353535,363.6363636363636,373.73737373737373,383.83838383838383,393.93939393939394,404.04040404040404,414.1414141414141,424.2424242424242,434.3434343434343,444.4444444444444,454.5454545454545,454.5454545454545,464.6464646464646,474.7474747474747,484.8484848484848,494.9494949494949,505.050505050505,515.1515151515151,525.2525252525252,535.3535353535353,545.4545454545454,555.5555555555555,565.6565656565656,575.7575757575758,585.8585858585858,595.959595959596,606.060606060606,616.1616161616162,626.2626262626262,636.3636363636364,636.3636363636364
0.9848484848484849,0.0,10.1010101010101,10.1010101010101,10.1010101010101,10.1010101010101,10.1010101010101,10.1010101010101,10.1010101010101,10.1010101010101,10.1010101010101,10.1010101010101,10.1010101010101,10.1010101010101,10.1010101010101,10.1010101010101,10.1010101010101,10.1010101010101,10.1010101010101,10.1010101010101,10.1010101010101,10.1010101010101,10.1010101010101,10.1010101010101,10.1010101010101,20.2020202020202,20.2020202020202,20.2020202020202,30.3030303030303,30.3030303030303,40.4040404040404,40.4040404040404,40.4040404040404,50.505050505050505,60.6060606060606,60.6060606060606,70.7070707070707,80.8080808080808,80.8080808080808,90.9090909090909,101.01010101010101,101.01010101010101,111.1111111111111,121.2121212121212,131.3131313131313,141.4141414141414,151.5151515151515,151.5151515151515,161.6161616161616,171.7171717171717,181.8181818181818,191.91919191919192,202.02020202020202,212.1212121212121,222.2222222222222,232.3232323232323,242.4242424242424,252.5252525252525,252.5252525252525,262.6262626262626,272.7272727272727,282.8282828282828,292.9292929292929,303.030303030303,313.1313131313131,323.2323232323232,333.3333333333333,343.4343434343434,353.5353535353535,363.6363636363636,373.73737373737373,383.83838383838383,393.93939393939394,404.04040404040404,414.1414141414141,424.2424242424242,434.3434343434343,444.4444444444444,454.5454545454545,464.6464646464646,474.7474747474747,484.8484848484848,484.8484848484848,494.9494949494949,505.050505050505,515.1515151515151,525.2525252525252,535.3535353535353,545.4545454545454,555.5555555555555,565.6565656565656,575.7575757575758,585.8585858585858,595.959595959596,606.060606060606,616.1616161616162,626.2626262626262,636.3636363636364,646.4646464646464,646.4646464646464,656.5656565656565
0.994949494949495,0.0,10.1010101010101,10.1010101010101,10.1010101010101,10.1010101010101,10.1010101010101,10.1010101010101,10.1010101010101,10.1010101010101,10.1010101010101,10.1010101010101,10.1010101010101,10.1010101010101,10.1010101010101,10.1010101010101,10.1010101010101,10.1010101010101,10.1010101010101,10.1010101010101,10.1010101010101,10.1010101010101,20.2020202020202,20.2020202020202,20.2020202020202,30.3030303030303,30.3030303030303,30.3030303030303,40.4040404040404,40.4040404040404,50.505050505050505,50.505050505050505,60.6060606060606,70.7070707070707,70.7070707070707,80.8080808080808,90.9090909090909,90.9090909090909,101.01010101010101,111.1111111111111,121.2121212121212,121.2121212121212,131.3131313131313,141.4141414141414,151.5151515151515,151.5151515151515,161.6161616161616,171.7171717171717,181.8181818181818,191.91919191919192,202.02020202020202,212.1212121212121,212.1212121212121,222.2222222222222,232.3232323232323,242.4242424242424,252.5252525252525,262.6262626262626,272.7272727272727,282.8282828282828,292.9292929292929,303.030303030303,313.1313131313131,323.2323232323232,333.3333333333333,333.3333333333333,343.4343434343434,353.5353535353535,363.6363636363636,373.73737373737373,383.83838383838383,393.93939393939394,404.04040404040404,414.1414141414141,424.2424242424242,434.3434343434343,444.4444444444444,454.5454545454545,464.6464646464646,474.7474747474747,484.8484848484848,494.9494949494949,505.050505050505,515.1515151515151,525.2525252525252,525.2525252525252,535.3535353535353,545.4545454545454,555.5555555555555,565.6565656565656,575.7575757575758,585.8585858585858,595.959595959596,606.060606060606,616.1616161616162,626.2626262626262,636.3636363636364,646.4646464646464,656.5656565656565,666.6666666666666,676.7676767676767
1.0050505050505052,0.0,10.1010101010101,10.1010101010101,10.1010101010101,10.1010101010101,10.1010101010101,10.1010101010101,10.1010101010101,10.1010101010101,10.1010101010101,10.1010101010101,10.1010101010101,10.1010101010101,10.1010101010101,10.1010101010101,10.1010101010101,10.1010101010101,10.1010101010101,10.1010101010101,10.1010101010101,10.1010101010101,20.2020202020202,20.2020202020202,20.2020202020202,30.3030303030303,30.3030303030303,30.3030303030303,40.4040404040404,40.4040404040404,50.505050505050505,60.6060606060606,60.6060606060606,70.7070707070707,70.7070707070707,80.8080808080808,90.9090909090909,90.9090909090909,101.01010101010101,111.1111111111111,121.2121212121212,121.2121212121212,131.3131313131313,141.4141414141414,151.5151515151515,161.6161616161616,161.6161616161616,171.7171717171717,181.8181818181818,191.91919191919192,202.02020202020202,212.1212121212121,222.2222222222222,232.3232323232323,232.3232323232323,242.4242424242424,252.5252525252525,262.6262626262626,272.7272727272727,282.8282828282828,292.9292929292929,303.030303030303,313.1313131313131,323.2323232323232,333.3333333333333,343.4343434343434,353.5353535353535,363.6363636363636,373.73737373737373,383.83838383838383,383.83838383838383,393.93939393939394,404.04040404040404,414.1414141414141,424.2424242424242,434.3434343434343,444.4444444444444,454.5454545454545,464.6464646464646,474.7474747474747,484.8484848484848,494.9494949494949,505.050505050505,515.1515151515151,525.2525252525252,535.3535353535353,545.4545454545454,555.5555555555555,565.6565656565656,575.7575757575758,585.8585858585858,585.8585858585858,595.959595959596,606.060606060606,616.1616161616162,626.2626262626262,636.3636363636364,646.4646464646464,656.5656565656565,666.6666666666666,676.7676767676767
1.0151515151515151,0.0,10.1010101010101,10.1010101010101,10.1010101010101,10.1010101010101,10.1010101010101,10.1010101010101,10.1010101010101,10.1010101010101,10.1010101010101,10.1010101010101,10.1010101010101,10.1010101010101,10.1010101010101,10.1010101010101,10.1010101010101,10.1010101010101,10.1010101010101,10.1010101010101,10.1010101010101,10.1010101010101,10.1010101010101,10.1010101010101,20.2020202020202,20.2020202020202,20.2020202020202,20.2020202020202,30.3030303030303,30.3030303030303,40.4040404040404,40.4040404040404,50.505050505050505,50.505050505050505,60.6060606060606,70.7070707070707,70.7070707070707,80.8080808080808,90.9090909090909,90.9090909090909,101.01010101010101,111.1111111111111,121.2121212121212,131.3131313131313,131.3131313131313,141.4141414141414,151.5151515151515,161.6161616161616,171.7171717171717,181.8181818181818,191.91919191919192,202.02020202020202,212.1212121212121,212.1212121212121,222.2222222222222,232.3232323232323,242.4242424242424,252.5252525252525,262.6262626262626,272.7272727272727,282.8282828282828,292.9292929292929,303.030303030303,313.1313131313131,323.2323232323232,333.3333333333333,343.4343434343434,353.5353535353535,363.6363636363636,373.73737373737373,383.83838383838383,393.93939393939394,404.04040404040404,414.1414141414141,424.2424242424242,434.3434343434343,444.4444444444444,454.5454545454545,464.6464646464646,474.7474747474747,484.8484848484848,494.9494949494949,505.050505050505,515.1515151515151,515.1515151515151,525.2525252525252,535.3535353535353,545.4545454545454,555.5555555555555,565.6565656565656,575.7575757575758,585.8585858585858,595.959595959596,606.060606060606,616.1616161616162,626.2626262626262,636.3636363636364,646.4646464646464,656.5656565656565,666.6666666666666,676.7676767676767
1.0252525252525253,0.0,10.1010101010101,10.1010101010101,10.1010101010101,10.1010101010101,10.1010101010101,10.1010101010101,10.1010101010101,10.1010101010101,10.1010101010101,10.1010101010101,10.1010101010101,10.1010101010101,10.1010101010101,10.1010101010101,10.1010101010101,10.1010101010101,10.1010101010101,10.1010101010101,10.1010101010101,10.1010101010101,10.1010101010101,10.1010101010101,10.1010101010101,10.1010101010101,20.2020202020202,20.2020202020202,20.2020202020202,30.3030303030303,30.3030303030303,30.3030303030303,40.4040404040404,40.4040404040404,50.505050505050505,50.505050505050505,60.6060606060606,70.7070707070707,70.7070707070707,80.8080808080808,90.9090909090909,90.9090909090909,101.01010101010101,111.1111111111111,121.2121212121212,121.2121212121212,131.3131313131313,141.4141414141414,151.5151515151515,161.6161616161616,171.7171717171717,181.8181818181818,191.91919191919192,202.02020202020202,212.1212121212121,222.2222222222222,232.3232323232323,242.4242424242424,242.4242424242424,252.5252525252525,262.6262626262626,272.7272727272727,282.8282828282828,292.9292929292929,303.030303030303,313.1313131313131,323.2323232323232,333.3333333333333,343.4343434343434,353.5353535353535,363.6363636363636,373.73737373737373,383.83838383838383,393.93939393939394,404.04040404040404,414.1414141414141,424.2424242424242,434.3434343434343,444.4444444444444,454.5454545454545,464.6464646464646,474.7474747474747,484.8484848484848,494.9494949494949,505.050505050505,515.1515151515151,525.2525252525252,535.3535353535353,545.4545454545454,555.5555555555555,565.6565656565656,575.7575757575758,585.8585858585858,595.959595959596,606.060606060606,616.1616161616162,626.2626262626262,636.3636363636364,646.4646464646464,656.5656565656565,666.6666666666666
1.0353535353535355,0.0,10.1010101010101,10.1010101010101,10.1010101010101,10.1010101010101,10.1010101010101,10.1010101010101,10.1010101010101,10.1010101010101,10.1010101010101,10.1010101010101,10.1010101010101,10.1010101010101,10.1010101010101,10.1010101010101,10.1010101010101,10.1010101010101,10.1010101010101,10.1010101010101,10.1010101010101,10.1010101010101,10.1010101010101,10.1010101010101,10.1010101010101,10.1010101010101,10.1010101010101,20.2020202020202,20.2020202020202,20.2020202020202,20.2020202020202,30.3030303030303,30.3030303030303,30.3030303030303,40.4040404040404,40.4040404040404,50.505050505050505,50.505050505050505,60.6060606060606,70.7070707070707,70.7070707070707,80.8080808080808,90.9090909090909,90.9090909090909,101.01010101010101,111.1111111111111,121.2121212121212,121.2121212121212,131.3131313131313,141.4141414141414,151.5151515151515,161.6161616161616,171.7171717171717,181.8181818181818,191.91919191919192,202.02020202020202,212.1212121212121,222.2222222222222,222.2222222222222,232.3232323232323,242.4242424242424,252.5252525252525,262.6262626262626,272.7272727272727,282.8282828282828,292.9292929292929,303.030303030303,313.1313131313131,323.2323232323232,333.3333333333333,343.4343434343434,353.5353535353535,363.6363636363636,373.73737373737373,383.83838383838383,393.93939393939394,404.04040404040404,414.1414141414141,424.2424242424242,434.3434343434343,444.4444444444444,454.5454545454545,464.6464646464646,474.7474747474747,484.8484848484848,494.9494949494949,505.050505050505,515.1515151515151,525.2525252525252,535.3535353535353,545.4545454545454,555.5555555555555,565.6565656565656,575.7575757575758,585.8585858585858,595.959595959596,606.060606060606,616.1616161616162,626.2626262626262,636.3636363636364,646.4646464646464
1.0454545454545454,0.0,10.1010101010101,10.1010101010101,10.1010101010101,10.1010101010101,10.1010101010101,10.1010101010101,10.1010101010101,10.1010101010101,10.1010101010101,10.1010101010101,10.1010101010101,10.1010101010101,10.1010101010101,10.1010101010101,10.1010101010101,10.1010101010101,10.1010101010101,10.1010101010101,10.1010101010101,10.1010101010101,10.1010101010101,10.1010101010101,10.1010101010101,10.1010101010101,10.1010101010101,10.1010101010101,20.2020202020202,20.2020202020202,20.2020202020202,20.2020202020202,30.3030303030303,30.3030303030303,30.3030303030303,40.4040404040404,40.4040404040404,50.505050505050505,50.505050505050505,60.6060606060606,60.6060606060606,70.7070707070707,80.8080808080808,80.8080808080808,90.9090909090909,101.01010101010101,101.01010101010101,111.1111111111111,121.2121212121212,131.3131313131313,131.3131313131313,141.4141414141414,151.5151515151515,161.6161616161616,171.7171717171717,181.8181818181818,191.91919191919192,202.02020202020202,202.02020202020202,212.1212121212121,222.2222222222222,232.3232323232323,242.4242424242424,252.5252525252525,262.6262626262626,272.7272727272727,282.8282828282828,292.9292929292929,303.030303030303,313.1313131313131,323.2323232323232,333.3333333333333,343.4343434343434,353.5353535353535,363.6363636363636,373.73737373737373,383.83838383838383,393.93939393939394,404.04040404040404,414.1414141414141,424.2424242424242,434.3434343434343,444.4444444444444,454.5454545454545,464.6464646464646,474.7474747474747,484.8484848484848,494.9494949494949,505.050505050505,515.1515151515151,525.2525252525252,535.3535353535353,545.4545454545454,555.5555555555555,565.6565656565656,575.7575757575758,585.8585858585858,595.959595959596,606.060606060606,616.1616161616162,626.2626262626262
1.0555555555555556,0.0,10.1010101010101,10.1010101010101,10.1010101010101,10.1010101010101,10.1010101010101,10.1010101010101,10.1010101010101,10.1010101010101,10.1010101010101,10.1010101010101,10.1010101010101,10.1010101010101,10.1010101010101,10.1010101010101,10.1010101010101,10.1010101010101,10.1010101010101,10.1010101010101,10.1010101010101,10.1010101010101,10.1010101010101,10.1010101010101,10.1010101010101,10.1010101010101,10.1010101010101,10.1010101010101,10.1010101010101,10.1010101010101,20.2020202020202,20.2020202020202,20.2020202020202,30.3030303030303,30.3030303030303,30.3030303030303,40.4040404040404,40.4040404040404,40.4040404040404,50.505050505050505,50.505050505050505,60.6060606060606,70.7070707070707,70.7070707070707,80.8080808080808,80.8080808080808,90.9090909090909,101.01010101010101,101.01010101010101,111.1111111111111,121.2121212121212,131.3131313131313,141.4141414141414,141.4141414141414,151.5151515151515,161.6161616161616,171.7171717171717,181.8181818181818,191.91919191919192,191.91919191919192,202.02020202020202,212.1212121212121,222.2222222222222,232.3232323232323,242.4242424242424,252.5252525252525,262.6262626262626,272.7272727272727,282.8282828282828,292.9292929292929,303.030303030303,313.1313131313131,323.2323232323232,333.3333333333333,343.4343434343434,353.5353535353535,363.6363636363636,373.73737373737373,383.83838383838383,393.93939393939394,404.04040404040404,414.1414141414141,424.2424242424242,434.3434343434343,444.4444444444444,454.5454545454545,464.6464646464646,464.6464646464646,474.7474747474747,484.8484848484848,494.9494949494949,505.050505050505,515.1515151515151,525.2525252525252,535.3535353535353,545.4545454545454,555.5555555555555,565.6565656565656,575.7575757575758,585.8585858585858,595.959595959596
1.0656565656565657,0.0,10.1010101010101,10.1010101010101,10.1010101010101,10.1010101010101,10.1010101010101,10.1010101010101,10.1010101010101,10.1010101010101,10.1010101010101,10.1010101010101,10.1010101010101,10.1010101010101,10.1010101010101,10.1010101010101,10.1010101010101,10.1010101010101,10.1010101010101,10.1010101010101,10.1010101010101,10.1010101010101,10.1010101010101,10.1010101010101,10.1010101010101,10.1010101010101,10.1010101010101,10.1010101010101,10.1010101010101,10.1010101010101,10.1010101010101,20.2020202020202,20.2020202020202,20.2020202020202,20.2020202020202,30.3030303030303,30.3030303030303,40.4040404040404,40.4040404040404,40.4040404040404,50.505050505050505,50.505050505050505,60.6060606060606,60.6060606060606,70.7070707070707,70.7070707070707,80.8080808080808,90.9090909090909,90.9090909090909,101.01010101010101,111.1111111111111,111.1111111111111,121.2121212121212,131.3131313131313,141.4141414141414,141.4141414141414,151.5151515151515,161.6161616161616,171.7171717171717,181.8181818181818,181.8181818181818,191.91919191919192,202.02020202020202,212.1212121212121,222.2222222222222,232.3232323232323,242.4242424242424,252.5252525252525,262.6262626262626,262.6262626262626,272.7272727272727,282.8282828282828,292.9292929292929,303.030303030303,313.1313131313131,323.2323232323232,333.3333333333333,343.4343434343434,353.5353535353535,363.6363636363636,373.73737373737373,383.83838383838383,393.93939393939394,404.04040404040404,414.1414141414141,424.2424242424242,434.3434343434343,434.3434343434343,444.4444444444444,454.5454545454545,464.6464646464646,474.7474747474747,484.8484848484848,494.9494949494949,505.050505050505,515.1515151515151,525.2525252525252,535.3535353535353,545.4545454545454,555.5555555555555,565.6565656565656
1.0757575757575757,0.0,10.1010101010101,10.1010101010101,10.1010101010101,10.1010101010101,10.1010101010101,10.1010101010101,10.1010101010101,10.1010101010101,10.1010101010101,10.1010101010101,10.1010101010101,10.1010101010101,10.1010101010101,10.1010101010101,10.1010101010101,10.1010101010101,10.1010101010101,10.1010101010101,10.1010101010101,10.1010101010101,10.1010101010101,10.1010101010101,10.1010101010101,10.1010101010101,10.1010101010101,10.1010101010101,10.1010101010101,10.1010101010101,10.1010101010101,10.1010101010101,20.2020202020202,20.2020202020202,20.2020202020202,20.2020202020202,30.3030303030303,30.3030303030303,30.3030303030303,40.4040404040404,40.4040404040404,50.505050505050505,50.505050505050505,50.505050505050505,60.6060606060606,60.6060606060606,70.7070707070707,80.8080808080808,80.8080808080808,90.9090909090909,90.9090909090909,101.01010101010101,111.1111111111111,111.1111111111111,121.2121212121212,131.3131313131313,131.3131313131313,141.4141414141414,151.5151515151515,161.6161616161616,161.6161616161616,171.7171717171717,181.8181818181818,191.91919191919192,202.02020202020202,202.02020202020202,212.1212121212121,222.2222222222222,232.3232323232323,242.4242424242424,252.5252525252525,252.5252525252525,262.6262626262626,272.7272727272727,282.8282828282828,292.9292929292929,303.030303030303,313.1313131313131,323.2323232323232,323.2323232323232,333.3333333333333,343.4343434343434,353.5353535353535,363.6363636363636,373.73737373737373,383.83838383838383,393.93939393939394,404.04040404040404,404.04040404040404,414.1414141414141,424.2424242424242,434.3434343434343,444.4444444444444,454.5454545454545,464.6464646464646,474.7474747474747,484.8484848484848,484.8484848484848,494.9494949494949,505.050505050505,515.1515151515151
1.0858585858585859,0.0,10.1010101010101,10.1010101010101,10.1010101010101,10.1010101010101,10.1010101010101,10.1010101010101,10.1010101010101,10.1010101010101,10.1010101010101,10.1010101010101,10.1010101010101,10.1010101010101,10.1010101010101,10.1010101010101,10.1010101010101,10.1010101010101,10.1010101010101,10.1010101010101,10.1010101010101,10.1010101010101,10.1010101010101,10.1010101010101,10.1010101010101,10.1010101010101,10.1010101010101,10.1010101010101,10.1010101010101,10.1010101010101,10.1010101010101,10.1010101010101,10.1010101010101,20.2020202020202,20.2020202020202,20.2020202020202,20.2020202020202,30.3030303030303,30.3030303030303,30.3030303030303,40.4040404040404,40.4040404040404,40.4040404040404,50.505050505050505,50.505050505050505,60.6060606060606,60.6060606060606,70.7070707070707,70.7070707070707,80.8080808080808,80.8080808080808,90.9090909090909,90.9090909090909,101.01010101010101,111.1111111111111,111.1111111111111,121.2121212121212,131.3131313131313,131.3131313131313,141.4141414141414,151.5151515151515,151.5151515151515,161.6161616161616,171.7171717171717,181.8181818181818,181.8181818181818,191.91919191919192,202.02020202020202,212.1212121212121,222.2222222222222,222.2222222222222,232.3232323232323,242.4242424242424,252.5252525252525,262.6262626262626,262.6262626262626,272.7272727272727,282.8282828282828,292.9292929292929,303.030303030303,313.1313131313131,313.1313131313131,323.2323232323232,333.3333333333333,343.4343434343434,353.5353535353535,363.6363636363636,373.73737373737373,373.73737373737373,383.83838383838383,393.93939393939394,404.04040404040404,414.1414141414141,424.2424242424242,424.2424242424242,434.3434343434343,444.4444444444444,454.5454545454545,464.6464646464646,474.7474747474747,484.8484848484848
1.095959595959596,0.0,10.1010101010101,10.1010101010101,10.1010101010101,10.1010101010101,10.1010101010101,10.1010101010101,10.1010101010101,10.1010101010101,10.1010101010101,10.1010101010101,10.1010101010101,10.1010101010101,10.1010101010101,10.1010101010101,10.1010101010101,10.1010101010101,10.1010101010101,10.1010101010101,10.1010101010101,10.1010101010101,10.1010101010101,10.1010101010101,10.1010101010101,10.1010101010101,10.1010101010101,10.1010101010101,10.1010101010101,10.1010101010101,10.1010101010101,10.1010101010101,10.1010101010101,20.2020202020202,20.2020202020202,20.2020202020202,20.2020202020202,20.2020202020202,30.3030303030303,30.3030303030303,30.3030303030303,40.4040404040404,40.4040404040404,40.4040404040404,50.505050505050505,50.505050505050505,60.6060606060606,60.6060606060606,70.7070707070707,70.7070707070707,80.8080808080808,80.8080808080808,90.9090909090909,90.9090909090909,101.01010101010101,101.01010101010101,111.1111111111111,121.2121212121212,121.2121212121212,131.3131313131313,141.4141414141414,141.4141414141414,151.5151515151515,161.6161616161616,161.6161616161616,171.7171717171717,181.8181818181818,191.91919191919192,191.91919191919192,202.02020202020202,212.1212121212121,222.2222222222222,222.2222222222222,232.3232323232323,242.4242424242424,252.5252525252525,252.5252525252525,262.6262626262626,272.7272727272727,282.8282828282828,292.9292929292929,292.9292929292929,303.030303030303,313.1313131313131,323.2323232323232,333.3333333333333,343.4343434343434,343.4343434343434,353.5353535353535,363.6363636363636,373.73737373737373,383.83838383838383,383.83838383838383,393.93939393939394,404.04040404040404,414.1414141414141,424.2424242424242,434.3434343434343,434.3434343434343,444.4444444444444,454.5454545454545
1.106060606060606,0.0,10.1010101010101,10.1010101010101,10.1010101010101,10.1010101010101,10.1010101010101,10.1010101010101,10.1010101010101,10.1010101010101,10.1010101010101,10.1010101010101,10.1010101010101,10.1010101010101,10.1010101010101,10.1010101010101,10.1010101010101,10.1010101010101,10.1010101010101,10.1010101010101,10.1010101010101,10.1010101010101,10.1010101010101,10.1010101010101,10.1010101010101,10.1010101010101,10.1010101010101,10.1010101010101,10.1010101010101,10.1010101010101,10.1010101010101,10.1010101010101,10.1010101010101,10.1010101010101,20.2020202020202,20.2020202020202,20.2020202020202,20.2020202020202,20.2020202020202,30.3030303030303,30.3030303030303,30.3030303030303,40.4040404040404,40.4040404040404,40.4040404040404,50.505050505050505,50.505050505050505,60.6060606060606,60.6060606060606,60.6060606060606,70.7070707070707,70.7070707070707,80.8080808080808,80.8080808080808,90.9090909090909,101.01010101010101,101.01010101010101,111.1111111111111,111.1111111111111,121.2121212121212,131.3131313131313,131.3131313131313,141.4141414141414,151.5151515151515,151.5151515151515,161.6161616161616,171.7171717171717,171.7171717171717,181.8181818181818,191.91919191919192,202.02020202020202,202.02020202020202,212.1212121212121,222.2222222222222,222.2222222222222,232.3232323232323,242.4242424242424,252.5252525252525,262.6262626262626,262.6262626262626,272.7272727272727,282.8282828282828,292.9292929292929,292.9292929292929,303.030303030303,313.1313131313131,323.2323232323232,333.3333333333333,333.3333333333333,343.4343434343434,353.5353535353535,363.6363636363636,373.73737373737373,373.73737373737373,383.83838383838383,393.93939393939394,404.04040404040404,414.1414141414141,414.1414141414141,424.2424242424242,434.3434343434343
1.1161616161616164,0.0,10.1010101010101,10.1010101010101,10.1010101010101,10.1010101010101,10.1010101010101,10.1010101010101,10.1010101010101,10.1010101010101,10.1010101010101,10.1010101010101,10.1010101010101,10.1010101010101,10.1010101010101,10.1010101010101,10.1010101010101,10.1010101010101,10.1010101010101,10.1010101010101,10.1010101010101,10.1010101010101,10.1010101010101,10.1010101010101,10.1010101010101,10.1010101010101,10.1010101010101,10.1010101010101,10.1010101010101,10.1010101010101,10.1010101010101,10.1010101010101,10.1010101010101,10.1010101010101,10.1010101010101,20.2020202020202,20.2020202020202,20.2020202020202,20.2020202020202,20.2020202020202,30.3030303030303,30.3030303030303,30.3030303030303,40.4040404040404,40.4040404040404,40.4040404040404,50.505050505050505,50.505050505050505,60.6060606060606,60.6060606060606,60.6060606060606,70.7070707070707,70.7070707070707,80.8080808080808,80.8080808080808,90.9090909090909,90.9090909090909,101.01010101010101,111.1111111111111,111.1111111111111,121.2121212121212,121.2121212121212,131.3131313131313,141.4141414141414,141.4141414141414,151.5151515151515,161.6161616161616,161.6161616161616,171.7171717171717,181.8181818181818,181.8181818181818,191.91919191919192,202.02020202020202,212.1212121212121,212.1212121212121,222.2222222222222,232.3232323232323,232.3232323232323,242.4242424242424,252.5252525252525,262.6262626262626,262.6262626262626,272.7272727272727,282.8282828282828,292.9292929292929,292.9292929292929,303.030303030303,313.1313131313131,323.2323232323232,333.3333333333333,333.3333333333333,343.4343434343434,353.5353535353535,363.6363636363636,363.6363636363636,373.73737373737373,383.83838383838383,393.93939393939394,404.04040404040404,404.04040404040404,414.1414141414141
1.1262626262626263,0.0,10.1010101010101,10.1010101010101,10.1010101010101,10.1010101010101,10.1010101010101,10.1010101010101,10.1010101010101,10.1010101010101,10.1010101010101,10.1010101010101,10.1010101010101,10.1010101010101,10.1010101010101,10.1010101010101,10.1010101010101,10.1010101010101,10.1010101010101,10.1010101010101,10.1010101010101,10.1010101010101,10.1010101010101,10.1010101010101,10.1010101010101,10.1010101010101,10.1010101010101,10.1010101010101,10.1010101010101,10.1010101010101,10.1010101010101,10.1010101010101,10.1010101010101,10.1010101010101,10.1010101010101,10.1010101010101,20.2020202020202,20.2020202020202,20.2020202020202,20.2020202020202,30.3030303030303,30.3030303030303,30.3030303030303,30.3030303030303,40.4040404040404,40.4040404040404,40.4040404040404,50.505050505050505,50.505050505050505,60.6060606060606,60.6060606060606,60.6060606060606,70.7070707070707,70.7070707070707,80.8080808080808,80.8080808080808,90.9090909090909,90.9090909090909,101.01010101010101,111.1111111111111,111.1111111111111,121.2121212121212,121.2121212121212,131.3131313131313,141.4141414141414,141.4141414141414,151.5151515151515,151.5151515151515,161.6161616161616,171.7171717171717,171.7171717171717,181.8181818181818,191.91919191919192,202.02020202020202,202.02020202020202,212.1212121212121,222.2222222222222,222.2222222222222,232.3232323232323,242.4242424242424,252.5252525252525,252.5252525252525,262.6262626262626,272.7272727272727,272.7272727272727,282.8282828282828,292.9292929292929,303.030303030303,303.030303030303,313.1313131313131,323.2323232323232,333.3333333333333,333.3333333333333,343.4343434343434,353.5353535353535,363.6363636363636,363.6363636363636,373.73737373737373,383.83838383838383,393.93939393939394,404.04040404040404
1.1363636363636365,0.0,10.1010101010101,10.1010101010101,10.1010101010101,10.1010101010101,10.1010101010101,10.1010101010101,10.1010101010101,10.1010101010101,10.1010101010101,10.1010101010101,10.1010101010101,10.1010101010101,10.1010101010101,10.1010101010101,10.1010101010101,10.1010101010101,10.1010101010101,10.1010101010101,10.1010101010101,10.1010101010101,10.1010101010101,10.1010101010101,10.1010101010101,10.1010101010101,10.1010101010101,10.1010101010101,10.1010101010101,10.1010101010101,10.1010101010101,10.1010101010101,10.1010101010101,10.1010101010101,10.1010101010101,10.1010101010101,20.2020202020202,20.2020202020202,20.2020202020202,20.2020202020202,20.2020202020202,30.3030303030303,30.3030303030303,30.3030303030303,30.3030303030303,40.4040404040404,40.4040404040404,40.4040404040404,50.505050505050505,50.505050505050505,60.6060606060606,60.6060606060606,60.6060606060606,70.7070707070707,70.7070707070707,80.8080808080808,80.8080808080808,90.9090909090909,90.9090909090909,101.01010101010101,111.1111111111111,111.1111111111111,121.2121212121212,121.2121212121212,131.3131313131313,131.3131313131313,141.4141414141414,151.5151515151515,151.5151515151515,161.6161616161616,171.7171717171717,171.7171717171717,181.8181818181818,191.91919191919192,191.91919191919192,202.02020202020202,212.1212121212121,212.1212121212121,222.2222222222222,232.3232323232323,232.3232323232323,242.4242424242424,252.5252525252525,262.6262626262626,262.6262626262626,272.7272727272727,282.8282828282828,292.9292929292929,292.9292929292929,303.030303030303,313.1313131313131,313.1313131313131,323.2323232323232,333.3333333333333,343.4343434343434,343.4343434343434,353.5353535353535,363.6363636363636,373.73737373737373,373.73737373737373,383.83838383838383
1.1464646464646466,0.0,10.1010101010101,10.1010101010101,10.1010101010101,10.1010101010101,10.1010101010101,10.1010101010101,10.1010101010101,10.1010101010101,10.1010101010101,10.1010101010101,10.1010101010101,10.1010101010101,10.1010101010101,10.1010101010101,10.1010101010101,10.1010101010101,10.1010101010101,10.1010101010101,10.1010101010101,10.1010101010101,10.1010101010101,10.1010101010101,10.1010101010101,10.1010101010101,10.1010101010101,10.1010101010101,10.1010101010101,10.1010101010101,10.1010101010101,10.1010101010101,10.1010101010101,10.1010101010101,10.1010101010101,10.1010101010101,10.1010101010101,20.2020202020202,20.2020202020202,20.2020202020202,20.2020202020202,20.2020202020202,30.3030303030303,30.3030303030303,30.3030303030303,40.4040404040404,40.4040404040404,40.4040404040404,50.505050505050505,50.505050505050505,50.505050505050505,60.6060606060606,60.6060606060606,70.7070707070707,70.7070707070707,70.7070707070707,80.8080808080808,80.8080808080808,90.9090909090909,90.9090909090909,101.01010101010101,111.1111111111111,111.1111111111111,121.2121212121212,121.2121212121212,131.3131313131313,131.3131313131313,141.4141414141414,151.5151515151515,151.5151515151515,161.6161616161616,161.6161616161616,171.7171717171717,181.8181818181818,181.8181818181818,191.91919191919192,202.02020202020202,202.02020202020202,212.1212121212121,222.2222222222222,222.2222222222222,232.3232323232323,242.4242424242424,252.5252525252525,252.5252525252525,262.6262626262626,272.7272727272727,272.7272727272727,282.8282828282828,292.9292929292929,303.030303030303,303.030303030303,313.1313131313131,323.2323232323232,323.2323232323232,333.3333333333333,343.4343434343434,353.5353535353535,353.5353535353535,363.6363636363636,373.73737373737373
1.1565656565656566,0.0,10.1010101010101,10.1010101010101,10.1010101010101,10.1010101010101,10.1010101010101,10.1010101010101,10.1010101010101,10.1010101010101,10.1010101010101,10.1010101010101,10.1010101010101,10.1010101010101,10.1010101010101,10.1010101010101,10.1010101010101,10.1010101010101,10.1010101010101,10.1010101010101,10.1010101010101,10.1010101010101,10.1010101010101,10.1010101010101,10.1010101010101,10.1010101010101,10.1010101010101,10.1010101010101,10.1010101010101,10.1010101010101,10.1010101010101,10.1010101010101,10.1010101010101,10.1010101010101,10.1010101010101,10.1010101010101,10.1010101010101,20.2020202020202,20.2020202020202,20.2020202020202,20.2020202020202,20.2020202020202,30.3030303030303,30.3030303030303,30.3030303030303,30.3030303030303,40.4040404040404,40.4040404040404,40.4040404040404,50.505050505050505,50.505050505050505,50.505050505050505,60.6060606060606,60.6060606060606,70.7070707070707,70.7070707070707,80.8080808080808,80.8080808080808,80.8080808080808,90.9090909090909,90.9090909090909,101.01010101010101,111.1111111111111,111.1111111111111,121.2121212121212,121.2121212121212,131.3131313131313,131.3131313131313,141.4141414141414,151.5151515151515,151.5151515151515,161.6161616161616,161.6161616161616,171.7171717171717,181.8181818181818,181.8181818181818,191.91919191919192,202.02020202020202,202.02020202020202,212.1212121212121,222.2222222222222,222.2222222222222,232.3232323232323,242.4242424242424,242.4242424242424,252.5252525252525,262.6262626262626,262.6262626262626,272.7272727272727,282.8282828282828,292.9292929292929,292.9292929292929,303.030303030303,313.1313131313131,313.1313131313131,323.2323232323232,333.3333333333333,343.4343434343434,343.4343434343434,353.5353535353535,363.6363636363636
1.1666666666666667,0.0,10.1010101010101,10.1010101010101,10.1010101010101,10.1010101010101,10.1010101010101,10.1010101010101,10.1010101010101,10.1010101010101,10.1010101010101,10.1010101010101,10.1010101010101,10.1010101010101,10.1010101010101,10.1010101010101,10.1010101010101,10.1010101010101,10.1010101010101,10.1010101010101,10.1010101010101,10.1010101010101,10.1010101010101,10.1010101010101,10.1010101010101,10.1010101010101,10.1010101010101,10.1010101010101,10.1010101010101,10.1010101010101,10.1010101010101,10.1010101010101,10.1010101010101,10.1010101010101,10.1010101010101,10.1010101010101,10.1010101010101,10.1010101010101,20.2020202020202,20.2020202020202,20.2020202020202,20.2020202020202,20.2020202020202,30.3030303030303,30.3030303030303,30.3030303030303,30.3030303030303,40.4040404040404,40.4040404040404,40.4040404040404,50.505050505050505,50.505050505050505,50.505050505050505,60.6060606060606,60.6060606060606,70.7070707070707,70.7070707070707,80.8080808080808,80.8080808080808,90.9090909090909,90.9090909090909,101.01010101010101,101.01010101010101,111.1111111111111,111.1111111111111,121.2121212121212,121.2121212121212,131.3131313131313,131.3131313131313,141.4141414141414,151.5151515151515,151.5151515151515,161.6161616161616,161.6161616161616,171.7171717171717,181.8181818181818,181.8181818181818,191.91919191919192,202.02020202020202,202.02020202020202,212.1212121212121,222.2222222222222,222.2222222222222,232.3232323232323,242.4242424242424,242.4242424242424,252.5252525252525,262.6262626262626,262.6262626262626,272.7272727272727,282.8282828282828,282.8282828282828,292.9292929292929,303.030303030303,303.030303030303,313.1313131313131,323.2323232323232,333.3333333333333,333.3333333333333,343.4343434343434,353.5353535353535
1.176767676767677,0.0,10.1010101010101,10.1010101010101,10.1010101010101,10.1010101010101,10.1010101010101,10.1010101010101,10.1010101010101,10.1010101010101,10.1010101010101,10.1010101010101,10.1010101010101,10.1010101010101,10.1010101010101,10.1010101010101,10.1010101010101,10.1010101010101,10.1010101010101,10.1010101010101,10.1010101010101,10.1010101010101,10.1010101010101,10.1010101010101,10.1010101010101,10.1010101010101,10.1010101010101,10.1010101010101,10.1010101010101,10.1010101010101,10.1010101010101,10.1010101010101,10.1010101010101,10.1010101010101,10.1010101010101,10.1010101010101,10.1010101010101,10.1010101010101,20.2020202020202,20.2020202020202,20.2020202020202,20.2020202020202,20.2020202020202,20.2020202020202,30.3030303030303,30.3030303030303,30.3030303030303,40.4040404040404,40.4040404040404,40.4040404040404,50.505050505050505,50.505050505050505,50.505050505050505,60.6060606060606,60.6060606060606,60.6060606060606,70.7070707070707,70.7070707070707,80.8080808080808,80.8080808080808,90.9090909090909,90.9090909090909,101.01010101010101,101.01010101010101,111.1111111111111,111.1111111111111,121.2121212121212,121.2121212121212,131.3131313131313,131.3131313131313,141.4141414141414,151.5151515151515,151.5151515151515,161.6161616161616,161.6161616161616,171.7171717171717,181.8181818181818,181.8181818181818,191.91919191919192,191.91919191919192,202.02020202020202,212.1212121212121,212.1212121212121,222.2222222222222,232.3232323232323,232.3232323232323,242.4242424242424,252.5252525252525,252.5252525252525,262.6262626262626,272.7272727272727,272.7272727272727,282.8282828282828,292.9292929292929,303.030303030303,303.030303030303,313.1313131313131,323.2323232323232,323.2323232323232,333.3333333333333,343.4343434343434
1.1868686868686869,0.0,10.1010101010101,10.1010101010101,10.1010101010101,10.1010101010101,10.1010101010101,10.1010101010101,10.1010101010101,10.1010101010101,10.1010101010101,10.1010101010101,10.1010101010101,10.1010101010101,10.1010101010101,10.1010101010101,10.1010101010101,10.1010101010101,10.1010101010101,10.1010101010101,10.1010101010101,10.1010101010101,10.1010101010101,10.1010101010101,10.1010101010101,10.1010101010101,10.1010101010101,10.1010101010101,10.1010101010101,10.1010101010101,10.1010101010101,10.1010101010101,10.1010101010101,10.1010101010101,10.1010101010101,10.1010101010101,10.1010101010101,10.1010101010101,10.1010101010101,20.2020202020202,20.2020202020202,20.2020202020202,20.2020202020202,20.2020202020202,30.3030303030303,30.3030303030303,30.3030303030303,30.3030303030303,40.4040404040404,40.4040404040404,40.4040404040404,50.505050505050505,50.505050505050505,50.505050505050505,60.6060606060606,60.6060606060606,70.7070707070707,70.7070707070707,70.7070707070707,80.8080808080808,80.8080808080808,90.9090909090909,90.9090909090909,101.01010101010101,101.01010101010101,111.1111111111111,111.1111111111111,121.2121212121212,121.2121212121212,131.3131313131313,131.3131313131313,141.4141414141414,151.5151515151515,151.5151515151515,161.6161616161616,161.6161616161616,171.7171717171717,181.8181818181818,181.8181818181818,191.91919191919192,191.91919191919192,202.02020202020202,212.1212121212121,212.1212121212121,222.2222222222222,232.3232323232323,232.3232323232323,242.4242424242424,252.5252525252525,252.5252525252525,262.6262626262626,272.7272727272727,272.7272727272727,282.8282828282828,292.9292929292929,292.9292929292929,303.030303030303,313.1313131313131,313.1313131313131,323.2323232323232,333.3333333333333
1.196969696969697,0.0,10.1010101010101,10.1010101010101,10.1010101010101,10.1010101010101,10.1010101010101,10.1010101010101,10.1010101010101,10.1010101010101,10.1010101010101,10.1010101010101,10.1010101010101,10.1010101010101,10.1010101010101,10.1010101010101,10.1010101010101,10.1010101010101,10.1010101010101,10.1010101010101,10.1010101010101,10.1010101010101,10.1010101010101,10.1010101010101,10.1010101010101,10.1010101010101,10.1010101010101,10.1010101010101,10.1010101010101,10.1010101010101,10.1010101010101,10.1010101010101,10.1010101010101,10.1010101010101,10.1010101010101,10.1010101010101,10.1010101010101,10.1010101010101,10.1010101010101,20.2020202020202,20.2020202020202,20.2020202020202,20.2020202020202,20.2020202020202,20.2020202020202,30.3030303030303,30.3030303030303,30.3030303030303,30.3030303030303,40.4040404040404,40.4040404040404,40.4040404040404,50.505050505050505,50.505050505050505,50.505050505050505,60.6060606060606,60.6060606060606,70.7070707070707,70.7070707070707,70.7070707070707,80.8080808080808,80.8080808080808,90.9090909090909,90.9090909090909,101.01010101010101,101.01010101010101,111.1111111111111,111.1111111111111,121.2121212121212,121.2121212121212,131.3131313131313,141.4141414141414,141.4141414141414,151.5151515151515,151.5151515151515,161.6161616161616,161.6161616161616,171.7171717171717,181.8181818181818,181.8181818181818,191.91919191919192,191.91919191919192,202.02020202020202,212.1212121212121,212.1212121212121,222.2222222222222,232.3232323232323,232.3232323232323,242.4242424242424,252.5252525252525,252.5252525252525,262.6262626262626,272.7272727272727,272.7272727272727,282.8282828282828,292.9292929292929,292.9292929292929,303.030303030303,313.1313131313131,313.1313131313131,323.2323232323232
1.2070707070707072,0.0,10.1010101010101,10.1010101010101,10.1010101010101,10.1010101010101,10.1010101010101,10.1010101010101,10.1010101010101,10.1010101010101,10.1010101010101,10.1010101010101,10.1010101010101,10.1010101010101,10.1010101010101,10.1010101010101,10.1010101010101,10.1010101010101,10.1010101010101,10.1010101010101,10.1010101010101,10.1010101010101,10.1010101010101,10.1010101010101,10.1010101010101,10.1010101010101,10.1010101010101,10.1010101010101,10.1010101010101,10.1010101010101,10.1010101010101,10.1010101010101,10.1010101010101,10.1010101010101,10.1010101010101,10.1010101010101,10.1010101010101,10.1010101010101,10.1010101010101,10.1010101010101,20.2020202020202,20.2020202020202,20.2020202020202,20.2020202020202,20.2020202020202,30.3030303030303,30.3030303030303,30.3030303030303,30.3030303030303,40.4040404040404,40.4040404040404,40.4040404040404,50.505050505050505,50.505050505050505,50.505050505050505,60.6060606060606,60.6060606060606,60.6060606060606,70.7070707070707,70.7070707070707,80.8080808080808,80.8080808080808,90.9090909090909,90.9090909090909,90.9090909090909,101.01010101010101,101.01010101010101,111.1111111111111,111.1111111111111,121.2121212121212,131.3131313131313,131.3131313131313,141.4141414141414,141.4141414141414,151.5151515151515,151.5151515151515,161.6161616161616,161.6161616161616,171.7171717171717,181.8181818181818,181.8181818181818,191.91919191919192,191.91919191919192,202.02020202020202,212.1212121212121,212.1212121212121,222.2222222222222,232.3232323232323,232.3232323232323,242.4242424242424,252.5252525252525,252.5252525252525,262.6262626262626,262.6262626262626,272.7272727272727,282.8282828282828,282.8282828282828,292.9292929292929,303.030303030303,303.030303030303,313.1313131313131
1.2171717171717171,0.0,10.1010101010101,10.1010101010101,10.1010101010101,10.1010101010101,10.1010101010101,10.1010101010101,10.1010101010101,10.1010101010101,10.1010101010101,10.1010101010101,10.1010101010101,10.1010101010101,10.1010101010101,10.1010101010101,10.1010101010101,10.1010101010101,10.1010101010101,10.1010101010101,10.1010101010101,10.1010101010101,10.1010101010101,10.1010101010101,10.1010101010101,10.1010101010101,10.1010101010101,10.1010101010101,10.1010101010101,10.1010101010101,10.1010101010101,10.1010101010101,10.1010101010101,10.1010101010101,10.1010101010101,10.1010101010101,10.1010101010101,10.1010101010101,10.1010101010101,10.1010101010101,20.2020202020202,20.2020202020202,20.2020202020202,20.2020202020202,20.2020202020202,20.2020202020202,30.3030303030303,30.3030303030303,30.3030303030303,30.3030303030303,40.4040404040404,40.4040404040404,40.4040404040404,50.505050505050505,50.505050505050505,50.505050505050505,60.6060606060606,60.6060606060606,70.7070707070707,70.7070707070707,70.7070707070707,80.8080808080808,80.8080808080808,90.9090909090909,90.9090909090909,101.01010101010101,101.01010101010101,111.1111111111111,111.1111111111111,121.2121212121212,121.2121212121212,131.3131313131313,131.3131313131313,141.4141414141414,141.4141414141414,151.5151515151515,151.5151515151515,161.6161616161616,171.7171717171717,171.7171717171717,181.8181818181818,181.8181818181818,191.91919191919192,202.02020202020202,202.02020202020202,212.1212121212121,212.1212121212121,222.2222222222222,232.3232323232323,232.3232323232323,242.4242424242424,252.5252525252525,252.5252525252525,262.6262626262626,262.6262626262626,272.7272727272727,282.8282828282828,282.8282828282828,292.9292929292929,303.030303030303,303.030303030303
1.2272727272727273,0.0,10.1010101010101,10.1010101010101,10.1010101010101,10.1010101010101,10.1010101010101,10.1010101010101,10.1010101010101,10.1010101010101,10.1010101010101,10.1010101010101,10.1010101010101,10.1010101010101,10.1010101010101,10.1010101010101,10.1010101010101,10.1010101010101,10.1010101010101,10.1010101010101,10.1010101010101,10.1010101010101,10.1010101010101,10.1010101010101,10.1010101010101,10.1010101010101,10.1010101010101,10.1010101010101,10.1010101010101,10.1010101010101,10.1010101010101,10.1010101010101,10.1010101010101,10.1010101010101,10.1010101010101,10.1010101010101,10.1010101010101,10.1010101010101,10.1010101010101,10.1010101010101,10.1010101010101,20.2020202020202,20.2020202020202,20.2020202020202,20.2020202020202,20.2020202020202,30.3030303030303,30.3030303030303,30.3030303030303,30.3030303030303,40.4040404040404,40.4040404040404,40.4040404040404,50.505050505050505,50.505050505050505,50.505050505050505,60.6060606060606,60.6060606060606,60.6060606060606,70.7070707070707,70.7070707070707,70.7070707070707,80.8080808080808,80.8080808080808,90.9090909090909,90.9090909090909,101.01010101010101,101.01010101010101,111.1111111111111,111.1111111111111,121.2121212121212,121.2121212121212,131.3131313131313,131.3131313131313,141.4141414141414,141.4141414141414,151.5151515151515,151.5151515151515,161.6161616161616,171.7171717171717,171.7171717171717,181.8181818181818,181.8181818181818,191.91919191919192,202.02020202020202,202.02020202020202,212.1212121212121,212.1212121212121,222.2222222222222,232.3232323232323,232.3232323232323,242.4242424242424,252.5252525252525,252.5252525252525,262.6262626262626,262.6262626262626,272.7272727272727,282.8282828282828,282.8282828282828,292.9292929292929,303.030303030303
1.2373737373737375,0.0,10.1010101010101,10.1010101010101,10.1010101010101,10.1010101010101,10.1010101010101,10.1010101010101,10.1010101010101,10.1010101010101,10.1010101010101,10.1010101010101,10.1010101010101,10.1010101010101,10.1010101010101,10.1010101010101,10.1010101010101,10.1010101010101,10.1010101010101,10.1010101010101,10.1010101010101,10.1010101010101,10.1010101010101,10.1010101010101,10.1010101010101,10.1010101010101,10.1010101010101,10.1010101010101,10.1010101010101,10.1010101010101,10.1010101010101,10.1010101010101,10.1010101010101,10.1010101010101,10.1010101010101,10.1010101010101,10.1010101010101,10.1010101010101,10.1010101010101,10.1010101010101,10.1010101010101,20.2020202020202,20.2020202020202,20.2020202020202,20.2020202020202,20.2020202020202,20.2020202020202,30.3030303030303,30.3030303030303,30.3030303030303,30.3030303030303,40.4040404040404,40.4040404040404,40.4040404040404,50.505050505050505,50.505050505050505,50.505050505050505,60.6060606060606,60.6060606060606,60.6060606060606,70.7070707070707,70.7070707070707,80.8080808080808,80.8080808080808,90.9090909090909,90.9090909090909,90.9090909090909,101.01010101010101,101.01010101010101,111.1111111111111,111.1111111111111,121.2121212121212,121.2121212121212,131.3131313131313,131.3131313131313,141.4141414141414,151.5151515151515,151.5151515151515,161.6161616161616,161.6161616161616,171.7171717171717,171.7171717171717,181.8181818181818,181.8181818181818,191.91919191919192,202.02020202020202,202.02020202020202,212.1212121212121,212.1212121212121,222.2222222222222,232.3232323232323,232.3232323232323,242.4242424242424,252.5252525252525,252.5252525252525,262.6262626262626,262.6262626262626,272.7272727272727,282.8282828282828,282.8282828282828,292.9292929292929
1.2474747474747474,0.0,10.1010101010101,10.1010101010101,10.1010101010101,10.1010101010101,10.1010101010101,10.1010101010101,10.1010101010101,10.1010101010101,10.1010101010101,10.1010101010101,10.1010101010101,10.1010101010101,10.1010101010101,10.1010101010101,10.1010101010101,10.1010101010101,10.1010101010101,10.1010101010101,10.1010101010101,10.1010101010101,10.1010101010101,10.1010101010101,10.1010101010101,10.1010101010101,10.1010101010101,10.1010101010101,10.1010101010101,10.1010101010101,10.1010101010101,10.1010101010101,10.1010101010101,10.1010101010101,10.1010101010101,10.1010101010101,10.1010101010101,10.1010101010101,10.1010101010101,10.1010101010101,10.1010101010101,20.2020202020202,20.2020202020202,20.2020202020202,20.2020202020202,20.2020202020202,20.2020202020202,30.3030303030303,30.3030303030303,30.3030303030303,30.3030303030303,40.4040404040404,40.4040404040404,40.4040404040404,40.4040404040404,50.505050505050505,50.505050505050505,50.505050505050505,60.6060606060606,60.6060606060606,70.7070707070707,70.7070707070707,70.7070707070707,80.8080808080808,80.8080808080808,90.9090909090909,90.9090909090909,101.01010101010101,101.01010101010101,111.1111111111111,111.1111111111111,121.2121212121212,121.2121212121212,131.3131313131313,131.3131313131313,141.4141414141414,141.4141414141414,151.5151515151515,151.5151515151515,161.6161616161616,161.6161616161616,171.7171717171717,171.7171717171717,181.8181818181818,191.91919191919192,191.91919191919192,202.02020202020202,202.02020202020202,212.1212121212121,222.2222222222222,222.2222222222222,232.3232323232323,232.3232323232323,242.4242424242424,252.5252525252525,252.5252525252525,262.6262626262626,262.6262626262626,272.7272727272727,282.8282828282828,282.8282828282828
1.2575757575757578,0.0,10.1010101010101,10.1010101010101,10.1010101010101,10.1010101010101,10.1010101010101,10.1010101010101,10.1010101010101,10.1010101010101,10.1010101010101,10.1010101010101,10.1010101010101,10.1010101010101,10.1010101010101,10.1010101010101,10.1010101010101,10.1010101010101,10.1010101010101,10.1010101010101,10.1010101010101,10.1010101010101,10.1010101010101,10.1010101010101,10.1010101010101,10.1010101010101,10.1010101010101,10.1010101010101,10.1010101010101,10.1010101010101,10.1010101010101,10.1010101010101,10.1010101010101,10.1010101010101,10.1010101010101,10.1010101010101,10.1010101010101,10.1010101010101,10.1010101010101,10.1010101010101,10.1010101010101,10.1010101010101,20.2020202020202,20.2020202020202,20.2020202020202,20.2020202020202,20.2020202020202,30.3030303030303,30.3030303030303,30.3030303030303,30.3030303030303,30.3030303030303,40.4040404040404,40.4040404040404,40.4040404040404,50.505050505050505,50.505050505050505,50.505050505050505,60.6060606060606,60.6060606060606,60.6060606060606,70.7070707070707,70.7070707070707,80.8080808080808,80.8080808080808,80.8080808080808,90.9090909090909,90.9090909090909,101.01010101010101,101.01010101010101,111.1111111111111,111.1111111111111,121.2121212121212,121.2121212121212,131.3131313131313,131.3131313131313,141.4141414141414,141.4141414141414,151.5151515151515,151.5151515151515,161.6161616161616,161.6161616161616,171.7171717171717,181.8181818181818,181.8181818181818,191.91919191919192,191.91919191919192,202.02020202020202,202.02020202020202,212.1212121212121,222.2222222222222,222.2222222222222,232.3232323232323,232.3232323232323,242.4242424242424,252.5252525252525,252.5252525252525,262.6262626262626,272.7272727272727,272.7272727272727,282.8282828282828
1.2676767676767677,0.0,10.1010101010101,10.1010101010101,10.1010101010101,10.1010101010101,10.1010101010101,10.1010101010101,10.1010101010101,10.1010101010101,10.1010101010101,10.1010101010101,10.1010101010101,10.1010101010101,10.1010101010101,10.1010101010101,10.1010101010101,10.1010101010101,10.1010101010101,10.1010101010101,10.1010101010101,10.1010101010101,10.1010101010101,10.1010101010101,10.1010101010101,10.1010101010101,10.1010101010101,10.1010101010101,10.1010101010101,10.1010101010101,10.1010101010101,10.1010101010101,10.1010101010101,10.1010101010101,10.1010101010101,10.1010101010101,10.1010101010101,10.1010101010101,10.1010101010101,10.1010101010101,10.1010101010101,10.1010101010101,20.2020202020202,20.2020202020202,20.2020202020202,20.2020202020202,20.2020202020202,20.2020202020202,30.3030303030303,30.3030303030303,30.3030303030303,30.3030303030303,40.4040404040404,40.4040404040404,40.4040404040404,40.4040404040404,50.505050505050505,50.505050505050505,50.505050505050505,60.6060606060606,60.6060606060606,70.7070707070707,70.7070707070707,70.7070707070707,80.8080808080808,80.8080808080808,90.9090909090909,90.9090909090909,90.9090909090909,101.01010101010101,101.01010101010101,111.1111111111111,111.1111111111111,121.2121212121212,121.2121212121212,131.3131313131313,131.3131313131313,141.4141414141414,141.4141414141414,151.5151515151515,151.5151515151515,161.6161616161616,171.7171717171717,171.7171717171717,181.8181818181818,181.8181818181818,191.91919191919192,191.91919191919192,202.02020202020202,212.1212121212121,212.1212121212121,222.2222222222222,222.2222222222222,232.3232323232323,242.4242424242424,242.4242424242424,252.5252525252525,252.5252525252525,262.6262626262626,272.7272727272727,272.7272727272727
1.2777777777777777,0.0,10.1010101010101,10.1010101010101,10.1010101010101,10.1010101010101,10.1010101010101,10.1010101010101,10.1010101010101,10.1010101010101,10.1010101010101,10.1010101010101,10.1010101010101,10.1010101010101,10.1010101010101,10.1010101010101,10.1010101010101,10.1010101010101,10.1010101010101,10.1010101010101,10.1010101010101,10.1010101010101,10.1010101010101,10.1010101010101,10.1010101010101,10.1010101010101,10.1010101010101,10.1010101010101,10.1010101010101,10.1010101010101,10.1010101010101,10.1010101010101,10.1010101010101,10.1010101010101,10.1010101010101,10.1010101010101,10.1010101010101,10.1010101010101,10.1010101010101,10.1010101010101,10.1010101010101,10.1010101010101,20.2020202020202,20.2020202020202,20.2020202020202,20.2020202020202,20.2020202020202,20.2020202020202,30.3030303030303,30.3030303030303,30.3030303030303,30.3030303030303,30.3030303030303,40.4040404040404,40.4040404040404,40.4040404040404,50.505050505050505,50.505050505050505,50.505050505050505,60.6060606060606,60.6060606060606,60.6060606060606,70.7070707070707,70.7070707070707,80.8080808080808,80.8080808080808,80.8080808080808,90.9090909090909,90.9090909090909,101.01010101010101,101.01010101010101,111.1111111111111,111.1111111111111,121.2121212121212,121.2121212121212,131.3131313131313,131.3131313131313,141.4141414141414,141.4141414141414,151.5151515151515,151.5151515151515,161.6161616161616,161.6161616161616,171.7171717171717,171.7171717171717,181.8181818181818,181.8181818181818,191.91919191919192,202.02020202020202,202.02020202020202,212.1212121212121,212.1212121212121,222.2222222222222,222.2222222222222,232.3232323232323,242.4242424242424,242.4242424242424,252.5252525252525,252.5252525252525,262.6262626262626,272.7272727272727
1.287878787878788,0.0,10.1010101010101,10.1010101010101,10.1010101010101,10.1010101010101,10.1010101010101,10.1010101010101,10.1010101010101,10.1010101010101,10.1010101010101,10.1010101010101,10.1010101010101,10.1010101010101,10.1010101010101,10.1010101010101,10.1010101010101,10.1010101010101,10.1010101010101,10.1010101010101,10.1010101010101,10.1010101010101,10.1010101010101,10.1010101010101,10.1010101010101,10.1010101010101,10.1010101010101,10.1010101010101,10.1010101010101,10.1010101010101,10.1010101010101,10.1010101010101,10.1010101010101,10.1010101010101,10.1010101010101,10.1010101010101,10.1010101010101,10.1010101010101,10.1010101010101,10.1010101010101,10.1010101010101,10.1010101010101,10.1010101010101,20.2020202020202,20.2020202020202,20.2020202020202,20.2020202020202,20.2020202020202,20.2020202020202,30.3030303030303,30.3030303030303,30.3030303030303,30.3030303030303,40.4040404040404,40.4040404040404,40.4040404040404,40.4040404040404,50.505050505050505,50.505050505050505,50.505050505050505,60.6060606060606,60.6060606060606,70.7070707070707,70.7070707070707,70.7070707070707,80.8080808080808,80.8080808080808,90.9090909090909,90.9090909090909,90.9090909090909,101.01010101010101,101.01010101010101,111.1111111111111,111.1111111111111,121.2121212121212,121.2121212121212,131.3131313131313,131.3131313131313,141.4141414141414,141.4141414141414,151.5151515151515,151.5151515151515,161.6161616161616,161.6161616161616,171.7171717171717,171.7171717171717,181.8181818181818,191.91919191919192,191.91919191919192,202.02020202020202,202.02020202020202,212.1212121212121,212.1212121212121,222.2222222222222,232.3232323232323,232.3232323232323,242.4242424242424,242.4242424242424,252.5252525252525,262.6262626262626,262.6262626262626
1.297979797979798,0.0,10.1010101010101,10.1010101010101,10.1010101010101,10.1010101010101,10.1010101010101,10.1010101010101,10.1010101010101,10.1010101010101,10.1010101010101,10.1010101010101,10.1010101010101,10.1010101010101,10.1010101010101,10.1010101010101,10.1010101010101,10.1010101010101,10.1010101010101,10.1010101010101,10.1010101010101,10.1010101010101,10.1010101010101,10.1010101010101,10.1010101010101,10.1010101010101,10.1010101010101,10.1010101010101,10.1010101010101,10.1010101010101,10.1010101010101,10.1010101010101,10.1010101010101,10.1010101010101,10.1010101010101,10.1010101010101,10.1010101010101,10.1010101010101,10.1010101010101,10.1010101010101,10.1010101010101,10.1010101010101,10.1010101010101,20.2020202020202,20.2020202020202,20.2020202020202,20.2020202020202,20.2020202020202,20.2020202020202,30.3030303030303,30.3030303030303,30.3030303030303,30.3030303030303,40.4040404040404,40.4040404040404,40.4040404040404,40.4040404040404,50.505050505050505,50.505050505050505,50.505050505050505,60.6060606060606,60.6060606060606,60.6060606060606,70.7070707070707,70.7070707070707,70.7070707070707,80.8080808080808,80.8080808080808,90.9090909090909,90.9090909090909,101.01010101010101,101.01010101010101,101.01010101010101,111.1111111111111,111.1111111111111,121.2121212121212,121.2121212121212,131.3131313131313,131.3131313131313,141.4141414141414,141.4141414141414,151.5151515151515,151.5151515151515,161.6161616161616,171.7171717171717,171.7171717171717,181.8181818181818,181.8181818181818,191.91919191919192,191.91919191919192,202.02020202020202,202.02020202020202,212.1212121212121,222.2222222222222,222.2222222222222,232.3232323232323,232.3232323232323,242.4242424242424,242.4242424242424,252.5252525252525,262.6262626262626
1.3080808080808082,0.0,10.1010101010101,10.1010101010101,10.1010101010101,10.1010101010101,10.1010101010101,10.1010101010101,10.1010101010101,10.1010101010101,10.1010101010101,10.1010101010101,10.1010101010101,10.1010101010101,10.1010101010101,10.1010101010101,10.1010101010101,10.1010101010101,10.1010101010101,10.1010101010101,10.1010101010101,10.1010101010101,10.1010101010101,10.1010101010101,10.1010101010101,10.1010101010101,10.1010101010101,10.1010101010101,10.1010101010101,10.1010101010101,10.1010101010101,10.1010101010101,10.1010101010101,10.1010101010101,10.1010101010101,10.1010101010101,10.1010101010101,10.1010101010101,10.1010101010101,10.1010101010101,10.1010101010101,10.1010101010101,10.1010101010101,20.2020202020202,20.2020202020202,20.2020202020202,20.2020202020202,20.2020202020202,20.2020202020202,30.3030303030303,30.3030303030303,30.3030303030303,30.3030303030303,30.3030303030303,40.4040404040404,40.4040404040404,40.4040404040404,50.505050505050505,50.505050505050505,50.505050505050505,50.505050505050505,60.6060606060606,60.6060606060606,70.7070707070707,70.7070707070707,70.7070707070707,80.8080808080808,80.8080808080808,80.8080808080808,90.9090909090909,90.9090909090909,101.01010101010101,101.01010101010101,111.1111111111111,111.1111111111111,121.2121212121212,121.2121212121212,131.3131313131313,131.3131313131313,141.4141414141414,141.4141414141414,151.5151515151515,151.5151515151515,161.6161616161616,161.6161616161616,171.7171717171717,171.7171717171717,181.8181818181818,181.8181818181818,191.91919191919192,191.91919191919192,202.02020202020202,212.1212121212121,212.1212121212121,222.2222222222222,222.2222222222222,232.3232323232323,232.3232323232323,242.4242424242424,252.5252525252525,252.5252525252525
1.3181818181818183,0.0,10.1010101010101,10.1010101010101,10.1010101010101,10.1010101010101,10.1010101010101,10.1010101010101,10.1010101010101,10.1010101010101,10.1010101010101,10.1010101010101,10.1010101010101,10.1010101010101,10.1010101010101,10.1010101010101,10.1010101010101,10.1010101010101,10.1010101010101,10.1010101010101,10.1010101010101,10.1010101010101,10.1010101010101,10.1010101010101,10.1010101010101,10.1010101010101,10.1010101010101,10.1010101010101,10.1010101010101,10.1010101010101,10.1010101010101,10.1010101010101,10.1010101010101,10.1010101010101,10.1010101010101,10.1010101010101,10.1010101010101,10.1010101010101,10.1010101010101,10.1010101010101,10.1010101010101,10.1010101010101,10.1010101010101,10.1010101010101,20.2020202020202,20.2020202020202,20.2020202020202,20.2020202020202,20.2020202020202,20.2020202020202,30.3030303030303,30.3030303030303,30.3030303030303,30.3030303030303,40.4040404040404,40.4040404040404,40.4040404040404,40.4040404040404,50.505050505050505,50.505050505050505,50.505050505050505,60.6060606060606,60.6060606060606,60.6060606060606,70.7070707070707,70.7070707070707,70.7070707070707,80.8080808080808,80.8080808080808,90.9090909090909,90.9090909090909,101.01010101010101,101.01010101010101,101.01010101010101,111.1111111111111,111.1111111111111,121.2121212121212,121.2121212121212,131.3131313131313,131.3131313131313,141.4141414141414,141.4141414141414,151.5151515151515,151.5151515151515,161.6161616161616,161.6161616161616,171.7171717171717,171.7171717171717,181.8181818181818,181.8181818181818,191.91919191919192,202.02020202020202,202.02020202020202,212.1212121212121,212.1212121212121,222.2222222222222,222.2222222222222,232.3232323232323,242.4242424242424,242.4242424242424,252.5252525252525
1.3282828282828283,0.0,10.1010101010101,10.1010101010101,10.1010101010101,10.1010101010101,10.1010101010101,10.1010101010101,10.1010101010101,10.1010101010101,10.1010101010101,10.1010101010101,10.1010101010101,10.1010101010101,10.1010101010101,10.1010101010101,10.1010101010101,10.1010101010101,10.1010101010101,10.1010101010101,10.1010101010101,10.1010101010101,10.1010101010101,10.1010101010101,10.1010101010101,10.1010101010101,10.1010101010101,10.1010101010101,10.1010101010101,10.1010101010101,10.1010101010101,10.1010101010101,10.1010101010101,10.1010101010101,10.1010101010101,10.1010101010101,10.1010101010101,10.1010101010101,10.1010101010101,10.1010101010101,10.1010101010101,10.1010101010101,10.1010101010101,10.1010101010101,20.2020202020202,20.2020202020202,20.2020202020202,20.2020202020202,20.2020202020202,20.2020202020202,30.3030303030303,30.3030303030303,30.3030303030303,30.3030303030303,30.3030303030303,40.4040404040404,40.4040404040404,40.4040404040404,50.505050505050505,50.505050505050505,50.505050505050505,60.6060606060606,60.6060606060606,60.6060606060606,70.7070707070707,70.7070707070707,70.7070707070707,80.8080808080808,80.8080808080808,80.8080808080808,90.9090909090909,90.9090909090909,101.01010101010101,101.01010101010101,111.1111111111111,111.1111111111111,121.2121212121212,121.2121212121212,121.2121212121212,131.3131313131313,131.3131313131313,141.4141414141414,141.4141414141414,151.5151515151515,151.5151515151515,161.6161616161616,171.7171717171717,171.7171717171717,181.8181818181818,181.8181818181818,191.91919191919192,191.91919191919192,202.02020202020202,202.02020202020202,212.1212121212121,212.1212121212121,222.2222222222222,232.3232323232323,232.3232323232323,242.4242424242424,242.4242424242424
1.3383838383838385,0.0,10.1010101010101,10.1010101010101,10.1010101010101,10.1010101010101,10.1010101010101,10.1010101010101,10.1010101010101,10.1010101010101,10.1010101010101,10.1010101010101,10.1010101010101,10.1010101010101,10.1010101010101,10.1010101010101,10.1010101010101,10.1010101010101,10.1010101010101,10.1010101010101,10.1010101010101,10.1010101010101,10.1010101010101,10.1010101010101,10.1010101010101,10.1010101010101,10.1010101010101,10.1010101010101,10.1010101010101,10.1010101010101,10.1010101010101,10.1010101010101,10.1010101010101,10.1010101010101,10.1010101010101,10.1010101010101,10.1010101010101,10.1010101010101,10.1010101010101,10.1010101010101,10.1010101010101,10.1010101010101,10.1010101010101,10.1010101010101,20.2020202020202,20.2020202020202,20.2020202020202,20.2020202020202,20.2020202020202,20.2020202020202,20.2020202020202,30.3030303030303,30.3030303030303,30.3030303030303,30.3030303030303,40.4040404040404,40.4040404040404,40.4040404040404,40.4040404040404,50.505050505050505,50.505050505050505,50.505050505050505,60.6060606060606,60.6060606060606,60.6060606060606,70.7070707070707,70.7070707070707,70.7070707070707,80.8080808080808,80.8080808080808,90.9090909090909,90.9090909090909,101.01010101010101,101.01010101010101,101.01010101010101,111.1111111111111,111.1111111111111,121.2121212121212,121.2121212121212,131.3131313131313,131.3131313131313,141.4141414141414,141.4141414141414,151.5151515151515,151.5151515151515,161.6161616161616,161.6161616161616,171.7171717171717,171.7171717171717,181.8181818181818,181.8181818181818,191.91919191919192,191.91919191919192,202.02020202020202,202.02020202020202,212.1212121212121,222.2222222222222,222.2222222222222,232.3232323232323,232.3232323232323,242.4242424242424
1.3484848484848486,0.0,10.1010101010101,10.1010101010101,10.1010101010101,10.1010101010101,10.1010101010101,10.1010101010101,10.1010101010101,10.1010101010101,10.1010101010101,10.1010101010101,10.1010101010101,10.1010101010101,10.1010101010101,10.1010101010101,10.1010101010101,10.1010101010101,10.1010101010101,10.1010101010101,10.1010101010101,10.1010101010101,10.1010101010101,10.1010101010101,10.1010101010101,10.1010101010101,10.1010101010101,10.1010101010101,10.1010101010101,10.1010101010101,10.1010101010101,10.1010101010101,10.1010101010101,10.1010101010101,10.1010101010101,10.1010101010101,10.1010101010101,10.1010101010101,10.1010101010101,10.1010101010101,10.1010101010101,10.1010101010101,10.1010101010101,10.1010101010101,10.1010101010101,20.2020202020202,20.2020202020202,20.2020202020202,20.2020202020202,20.2020202020202,20.2020202020202,30.3030303030303,30.3030303030303,30.3030303030303,30.3030303030303,40.4040404040404,40.4040404040404,40.4040404040404,40.4040404040404,50.505050505050505,50.505050505050505,50.505050505050505,60.6060606060606,60.6060606060606,60.6060606060606,70.7070707070707,70.7070707070707,70.7070707070707,80.8080808080808,80.8080808080808,80.8080808080808,90.9090909090909,90.9090909090909,101.01010101010101,101.01010101010101,111.1111111111111,111.1111111111111,121.2121212121212,121.2121212121212,121.2121212121212,131.3131313131313,131.3131313131313,141.4141414141414,141.4141414141414,151.5151515151515,151.5151515151515,161.6161616161616,161.6161616161616,171.7171717171717,171.7171717171717,181.8181818181818,191.91919191919192,191.91919191919192,202.02020202020202,202.02020202020202,212.1212121212121,212.1212121212121,222.2222222222222,222.2222222222222,232.3232323232323,232.3232323232323
1.3585858585858586,0.0,10.1010101010101,10.1010101010101,10.1010101010101,10.1010101010101,10.1010101010101,10.1010101010101,10.1010101010101,10.1010101010101,10.1010101010101,10.1010101010101,10.1010101010101,10.1010101010101,10.1010101010101,10.1010101010101,10.1010101010101,10.1010101010101,10.1010101010101,10.1010101010101,10.1010101010101,10.1010101010101,10.1010101010101,10.1010101010101,10.1010101010101,10.1010101010101,10.1010101010101,10.1010101010101,10.1010101010101,10.1010101010101,10.1010101010101,10.1010101010101,10.1010101010101,10.1010101010101,10.1010101010101,10.1010101010101,10.1010101010101,10.1010101010101,10.1010101010101,10.1010101010101,10.1010101010101,10.1010101010101,10.1010101010101,10.1010101010101,10.1010101010101,20.2020202020202,20.2020202020202,20.2020202020202,20.2020202020202,20.2020202020202,20.2020202020202,30.3030303030303,30.3030303030303,30.3030303030303,30.3030303030303,30.3030303030303,40.4040404040404,40.4040404040404,40.4040404040404,40.4040404040404,50.505050505050505,50.505050505050505,50.505050505050505,60.6060606060606,60.6060606060606,60.6060606060606,70.7070707070707,70.7070707070707,80.8080808080808,80.8080808080808,80.8080808080808,90.9090909090909,90.9090909090909,101.01010101010101,101.01010101010101,101.01010101010101,111.1111111111111,111.1111111111111,121.2121212121212,121.2121212121212,131.3131313131313,131.3131313131313,141.4141414141414,141.4141414141414,151.5151515151515,151.5151515151515,161.6161616161616,161.6161616161616,171.7171717171717,171.7171717171717,181.8181818181818,181.8181818181818,191.91919191919192,191.91919191919192,202.02020202020202,202.02020202020202,212.1212121212121,212.1212121212121,222.2222222222222,232.3232323232323,232.3232323232323
1.3686868686868687,0.0,10.1010101010101,10.1010101010101,10.1010101010101,10.1010101010101,10.1010101010101,10.1010101010101,10.1010101010101,10.1010101010101,10.1010101010101,10.1010101010101,10.1010101010101,10.1010101010101,10.1010101010101,10.1010101010101,10.1010101010101,10.1010101010101,10.1010101010101,10.1010101010101,10.1010101010101,10.1010101010101,10.1010101010101,10.1010101010101,10.1010101010101,10.1010101010101,10.1010101010101,10.1010101010101,10.1010101010101,10.1010101010101,10.1010101010101,10.1010101010101,10.1010101010101,10.1010101010101,10.1010101010101,10.1010101010101,10.1010101010101,10.1010101010101,10.1010101010101,10.1010101010101,10.1010101010101,10.1010101010101,10.1010101010101,10.1010101010101,10.1010101010101,20.2020202020202,20.2020202020202,20.2020202020202,20.2020202020202,20.2020202020202,20.2020202020202,20.2020202020202,30.3030303030303,30.3030303030303,30.3030303030303,30.3030303030303,40.4040404040404,40.4040404040404,40.4040404040404,40.4040404040404,50.505050505050505,50.505050505050505,50.505050505050505,60.6060606060606,60.6060606060606,60.6060606060606,70.7070707070707,70.7070707070707,70.7070707070707,80.8080808080808,80.8080808080808,80.8080808080808,90.9090909090909,90.9090909090909,101.01010101010101,101.01010101010101,111.1111111111111,111.1111111111111,111.1111111111111,121.2121212121212,121.2121212121212,131.3131313131313,131.3131313131313,141.4141414141414,141.4141414141414,151.5151515151515,151.5151515151515,161.6161616161616,161.6161616161616,171.7171717171717,171.7171717171717,181.8181818181818,181.8181818181818,191.91919191919192,191.91919191919192,202.02020202020202,212.1212121212121,212.1212121212121,222.2222222222222,222.2222222222222,232.3232323232323
1.378787878787879,0.0,10.1010101010101,10.1010101010101,10.1010101010101,10.1010101010101,10.1010101010101,10.1010101010101,10.1010101010101,10.1010101010101,10.1010101010101,10.1010101010101,10.1010101010101,10.1010101010101,10.1010101010101,10.1010101010101,10.1010101010101,10.1010101010101,10.1010101010101,10.1010101010101,10.1010101010101,10.1010101010101,10.1010101010101,10.1010101010101,10.1010101010101,10.1010101010101,10.1010101010101,10.1010101010101,10.1010101010101,10.1010101010101,10.1010101010101,10.1010101010101,10.1010101010101,10.1010101010101,10.1010101010101,10.1010101010101,10.1010101010101,10.1010101010101,10.1010101010101,10.1010101010101,10.1010101010101,10.1010101010101,10.1010101010101,10.1010101010101,10.1010101010101,10.1010101010101,20.2020202020202,20.2020202020202,20.2020202020202,20.2020202020202,20.2020202020202,20.2020202020202,30.3030303030303,30.3030303030303,30.3030303030303,30.3030303030303,40.4040404040404,40.4040404040404,40.4040404040404,40.4040404040404,50.505050505050505,50.505050505050505,50.505050505050505,50.505050505050505,60.6060606060606,60.6060606060606,60.6060606060606,70.7070707070707,70.7070707070707,80.8080808080808,80.8080808080808,80.8080808080808,90.9090909090909,90.9090909090909,101.01010101010101,101.01010101010101,101.01010101010101,111.1111111111111,111.1111111111111,121.2121212121212,121.2121212121212,131.3131313131313,131.3131313131313,141.4141414141414,141.4141414141414,151.5151515151515,151.5151515151515,161.6161616161616,161.6161616161616,171.7171717171717,171.7171717171717,181.8181818181818,181.8181818181818,191.91919191919192,191.91919191919192,202.02020202020202,202.02020202020202,212.1212121212121,212.1212121212121,222.2222222222222,222.2222222222222
1.3888888888888888,0.0,10.1010101010101,10.1010101010101,10.1010101010101,10.1010101010101,10.1010101010101,10.1010101010101,10.1010101010101,10.1010101010101,10.1010101010101,10.1010101010101,10.1010101010101,10.1010101010101,10.1010101010101,10.1010101010101,10.1010101010101,10.1010101010101,10.1010101010101,10.1010101010101,10.1010101010101,10.1010101010101,10.1010101010101,10.1010101010101,10.1010101010101,10.1010101010101,10.1010101010101,10.1010101010101,10.1010101010101,10.1010101010101,10.1010101010101,10.1010101010101,10.1010101010101,10.1010101010101,10.1010101010101,10.1010101010101,10.1010101010101,10.1010101010101,10.1010101010101,10.1010101010101,10.1010101010101,10.1010101010101,10.1010101010101,10.1010101010101,10.1010101010101,10.1010101010101,20.2020202020202,20.2020202020202,20.2020202020202,20.2020202020202,20.2020202020202,20.2020202020202,30.3030303030303,30.3030303030303,30.3030303030303,30.3030303030303,30.3030303030303,40.4040404040404,40.4040404040404,40.4040404040404,40.4040404040404,50.505050505050505,50.505050505050505,50.505050505050505,60.6060606060606,60.6060606060606,60.6060606060606,70.7070707070707,70.7070707070707,70.7070707070707,80.8080808080808,80.8080808080808,90.9090909090909,90.9090909090909,90.9090909090909,101.01010101010101,101.01010101010101,111.1111111111111,111.1111111111111,111.1111111111111,121.2121212121212,121.2121212121212,131.3131313131313,131.3131313131313,141.4141414141414,141.4141414141414,151.5151515151515,151.5151515151515,161.6161616161616,161.6161616161616,171.7171717171717,171.7171717171717,181.8181818181818,181.8181818181818,191.91919191919192,191.91919191919192,202.02020202020202,202.02020202020202,212.1212121212121,212.1212121212121,222.2222222222222
1.3989898989898992,0.0,10.1010101010101,10.1010101010101,10.1010101010101,10.1010101010101,10.1010101010101,10.1010101010101,10.1010101010101,10.1010101010101,10.1010101010101,10.1010101010101,10.1010101010101,10.1010101010101,10.1010101010101,10.1010101010101,10.1010101010101,10.1010101010101,10.1010101010101,10.1010101010101,10.1010101010101,10.1010101010101,10.1010101010101,10.1010101010101,10.1010101010101,10.1010101010101,10.1010101010101,10.1010101010101,10.1010101010101,10.1010101010101,10.1010101010101,10.1010101010101,10.1010101010101,10.1010101010101,10.1010101010101,10.1010101010101,10.1010101010101,10.1010101010101,10.1010101010101,10.1010101010101,10.1010101010101,10.1010101010101,10.1010101010101,10.1010101010101,10.1010101010101,10.1010101010101,20.2020202020202,20.2020202020202,20.2020202020202,20.2020202020202,20.2020202020202,20.2020202020202,20.2020202020202,30.3030303030303,30.3030303030303,30.3030303030303,30.3030303030303,40.4040404040404,40.4040404040404,40.4040404040404,40.4040404040404,50.505050505050505,50.505050505050505,50.505050505050505,60.6060606060606,60.6060606060606,60.6060606060606,70.7070707070707,70.7070707070707,70.7070707070707,80.8080808080808,80.8080808080808,80.8080808080808,90.9090909090909,90.9090909090909,101.01010101010101,101.01010101010101,101.01010101010101,111.1111111111111,111.1111111111111,121.2121212121212,121.2121212121212,131.3131313131313,131.3131313131313,141.4141414141414,141.4141414141414,141.4141414141414,151.5151515151515,151.5151515151515,161.6161616161616,161.6161616161616,171.7171717171717,171.7171717171717,181.8181818181818,181.8181818181818,191.91919191919192,202.02020202020202,202.02020202020202,212.1212121212121,212.1212121212121,222.2222222222222
1.4090909090909092,0.0,10.1010101010101,10.1010101010101,10.1010101010101,10.1010101010101,10.1010101010101,10.1010101010101,10.1010101010101,10.1010101010101,10.1010101010101,10.1010101010101,10.1010101010101,10.1010101010101,10.1010101010101,10.1010101010101,10.1010101010101,10.1010101010101,10.1010101010101,10.1010101010101,10.1010101010101,10.1010101010101,10.1010101010101,10.1010101010101,10.1010101010101,10.1010101010101,10.1010101010101,10.1010101010101,10.1010101010101,10.1010101010101,10.1010101010101,10.1010101010101,10.1010101010101,10.1010101010101,10.1010101010101,10.1010101010101,10.1010101010101,10.1010101010101,10.1010101010101,10.1010101010101,10.1010101010101,10.1010101010101,10.1010101010101,10.1010101010101,10.1010101010101,10.1010101010101,20.2020202020202,20.2020202020202,20.2020202020202,20.2020202020202,20.2020202020202,20.2020202020202,20.2020202020202,30.3030303030303,30.3030303030303,30.3030303030303,30.3030303030303,30.3030303030303,40.4040404040404,40.4040404040404,40.4040404040404,50.505050505050505,50.505050505050505,50.505050505050505,50.505050505050505,60.6060606060606,60.6060606060606,60.6060606060606,70.7070707070707,70.7070707070707,70.7070707070707,80.8080808080808,80.8080808080808,90.9090909090909,90.9090909090909,90.9090909090909,101.01010101010101,101.01010101010101,111.1111111111111,111.1111111111111,111.1111111111111,121.2121212121212,121.2121212121212,131.3131313131313,131.3131313131313,141.4141414141414,141.4141414141414,151.5151515151515,151.5151515151515,161.6161616161616,161.6161616161616,171.7171717171717,171.7171717171717,181.8181818181818,181.8181818181818,191.91919191919192,191.91919191919192,202.02020202020202,202.02020202020202,212.1212121212121,212.1212121212121
1.4191919191919191,0.0,10.1010101010101,10.1010101010101,10.1010101010101,10.1010101010101,10.1010101010101,10.1010101010101,10.1010101010101,10.1010101010101,10.1010101010101,10.1010101010101,10.1010101010101,10.1010101010101,10.1010101010101,10.1010101010101,10.1010101010101,10.1010101010101,10.1010101010101,10.1010101010101,10.1010101010101,10.1010101010101,10.1010101010101,10.1010101010101,10.1010101010101,10.1010101010101,10.1010101010101,10.1010101010101,10.1010101010101,10.1010101010101,10.1010101010101,10.1010101010101,10.1010101010101,10.1010101010101,10.1010101010101,10.1010101010101,10.1010101010101,10.1010101010101,10.1010101010101,10.1010101010101,10.1010101010101,10.1010101010101,10.1010101010101,10.1010101010101,10.1010101010101,10.1010101010101,10.1010101010101,20.2020202020202,20.2020202020202,20.2020202020202,20.2020202020202,20.2020202020202,20.2020202020202,30.3030303030303,30.3030303030303,30.3030303030303,30.3030303030303,30.3030303030303,40.4040404040404,40.4040404040404,40.4040404040404,40.4040404040404,50.505050505050505,50.505050505050505,50.505050505050505,60.6060606060606,60.6060606060606,60.6060606060606,70.7070707070707,70.7070707070707,70.7070707070707,80.8080808080808,80.8080808080808,80.8080808080808,90.9090909090909,90.9090909090909,101.01010101010101,101.01010101010101,101.01010101010101,111.1111111111111,111.1111111111111,121.2121212121212,121.2121212121212,131.3131313131313,131.3131313131313,141.4141414141414,141.4141414141414,141.4141414141414,151.5151515151515,151.5151515151515,161.6161616161616,161.6161616161616,171.7171717171717,171.7171717171717,181.8181818181818,181.8181818181818,191.91919191919192,191.91919191919192,202.02020202020202,202.02020202020202,212.1212121212121
1.4292929292929295,0.0,10.1010101010101,10.1010101010101,10.1010101010101,10.1010101010101,10.1010101010101,10.1010101010101,10.1010101010101,10.1010101010101,10.1010101010101,10.1010101010101,10.1010101010101,10.1010101010101,10.1010101010101,10.1010101010101,10.1010101010101,10.1010101010101,10.1010101010101,10.1010101010101,10.1010101010101,10.1010101010101,10.1010101010101,10.1010101010101,10.1010101010101,10.1010101010101,10.1010101010101,10.1010101010101,10.1010101010101,10.1010101010101,10.1010101010101,10.1010101010101,10.1010101010101,10.1010101010101,10.1010101010101,10.1010101010101,10.1010101010101,10.1010101010101,10.1010101010101,10.1010101010101,10.1010101010101,10.1010101010101,10.1010101010101,10.1010101010101,10.1010101010101,10.1010101010101,10.1010101010101,20.2020202020202,20.2020202020202,20.2020202020202,20.2020202020202,20.2020202020202,20.2020202020202,30.3030303030303,30.3030303030303,30.3030303030303,30.3030303030303,30.3030303030303,40.4040404040404,40.4040404040404,40.4040404040404,40.4040404040404,50.505050505050505,50.505050505050505,50.505050505050505,50.505050505050505,60.6060606060606,60.6060606060606,60.6060606060606,70.7070707070707,70.7070707070707,80.8080808080808,80.8080808080808,80.8080808080808,90.9090909090909,90.9090909090909,90.9090909090909,101.01010101010101,101.01010101010101,111.1111111111111,111.1111111111111,121.2121212121212,121.2121212121212,121.2121212121212,131.3131313131313,131.3131313131313,141.4141414141414,141.4141414141414,151.5151515151515,151.5151515151515,161.6161616161616,161.6161616161616,171.7171717171717,171.7171717171717,181.8181818181818,181.8181818181818,191.91919191919192,191.91919191919192,202.02020202020202,202.02020202020202,212.1212121212121
1.4393939393939394,0.0,10.1010101010101,10.1010101010101,10.1010101010101,10.1010101010101,10.1010101010101,10.1010101010101,10.1010101010101,10.1010101010101,10.1010101010101,10.1010101010101,10.1010101010101,10.1010101010101,10.1010101010101,10.1010101010101,10.1010101010101,10.1010101010101,10.1010101010101,10.1010101010101,10.1010101010101,10.1010101010101,10.1010101010101,10.1010101010101,10.1010101010101,10.1010101010101,10.1010101010101,10.1010101010101,10.1010101010101,10.1010101010101,10.1010101010101,10.1010101010101,10.1010101010101,10.1010101010101,10.1010101010101,10.1010101010101,10.1010101010101,10.1010101010101,10.1010101010101,10.1010101010101,10.1010101010101,10.1010101010101,10.1010101010101,10.1010101010101,10.1010101010101,10.1010101010101,10.1010101010101,20.2020202020202,20.2020202020202,20.2020202020202,20.2020202020202,20.2020202020202,20.2020202020202,20.2020202020202,30.3030303030303,30.3030303030303,30.3030303030303,30.3030303030303,30.3030303030303,40.4040404040404,40.4040404040404,40.4040404040404,50.505050505050505,50.505050505050505,50.505050505050505,50.505050505050505,60.6060606060606,60.6060606060606,60.6060606060606,70.7070707070707,70.7070707070707,70.7070707070707,80.8080808080808,80.8080808080808,80.8080808080808,90.9090909090909,90.9090909090909,101.01010101010101,101.01010101010101,101.01010101010101,111.1111111111111,111.1111111111111,121.2121212121212,121.2121212121212,131.3131313131313,131.3131313131313,141.4141414141414,141.4141414141414,141.4141414141414,151.5151515151515,151.5151515151515,161.6161616161616,161.6161616161616,171.7171717171717,171.7171717171717,181.8181818181818,181.8181818181818,191.91919191919192,191.91919191919192,202.02020202020202,202.02020202020202
1.4494949494949496,0.0,10.1010101010101,10.1010101010101,10.1010101010101,10.1010101010101,10.1010101010101,10.1010101010101,10.1010101010101,10.1010101010101,10.1010101010101,10.1010101010101,10.1010101010101,10.1010101010101,10.1010101010101,10.1010101010101,10.1010101010101,10.1010101010101,10.1010101010101,10.1010101010101,10.1010101010101,10.1010101010101,10.1010101010101,10.1010101010101,10.1010101010101,10.1010101010101,10.1010101010101,10.1010101010101,10.1010101010101,10.1010101010101,10.1010101010101,10.1010101010101,10.1010101010101,10.1010101010101,10.1010101010101,10.1010101010101,10.1010101010101,10.1010101010101,10.1010101010101,10.1010101010101,10.1010101010101,10.1010101010101,10.1010101010101,10.1010101010101,10.1010101010101,10.1010101010101,10.1010101010101,10.1010101010101,20.2020202020202,20.2020202020202,20.2020202020202,20.2020202020202,20.2020202020202,20.2020202020202,30.3030303030303,30.3030303030303,30.3030303030303,30.3030303030303,30.3030303030303,40.4040404040404,40.4040404040404,40.4040404040404,40.4040404040404,50.505050505050505,50.505050505050505,50.505050505050505,60.6060606060606,60.6060606060606,60.6060606060606,70.7070707070707,70.7070707070707,70.7070707070707,80.8080808080808,80.8080808080808,80.8080808080808,90.9090909090909,90.9090909090909,90.9090909090909,101.01010101010101,101.01010101010101,111.1111111111111,111.1111111111111,121.2121212121212,121.2121212121212,121.2121212121212,131.3131313131313,131.3131313131313,141.4141414141414,141.4141414141414,151.5151515151515,151.5151515151515,161.6161616161616,161.6161616161616,171.7171717171717,171.7171717171717,181.8181818181818,181.8181818181818,191.91919191919192,191.91919191919192,202.02020202020202,202.02020202020202
1.4595959595959598,0.0,10.1010101010101,10.1010101010101,10.1010101010101,10.1010101010101,10.1010101010101,10.1010101010101,10.1010101010101,10.1010101010101,10.1010101010101,10.1010101010101,10.1010101010101,10.1010101010101,10.1010101010101,10.1010101010101,10.1010101010101,10.1010101010101,10.1010101010101,10.1010101010101,10.1010101010101,10.1010101010101,10.1010101010101,10.1010101010101,10.1010101010101,10.1010101010101,10.1010101010101,10.1010101010101,10.1010101010101,10.1010101010101,10.1010101010101,10.1010101010101,10.1010101010101,10.1010101010101,10.1010101010101,10.1010101010101,10.1010101010101,10.1010101010101,10.1010101010101,10.1010101010101,10.1010101010101,10.1010101010101,10.1010101010101,10.1010101010101,10.1010101010101,10.1010101010101,10.1010101010101,10.1010101010101,20.2020202020202,20.2020202020202,20.2020202020202,20.2020202020202,20.2020202020202,20.2020202020202,30.3030303030303,30.3030303030303,30.3030303030303,30.3030303030303,30.3030303030303,40.4040404040404,40.4040404040404,40.4040404040404,40.4040404040404,50.505050505050505,50.505050505050505,50.505050505050505,50.505050505050505,60.6060606060606,60.6060606060606,60.6060606060606,70.7070707070707,70.7070707070707,70.7070707070707,80.8080808080808,80.8080808080808,90.9090909090909,90.9090909090909,90.9090909090909,101.01010101010101,101.01010101010101,111.1111111111111,111.1111111111111,111.1111111111111,121.2121212121212,121.2121212121212,131.3131313131313,131.3131313131313,141.4141414141414,141.4141414141414,141.4141414141414,151.5151515151515,151.5151515151515,161.6161616161616,161.6161616161616,171.7171717171717,171.7171717171717,181.8181818181818,181.8181818181818,191.91919191919192,191.91919191919192,202.02020202020202
1.4696969696969697,0.0,10.1010101010101,10.1010101010101,10.1010101010101,10.1010101010101,10.1010101010101,10.1010101010101,10.1010101010101,10.1010101010101,10.1010101010101,10.1010101010101,10.1010101010101,10.1010101010101,10.1010101010101,10.1010101010101,10.1010101010101,10.1010101010101,10.1010101010101,10.1010101010101,10.1010101010101,10.1010101010101,10.1010101010101,10.1010101010101,10.1010101010101,10.1010101010101,10.1010101010101,10.1010101010101,10.1010101010101,10.1010101010101,10.1010101010101,10.1010101010101,10.1010101010101,10.1010101010101,10.1010101010101,10.1010101010101,10.1010101010101,10.1010101010101,10.1010101010101,10.1010101010101,10.1010101010101,10.1010101010101,10.1010101010101,10.1010101010101,10.1010101010101,10.1010101010101,10.1010101010101,10.1010101010101,20.2020202020202,20.2020202020202,20.2020202020202,20.2020202020202,20.2020202020202,20.2020202020202,20.2020202020202,30.3030303030303,30.3030303030303,30.3030303030303,30.3030303030303,40.4040404040404,40.4040404040404,40.4040404040404,40.4040404040404,50.505050505050505,50.505050505050505,50.505050505050505,50.505050505050505,60.6060606060606,60.6060606060606,60.6060606060606,70.7070707070707,70.7070707070707,70.7070707070707,80.8080808080808,80.8080808080808,80.8080808080808,90.9090909090909,90.9090909090909,101.01010101010101,101.01010101010101,101.01010101010101,111.1111111111111,111.1111111111111,121.2121212121212,121.2121212121212,121.2121212121212,131.3131313131313,131.3131313131313,141.4141414141414,141.4141414141414,151.5151515151515,151.5151515151515,161.6161616161616,161.6161616161616,171.7171717171717,171.7171717171717,181.8181818181818,181.8181818181818,191.91919191919192,191.91919191919192,202.02020202020202
1.47979797979798,0.0,10.1010101010101,10.1010101010101,10.1010101010101,10.1010101010101,10.1010101010101,10.1010101010101,10.1010101010101,10.1010101010101,10.1010101010101,10.1010101010101,10.1010101010101,10.1010101010101,10.1010101010101,10.1010101010101,10.1010101010101,10.1010101010101,10.1010101010101,10.1010101010101,10.1010101010101,10.1010101010101,10.1010101010101,10.1010101010101,10.1010101010101,10.1010101010101,10.1010101010101,10.1010101010101,10.1010101010101,10.1010101010101,10.1010101010101,10.1010101010101,10.1010101010101,10.1010101010101,10.1010101010101,10.1010101010101,10.1010101010101,10.1010101010101,10.1010101010101,10.1010101010101,10.1010101010101,10.1010101010101,10.1010101010101,10.1010101010101,10.1010101010101,10.1010101010101,10.1010101010101,10.1010101010101,20.2020202020202,20.2020202020202,20.2020202020202,20.2020202020202,20.2020202020202,20.2020202020202,20.2020202020202,30.3030303030303,30.3030303030303,30.3030303030303,30.3030303030303,30.3030303030303,40.4040404040404,40.4040404040404,40.4040404040404,40.4040404040404,50.505050505050505,50.505050505050505,50.505050505050505,60.6060606060606,60.6060606060606,60.6060606060606,70.7070707070707,70.7070707070707,70.7070707070707,80.8080808080808,80.8080808080808,80.8080808080808,90.9090909090909,90.9090909090909,90.9090909090909,101.01010101010101,101.01010101010101,111.1111111111111,111.1111111111111,111.1111111111111,121.2121212121212,121.2121212121212,131.3131313131313,131.3131313131313,141.4141414141414,141.4141414141414,151.5151515151515,151.5151515151515,151.5151515151515,161.6161616161616,161.6161616161616,171.7171717171717,171.7171717171717,181.8181818181818,181.8181818181818,191.91919191919192,191.91919191919192
1.48989898989899,0.0,10.1010101010101,10.1010101010101,10.1010101010101,10.1010101010101,10.1010101010101,10.1010101010101,10.1010101010101,10.1010101010101,10.1010101010101,10.1010101010101,10.1010101010101,10.1010101010101,10.1010101010101,10.1010101010101,10.1010101010101,10.1010101010101,10.1010101010101,10.1010101010101,10.1010101010101,10.1010101010101,10.1010101010101,10.1010101010101,10.1010101010101,10.1010101010101,10.1010101010101,10.1010101010101,10.1010101010101,10.1010101010101,10.1010101010101,10.1010101010101,10.1010101010101,10.1010101010101,10.1010101010101,10.1010101010101,10.1010101010101,10.1010101010101,10.1010101010101,10.1010101010101,10.1010101010101,10.1010101010101,10.1010101010101,10.1010101010101,10.1010101010101,10.1010101010101,10.1010101010101,10.1010101010101,10.1010101010101,20.2020202020202,20.2020202020202,20.2020202020202,20.2020202020202,20.2020202020202,20.2020202020202,30.3030303030303,30.3030303030303,30.3030303030303,30.3030303030303,30.3030303030303,40.4040404040404,40.4040404040404,40.4040404040404,40.4040404040404,50.505050505050505,50.505050505050505,50.505050505050505,50.505050505050505,60.6060606060606,60.6060606060606,60.6060606060606,70.7070707070707,70.7070707070707,70.7070707070707,80.8080808080808,80.8080808080808,80.8080808080808,90.9090909090909,90.9090909090909,101.01010101010101,101.01010101010101,101.01010101010101,111.1111111111111,111.1111111111111,121.2121212121212,121.2121212121212,131.3131313131313,131.3131313131313,131.3131313131313,141.4141414141414,141.4141414141414,151.5151515151515,151.5151515151515,161.6161616161616,161.6161616161616,171.7171717171717,171.7171717171717,181.8181818181818,181.8181818181818,191.91919191919192,191.91919191919192
1.5,0.0,10.1010101010101,10.1010101010101,10.1010101010101,10.1010101010101,10.1010101010101,10.1010101010101,10.1010101010101,10.1010101010101,10.1010101010101,10.1010101010101,10.1010101010101,10.1010101010101,10.1010101010101,10.1010101010101,10.1010101010101,10.1010101010101,10.1010101010101,10.1010101010101,10.1010101010101,10.1010101010101,10.1010101010101,10.1010101010101,10.1010101010101,10.1010101010101,10.1010101010101,10.1010101010101,10.1010101010101,10.1010101010101,10.1010101010101,10.1010101010101,10.1010101010101,10.1010101010101,10.1010101010101,10.1010101010101,10.1010101010101,10.1010101010101,10.1010101010101,10.1010101010101,10.1010101010101,10.1010101010101,10.1010101010101,10.1010101010101,10.1010101010101,10.1010101010101,10.1010101010101,10.1010101010101,10.1010101010101,20.2020202020202,20.2020202020202,20.2020202020202,20.2020202020202,20.2020202020202,20.2020202020202,30.3030303030303,30.3030303030303,30.3030303030303,30.3030303030303,30.3030303030303,40.4040404040404,40.4040404040404,40.4040404040404,40.4040404040404,50.505050505050505,50.505050505050505,50.505050505050505,50.505050505050505,60.6060606060606,60.6060606060606,60.6060606060606,70.7070707070707,70.7070707070707,70.7070707070707,80.8080808080808,80.8080808080808,80.8080808080808,90.9090909090909,90.9090909090909,90.9090909090909,101.01010101010101,101.01010101010101,111.1111111111111,111.1111111111111,111.1111111111111,121.2121212121212,121.2121212121212,131.3131313131313,131.3131313131313,141.4141414141414,141.4141414141414,151.5151515151515,151.5151515151515,151.5151515151515,161.6161616161616,161.6161616161616,171.7171717171717,171.7171717171717,181.8181818181818,181.8181818181818,191.91919191919192
