$\mu / t$,0.0,2.0202020202020203,4.040404040404041,6.06060606060606,8.080808080808081,10.1010101010101,12.12121212121212,14.14141414141414,16.161616161616163,18.18181818181818,20.2020202020202,22.22222222222222,24.24242424242424,26.26262626262626,28.28282828282828,30.3030303030303,32.323232323232325,34.34343434343434,36.36363636363636,38.38383838383838,40.4040404040404,42.424242424242415,44.44444444444444,46.464646464646464,48.48484848484848,50.505050505050505,52.52525252525252,54.54545454545455,56.56565656565656,58.58585858585859,60.6060606060606,62.62626262626262,64.64646464646465,66.66666666666666,68.68686868686868,70.7070707070707,72.72727272727272,74.74747474747474,76.76767676767676,78.78787878787878,80.8080808080808,82.82828282828282,84.84848484848483,86.86868686868685,88.88888888888889,90.90909090909089,92.92929292929293,94.94949494949495,96.96969696969695,98.98989898989899,101.01010101010101,103.03030303030302,105.05050505050504,107.07070707070707,109.0909090909091,111.1111111111111,113.13131313131312,115.15151515151514,117.17171717171718,119.19191919191918,121.2121212121212,123.23232323232321,125.25252525252525,127.27272727272727,129.2929292929293,131.31313131313132,133.33333333333331,135.35353535353536,137.37373737373736,139.3939393939394,141.4141414141414,143.43434343434345,145.45454545454544,147.47474747474746,149.49494949494948,151.5151515151515,153.53535353535352,155.55555555555554,157.57575757575756,159.59595959595958,161.6161616161616,163.63636363636363,165.65656565656565,167.67676767676767,169.69696969696966,171.7171717171717,173.7373737373737,175.75757575757575,177.77777777777777,179.79797979797976,181.81818181818178,183.8383838383838,185.85858585858585,187.87878787878788,189.8989898989899,191.91919191919192,193.9393939393939,195.95959595959593,197.97979797979798,199.99999999999997
-0.1,0.0,0.0,0.0,0.0,0.0,0.0,0.0,0.0,0.0,0.0,0.0,0.0,0.0,0.0,0.0,0.0,0.0,0.0,0.0,0.0,0.0,0.0,0.0,0.0,0.0,0.0,0.0,0.0,0.0,0.0,0.0,0.0,0.0,0.0,0.0,0.0,0.0,0.0,0.0,0.0,0.0,0.0,0.0,0.0,0.0,0.0,0.0,0.0,0.0,0.0,0.0,0.0,0.0,0.0,0.0,0.0,0.0,0.0,0.0,0.0,0.0,0.0,0.0,0.0,0.0,0.0,0.0,0.0,0.0,0.0,0.0,0.0,0.0,0.0,0.0,0.0,0.0,0.0,0.0,0.0,0.0,0.0,0.0,0.0,0.0,0.0,0.0,0.0,0.0,0.0,0.0,0.0,0.0,0.0,0.0,0.0,0.0,0.0,0.0,0.0
-0.09797979797979799,0.0,0.0,0.0,0.0,0.0,0.0,0.0,0.0,0.0,0.0,0.0,0.0,0.0,0.0,0.0,0.0,0.0,0.0,0.0,0.0,0.0,0.0,0.0,0.0,0.0,0.0,0.0,0.0,0.0,0.0,0.0,0.0,0.0,0.0,0.0,0.0,0.0,0.0,0.0,0.0,0.0,0.0,0.0,0.0,0.0,0.0,0.0,0.0,0.0,0.0,0.0,0.0,0.0,0.0,0.0,0.0,0.0,0.0,0.0,0.0,0.0,0.0,0.0,0.0,0.0,0.0,0.0,0.0,0.0,0.0,0.0,0.0,0.0,0.0,0.0,0.0,0.0,0.0,0.0,0.0,0.0,0.0,0.0,0.0,0.0,0.0,0.0,0.0,0.0,0.0,0.0,0.0,0.0,0.0,0.0,0.0,0.0,0.0,0.0,0.0
-0.09595959595959597,0.0,0.0,0.0,0.0,0.0,0.0,0.0,0.0,0.0,0.0,0.0,0.0,0.0,0.0,0.0,0.0,0.0,0.0,0.0,0.0,0.0,0.0,0.0,0.0,0.0,0.0,0.0,0.0,0.0,0.0,0.0,0.0,0.0,0.0,0.0,0.0,0.0,0.0,0.0,0.0,0.0,0.0,0.0,0.0,0.0,0.0,0.0,0.0,0.0,0.0,0.0,0.0,0.0,0.0,0.0,0.0,0.0,0.0,0.0,0.0,0.0,0.0,0.0,0.0,0.0,0.0,0.0,0.0,0.0,0.0,0.0,0.0,0.0,0.0,0.0,0.0,0.0,0.0,0.0,0.0,0.0,0.0,0.0,0.0,0.0,0.0,0.0,0.0,0.0,0.0,0.0,0.0,0.0,0.0,0.0,0.0,0.0,0.0,0.0,0.0
-0.09393939393939395,0.0,0.0,0.0,0.0,0.0,0.0,0.0,0.0,0.0,0.0,0.0,0.0,0.0,0.0,0.0,0.0,0.0,0.0,0.0,0.0,0.0,0.0,0.0,0.0,0.0,0.0,0.0,0.0,0.0,0.0,0.0,0.0,0.0,0.0,0.0,0.0,0.0,0.0,0.0,0.0,0.0,0.0,0.0,0.0,0.0,0.0,0.0,0.0,0.0,0.0,0.0,0.0,0.0,0.0,0.0,0.0,0.0,0.0,0.0,0.0,0.0,0.0,0.0,0.0,0.0,0.0,0.0,0.0,0.0,0.0,0.0,0.0,0.0,0.0,0.0,0.0,0.0,0.0,0.0,0.0,0.0,0.0,0.0,0.0,0.0,0.0,0.0,0.0,0.0,0.0,0.0,0.0,0.0,0.0,0.0,0.0,0.0,0.0,0.0,0.0
-0.09191919191919193,0.0,0.0,0.0,0.0,0.0,0.0,0.0,0.0,0.0,0.0,0.0,0.0,0.0,0.0,0.0,0.0,0.0,0.0,0.0,0.0,0.0,0.0,0.0,0.0,0.0,0.0,0.0,0.0,0.0,0.0,0.0,0.0,0.0,0.0,0.0,0.0,0.0,0.0,0.0,0.0,0.0,0.0,0.0,0.0,0.0,0.0,0.0,0.0,0.0,0.0,0.0,0.0,0.0,0.0,0.0,0.0,0.0,0.0,0.0,0.0,0.0,0.0,0.0,0.0,0.0,0.0,0.0,0.0,0.0,0.0,0.0,0.0,0.0,0.0,0.0,0.0,0.0,0.0,0.0,0.0,0.0,0.0,0.0,0.0,0.0,0.0,0.0,0.0,0.0,0.0,0.0,0.0,0.0,0.0,0.0,0.0,0.0,0.0,0.0,0.0
-0.08989898989898991,0.0,0.0,0.0,0.0,0.0,0.0,0.0,0.0,0.0,0.0,0.0,0.0,0.0,0.0,0.0,0.0,0.0,0.0,0.0,0.0,0.0,0.0,0.0,0.0,0.0,0.0,0.0,0.0,0.0,0.0,0.0,0.0,0.0,0.0,0.0,0.0,0.0,0.0,0.0,0.0,0.0,0.0,0.0,0.0,0.0,0.0,0.0,0.0,0.0,0.0,0.0,0.0,0.0,0.0,0.0,0.0,0.0,0.0,0.0,0.0,0.0,0.0,0.0,0.0,0.0,0.0,0.0,0.0,0.0,0.0,0.0,0.0,0.0,0.0,0.0,0.0,0.0,0.0,0.0,0.0,0.0,0.0,0.0,0.0,0.0,0.0,0.0,0.0,0.0,0.0,0.0,0.0,0.0,0.0,0.0,0.0,0.0,0.0,0.0,0.0
-0.08787878787878789,0.0,0.0,0.0,0.0,0.0,0.0,0.0,0.0,0.0,0.0,0.0,0.0,0.0,0.0,0.0,0.0,0.0,0.0,0.0,0.0,0.0,0.0,0.0,0.0,0.0,0.0,0.0,0.0,0.0,0.0,0.0,0.0,0.0,0.0,0.0,0.0,0.0,0.0,0.0,0.0,0.0,0.0,0.0,0.0,0.0,0.0,0.0,0.0,0.0,0.0,0.0,0.0,0.0,0.0,0.0,0.0,0.0,0.0,0.0,0.0,0.0,0.0,0.0,0.0,0.0,0.0,0.0,0.0,0.0,0.0,0.0,0.0,0.0,0.0,0.0,0.0,0.0,0.0,0.0,0.0,0.0,0.0,0.0,0.0,0.0,0.0,0.0,0.0,0.0,0.0,0.0,0.0,0.0,0.0,0.0,0.0,0.0,0.0,0.0,0.0
-0.08585858585858586,0.0,0.0,0.0,0.0,0.0,0.0,0.0,0.0,0.0,0.0,0.0,0.0,0.0,0.0,0.0,0.0,0.0,0.0,0.0,0.0,0.0,0.0,0.0,0.0,0.0,0.0,0.0,0.0,0.0,0.0,0.0,0.0,0.0,0.0,0.0,0.0,0.0,0.0,0.0,0.0,0.0,0.0,0.0,0.0,0.0,0.0,0.0,0.0,0.0,0.0,0.0,0.0,0.0,0.0,0.0,0.0,0.0,0.0,0.0,0.0,0.0,0.0,0.0,0.0,0.0,0.0,0.0,0.0,0.0,0.0,0.0,0.0,0.0,0.0,0.0,0.0,0.0,0.0,0.0,0.0,0.0,0.0,0.0,0.0,0.0,0.0,0.0,0.0,0.0,0.0,0.0,0.0,0.0,0.0,0.0,0.0,0.0,0.0,0.0,0.0
-0.08383838383838385,0.0,0.0,0.0,0.0,0.0,0.0,0.0,0.0,0.0,0.0,0.0,0.0,0.0,0.0,0.0,0.0,0.0,0.0,0.0,0.0,0.0,0.0,0.0,0.0,0.0,0.0,0.0,0.0,0.0,0.0,0.0,0.0,0.0,0.0,0.0,0.0,0.0,0.0,0.0,0.0,0.0,0.0,0.0,0.0,0.0,0.0,0.0,0.0,0.0,0.0,0.0,0.0,0.0,0.0,0.0,0.0,0.0,0.0,0.0,0.0,0.0,0.0,0.0,0.0,0.0,0.0,0.0,0.0,0.0,0.0,0.0,0.0,0.0,0.0,0.0,0.0,0.0,0.0,0.0,0.0,0.0,0.0,0.0,0.0,0.0,0.0,0.0,0.0,0.0,0.0,0.0,0.0,0.0,0.0,0.0,0.0,0.0,0.0,0.0,0.0
-0.08181818181818182,0.0,0.0,0.0,0.0,0.0,0.0,0.0,0.0,0.0,0.0,0.0,0.0,0.0,0.0,0.0,0.0,0.0,0.0,0.0,0.0,0.0,0.0,0.0,0.0,0.0,0.0,0.0,0.0,0.0,0.0,0.0,0.0,0.0,0.0,0.0,0.0,0.0,0.0,0.0,0.0,0.0,0.0,0.0,0.0,0.0,0.0,0.0,0.0,0.0,0.0,0.0,0.0,0.0,0.0,0.0,0.0,0.0,0.0,0.0,0.0,0.0,0.0,0.0,0.0,0.0,0.0,0.0,0.0,0.0,0.0,0.0,0.0,0.0,0.0,0.0,0.0,0.0,0.0,0.0,0.0,0.0,0.0,0.0,0.0,0.0,0.0,0.0,0.0,0.0,0.0,0.0,0.0,0.0,0.0,0.0,0.0,0.0,0.0,0.0,0.0
-0.07979797979797981,0.0,0.0,0.0,0.0,0.0,0.0,0.0,0.0,0.0,0.0,0.0,0.0,0.0,0.0,0.0,0.0,0.0,0.0,0.0,0.0,0.0,0.0,0.0,0.0,0.0,0.0,0.0,0.0,0.0,0.0,0.0,0.0,0.0,0.0,0.0,0.0,0.0,0.0,0.0,0.0,0.0,0.0,0.0,0.0,0.0,0.0,0.0,0.0,0.0,0.0,0.0,0.0,0.0,0.0,0.0,0.0,0.0,0.0,0.0,0.0,0.0,0.0,0.0,0.0,0.0,0.0,0.0,0.0,0.0,0.0,0.0,0.0,0.0,0.0,0.0,0.0,0.0,0.0,0.0,0.0,0.0,0.0,0.0,0.0,0.0,0.0,0.0,0.0,0.0,0.0,0.0,0.0,0.0,60.60606060606061,72.72727272727273,84.84848484848486,92.92929292929294,101.01010101010101,109.0909090909091,113.13131313131314
-0.07777777777777778,0.0,0.0,0.0,0.0,0.0,0.0,0.0,0.0,0.0,0.0,0.0,0.0,0.0,0.0,0.0,0.0,0.0,0.0,0.0,0.0,0.0,0.0,0.0,0.0,0.0,0.0,0.0,0.0,0.0,0.0,0.0,0.0,0.0,0.0,0.0,0.0,0.0,0.0,0.0,0.0,0.0,0.0,0.0,0.0,0.0,0.0,0.0,0.0,0.0,0.0,0.0,0.0,0.0,0.0,0.0,0.0,0.0,0.0,0.0,0.0,0.0,0.0,0.0,0.0,0.0,0.0,0.0,0.0,0.0,0.0,0.0,0.0,0.0,0.0,0.0,0.0,0.0,0.0,0.0,32.323232323232325,48.484848484848484,56.56565656565657,64.64646464646465,68.68686868686869,76.76767676767678,80.80808080808082,88.8888888888889,92.92929292929294,101.01010101010101,105.05050505050505,109.0909090909091,117.17171717171718,121.21212121212122,125.25252525252526,133.33333333333334,137.37373737373738,141.41414141414143,149.4949494949495,153.53535353535355,157.5757575757576
-0.07575757575757576,0.0,0.0,0.0,0.0,0.0,0.0,0.0,0.0,0.0,0.0,0.0,0.0,0.0,0.0,0.0,0.0,0.0,0.0,0.0,0.0,0.0,0.0,0.0,0.0,0.0,0.0,0.0,0.0,0.0,0.0,0.0,0.0,0.0,0.0,0.0,0.0,0.0,0.0,0.0,0.0,0.0,0.0,0.0,0.0,0.0,0.0,0.0,0.0,0.0,0.0,0.0,0.0,0.0,0.0,0.0,0.0,0.0,0.0,0.0,0.0,0.0,0.0,20.202020202020204,28.282828282828284,32.323232323232325,36.36363636363637,40.40404040404041,44.44444444444445,48.484848484848484,56.56565656565657,60.60606060606061,64.64646464646465,68.68686868686869,72.72727272727273,76.76767676767678,80.80808080808082,84.84848484848486,88.8888888888889,92.92929292929294,96.96969696969697,101.01010101010101,105.05050505050505,109.0909090909091,113.13131313131314,117.17171717171718,121.21212121212122,125.25252525252526,133.33333333333334,137.37373737373738,141.41414141414143,145.45454545454547,149.4949494949495,153.53535353535355,157.5757575757576,165.65656565656568,169.69696969696972,173.73737373737376,177.7777777777778,181.81818181818184,189.89898989898992
-0.07373737373737374,0.0,0.0,0.0,0.0,0.0,0.0,0.0,0.0,0.0,0.0,0.0,0.0,0.0,0.0,0.0,0.0,0.0,0.0,0.0,4.040404040404041,4.040404040404041,4.040404040404041,4.040404040404041,4.040404040404041,4.040404040404041,4.040404040404041,4.040404040404041,4.040404040404041,4.040404040404041,8.080808080808081,8.080808080808081,8.080808080808081,8.080808080808081,8.080808080808081,8.080808080808081,12.121212121212121,12.121212121212121,12.121212121212121,12.121212121212121,16.161616161616163,16.161616161616163,16.161616161616163,20.202020202020204,20.202020202020204,20.202020202020204,24.242424242424242,24.242424242424242,28.282828282828284,28.282828282828284,32.323232323232325,32.323232323232325,36.36363636363637,36.36363636363637,40.40404040404041,40.40404040404041,44.44444444444445,48.484848484848484,48.484848484848484,52.525252525252526,56.56565656565657,56.56565656565657,60.60606060606061,64.64646464646465,68.68686868686869,68.68686868686869,72.72727272727273,76.76767676767678,80.80808080808082,84.84848484848486,84.84848484848486,88.8888888888889,92.92929292929294,96.96969696969697,101.01010101010101,105.05050505050505,109.0909090909091,113.13131313131314,117.17171717171718,121.21212121212122,125.25252525252526,129.2929292929293,133.33333333333334,137.37373737373738,141.41414141414143,145.45454545454547,149.4949494949495,153.53535353535355,157.5757575757576,161.61616161616163,165.65656565656568,169.69696969696972,173.73737373737376,177.7777777777778,181.81818181818184,185.85858585858588,193.93939393939394,197.97979797979798,202.02020202020202,206.06060606060606,210.1010101010101
-0.07171717171717172,0.0,0.0,0.0,0.0,0.0,0.0,0.0,0.0,4.040404040404041,4.040404040404041,4.040404040404041,4.040404040404041,4.040404040404041,4.040404040404041,4.040404040404041,4.040404040404041,4.040404040404041,4.040404040404041,4.040404040404041,4.040404040404041,4.040404040404041,4.040404040404041,4.040404040404041,8.080808080808081,8.080808080808081,8.080808080808081,8.080808080808081,8.080808080808081,12.121212121212121,12.121212121212121,12.121212121212121,16.161616161616163,16.161616161616163,16.161616161616163,20.202020202020204,20.202020202020204,24.242424242424242,24.242424242424242,24.242424242424242,28.282828282828284,28.282828282828284,32.323232323232325,32.323232323232325,36.36363636363637,36.36363636363637,40.40404040404041,40.40404040404041,44.44444444444445,44.44444444444445,48.484848484848484,48.484848484848484,52.525252525252526,56.56565656565657,56.56565656565657,60.60606060606061,64.64646464646465,64.64646464646465,68.68686868686869,72.72727272727273,72.72727272727273,76.76767676767678,80.80808080808082,84.84848484848486,84.84848484848486,88.8888888888889,92.92929292929294,96.96969696969697,101.01010101010101,105.05050505050505,105.05050505050505,109.0909090909091,113.13131313131314,117.17171717171718,121.21212121212122,125.25252525252526,129.2929292929293,133.33333333333334,137.37373737373738,141.41414141414143,145.45454545454547,149.4949494949495,149.4949494949495,153.53535353535355,157.5757575757576,165.65656565656568,169.69696969696972,173.73737373737376,177.7777777777778,181.81818181818184,185.85858585858588,189.89898989898992,193.93939393939394,197.97979797979798,202.02020202020202,206.06060606060606,210.1010101010101,214.14141414141415,218.1818181818182,226.26262626262627,230.3030303030303
-0.0696969696969697,0.0,0.0,0.0,0.0,0.0,0.0,0.0,0.0,0.0,0.0,0.0,0.0,0.0,0.0,0.0,0.0,4.040404040404041,4.040404040404041,4.040404040404041,4.040404040404041,4.040404040404041,4.040404040404041,4.040404040404041,8.080808080808081,8.080808080808081,8.080808080808081,12.121212121212121,12.121212121212121,12.121212121212121,16.161616161616163,16.161616161616163,16.161616161616163,20.202020202020204,20.202020202020204,24.242424242424242,24.242424242424242,28.282828282828284,28.282828282828284,32.323232323232325,32.323232323232325,36.36363636363637,40.40404040404041,40.40404040404041,44.44444444444445,44.44444444444445,48.484848484848484,52.525252525252526,52.525252525252526,56.56565656565657,56.56565656565657,60.60606060606061,64.64646464646465,68.68686868686869,68.68686868686869,72.72727272727273,76.76767676767678,76.76767676767678,80.80808080808082,84.84848484848486,88.8888888888889,88.8888888888889,92.92929292929294,96.96969696969697,101.01010101010101,105.05050505050505,109.0909090909091,109.0909090909091,113.13131313131314,117.17171717171718,121.21212121212122,125.25252525252526,129.2929292929293,133.33333333333334,137.37373737373738,141.41414141414143,141.41414141414143,145.45454545454547,149.4949494949495,153.53535353535355,157.5757575757576,161.61616161616163,165.65656565656568,169.69696969696972,173.73737373737376,177.7777777777778,181.81818181818184,185.85858585858588,189.89898989898992,193.93939393939394,202.02020202020202,206.06060606060606,210.1010101010101,214.14141414141415,218.1818181818182,222.22222222222223,226.26262626262627,230.3030303030303,234.34343434343435,238.3838383838384,242.42424242424244
-0.06767676767676768,0.0,0.0,0.0,0.0,0.0,0.0,0.0,0.0,0.0,0.0,0.0,0.0,0.0,0.0,0.0,0.0,0.0,4.040404040404041,4.040404040404041,4.040404040404041,4.040404040404041,4.040404040404041,8.080808080808081,8.080808080808081,8.080808080808081,8.080808080808081,12.121212121212121,12.121212121212121,16.161616161616163,16.161616161616163,16.161616161616163,20.202020202020204,20.202020202020204,24.242424242424242,24.242424242424242,28.282828282828284,32.323232323232325,32.323232323232325,36.36363636363637,36.36363636363637,40.40404040404041,44.44444444444445,44.44444444444445,48.484848484848484,52.525252525252526,52.525252525252526,56.56565656565657,60.60606060606061,60.60606060606061,64.64646464646465,68.68686868686869,72.72727272727273,72.72727272727273,76.76767676767678,80.80808080808082,84.84848484848486,88.8888888888889,88.8888888888889,92.92929292929294,96.96969696969697,101.01010101010101,105.05050505050505,109.0909090909091,109.0909090909091,113.13131313131314,117.17171717171718,121.21212121212122,125.25252525252526,129.2929292929293,133.33333333333334,137.37373737373738,141.41414141414143,145.45454545454547,149.4949494949495,149.4949494949495,153.53535353535355,157.5757575757576,161.61616161616163,165.65656565656568,169.69696969696972,173.73737373737376,177.7777777777778,181.81818181818184,185.85858585858588,189.89898989898992,193.93939393939394,202.02020202020202,206.06060606060606,210.1010101010101,214.14141414141415,218.1818181818182,222.22222222222223,226.26262626262627,230.3030303030303,234.34343434343435,238.3838383838384,242.42424242424244,246.46464646464648,254.54545454545456,258.5858585858586
-0.06565656565656566,0.0,0.0,0.0,0.0,0.0,0.0,0.0,0.0,0.0,0.0,0.0,0.0,0.0,0.0,0.0,4.040404040404041,4.040404040404041,4.040404040404041,4.040404040404041,4.040404040404041,4.040404040404041,4.040404040404041,8.080808080808081,8.080808080808081,8.080808080808081,8.080808080808081,12.121212121212121,12.121212121212121,16.161616161616163,16.161616161616163,20.202020202020204,20.202020202020204,24.242424242424242,24.242424242424242,28.282828282828284,28.282828282828284,32.323232323232325,36.36363636363637,36.36363636363637,40.40404040404041,44.44444444444445,44.44444444444445,48.484848484848484,52.525252525252526,56.56565656565657,56.56565656565657,60.60606060606061,64.64646464646465,68.68686868686869,68.68686868686869,72.72727272727273,76.76767676767678,80.80808080808082,84.84848484848486,88.8888888888889,88.8888888888889,92.92929292929294,96.96969696969697,101.01010101010101,105.05050505050505,109.0909090909091,113.13131313131314,113.13131313131314,117.17171717171718,121.21212121212122,125.25252525252526,129.2929292929293,133.33333333333334,137.37373737373738,141.41414141414143,145.45454545454547,149.4949494949495,153.53535353535355,157.5757575757576,161.61616161616163,165.65656565656568,169.69696969696972,173.73737373737376,177.7777777777778,181.81818181818184,185.85858585858588,189.89898989898992,193.93939393939394,197.97979797979798,202.02020202020202,206.06060606060606,210.1010101010101,214.14141414141415,218.1818181818182,222.22222222222223,226.26262626262627,230.3030303030303,238.3838383838384,242.42424242424244,246.46464646464648,250.50505050505052,254.54545454545456,258.5858585858586,262.62626262626264,266.6666666666667
-0.06363636363636364,0.0,0.0,0.0,4.040404040404041,4.040404040404041,4.040404040404041,4.040404040404041,4.040404040404041,4.040404040404041,4.040404040404041,4.040404040404041,4.040404040404041,4.040404040404041,4.040404040404041,4.040404040404041,4.040404040404041,4.040404040404041,4.040404040404041,4.040404040404041,4.040404040404041,4.040404040404041,4.040404040404041,8.080808080808081,8.080808080808081,8.080808080808081,8.080808080808081,12.121212121212121,12.121212121212121,16.161616161616163,16.161616161616163,20.202020202020204,20.202020202020204,24.242424242424242,24.242424242424242,28.282828282828284,28.282828282828284,32.323232323232325,36.36363636363637,40.40404040404041,40.40404040404041,44.44444444444445,48.484848484848484,48.484848484848484,52.525252525252526,56.56565656565657,60.60606060606061,64.64646464646465,68.68686868686869,68.68686868686869,72.72727272727273,76.76767676767678,80.80808080808082,84.84848484848486,88.8888888888889,92.92929292929294,92.92929292929294,96.96969696969697,101.01010101010101,105.05050505050505,109.0909090909091,113.13131313131314,117.17171717171718,121.21212121212122,125.25252525252526,129.2929292929293,133.33333333333334,137.37373737373738,141.41414141414143,145.45454545454547,149.4949494949495,153.53535353535355,157.5757575757576,161.61616161616163,165.65656565656568,169.69696969696972,173.73737373737376,177.7777777777778,181.81818181818184,185.85858585858588,189.89898989898992,193.93939393939394,197.97979797979798,202.02020202020202,206.06060606060606,210.1010101010101,214.14141414141415,218.1818181818182,222.22222222222223,226.26262626262627,230.3030303030303,238.3838383838384,242.42424242424244,246.46464646464648,250.50505050505052,254.54545454545456,258.5858585858586,262.62626262626264,266.6666666666667,274.74747474747477,278.7878787878788
-0.061616161616161624,0.0,0.0,0.0,0.0,0.0,0.0,0.0,0.0,0.0,0.0,0.0,0.0,0.0,0.0,0.0,4.040404040404041,4.040404040404041,4.040404040404041,4.040404040404041,4.040404040404041,4.040404040404041,4.040404040404041,4.040404040404041,8.080808080808081,8.080808080808081,8.080808080808081,12.121212121212121,12.121212121212121,12.121212121212121,16.161616161616163,16.161616161616163,20.202020202020204,24.242424242424242,24.242424242424242,28.282828282828284,28.282828282828284,32.323232323232325,36.36363636363637,40.40404040404041,40.40404040404041,44.44444444444445,48.484848484848484,52.525252525252526,52.525252525252526,56.56565656565657,60.60606060606061,64.64646464646465,68.68686868686869,72.72727272727273,76.76767676767678,80.80808080808082,80.80808080808082,84.84848484848486,88.8888888888889,92.92929292929294,96.96969696969697,101.01010101010101,105.05050505050505,109.0909090909091,113.13131313131314,117.17171717171718,121.21212121212122,125.25252525252526,129.2929292929293,133.33333333333334,137.37373737373738,141.41414141414143,145.45454545454547,149.4949494949495,153.53535353535355,157.5757575757576,161.61616161616163,165.65656565656568,169.69696969696972,173.73737373737376,177.7777777777778,181.81818181818184,185.85858585858588,189.89898989898992,193.93939393939394,197.97979797979798,202.02020202020202,210.1010101010101,214.14141414141415,218.1818181818182,222.22222222222223,226.26262626262627,230.3030303030303,234.34343434343435,238.3838383838384,242.42424242424244,246.46464646464648,254.54545454545456,258.5858585858586,262.62626262626264,266.6666666666667,270.7070707070707,274.74747474747477,278.7878787878788,286.8686868686869
-0.059595959595959605,0.0,0.0,0.0,0.0,0.0,0.0,0.0,0.0,0.0,0.0,0.0,0.0,0.0,0.0,0.0,0.0,0.0,0.0,4.040404040404041,4.040404040404041,4.040404040404041,4.040404040404041,4.040404040404041,8.080808080808081,8.080808080808081,8.080808080808081,12.121212121212121,12.121212121212121,12.121212121212121,16.161616161616163,16.161616161616163,20.202020202020204,20.202020202020204,24.242424242424242,28.282828282828284,28.282828282828284,32.323232323232325,36.36363636363637,36.36363636363637,40.40404040404041,44.44444444444445,48.484848484848484,52.525252525252526,52.525252525252526,56.56565656565657,60.60606060606061,64.64646464646465,68.68686868686869,72.72727272727273,76.76767676767678,80.80808080808082,84.84848484848486,88.8888888888889,92.92929292929294,96.96969696969697,101.01010101010101,105.05050505050505,105.05050505050505,109.0909090909091,113.13131313131314,117.17171717171718,125.25252525252526,129.2929292929293,133.33333333333334,137.37373737373738,141.41414141414143,145.45454545454547,149.4949494949495,153.53535353535355,157.5757575757576,161.61616161616163,165.65656565656568,169.69696969696972,173.73737373737376,177.7777777777778,181.81818181818184,185.85858585858588,189.89898989898992,193.93939393939394,197.97979797979798,206.06060606060606,210.1010101010101,214.14141414141415,218.1818181818182,222.22222222222223,226.26262626262627,230.3030303030303,234.34343434343435,238.3838383838384,246.46464646464648,250.50505050505052,254.54545454545456,258.5858585858586,262.62626262626264,266.6666666666667,270.7070707070707,278.7878787878788,282.82828282828285,286.8686868686869,290.90909090909093
-0.05757575757575758,0.0,0.0,0.0,0.0,0.0,0.0,0.0,0.0,0.0,0.0,0.0,0.0,0.0,0.0,0.0,0.0,0.0,4.040404040404041,4.040404040404041,4.040404040404041,4.040404040404041,4.040404040404041,4.040404040404041,4.040404040404041,8.080808080808081,8.080808080808081,8.080808080808081,12.121212121212121,12.121212121212121,16.161616161616163,16.161616161616163,20.202020202020204,20.202020202020204,24.242424242424242,24.242424242424242,28.282828282828284,32.323232323232325,32.323232323232325,36.36363636363637,40.40404040404041,44.44444444444445,44.44444444444445,48.484848484848484,52.525252525252526,56.56565656565657,60.60606060606061,64.64646464646465,68.68686868686869,72.72727272727273,76.76767676767678,80.80808080808082,84.84848484848486,88.8888888888889,92.92929292929294,96.96969696969697,101.01010101010101,105.05050505050505,109.0909090909091,113.13131313131314,117.17171717171718,121.21212121212122,125.25252525252526,129.2929292929293,133.33333333333334,137.37373737373738,141.41414141414143,145.45454545454547,149.4949494949495,153.53535353535355,157.5757575757576,161.61616161616163,165.65656565656568,173.73737373737376,177.7777777777778,181.81818181818184,185.85858585858588,189.89898989898992,193.93939393939394,197.97979797979798,202.02020202020202,206.06060606060606,214.14141414141415,218.1818181818182,222.22222222222223,226.26262626262627,230.3030303030303,234.34343434343435,238.3838383838384,246.46464646464648,250.50505050505052,254.54545454545456,258.5858585858586,262.62626262626264,266.6666666666667,270.7070707070707,278.7878787878788,282.82828282828285,286.8686868686869,290.90909090909093,294.949494949495
-0.05555555555555556,0.0,4.040404040404041,4.040404040404041,4.040404040404041,4.040404040404041,4.040404040404041,4.040404040404041,4.040404040404041,4.040404040404041,4.040404040404041,4.040404040404041,4.040404040404041,4.040404040404041,4.040404040404041,4.040404040404041,4.040404040404041,4.040404040404041,4.040404040404041,4.040404040404041,4.040404040404041,4.040404040404041,4.040404040404041,4.040404040404041,4.040404040404041,8.080808080808081,8.080808080808081,8.080808080808081,12.121212121212121,12.121212121212121,12.121212121212121,16.161616161616163,16.161616161616163,20.202020202020204,20.202020202020204,24.242424242424242,28.282828282828284,28.282828282828284,32.323232323232325,36.36363636363637,40.40404040404041,40.40404040404041,44.44444444444445,48.484848484848484,52.525252525252526,56.56565656565657,60.60606060606061,64.64646464646465,64.64646464646465,68.68686868686869,72.72727272727273,76.76767676767678,80.80808080808082,84.84848484848486,88.8888888888889,92.92929292929294,96.96969696969697,101.01010101010101,109.0909090909091,113.13131313131314,117.17171717171718,121.21212121212122,125.25252525252526,129.2929292929293,133.33333333333334,137.37373737373738,141.41414141414143,145.45454545454547,149.4949494949495,153.53535353535355,161.61616161616163,165.65656565656568,169.69696969696972,173.73737373737376,177.7777777777778,181.81818181818184,185.85858585858588,189.89898989898992,197.97979797979798,202.02020202020202,206.06060606060606,210.1010101010101,214.14141414141415,218.1818181818182,222.22222222222223,230.3030303030303,234.34343434343435,238.3838383838384,242.42424242424244,246.46464646464648,250.50505050505052,258.5858585858586,262.62626262626264,266.6666666666667,270.7070707070707,274.74747474747477,282.82828282828285,286.8686868686869,290.90909090909093,294.949494949495,298.989898989899
-0.05353535353535354,0.0,0.0,0.0,0.0,0.0,0.0,0.0,0.0,0.0,0.0,0.0,0.0,0.0,0.0,0.0,0.0,0.0,0.0,4.040404040404041,4.040404040404041,4.040404040404041,4.040404040404041,4.040404040404041,4.040404040404041,4.040404040404041,8.080808080808081,8.080808080808081,8.080808080808081,12.121212121212121,12.121212121212121,16.161616161616163,16.161616161616163,16.161616161616163,20.202020202020204,24.242424242424242,24.242424242424242,28.282828282828284,32.323232323232325,32.323232323232325,36.36363636363637,40.40404040404041,44.44444444444445,44.44444444444445,48.484848484848484,52.525252525252526,56.56565656565657,60.60606060606061,64.64646464646465,68.68686868686869,72.72727272727273,76.76767676767678,80.80808080808082,84.84848484848486,88.8888888888889,92.92929292929294,96.96969696969697,101.01010101010101,105.05050505050505,109.0909090909091,113.13131313131314,117.17171717171718,121.21212121212122,129.2929292929293,133.33333333333334,137.37373737373738,141.41414141414143,145.45454545454547,149.4949494949495,153.53535353535355,157.5757575757576,165.65656565656568,169.69696969696972,173.73737373737376,177.7777777777778,181.81818181818184,185.85858585858588,193.93939393939394,197.97979797979798,202.02020202020202,206.06060606060606,210.1010101010101,214.14141414141415,222.22222222222223,226.26262626262627,230.3030303030303,234.34343434343435,238.3838383838384,242.42424242424244,250.50505050505052,254.54545454545456,258.5858585858586,262.62626262626264,266.6666666666667,274.74747474747477,278.7878787878788,282.82828282828285,286.8686868686869,294.949494949495,298.989898989899,303.03030303030306
-0.05151515151515152,0.0,0.0,0.0,0.0,0.0,0.0,0.0,0.0,0.0,0.0,0.0,0.0,0.0,0.0,0.0,0.0,0.0,0.0,0.0,0.0,4.040404040404041,4.040404040404041,4.040404040404041,4.040404040404041,4.040404040404041,8.080808080808081,8.080808080808081,8.080808080808081,8.080808080808081,12.121212121212121,12.121212121212121,16.161616161616163,16.161616161616163,20.202020202020204,20.202020202020204,24.242424242424242,24.242424242424242,28.282828282828284,32.323232323232325,32.323232323232325,36.36363636363637,40.40404040404041,44.44444444444445,48.484848484848484,52.525252525252526,52.525252525252526,56.56565656565657,60.60606060606061,64.64646464646465,68.68686868686869,72.72727272727273,76.76767676767678,80.80808080808082,84.84848484848486,88.8888888888889,92.92929292929294,96.96969696969697,105.05050505050505,109.0909090909091,113.13131313131314,117.17171717171718,121.21212121212122,125.25252525252526,129.2929292929293,133.33333333333334,141.41414141414143,145.45454545454547,149.4949494949495,153.53535353535355,157.5757575757576,161.61616161616163,165.65656565656568,173.73737373737376,177.7777777777778,181.81818181818184,185.85858585858588,189.89898989898992,197.97979797979798,202.02020202020202,206.06060606060606,210.1010101010101,214.14141414141415,222.22222222222223,226.26262626262627,230.3030303030303,234.34343434343435,238.3838383838384,246.46464646464648,250.50505050505052,254.54545454545456,258.5858585858586,266.6666666666667,270.7070707070707,274.74747474747477,278.7878787878788,282.82828282828285,290.90909090909093,294.949494949495,298.989898989899,303.03030303030306
-0.0494949494949495,0.0,0.0,0.0,0.0,0.0,0.0,0.0,0.0,0.0,0.0,0.0,0.0,0.0,0.0,0.0,0.0,0.0,4.040404040404041,4.040404040404041,4.040404040404041,4.040404040404041,4.040404040404041,4.040404040404041,4.040404040404041,4.040404040404041,4.040404040404041,8.080808080808081,8.080808080808081,8.080808080808081,12.121212121212121,12.121212121212121,12.121212121212121,16.161616161616163,16.161616161616163,20.202020202020204,20.202020202020204,24.242424242424242,28.282828282828284,28.282828282828284,32.323232323232325,36.36363636363637,36.36363636363637,40.40404040404041,44.44444444444445,48.484848484848484,52.525252525252526,56.56565656565657,60.60606060606061,60.60606060606061,64.64646464646465,68.68686868686869,72.72727272727273,76.76767676767678,80.80808080808082,88.8888888888889,92.92929292929294,96.96969696969697,101.01010101010101,105.05050505050505,109.0909090909091,113.13131313131314,117.17171717171718,121.21212121212122,129.2929292929293,133.33333333333334,137.37373737373738,141.41414141414143,145.45454545454547,149.4949494949495,157.5757575757576,161.61616161616163,165.65656565656568,169.69696969696972,173.73737373737376,181.81818181818184,185.85858585858588,189.89898989898992,193.93939393939394,197.97979797979798,206.06060606060606,210.1010101010101,214.14141414141415,218.1818181818182,226.26262626262627,230.3030303030303,234.34343434343435,238.3838383838384,242.42424242424244,250.50505050505052,254.54545454545456,258.5858585858586,262.62626262626264,270.7070707070707,274.74747474747477,278.7878787878788,286.8686868686869,290.90909090909093,294.949494949495,298.989898989899,307.0707070707071
-0.04747474747474748,0.0,0.0,0.0,0.0,4.040404040404041,4.040404040404041,4.040404040404041,4.040404040404041,4.040404040404041,4.040404040404041,4.040404040404041,4.040404040404041,4.040404040404041,4.040404040404041,4.040404040404041,4.040404040404041,4.040404040404041,4.040404040404041,4.040404040404041,4.040404040404041,4.040404040404041,4.040404040404041,4.040404040404041,4.040404040404041,4.040404040404041,4.040404040404041,4.040404040404041,8.080808080808081,8.080808080808081,8.080808080808081,12.121212121212121,12.121212121212121,12.121212121212121,16.161616161616163,16.161616161616163,20.202020202020204,20.202020202020204,24.242424242424242,28.282828282828284,28.282828282828284,32.323232323232325,36.36363636363637,36.36363636363637,40.40404040404041,44.44444444444445,48.484848484848484,52.525252525252526,56.56565656565657,60.60606060606061,64.64646464646465,68.68686868686869,72.72727272727273,76.76767676767678,80.80808080808082,84.84848484848486,88.8888888888889,92.92929292929294,96.96969696969697,101.01010101010101,105.05050505050505,109.0909090909091,113.13131313131314,117.17171717171718,125.25252525252526,129.2929292929293,133.33333333333334,137.37373737373738,141.41414141414143,149.4949494949495,153.53535353535355,157.5757575757576,161.61616161616163,165.65656565656568,173.73737373737376,177.7777777777778,181.81818181818184,185.85858585858588,193.93939393939394,197.97979797979798,202.02020202020202,206.06060606060606,214.14141414141415,218.1818181818182,222.22222222222223,226.26262626262627,234.34343434343435,238.3838383838384,242.42424242424244,246.46464646464648,254.54545454545456,258.5858585858586,262.62626262626264,266.6666666666667,274.74747474747477,278.7878787878788,282.82828282828285,290.90909090909093,294.949494949495,298.989898989899,307.0707070707071
-0.04545454545454546,0.0,0.0,0.0,0.0,0.0,0.0,0.0,0.0,0.0,0.0,0.0,0.0,0.0,0.0,0.0,0.0,0.0,0.0,0.0,4.040404040404041,4.040404040404041,4.040404040404041,4.040404040404041,4.040404040404041,4.040404040404041,4.040404040404041,4.040404040404041,4.040404040404041,8.080808080808081,8.080808080808081,8.080808080808081,12.121212121212121,12.121212121212121,12.121212121212121,16.161616161616163,16.161616161616163,20.202020202020204,20.202020202020204,24.242424242424242,28.282828282828284,28.282828282828284,32.323232323232325,36.36363636363637,36.36363636363637,40.40404040404041,44.44444444444445,48.484848484848484,52.525252525252526,56.56565656565657,60.60606060606061,64.64646464646465,64.64646464646465,68.68686868686869,72.72727272727273,80.80808080808082,84.84848484848486,88.8888888888889,92.92929292929294,96.96969696969697,101.01010101010101,105.05050505050505,109.0909090909091,113.13131313131314,121.21212121212122,125.25252525252526,129.2929292929293,133.33333333333334,137.37373737373738,141.41414141414143,149.4949494949495,153.53535353535355,157.5757575757576,161.61616161616163,169.69696969696972,173.73737373737376,177.7777777777778,181.81818181818184,189.89898989898992,193.93939393939394,197.97979797979798,202.02020202020202,210.1010101010101,214.14141414141415,218.1818181818182,226.26262626262627,230.3030303030303,234.34343434343435,238.3838383838384,246.46464646464648,250.50505050505052,254.54545454545456,262.62626262626264,266.6666666666667,270.7070707070707,278.7878787878788,282.82828282828285,286.8686868686869,294.949494949495,298.989898989899,303.03030303030306
-0.043434343434343436,0.0,0.0,0.0,0.0,0.0,0.0,0.0,0.0,0.0,0.0,0.0,0.0,0.0,0.0,0.0,0.0,0.0,0.0,0.0,0.0,0.0,0.0,4.040404040404041,4.040404040404041,4.040404040404041,4.040404040404041,4.040404040404041,4.040404040404041,8.080808080808081,8.080808080808081,8.080808080808081,8.080808080808081,12.121212121212121,12.121212121212121,12.121212121212121,16.161616161616163,16.161616161616163,20.202020202020204,20.202020202020204,24.242424242424242,28.282828282828284,28.282828282828284,32.323232323232325,36.36363636363637,36.36363636363637,40.40404040404041,44.44444444444445,48.484848484848484,52.525252525252526,52.525252525252526,56.56565656565657,60.60606060606061,64.64646464646465,68.68686868686869,72.72727272727273,76.76767676767678,80.80808080808082,84.84848484848486,92.92929292929294,96.96969696969697,101.01010101010101,105.05050505050505,109.0909090909091,113.13131313131314,117.17171717171718,125.25252525252526,129.2929292929293,133.33333333333334,137.37373737373738,141.41414141414143,149.4949494949495,153.53535353535355,157.5757575757576,161.61616161616163,169.69696969696972,173.73737373737376,177.7777777777778,185.85858585858588,189.89898989898992,193.93939393939394,197.97979797979798,206.06060606060606,210.1010101010101,214.14141414141415,222.22222222222223,226.26262626262627,230.3030303030303,238.3838383838384,242.42424242424244,246.46464646464648,254.54545454545456,258.5858585858586,262.62626262626264,270.7070707070707,274.74747474747477,278.7878787878788,286.8686868686869,290.90909090909093,294.949494949495,303.03030303030306
-0.04141414141414142,0.0,0.0,0.0,0.0,0.0,0.0,0.0,0.0,0.0,0.0,0.0,0.0,0.0,0.0,0.0,0.0,0.0,0.0,0.0,0.0,0.0,0.0,4.040404040404041,4.040404040404041,4.040404040404041,4.040404040404041,4.040404040404041,4.040404040404041,4.040404040404041,8.080808080808081,8.080808080808081,8.080808080808081,8.080808080808081,12.121212121212121,12.121212121212121,12.121212121212121,16.161616161616163,16.161616161616163,20.202020202020204,20.202020202020204,24.242424242424242,24.242424242424242,28.282828282828284,32.323232323232325,32.323232323232325,36.36363636363637,40.40404040404041,44.44444444444445,48.484848484848484,48.484848484848484,52.525252525252526,56.56565656565657,60.60606060606061,64.64646464646465,68.68686868686869,72.72727272727273,76.76767676767678,80.80808080808082,84.84848484848486,88.8888888888889,92.92929292929294,101.01010101010101,105.05050505050505,109.0909090909091,113.13131313131314,117.17171717171718,121.21212121212122,129.2929292929293,133.33333333333334,137.37373737373738,141.41414141414143,149.4949494949495,153.53535353535355,157.5757575757576,161.61616161616163,169.69696969696972,173.73737373737376,177.7777777777778,181.81818181818184,189.89898989898992,193.93939393939394,197.97979797979798,206.06060606060606,210.1010101010101,214.14141414141415,222.22222222222223,226.26262626262627,230.3030303030303,238.3838383838384,242.42424242424244,250.50505050505052,254.54545454545456,258.5858585858586,266.6666666666667,270.7070707070707,274.74747474747477,282.82828282828285,286.8686868686869,294.949494949495,298.989898989899
-0.0393939393939394,0.0,0.0,0.0,0.0,0.0,0.0,0.0,0.0,0.0,0.0,0.0,0.0,4.040404040404041,4.040404040404041,4.040404040404041,4.040404040404041,4.040404040404041,4.040404040404041,4.040404040404041,4.040404040404041,4.040404040404041,4.040404040404041,4.040404040404041,4.040404040404041,4.040404040404041,4.040404040404041,4.040404040404041,4.040404040404041,4.040404040404041,4.040404040404041,4.040404040404041,8.080808080808081,8.080808080808081,8.080808080808081,12.121212121212121,12.121212121212121,12.121212121212121,16.161616161616163,16.161616161616163,20.202020202020204,20.202020202020204,24.242424242424242,24.242424242424242,28.282828282828284,28.282828282828284,32.323232323232325,36.36363636363637,40.40404040404041,40.40404040404041,44.44444444444445,48.484848484848484,52.525252525252526,56.56565656565657,60.60606060606061,64.64646464646465,68.68686868686869,72.72727272727273,76.76767676767678,80.80808080808082,84.84848484848486,88.8888888888889,92.92929292929294,96.96969696969697,101.01010101010101,105.05050505050505,113.13131313131314,117.17171717171718,121.21212121212122,125.25252525252526,129.2929292929293,137.37373737373738,141.41414141414143,145.45454545454547,149.4949494949495,157.5757575757576,161.61616161616163,165.65656565656568,173.73737373737376,177.7777777777778,181.81818181818184,189.89898989898992,193.93939393939394,197.97979797979798,206.06060606060606,210.1010101010101,214.14141414141415,222.22222222222223,226.26262626262627,230.3030303030303,238.3838383838384,242.42424242424244,250.50505050505052,254.54545454545456,258.5858585858586,266.6666666666667,270.7070707070707,278.7878787878788,282.82828282828285,286.8686868686869,294.949494949495
-0.03737373737373738,0.0,0.0,0.0,0.0,0.0,0.0,0.0,0.0,0.0,0.0,0.0,0.0,0.0,0.0,0.0,0.0,0.0,0.0,0.0,0.0,0.0,0.0,0.0,0.0,0.0,4.040404040404041,4.040404040404041,4.040404040404041,4.040404040404041,4.040404040404041,4.040404040404041,4.040404040404041,8.080808080808081,8.080808080808081,8.080808080808081,8.080808080808081,12.121212121212121,12.121212121212121,16.161616161616163,16.161616161616163,16.161616161616163,20.202020202020204,20.202020202020204,24.242424242424242,28.282828282828284,28.282828282828284,32.323232323232325,36.36363636363637,36.36363636363637,40.40404040404041,44.44444444444445,48.484848484848484,48.484848484848484,52.525252525252526,56.56565656565657,60.60606060606061,64.64646464646465,68.68686868686869,72.72727272727273,76.76767676767678,80.80808080808082,84.84848484848486,88.8888888888889,92.92929292929294,101.01010101010101,105.05050505050505,109.0909090909091,113.13131313131314,117.17171717171718,125.25252525252526,129.2929292929293,133.33333333333334,137.37373737373738,145.45454545454547,149.4949494949495,153.53535353535355,157.5757575757576,165.65656565656568,169.69696969696972,173.73737373737376,181.81818181818184,185.85858585858588,193.93939393939394,197.97979797979798,202.02020202020202,210.1010101010101,214.14141414141415,218.1818181818182,226.26262626262627,230.3030303030303,238.3838383838384,242.42424242424244,250.50505050505052,254.54545454545456,258.5858585858586,266.6666666666667,270.7070707070707,278.7878787878788,282.82828282828285,290.90909090909093
-0.03535353535353536,0.0,0.0,0.0,0.0,0.0,0.0,0.0,0.0,0.0,0.0,0.0,0.0,0.0,0.0,0.0,0.0,0.0,0.0,0.0,0.0,0.0,0.0,0.0,0.0,0.0,0.0,4.040404040404041,4.040404040404041,4.040404040404041,4.040404040404041,4.040404040404041,4.040404040404041,4.040404040404041,8.080808080808081,8.080808080808081,8.080808080808081,8.080808080808081,12.121212121212121,12.121212121212121,12.121212121212121,16.161616161616163,16.161616161616163,20.202020202020204,20.202020202020204,24.242424242424242,24.242424242424242,28.282828282828284,28.282828282828284,32.323232323232325,36.36363636363637,40.40404040404041,40.40404040404041,44.44444444444445,48.484848484848484,52.525252525252526,56.56565656565657,60.60606060606061,64.64646464646465,64.64646464646465,68.68686868686869,72.72727272727273,80.80808080808082,84.84848484848486,88.8888888888889,92.92929292929294,96.96969696969697,101.01010101010101,105.05050505050505,109.0909090909091,117.17171717171718,121.21212121212122,125.25252525252526,129.2929292929293,137.37373737373738,141.41414141414143,145.45454545454547,149.4949494949495,157.5757575757576,161.61616161616163,165.65656565656568,173.73737373737376,177.7777777777778,185.85858585858588,189.89898989898992,193.93939393939394,202.02020202020202,206.06060606060606,214.14141414141415,218.1818181818182,222.22222222222223,230.3030303030303,234.34343434343435,242.42424242424244,246.46464646464648,254.54545454545456,258.5858585858586,266.6666666666667,270.7070707070707,278.7878787878788,282.82828282828285
-0.03333333333333334,0.0,0.0,0.0,0.0,0.0,0.0,0.0,0.0,0.0,0.0,0.0,0.0,0.0,0.0,0.0,0.0,0.0,0.0,0.0,0.0,0.0,0.0,0.0,4.040404040404041,4.040404040404041,4.040404040404041,4.040404040404041,4.040404040404041,4.040404040404041,4.040404040404041,4.040404040404041,4.040404040404041,4.040404040404041,4.040404040404041,8.080808080808081,8.080808080808081,8.080808080808081,8.080808080808081,8.080808080808081,12.121212121212121,12.121212121212121,16.161616161616163,16.161616161616163,16.161616161616163,20.202020202020204,20.202020202020204,24.242424242424242,24.242424242424242,28.282828282828284,32.323232323232325,32.323232323232325,36.36363636363637,40.40404040404041,44.44444444444445,44.44444444444445,48.484848484848484,52.525252525252526,56.56565656565657,60.60606060606061,64.64646464646465,68.68686868686869,72.72727272727273,76.76767676767678,80.80808080808082,84.84848484848486,88.8888888888889,92.92929292929294,96.96969696969697,101.01010101010101,109.0909090909091,113.13131313131314,117.17171717171718,121.21212121212122,125.25252525252526,133.33333333333334,137.37373737373738,141.41414141414143,149.4949494949495,153.53535353535355,157.5757575757576,165.65656565656568,169.69696969696972,173.73737373737376,181.81818181818184,185.85858585858588,193.93939393939394,197.97979797979798,206.06060606060606,210.1010101010101,214.14141414141415,222.22222222222223,226.26262626262627,234.34343434343435,238.3838383838384,246.46464646464648,250.50505050505052,258.5858585858586,262.62626262626264,270.7070707070707,274.74747474747477
-0.03131313131313132,0.0,0.0,0.0,0.0,0.0,0.0,0.0,0.0,0.0,0.0,0.0,0.0,0.0,4.040404040404041,4.040404040404041,4.040404040404041,4.040404040404041,4.040404040404041,4.040404040404041,4.040404040404041,4.040404040404041,4.040404040404041,4.040404040404041,4.040404040404041,4.040404040404041,4.040404040404041,4.040404040404041,4.040404040404041,4.040404040404041,4.040404040404041,4.040404040404041,4.040404040404041,4.040404040404041,4.040404040404041,4.040404040404041,4.040404040404041,8.080808080808081,8.080808080808081,8.080808080808081,8.080808080808081,12.121212121212121,12.121212121212121,12.121212121212121,16.161616161616163,16.161616161616163,16.161616161616163,20.202020202020204,20.202020202020204,24.242424242424242,28.282828282828284,28.282828282828284,32.323232323232325,32.323232323232325,36.36363636363637,40.40404040404041,44.44444444444445,44.44444444444445,48.484848484848484,52.525252525252526,56.56565656565657,60.60606060606061,64.64646464646465,68.68686868686869,72.72727272727273,76.76767676767678,80.80808080808082,84.84848484848486,88.8888888888889,92.92929292929294,96.96969696969697,101.01010101010101,109.0909090909091,113.13131313131314,117.17171717171718,121.21212121212122,129.2929292929293,133.33333333333334,137.37373737373738,145.45454545454547,149.4949494949495,153.53535353535355,161.61616161616163,165.65656565656568,169.69696969696972,177.7777777777778,181.81818181818184,189.89898989898992,193.93939393939394,202.02020202020202,206.06060606060606,214.14141414141415,218.1818181818182,226.26262626262627,230.3030303030303,238.3838383838384,242.42424242424244,250.50505050505052,254.54545454545456,262.62626262626264,266.6666666666667
-0.0292929292929293,0.0,0.0,0.0,0.0,0.0,0.0,0.0,0.0,0.0,0.0,0.0,0.0,0.0,0.0,0.0,0.0,0.0,0.0,0.0,0.0,0.0,0.0,0.0,0.0,0.0,0.0,0.0,0.0,4.040404040404041,4.040404040404041,4.040404040404041,4.040404040404041,4.040404040404041,4.040404040404041,4.040404040404041,4.040404040404041,4.040404040404041,4.040404040404041,8.080808080808081,8.080808080808081,8.080808080808081,8.080808080808081,12.121212121212121,12.121212121212121,12.121212121212121,16.161616161616163,16.161616161616163,16.161616161616163,20.202020202020204,20.202020202020204,24.242424242424242,28.282828282828284,28.282828282828284,32.323232323232325,32.323232323232325,36.36363636363637,40.40404040404041,44.44444444444445,44.44444444444445,48.484848484848484,52.525252525252526,56.56565656565657,60.60606060606061,64.64646464646465,68.68686868686869,72.72727272727273,76.76767676767678,80.80808080808082,84.84848484848486,88.8888888888889,92.92929292929294,96.96969696969697,101.01010101010101,109.0909090909091,113.13131313131314,117.17171717171718,121.21212121212122,129.2929292929293,133.33333333333334,137.37373737373738,145.45454545454547,149.4949494949495,153.53535353535355,161.61616161616163,165.65656565656568,173.73737373737376,177.7777777777778,185.85858585858588,189.89898989898992,197.97979797979798,202.02020202020202,210.1010101010101,214.14141414141415,222.22222222222223,226.26262626262627,234.34343434343435,238.3838383838384,246.46464646464648,254.54545454545456,258.5858585858586
-0.027272727272727282,0.0,0.0,0.0,0.0,0.0,0.0,0.0,0.0,0.0,0.0,0.0,0.0,0.0,0.0,0.0,0.0,0.0,0.0,0.0,0.0,0.0,0.0,0.0,0.0,0.0,0.0,0.0,0.0,0.0,0.0,0.0,0.0,4.040404040404041,4.040404040404041,4.040404040404041,4.040404040404041,4.040404040404041,4.040404040404041,4.040404040404041,4.040404040404041,8.080808080808081,8.080808080808081,8.080808080808081,8.080808080808081,12.121212121212121,12.121212121212121,12.121212121212121,16.161616161616163,16.161616161616163,16.161616161616163,20.202020202020204,20.202020202020204,24.242424242424242,24.242424242424242,28.282828282828284,32.323232323232325,32.323232323232325,36.36363636363637,40.40404040404041,40.40404040404041,44.44444444444445,48.484848484848484,52.525252525252526,56.56565656565657,60.60606060606061,64.64646464646465,64.64646464646465,68.68686868686869,76.76767676767678,80.80808080808082,84.84848484848486,88.8888888888889,92.92929292929294,96.96969696969697,101.01010101010101,105.05050505050505,113.13131313131314,117.17171717171718,121.21212121212122,129.2929292929293,133.33333333333334,137.37373737373738,145.45454545454547,149.4949494949495,153.53535353535355,161.61616161616163,165.65656565656568,173.73737373737376,177.7777777777778,185.85858585858588,189.89898989898992,197.97979797979798,206.06060606060606,210.1010101010101,218.1818181818182,222.22222222222223,230.3030303030303,238.3838383838384,242.42424242424244,250.50505050505052
-0.025252525252525262,0.0,0.0,0.0,0.0,0.0,0.0,0.0,0.0,0.0,0.0,0.0,0.0,0.0,0.0,0.0,0.0,0.0,0.0,0.0,0.0,0.0,0.0,0.0,0.0,0.0,0.0,0.0,0.0,0.0,0.0,0.0,4.040404040404041,4.040404040404041,4.040404040404041,4.040404040404041,4.040404040404041,4.040404040404041,4.040404040404041,4.040404040404041,4.040404040404041,4.040404040404041,4.040404040404041,8.080808080808081,8.080808080808081,8.080808080808081,8.080808080808081,12.121212121212121,12.121212121212121,12.121212121212121,16.161616161616163,16.161616161616163,16.161616161616163,20.202020202020204,20.202020202020204,24.242424242424242,24.242424242424242,28.282828282828284,28.282828282828284,32.323232323232325,36.36363636363637,36.36363636363637,40.40404040404041,44.44444444444445,48.484848484848484,48.484848484848484,52.525252525252526,56.56565656565657,60.60606060606061,64.64646464646465,68.68686868686869,72.72727272727273,76.76767676767678,80.80808080808082,84.84848484848486,92.92929292929294,96.96969696969697,101.01010101010101,105.05050505050505,109.0909090909091,117.17171717171718,121.21212121212122,125.25252525252526,133.33333333333334,137.37373737373738,141.41414141414143,149.4949494949495,153.53535353535355,161.61616161616163,165.65656565656568,173.73737373737376,177.7777777777778,185.85858585858588,193.93939393939394,197.97979797979798,206.06060606060606,210.1010101010101,218.1818181818182,226.26262626262627,230.3030303030303,238.3838383838384
-0.023232323232323243,0.0,0.0,0.0,0.0,0.0,0.0,0.0,0.0,0.0,0.0,0.0,0.0,0.0,0.0,0.0,0.0,0.0,0.0,0.0,0.0,0.0,0.0,0.0,0.0,0.0,0.0,4.040404040404041,4.040404040404041,4.040404040404041,4.040404040404041,4.040404040404041,4.040404040404041,4.040404040404041,4.040404040404041,4.040404040404041,4.040404040404041,4.040404040404041,4.040404040404041,4.040404040404041,4.040404040404041,4.040404040404041,4.040404040404041,4.040404040404041,4.040404040404041,8.080808080808081,8.080808080808081,8.080808080808081,8.080808080808081,8.080808080808081,12.121212121212121,12.121212121212121,12.121212121212121,16.161616161616163,16.161616161616163,20.202020202020204,20.202020202020204,20.202020202020204,24.242424242424242,24.242424242424242,28.282828282828284,32.323232323232325,32.323232323232325,36.36363636363637,40.40404040404041,40.40404040404041,44.44444444444445,48.484848484848484,52.525252525252526,56.56565656565657,60.60606060606061,64.64646464646465,68.68686868686869,72.72727272727273,76.76767676767678,80.80808080808082,84.84848484848486,88.8888888888889,92.92929292929294,96.96969696969697,105.05050505050505,109.0909090909091,113.13131313131314,121.21212121212122,125.25252525252526,129.2929292929293,137.37373737373738,141.41414141414143,149.4949494949495,153.53535353535355,161.61616161616163,165.65656565656568,173.73737373737376,177.7777777777778,185.85858585858588,193.93939393939394,197.97979797979798,206.06060606060606,214.14141414141415,218.1818181818182,226.26262626262627
-0.021212121212121224,0.0,0.0,0.0,0.0,0.0,0.0,0.0,0.0,0.0,0.0,0.0,0.0,0.0,0.0,0.0,0.0,0.0,0.0,0.0,0.0,0.0,0.0,0.0,0.0,0.0,0.0,0.0,0.0,0.0,0.0,0.0,0.0,0.0,0.0,0.0,0.0,0.0,0.0,4.040404040404041,4.040404040404041,4.040404040404041,4.040404040404041,4.040404040404041,4.040404040404041,4.040404040404041,4.040404040404041,4.040404040404041,8.080808080808081,8.080808080808081,8.080808080808081,8.080808080808081,12.121212121212121,12.121212121212121,12.121212121212121,12.121212121212121,16.161616161616163,16.161616161616163,20.202020202020204,20.202020202020204,24.242424242424242,24.242424242424242,28.282828282828284,28.282828282828284,32.323232323232325,32.323232323232325,36.36363636363637,40.40404040404041,44.44444444444445,44.44444444444445,48.484848484848484,52.525252525252526,56.56565656565657,60.60606060606061,64.64646464646465,68.68686868686869,72.72727272727273,76.76767676767678,80.80808080808082,84.84848484848486,88.8888888888889,96.96969696969697,101.01010101010101,105.05050505050505,113.13131313131314,117.17171717171718,121.21212121212122,129.2929292929293,133.33333333333334,141.41414141414143,145.45454545454547,153.53535353535355,157.5757575757576,165.65656565656568,173.73737373737376,177.7777777777778,185.85858585858588,193.93939393939394,197.97979797979798,206.06060606060606,214.14141414141415
-0.019191919191919204,0.0,0.0,0.0,0.0,0.0,0.0,0.0,0.0,0.0,0.0,0.0,0.0,0.0,0.0,0.0,0.0,0.0,0.0,0.0,0.0,0.0,0.0,0.0,0.0,0.0,0.0,0.0,0.0,0.0,0.0,0.0,0.0,0.0,0.0,0.0,0.0,0.0,0.0,0.0,0.0,4.040404040404041,4.040404040404041,4.040404040404041,4.040404040404041,4.040404040404041,4.040404040404041,4.040404040404041,4.040404040404041,4.040404040404041,4.040404040404041,8.080808080808081,8.080808080808081,8.080808080808081,8.080808080808081,12.121212121212121,12.121212121212121,12.121212121212121,12.121212121212121,16.161616161616163,16.161616161616163,20.202020202020204,20.202020202020204,24.242424242424242,24.242424242424242,28.282828282828284,28.282828282828284,32.323232323232325,32.323232323232325,36.36363636363637,40.40404040404041,44.44444444444445,44.44444444444445,48.484848484848484,52.525252525252526,56.56565656565657,60.60606060606061,64.64646464646465,68.68686868686869,72.72727272727273,76.76767676767678,80.80808080808082,88.8888888888889,92.92929292929294,96.96969696969697,101.01010101010101,109.0909090909091,113.13131313131314,121.21212121212122,125.25252525252526,133.33333333333334,137.37373737373738,145.45454545454547,149.4949494949495,157.5757575757576,165.65656565656568,169.69696969696972,177.7777777777778,185.85858585858588,193.93939393939394,197.97979797979798
-0.01717171717171717,0.0,0.0,0.0,0.0,0.0,0.0,0.0,0.0,0.0,0.0,0.0,0.0,0.0,0.0,0.0,0.0,0.0,0.0,0.0,0.0,0.0,0.0,0.0,0.0,0.0,0.0,0.0,0.0,0.0,0.0,0.0,0.0,0.0,0.0,0.0,4.040404040404041,4.040404040404041,4.040404040404041,4.040404040404041,4.040404040404041,4.040404040404041,4.040404040404041,4.040404040404041,4.040404040404041,4.040404040404041,4.040404040404041,4.040404040404041,4.040404040404041,4.040404040404041,4.040404040404041,4.040404040404041,4.040404040404041,4.040404040404041,8.080808080808081,8.080808080808081,8.080808080808081,8.080808080808081,8.080808080808081,12.121212121212121,12.121212121212121,12.121212121212121,16.161616161616163,16.161616161616163,16.161616161616163,20.202020202020204,20.202020202020204,24.242424242424242,24.242424242424242,28.282828282828284,32.323232323232325,32.323232323232325,36.36363636363637,40.40404040404041,40.40404040404041,44.44444444444445,48.484848484848484,52.525252525252526,56.56565656565657,60.60606060606061,64.64646464646465,68.68686868686869,72.72727272727273,76.76767676767678,80.80808080808082,88.8888888888889,92.92929292929294,96.96969696969697,105.05050505050505,109.0909090909091,117.17171717171718,121.21212121212122,129.2929292929293,133.33333333333334,141.41414141414143,149.4949494949495,153.53535353535355,161.61616161616163,169.69696969696972,177.7777777777778,185.85858585858588
-0.015151515151515152,0.0,0.0,0.0,0.0,0.0,0.0,0.0,0.0,0.0,0.0,0.0,0.0,0.0,0.0,0.0,0.0,0.0,0.0,0.0,0.0,0.0,0.0,0.0,0.0,0.0,0.0,0.0,0.0,0.0,0.0,4.040404040404041,4.040404040404041,4.040404040404041,4.040404040404041,4.040404040404041,4.040404040404041,4.040404040404041,4.040404040404041,4.040404040404041,4.040404040404041,4.040404040404041,4.040404040404041,4.040404040404041,4.040404040404041,4.040404040404041,4.040404040404041,4.040404040404041,4.040404040404041,4.040404040404041,4.040404040404041,4.040404040404041,4.040404040404041,4.040404040404041,4.040404040404041,4.040404040404041,4.040404040404041,8.080808080808081,8.080808080808081,8.080808080808081,8.080808080808081,8.080808080808081,12.121212121212121,12.121212121212121,12.121212121212121,12.121212121212121,16.161616161616163,16.161616161616163,20.202020202020204,20.202020202020204,24.242424242424242,24.242424242424242,28.282828282828284,28.282828282828284,32.323232323232325,36.36363636363637,36.36363636363637,40.40404040404041,44.44444444444445,48.484848484848484,52.525252525252526,56.56565656565657,60.60606060606061,64.64646464646465,68.68686868686869,72.72727272727273,76.76767676767678,80.80808080808082,88.8888888888889,92.92929292929294,101.01010101010101,105.05050505050505,113.13131313131314,117.17171717171718,125.25252525252526,133.33333333333334,137.37373737373738,145.45454545454547,153.53535353535355,161.61616161616163,169.69696969696972
-0.013131313131313133,0.0,0.0,0.0,0.0,0.0,0.0,0.0,0.0,0.0,0.0,0.0,0.0,0.0,0.0,0.0,0.0,0.0,0.0,0.0,0.0,0.0,0.0,0.0,0.0,0.0,0.0,0.0,0.0,0.0,0.0,0.0,0.0,0.0,0.0,0.0,0.0,0.0,0.0,0.0,0.0,0.0,0.0,0.0,0.0,0.0,0.0,0.0,0.0,0.0,4.040404040404041,4.040404040404041,4.040404040404041,4.040404040404041,4.040404040404041,4.040404040404041,4.040404040404041,4.040404040404041,4.040404040404041,4.040404040404041,4.040404040404041,4.040404040404041,8.080808080808081,8.080808080808081,8.080808080808081,8.080808080808081,12.121212121212121,12.121212121212121,12.121212121212121,12.121212121212121,16.161616161616163,16.161616161616163,20.202020202020204,20.202020202020204,24.242424242424242,24.242424242424242,28.282828282828284,28.282828282828284,32.323232323232325,36.36363636363637,40.40404040404041,40.40404040404041,44.44444444444445,48.484848484848484,52.525252525252526,56.56565656565657,60.60606060606061,68.68686868686869,72.72727272727273,76.76767676767678,80.80808080808082,88.8888888888889,92.92929292929294,101.01010101010101,105.05050505050505,113.13131313131314,121.21212121212122,129.2929292929293,137.37373737373738,141.41414141414143,149.4949494949495
-0.011111111111111113,0.0,0.0,0.0,0.0,0.0,0.0,0.0,0.0,0.0,0.0,0.0,0.0,0.0,0.0,0.0,0.0,0.0,0.0,0.0,0.0,0.0,0.0,0.0,0.0,0.0,0.0,0.0,0.0,0.0,0.0,0.0,0.0,0.0,0.0,0.0,0.0,0.0,0.0,0.0,0.0,0.0,0.0,0.0,0.0,0.0,0.0,0.0,0.0,0.0,0.0,0.0,0.0,0.0,0.0,0.0,0.0,4.040404040404041,4.040404040404041,4.040404040404041,4.040404040404041,4.040404040404041,4.040404040404041,4.040404040404041,4.040404040404041,4.040404040404041,8.080808080808081,8.080808080808081,8.080808080808081,8.080808080808081,8.080808080808081,12.121212121212121,12.121212121212121,12.121212121212121,16.161616161616163,16.161616161616163,16.161616161616163,20.202020202020204,20.202020202020204,24.242424242424242,28.282828282828284,28.282828282828284,32.323232323232325,36.36363636363637,40.40404040404041,44.44444444444445,48.484848484848484,52.525252525252526,56.56565656565657,60.60606060606061,64.64646464646465,68.68686868686869,76.76767676767678,80.80808080808082,88.8888888888889,96.96969696969697,101.01010101010101,109.0909090909091,117.17171717171718,125.25252525252526,133.33333333333334
-0.009090909090909094,0.0,0.0,0.0,0.0,0.0,0.0,0.0,0.0,0.0,0.0,0.0,0.0,0.0,0.0,0.0,0.0,0.0,0.0,0.0,0.0,0.0,0.0,0.0,0.0,0.0,0.0,0.0,0.0,0.0,0.0,0.0,0.0,0.0,0.0,0.0,0.0,0.0,0.0,0.0,0.0,0.0,0.0,0.0,0.0,0.0,0.0,0.0,0.0,0.0,0.0,0.0,0.0,0.0,0.0,0.0,0.0,4.040404040404041,4.040404040404041,4.040404040404041,4.040404040404041,4.040404040404041,4.040404040404041,4.040404040404041,4.040404040404041,4.040404040404041,4.040404040404041,4.040404040404041,4.040404040404041,4.040404040404041,4.040404040404041,4.040404040404041,8.080808080808081,8.080808080808081,8.080808080808081,8.080808080808081,12.121212121212121,12.121212121212121,12.121212121212121,16.161616161616163,16.161616161616163,20.202020202020204,20.202020202020204,24.242424242424242,24.242424242424242,28.282828282828284,32.323232323232325,36.36363636363637,40.40404040404041,44.44444444444445,48.484848484848484,52.525252525252526,56.56565656565657,64.64646464646465,68.68686868686869,76.76767676767678,80.80808080808082,88.8888888888889,96.96969696969697,105.05050505050505,113.13131313131314
-0.007070707070707075,0.0,0.0,0.0,0.0,0.0,0.0,0.0,0.0,0.0,0.0,0.0,0.0,0.0,0.0,0.0,0.0,0.0,0.0,0.0,0.0,0.0,0.0,0.0,0.0,0.0,0.0,0.0,0.0,0.0,0.0,0.0,0.0,0.0,0.0,0.0,0.0,0.0,0.0,0.0,0.0,0.0,0.0,0.0,0.0,0.0,0.0,0.0,0.0,0.0,0.0,0.0,0.0,0.0,0.0,0.0,0.0,0.0,0.0,0.0,0.0,0.0,4.040404040404041,4.040404040404041,4.040404040404041,4.040404040404041,4.040404040404041,4.040404040404041,4.040404040404041,4.040404040404041,4.040404040404041,4.040404040404041,4.040404040404041,4.040404040404041,4.040404040404041,4.040404040404041,4.040404040404041,4.040404040404041,8.080808080808081,8.080808080808081,8.080808080808081,8.080808080808081,12.121212121212121,12.121212121212121,16.161616161616163,16.161616161616163,20.202020202020204,20.202020202020204,24.242424242424242,28.282828282828284,32.323232323232325,36.36363636363637,40.40404040404041,44.44444444444445,48.484848484848484,56.56565656565657,60.60606060606061,68.68686868686869,76.76767676767678,84.84848484848486,92.92929292929294
-0.005050505050505055,0.0,0.0,0.0,0.0,0.0,0.0,0.0,0.0,0.0,0.0,0.0,0.0,0.0,0.0,0.0,0.0,0.0,0.0,0.0,0.0,0.0,0.0,0.0,0.0,0.0,0.0,0.0,0.0,0.0,0.0,0.0,0.0,0.0,0.0,0.0,0.0,0.0,0.0,0.0,0.0,0.0,0.0,0.0,0.0,0.0,0.0,0.0,0.0,0.0,0.0,0.0,0.0,0.0,0.0,0.0,0.0,0.0,0.0,0.0,0.0,0.0,0.0,0.0,0.0,0.0,0.0,0.0,0.0,0.0,0.0,0.0,0.0,0.0,0.0,0.0,0.0,4.040404040404041,4.040404040404041,4.040404040404041,4.040404040404041,4.040404040404041,4.040404040404041,4.040404040404041,8.080808080808081,8.080808080808081,8.080808080808081,8.080808080808081,12.121212121212121,12.121212121212121,16.161616161616163,20.202020202020204,20.202020202020204,24.242424242424242,28.282828282828284,36.36363636363637,40.40404040404041,48.484848484848484,52.525252525252526,60.60606060606061,72.72727272727273
-0.003030303030303036,0.0,0.0,0.0,0.0,0.0,0.0,0.0,0.0,0.0,0.0,0.0,0.0,0.0,0.0,0.0,0.0,0.0,0.0,0.0,0.0,0.0,0.0,0.0,0.0,0.0,0.0,0.0,0.0,0.0,0.0,0.0,0.0,0.0,0.0,0.0,0.0,0.0,0.0,0.0,0.0,0.0,0.0,0.0,0.0,0.0,0.0,0.0,0.0,0.0,0.0,0.0,0.0,0.0,0.0,0.0,0.0,0.0,0.0,0.0,0.0,0.0,0.0,0.0,0.0,0.0,0.0,0.0,0.0,0.0,0.0,0.0,0.0,0.0,0.0,0.0,0.0,0.0,0.0,0.0,0.0,0.0,0.0,0.0,0.0,4.040404040404041,4.040404040404041,4.040404040404041,4.040404040404041,4.040404040404041,4.040404040404041,8.080808080808081,8.080808080808081,8.080808080808081,12.121212121212121,16.161616161616163,20.202020202020204,24.242424242424242,32.323232323232325,40.40404040404041,48.484848484848484
-0.0010101010101010166,0.0,0.0,0.0,0.0,0.0,0.0,0.0,0.0,0.0,0.0,0.0,0.0,0.0,0.0,0.0,0.0,0.0,0.0,0.0,0.0,0.0,0.0,0.0,0.0,0.0,0.0,0.0,0.0,0.0,0.0,0.0,0.0,0.0,0.0,0.0,0.0,0.0,0.0,0.0,0.0,0.0,0.0,0.0,0.0,0.0,0.0,0.0,0.0,0.0,0.0,0.0,0.0,0.0,0.0,0.0,0.0,0.0,0.0,0.0,0.0,0.0,0.0,0.0,0.0,0.0,0.0,0.0,0.0,0.0,0.0,0.0,0.0,0.0,0.0,0.0,0.0,0.0,0.0,0.0,0.0,0.0,0.0,0.0,0.0,0.0,0.0,0.0,0.0,0.0,0.0,0.0,4.040404040404041,4.040404040404041,4.040404040404041,4.040404040404041,4.040404040404041,4.040404040404041,8.080808080808081,12.121212121212121,24.242424242424242
0.0010101010101010027,0.0,0.0,0.0,0.0,0.0,0.0,0.0,0.0,0.0,0.0,0.0,0.0,0.0,0.0,0.0,0.0,0.0,0.0,0.0,0.0,0.0,0.0,0.0,0.0,0.0,0.0,0.0,0.0,0.0,0.0,0.0,0.0,0.0,0.0,0.0,0.0,0.0,0.0,0.0,0.0,0.0,0.0,0.0,0.0,0.0,0.0,0.0,0.0,0.0,0.0,0.0,0.0,0.0,0.0,0.0,0.0,0.0,0.0,0.0,0.0,0.0,0.0,0.0,0.0,0.0,0.0,0.0,0.0,0.0,0.0,0.0,0.0,0.0,0.0,0.0,0.0,0.0,0.0,0.0,0.0,0.0,0.0,0.0,0.0,0.0,0.0,0.0,0.0,0.0,0.0,0.0,0.0,0.0,4.040404040404041,4.040404040404041,4.040404040404041,4.040404040404041,8.080808080808081,12.121212121212121,24.242424242424242
0.003030303030303022,0.0,0.0,0.0,0.0,0.0,0.0,0.0,0.0,0.0,0.0,0.0,0.0,0.0,0.0,0.0,0.0,0.0,0.0,0.0,0.0,0.0,0.0,0.0,0.0,0.0,0.0,0.0,0.0,0.0,0.0,0.0,0.0,0.0,0.0,0.0,0.0,0.0,0.0,0.0,0.0,0.0,0.0,0.0,0.0,0.0,0.0,0.0,0.0,0.0,0.0,0.0,0.0,0.0,0.0,0.0,0.0,0.0,0.0,0.0,0.0,0.0,0.0,0.0,0.0,0.0,0.0,0.0,0.0,0.0,0.0,0.0,0.0,0.0,0.0,0.0,0.0,0.0,0.0,0.0,0.0,0.0,0.0,0.0,0.0,0.0,4.040404040404041,4.040404040404041,4.040404040404041,4.040404040404041,4.040404040404041,8.080808080808081,8.080808080808081,8.080808080808081,12.121212121212121,16.161616161616163,20.202020202020204,24.242424242424242,32.323232323232325,40.40404040404041,48.484848484848484
0.005050505050505041,0.0,0.0,0.0,0.0,0.0,0.0,0.0,0.0,0.0,0.0,0.0,0.0,0.0,0.0,0.0,0.0,0.0,0.0,0.0,0.0,0.0,0.0,0.0,0.0,0.0,0.0,0.0,0.0,0.0,0.0,0.0,0.0,0.0,0.0,0.0,0.0,0.0,0.0,0.0,0.0,0.0,0.0,0.0,0.0,0.0,0.0,0.0,0.0,0.0,0.0,0.0,0.0,0.0,0.0,0.0,0.0,0.0,0.0,0.0,0.0,0.0,0.0,0.0,0.0,0.0,0.0,0.0,0.0,0.0,0.0,0.0,0.0,0.0,0.0,0.0,4.040404040404041,4.040404040404041,4.040404040404041,4.040404040404041,4.040404040404041,4.040404040404041,4.040404040404041,4.040404040404041,8.080808080808081,8.080808080808081,8.080808080808081,8.080808080808081,12.121212121212121,12.121212121212121,16.161616161616163,20.202020202020204,20.202020202020204,24.242424242424242,28.282828282828284,36.36363636363637,40.40404040404041,48.484848484848484,52.525252525252526,60.60606060606061,72.72727272727273
0.007070707070707061,0.0,0.0,0.0,0.0,0.0,0.0,0.0,0.0,0.0,0.0,0.0,0.0,0.0,0.0,0.0,0.0,0.0,0.0,0.0,0.0,0.0,0.0,0.0,0.0,0.0,0.0,0.0,0.0,0.0,0.0,0.0,0.0,0.0,0.0,0.0,0.0,0.0,0.0,0.0,0.0,0.0,0.0,0.0,0.0,0.0,0.0,0.0,0.0,0.0,0.0,0.0,0.0,0.0,4.040404040404041,4.040404040404041,4.040404040404041,4.040404040404041,4.040404040404041,4.040404040404041,4.040404040404041,4.040404040404041,4.040404040404041,4.040404040404041,4.040404040404041,4.040404040404041,4.040404040404041,4.040404040404041,4.040404040404041,4.040404040404041,4.040404040404041,4.040404040404041,4.040404040404041,4.040404040404041,4.040404040404041,4.040404040404041,4.040404040404041,4.040404040404041,8.080808080808081,8.080808080808081,8.080808080808081,8.080808080808081,12.121212121212121,12.121212121212121,16.161616161616163,16.161616161616163,20.202020202020204,20.202020202020204,24.242424242424242,28.282828282828284,32.323232323232325,36.36363636363637,40.40404040404041,44.44444444444445,48.484848484848484,56.56565656565657,60.60606060606061,68.68686868686869,76.76767676767678,84.84848484848486,92.92929292929294
0.00909090909090908,0.0,0.0,0.0,0.0,0.0,0.0,0.0,0.0,0.0,0.0,0.0,0.0,0.0,0.0,0.0,0.0,0.0,0.0,0.0,0.0,0.0,0.0,0.0,0.0,0.0,0.0,0.0,0.0,0.0,0.0,0.0,0.0,0.0,0.0,0.0,0.0,0.0,0.0,0.0,0.0,0.0,0.0,0.0,0.0,0.0,0.0,0.0,0.0,0.0,0.0,4.040404040404041,4.040404040404041,4.040404040404041,4.040404040404041,4.040404040404041,4.040404040404041,4.040404040404041,4.040404040404041,4.040404040404041,4.040404040404041,4.040404040404041,4.040404040404041,4.040404040404041,4.040404040404041,4.040404040404041,4.040404040404041,4.040404040404041,4.040404040404041,4.040404040404041,4.040404040404041,4.040404040404041,8.080808080808081,8.080808080808081,8.080808080808081,8.080808080808081,12.121212121212121,12.121212121212121,12.121212121212121,16.161616161616163,16.161616161616163,20.202020202020204,20.202020202020204,24.242424242424242,24.242424242424242,28.282828282828284,32.323232323232325,36.36363636363637,40.40404040404041,44.44444444444445,48.484848484848484,52.525252525252526,56.56565656565657,64.64646464646465,68.68686868686869,76.76767676767678,80.80808080808082,88.8888888888889,96.96969696969697,105.05050505050505,113.13131313131314
0.0111111111111111,0.0,0.0,0.0,0.0,0.0,0.0,0.0,0.0,0.0,0.0,0.0,0.0,0.0,0.0,0.0,0.0,0.0,0.0,0.0,0.0,0.0,0.0,0.0,0.0,0.0,0.0,0.0,0.0,0.0,0.0,0.0,0.0,0.0,0.0,0.0,0.0,0.0,0.0,0.0,0.0,0.0,0.0,0.0,0.0,0.0,0.0,0.0,0.0,0.0,0.0,0.0,0.0,0.0,0.0,0.0,4.040404040404041,4.040404040404041,4.040404040404041,4.040404040404041,4.040404040404041,4.040404040404041,4.040404040404041,4.040404040404041,4.040404040404041,4.040404040404041,8.080808080808081,8.080808080808081,8.080808080808081,8.080808080808081,8.080808080808081,12.121212121212121,12.121212121212121,12.121212121212121,16.161616161616163,16.161616161616163,16.161616161616163,20.202020202020204,20.202020202020204,24.242424242424242,28.282828282828284,28.282828282828284,32.323232323232325,36.36363636363637,40.40404040404041,44.44444444444445,48.484848484848484,52.525252525252526,56.56565656565657,60.60606060606061,64.64646464646465,68.68686868686869,76.76767676767678,80.80808080808082,88.8888888888889,96.96969696969697,101.01010101010101,109.0909090909091,117.17171717171718,125.25252525252526,133.33333333333334
0.013131313131313133,0.0,0.0,0.0,0.0,0.0,0.0,0.0,0.0,0.0,0.0,0.0,0.0,0.0,0.0,0.0,0.0,0.0,0.0,0.0,0.0,0.0,0.0,0.0,0.0,0.0,0.0,0.0,0.0,0.0,0.0,0.0,0.0,0.0,0.0,0.0,0.0,0.0,0.0,0.0,0.0,0.0,0.0,0.0,0.0,0.0,0.0,0.0,0.0,0.0,0.0,0.0,4.040404040404041,4.040404040404041,4.040404040404041,4.040404040404041,4.040404040404041,4.040404040404041,4.040404040404041,4.040404040404041,4.040404040404041,4.040404040404041,8.080808080808081,8.080808080808081,8.080808080808081,8.080808080808081,12.121212121212121,12.121212121212121,12.121212121212121,12.121212121212121,16.161616161616163,16.161616161616163,20.202020202020204,20.202020202020204,24.242424242424242,24.242424242424242,28.282828282828284,28.282828282828284,32.323232323232325,36.36363636363637,40.40404040404041,40.40404040404041,44.44444444444445,48.484848484848484,52.525252525252526,56.56565656565657,60.60606060606061,68.68686868686869,72.72727272727273,76.76767676767678,80.80808080808082,88.8888888888889,92.92929292929294,101.01010101010101,105.05050505050505,113.13131313131314,121.21212121212122,129.2929292929293,137.37373737373738,141.41414141414143,149.4949494949495
0.015151515151515152,0.0,0.0,0.0,0.0,0.0,0.0,0.0,0.0,0.0,0.0,0.0,0.0,0.0,0.0,0.0,0.0,0.0,0.0,0.0,0.0,0.0,0.0,0.0,0.0,0.0,0.0,0.0,0.0,0.0,0.0,0.0,0.0,0.0,0.0,0.0,0.0,0.0,0.0,4.040404040404041,4.040404040404041,4.040404040404041,4.040404040404041,4.040404040404041,4.040404040404041,4.040404040404041,4.040404040404041,4.040404040404041,4.040404040404041,4.040404040404041,4.040404040404041,4.040404040404041,4.040404040404041,4.040404040404041,4.040404040404041,4.040404040404041,4.040404040404041,8.080808080808081,8.080808080808081,8.080808080808081,8.080808080808081,8.080808080808081,12.121212121212121,12.121212121212121,12.121212121212121,12.121212121212121,16.161616161616163,16.161616161616163,20.202020202020204,20.202020202020204,24.242424242424242,24.242424242424242,28.282828282828284,28.282828282828284,32.323232323232325,36.36363636363637,36.36363636363637,40.40404040404041,44.44444444444445,48.484848484848484,52.525252525252526,56.56565656565657,60.60606060606061,64.64646464646465,68.68686868686869,72.72727272727273,76.76767676767678,80.80808080808082,88.8888888888889,92.92929292929294,101.01010101010101,105.05050505050505,113.13131313131314,117.17171717171718,125.25252525252526,133.33333333333334,137.37373737373738,145.45454545454547,153.53535353535355,161.61616161616163,169.69696969696972
0.01717171717171717,0.0,0.0,0.0,0.0,0.0,0.0,0.0,0.0,0.0,0.0,0.0,0.0,0.0,0.0,0.0,0.0,0.0,0.0,0.0,0.0,0.0,0.0,0.0,0.0,0.0,0.0,0.0,0.0,0.0,0.0,0.0,0.0,0.0,0.0,0.0,0.0,0.0,0.0,0.0,0.0,4.040404040404041,4.040404040404041,4.040404040404041,4.040404040404041,4.040404040404041,4.040404040404041,4.040404040404041,4.040404040404041,4.040404040404041,4.040404040404041,4.040404040404041,4.040404040404041,4.040404040404041,8.080808080808081,8.080808080808081,8.080808080808081,8.080808080808081,8.080808080808081,12.121212121212121,12.121212121212121,12.121212121212121,16.161616161616163,16.161616161616163,16.161616161616163,20.202020202020204,20.202020202020204,24.242424242424242,24.242424242424242,28.282828282828284,32.323232323232325,32.323232323232325,36.36363636363637,40.40404040404041,40.40404040404041,44.44444444444445,48.484848484848484,52.525252525252526,56.56565656565657,60.60606060606061,64.64646464646465,68.68686868686869,72.72727272727273,76.76767676767678,80.80808080808082,88.8888888888889,92.92929292929294,96.96969696969697,105.05050505050505,109.0909090909091,117.17171717171718,121.21212121212122,129.2929292929293,133.33333333333334,141.41414141414143,149.4949494949495,153.53535353535355,161.61616161616163,169.69696969696972,177.7777777777778,185.85858585858588
0.01919191919191919,0.0,0.0,0.0,0.0,0.0,0.0,0.0,0.0,0.0,0.0,0.0,0.0,0.0,0.0,0.0,0.0,0.0,0.0,0.0,0.0,0.0,0.0,0.0,0.0,0.0,0.0,0.0,0.0,0.0,0.0,0.0,0.0,0.0,0.0,0.0,0.0,0.0,0.0,0.0,0.0,0.0,4.040404040404041,4.040404040404041,4.040404040404041,4.040404040404041,4.040404040404041,4.040404040404041,4.040404040404041,4.040404040404041,4.040404040404041,8.080808080808081,8.080808080808081,8.080808080808081,8.080808080808081,12.121212121212121,12.121212121212121,12.121212121212121,12.121212121212121,16.161616161616163,16.161616161616163,20.202020202020204,20.202020202020204,24.242424242424242,24.242424242424242,28.282828282828284,28.282828282828284,32.323232323232325,32.323232323232325,36.36363636363637,40.40404040404041,44.44444444444445,44.44444444444445,48.484848484848484,52.525252525252526,56.56565656565657,60.60606060606061,64.64646464646465,68.68686868686869,72.72727272727273,76.76767676767678,80.80808080808082,88.8888888888889,92.92929292929294,96.96969696969697,101.01010101010101,109.0909090909091,113.13131313131314,121.21212121212122,125.25252525252526,133.33333333333334,137.37373737373738,145.45454545454547,149.4949494949495,157.5757575757576,165.65656565656568,169.69696969696972,177.7777777777778,185.85858585858588,193.93939393939394,197.97979797979798
0.02121212121212121,0.0,0.0,0.0,0.0,0.0,0.0,0.0,0.0,0.0,0.0,0.0,0.0,0.0,0.0,0.0,0.0,0.0,0.0,0.0,0.0,0.0,0.0,0.0,0.0,0.0,0.0,0.0,0.0,0.0,0.0,0.0,0.0,0.0,0.0,0.0,0.0,4.040404040404041,4.040404040404041,4.040404040404041,4.040404040404041,4.040404040404041,4.040404040404041,4.040404040404041,4.040404040404041,4.040404040404041,4.040404040404041,4.040404040404041,8.080808080808081,8.080808080808081,8.080808080808081,8.080808080808081,12.121212121212121,12.121212121212121,12.121212121212121,12.121212121212121,16.161616161616163,16.161616161616163,20.202020202020204,20.202020202020204,24.242424242424242,24.242424242424242,28.282828282828284,28.282828282828284,32.323232323232325,32.323232323232325,36.36363636363637,40.40404040404041,44.44444444444445,44.44444444444445,48.484848484848484,52.525252525252526,56.56565656565657,60.60606060606061,64.64646464646465,68.68686868686869,72.72727272727273,76.76767676767678,80.80808080808082,84.84848484848486,88.8888888888889,96.96969696969697,101.01010101010101,105.05050505050505,113.13131313131314,117.17171717171718,121.21212121212122,129.2929292929293,133.33333333333334,141.41414141414143,145.45454545454547,153.53535353535355,157.5757575757576,165.65656565656568,173.73737373737376,177.7777777777778,185.85858585858588,193.93939393939394,197.97979797979798,206.06060606060606,214.14141414141415
0.02323232323232323,0.0,0.0,0.0,0.0,0.0,0.0,0.0,0.0,0.0,0.0,0.0,0.0,0.0,0.0,0.0,0.0,0.0,0.0,0.0,0.0,4.040404040404041,4.040404040404041,4.040404040404041,4.040404040404041,4.040404040404041,4.040404040404041,4.040404040404041,4.040404040404041,4.040404040404041,4.040404040404041,4.040404040404041,4.040404040404041,4.040404040404041,4.040404040404041,4.040404040404041,4.040404040404041,4.040404040404041,4.040404040404041,4.040404040404041,4.040404040404041,4.040404040404041,4.040404040404041,4.040404040404041,4.040404040404041,8.080808080808081,8.080808080808081,8.080808080808081,8.080808080808081,8.080808080808081,12.121212121212121,12.121212121212121,12.121212121212121,16.161616161616163,16.161616161616163,20.202020202020204,20.202020202020204,20.202020202020204,24.242424242424242,24.242424242424242,28.282828282828284,32.323232323232325,32.323232323232325,36.36363636363637,40.40404040404041,40.40404040404041,44.44444444444445,48.484848484848484,52.525252525252526,56.56565656565657,60.60606060606061,64.64646464646465,68.68686868686869,72.72727272727273,76.76767676767678,80.80808080808082,84.84848484848486,88.8888888888889,92.92929292929294,96.96969696969697,105.05050505050505,109.0909090909091,113.13131313131314,121.21212121212122,125.25252525252526,129.2929292929293,137.37373737373738,141.41414141414143,149.4949494949495,153.53535353535355,161.61616161616163,165.65656565656568,173.73737373737376,177.7777777777778,185.85858585858588,193.93939393939394,197.97979797979798,206.06060606060606,214.14141414141415,218.1818181818182,226.26262626262627
0.02525252525252525,0.0,0.0,0.0,0.0,0.0,0.0,0.0,0.0,0.0,0.0,0.0,0.0,0.0,0.0,0.0,0.0,0.0,0.0,0.0,0.0,0.0,0.0,0.0,0.0,0.0,0.0,0.0,4.040404040404041,4.040404040404041,4.040404040404041,4.040404040404041,4.040404040404041,4.040404040404041,4.040404040404041,4.040404040404041,4.040404040404041,4.040404040404041,4.040404040404041,4.040404040404041,4.040404040404041,4.040404040404041,4.040404040404041,8.080808080808081,8.080808080808081,8.080808080808081,8.080808080808081,12.121212121212121,12.121212121212121,12.121212121212121,16.161616161616163,16.161616161616163,16.161616161616163,20.202020202020204,20.202020202020204,24.242424242424242,24.242424242424242,28.282828282828284,28.282828282828284,32.323232323232325,36.36363636363637,36.36363636363637,40.40404040404041,44.44444444444445,48.484848484848484,48.484848484848484,52.525252525252526,56.56565656565657,60.60606060606061,64.64646464646465,68.68686868686869,72.72727272727273,76.76767676767678,80.80808080808082,84.84848484848486,92.92929292929294,96.96969696969697,101.01010101010101,105.05050505050505,109.0909090909091,117.17171717171718,121.21212121212122,125.25252525252526,133.33333333333334,137.37373737373738,141.41414141414143,149.4949494949495,153.53535353535355,161.61616161616163,165.65656565656568,173.73737373737376,177.7777777777778,185.85858585858588,193.93939393939394,197.97979797979798,206.06060606060606,210.1010101010101,218.1818181818182,226.26262626262627,230.3030303030303,238.3838383838384
0.027272727272727254,0.0,0.0,0.0,0.0,0.0,0.0,0.0,0.0,0.0,0.0,0.0,0.0,0.0,0.0,0.0,0.0,0.0,0.0,0.0,0.0,0.0,0.0,0.0,0.0,0.0,0.0,0.0,0.0,0.0,0.0,0.0,4.040404040404041,4.040404040404041,4.040404040404041,4.040404040404041,4.040404040404041,4.040404040404041,4.040404040404041,4.040404040404041,4.040404040404041,8.080808080808081,8.080808080808081,8.080808080808081,8.080808080808081,12.121212121212121,12.121212121212121,12.121212121212121,16.161616161616163,16.161616161616163,16.161616161616163,20.202020202020204,20.202020202020204,24.242424242424242,24.242424242424242,28.282828282828284,32.323232323232325,32.323232323232325,36.36363636363637,40.40404040404041,40.40404040404041,44.44444444444445,48.484848484848484,52.525252525252526,56.56565656565657,60.60606060606061,64.64646464646465,64.64646464646465,68.68686868686869,76.76767676767678,80.80808080808082,84.84848484848486,88.8888888888889,92.92929292929294,96.96969696969697,101.01010101010101,105.05050505050505,113.13131313131314,117.17171717171718,121.21212121212122,129.2929292929293,133.33333333333334,137.37373737373738,145.45454545454547,149.4949494949495,153.53535353535355,161.61616161616163,165.65656565656568,173.73737373737376,177.7777777777778,185.85858585858588,189.89898989898992,197.97979797979798,206.06060606060606,210.1010101010101,218.1818181818182,222.22222222222223,230.3030303030303,238.3838383838384,242.42424242424244,250.50505050505052
0.029292929292929287,0.0,0.0,0.0,0.0,0.0,0.0,0.0,0.0,0.0,0.0,0.0,0.0,0.0,0.0,0.0,0.0,0.0,0.0,0.0,0.0,0.0,0.0,0.0,0.0,0.0,0.0,0.0,0.0,0.0,0.0,4.040404040404041,4.040404040404041,4.040404040404041,4.040404040404041,4.040404040404041,4.040404040404041,4.040404040404041,4.040404040404041,8.080808080808081,8.080808080808081,8.080808080808081,8.080808080808081,12.121212121212121,12.121212121212121,12.121212121212121,16.161616161616163,16.161616161616163,16.161616161616163,20.202020202020204,20.202020202020204,24.242424242424242,28.282828282828284,28.282828282828284,32.323232323232325,32.323232323232325,36.36363636363637,40.40404040404041,44.44444444444445,44.44444444444445,48.484848484848484,52.525252525252526,56.56565656565657,60.60606060606061,64.64646464646465,68.68686868686869,72.72727272727273,76.76767676767678,80.80808080808082,84.84848484848486,88.8888888888889,92.92929292929294,96.96969696969697,101.01010101010101,109.0909090909091,113.13131313131314,117.17171717171718,121.21212121212122,129.2929292929293,133.33333333333334,137.37373737373738,145.45454545454547,149.4949494949495,153.53535353535355,161.61616161616163,165.65656565656568,173.73737373737376,177.7777777777778,185.85858585858588,189.89898989898992,197.97979797979798,202.02020202020202,210.1010101010101,214.14141414141415,222.22222222222223,226.26262626262627,234.34343434343435,238.3838383838384,246.46464646464648,254.54545454545456,258.5858585858586
0.03131313131313132,0.0,0.0,0.0,0.0,0.0,0.0,0.0,0.0,0.0,0.0,0.0,0.0,0.0,0.0,0.0,0.0,0.0,0.0,4.040404040404041,4.040404040404041,4.040404040404041,4.040404040404041,4.040404040404041,4.040404040404041,4.040404040404041,4.040404040404041,4.040404040404041,4.040404040404041,4.040404040404041,4.040404040404041,4.040404040404041,4.040404040404041,4.040404040404041,4.040404040404041,4.040404040404041,4.040404040404041,8.080808080808081,8.080808080808081,8.080808080808081,8.080808080808081,12.121212121212121,12.121212121212121,12.121212121212121,16.161616161616163,16.161616161616163,16.161616161616163,20.202020202020204,20.202020202020204,24.242424242424242,28.282828282828284,28.282828282828284,32.323232323232325,32.323232323232325,36.36363636363637,40.40404040404041,44.44444444444445,44.44444444444445,48.484848484848484,52.525252525252526,56.56565656565657,60.60606060606061,64.64646464646465,68.68686868686869,72.72727272727273,76.76767676767678,80.80808080808082,84.84848484848486,88.8888888888889,92.92929292929294,96.96969696969697,101.01010101010101,109.0909090909091,113.13131313131314,117.17171717171718,121.21212121212122,129.2929292929293,133.33333333333334,137.37373737373738,145.45454545454547,149.4949494949495,153.53535353535355,161.61616161616163,165.65656565656568,169.69696969696972,177.7777777777778,181.81818181818184,189.89898989898992,193.93939393939394,202.02020202020202,206.06060606060606,214.14141414141415,218.1818181818182,226.26262626262627,230.3030303030303,238.3838383838384,242.42424242424244,250.50505050505052,254.54545454545456,262.62626262626264,266.6666666666667
0.033333333333333326,0.0,0.0,0.0,0.0,0.0,0.0,0.0,0.0,0.0,0.0,0.0,0.0,0.0,0.0,0.0,0.0,0.0,0.0,0.0,0.0,0.0,0.0,0.0,0.0,0.0,0.0,4.040404040404041,4.040404040404041,4.040404040404041,4.040404040404041,4.040404040404041,4.040404040404041,4.040404040404041,4.040404040404041,8.080808080808081,8.080808080808081,8.080808080808081,8.080808080808081,8.080808080808081,12.121212121212121,12.121212121212121,16.161616161616163,16.161616161616163,16.161616161616163,20.202020202020204,20.202020202020204,24.242424242424242,24.242424242424242,28.282828282828284,32.323232323232325,32.323232323232325,36.36363636363637,40.40404040404041,44.44444444444445,44.44444444444445,48.484848484848484,52.525252525252526,56.56565656565657,60.60606060606061,64.64646464646465,68.68686868686869,72.72727272727273,76.76767676767678,80.80808080808082,84.84848484848486,88.8888888888889,92.92929292929294,96.96969696969697,101.01010101010101,109.0909090909091,113.13131313131314,117.17171717171718,121.21212121212122,125.25252525252526,133.33333333333334,137.37373737373738,141.41414141414143,149.4949494949495,153.53535353535355,157.5757575757576,165.65656565656568,169.69696969696972,173.73737373737376,181.81818181818184,185.85858585858588,193.93939393939394,197.97979797979798,206.06060606060606,210.1010101010101,214.14141414141415,222.22222222222223,226.26262626262627,234.34343434343435,238.3838383838384,246.46464646464648,250.50505050505052,258.5858585858586,262.62626262626264,270.7070707070707,274.74747474747477
0.03535353535353536,0.0,0.0,0.0,0.0,0.0,0.0,0.0,0.0,0.0,0.0,0.0,0.0,0.0,0.0,0.0,0.0,0.0,0.0,0.0,0.0,0.0,0.0,0.0,0.0,0.0,0.0,4.040404040404041,4.040404040404041,4.040404040404041,4.040404040404041,4.040404040404041,4.040404040404041,4.040404040404041,8.080808080808081,8.080808080808081,8.080808080808081,8.080808080808081,12.121212121212121,12.121212121212121,12.121212121212121,16.161616161616163,16.161616161616163,20.202020202020204,20.202020202020204,24.242424242424242,24.242424242424242,28.282828282828284,28.282828282828284,32.323232323232325,36.36363636363637,40.40404040404041,40.40404040404041,44.44444444444445,48.484848484848484,52.525252525252526,56.56565656565657,60.60606060606061,64.64646464646465,64.64646464646465,68.68686868686869,72.72727272727273,80.80808080808082,84.84848484848486,88.8888888888889,92.92929292929294,96.96969696969697,101.01010101010101,105.05050505050505,109.0909090909091,117.17171717171718,121.21212121212122,125.25252525252526,129.2929292929293,137.37373737373738,141.41414141414143,145.45454545454547,149.4949494949495,157.5757575757576,161.61616161616163,165.65656565656568,173.73737373737376,177.7777777777778,185.85858585858588,189.89898989898992,193.93939393939394,202.02020202020202,206.06060606060606,214.14141414141415,218.1818181818182,222.22222222222223,230.3030303030303,234.34343434343435,242.42424242424244,246.46464646464648,254.54545454545456,258.5858585858586,266.6666666666667,270.7070707070707,278.7878787878788,282.82828282828285
0.037373737373737365,0.0,0.0,0.0,0.0,0.0,0.0,0.0,0.0,0.0,0.0,0.0,0.0,0.0,0.0,0.0,0.0,0.0,0.0,0.0,0.0,0.0,0.0,0.0,4.040404040404041,4.040404040404041,4.040404040404041,4.040404040404041,4.040404040404041,4.040404040404041,4.040404040404041,4.040404040404041,4.040404040404041,8.080808080808081,8.080808080808081,8.080808080808081,8.080808080808081,12.121212121212121,12.121212121212121,16.161616161616163,16.161616161616163,16.161616161616163,20.202020202020204,20.202020202020204,24.242424242424242,28.282828282828284,28.282828282828284,32.323232323232325,36.36363636363637,36.36363636363637,40.40404040404041,44.44444444444445,48.484848484848484,48.484848484848484,52.525252525252526,56.56565656565657,60.60606060606061,64.64646464646465,68.68686868686869,72.72727272727273,76.76767676767678,80.80808080808082,84.84848484848486,88.8888888888889,92.92929292929294,101.01010101010101,105.05050505050505,109.0909090909091,113.13131313131314,117.17171717171718,125.25252525252526,129.2929292929293,133.33333333333334,137.37373737373738,145.45454545454547,149.4949494949495,153.53535353535355,157.5757575757576,165.65656565656568,169.69696969696972,173.73737373737376,181.81818181818184,185.85858585858588,193.93939393939394,197.97979797979798,202.02020202020202,210.1010101010101,214.14141414141415,218.1818181818182,226.26262626262627,230.3030303030303,238.3838383838384,242.42424242424244,250.50505050505052,254.54545454545456,258.5858585858586,266.6666666666667,270.7070707070707,278.7878787878788,282.82828282828285,290.90909090909093
0.0393939393939394,0.0,0.0,0.0,0.0,0.0,0.0,0.0,0.0,4.040404040404041,4.040404040404041,4.040404040404041,4.040404040404041,4.040404040404041,4.040404040404041,4.040404040404041,4.040404040404041,4.040404040404041,4.040404040404041,4.040404040404041,4.040404040404041,4.040404040404041,4.040404040404041,4.040404040404041,4.040404040404041,4.040404040404041,4.040404040404041,4.040404040404041,4.040404040404041,4.040404040404041,4.040404040404041,4.040404040404041,8.080808080808081,8.080808080808081,8.080808080808081,12.121212121212121,12.121212121212121,12.121212121212121,16.161616161616163,16.161616161616163,20.202020202020204,20.202020202020204,24.242424242424242,24.242424242424242,28.282828282828284,28.282828282828284,32.323232323232325,36.36363636363637,40.40404040404041,40.40404040404041,44.44444444444445,48.484848484848484,52.525252525252526,56.56565656565657,60.60606060606061,64.64646464646465,68.68686868686869,72.72727272727273,76.76767676767678,80.80808080808082,84.84848484848486,88.8888888888889,92.92929292929294,96.96969696969697,101.01010101010101,105.05050505050505,113.13131313131314,117.17171717171718,121.21212121212122,125.25252525252526,129.2929292929293,137.37373737373738,141.41414141414143,145.45454545454547,149.4949494949495,157.5757575757576,161.61616161616163,165.65656565656568,173.73737373737376,177.7777777777778,181.81818181818184,189.89898989898992,193.93939393939394,197.97979797979798,206.06060606060606,210.1010101010101,214.14141414141415,222.22222222222223,226.26262626262627,230.3030303030303,238.3838383838384,242.42424242424244,250.50505050505052,254.54545454545456,258.5858585858586,266.6666666666667,270.7070707070707,278.7878787878788,282.82828282828285,286.8686868686869,294.949494949495
0.0414141414141414,0.0,0.0,0.0,0.0,0.0,0.0,0.0,0.0,0.0,0.0,0.0,0.0,0.0,0.0,0.0,0.0,0.0,0.0,0.0,4.040404040404041,4.040404040404041,4.040404040404041,4.040404040404041,4.040404040404041,4.040404040404041,4.040404040404041,4.040404040404041,4.040404040404041,4.040404040404041,8.080808080808081,8.080808080808081,8.080808080808081,8.080808080808081,12.121212121212121,12.121212121212121,12.121212121212121,16.161616161616163,16.161616161616163,20.202020202020204,20.202020202020204,24.242424242424242,24.242424242424242,28.282828282828284,32.323232323232325,32.323232323232325,36.36363636363637,40.40404040404041,44.44444444444445,48.484848484848484,48.484848484848484,52.525252525252526,56.56565656565657,60.60606060606061,64.64646464646465,68.68686868686869,72.72727272727273,76.76767676767678,80.80808080808082,84.84848484848486,88.8888888888889,92.92929292929294,101.01010101010101,105.05050505050505,109.0909090909091,113.13131313131314,117.17171717171718,121.21212121212122,129.2929292929293,133.33333333333334,137.37373737373738,141.41414141414143,149.4949494949495,153.53535353535355,157.5757575757576,161.61616161616163,169.69696969696972,173.73737373737376,177.7777777777778,181.81818181818184,189.89898989898992,193.93939393939394,197.97979797979798,206.06060606060606,210.1010101010101,214.14141414141415,222.22222222222223,226.26262626262627,230.3030303030303,238.3838383838384,242.42424242424244,250.50505050505052,254.54545454545456,258.5858585858586,266.6666666666667,270.7070707070707,274.74747474747477,282.82828282828285,286.8686868686869,294.949494949495,298.989898989899
0.043434343434343436,0.0,0.0,0.0,0.0,0.0,0.0,0.0,0.0,0.0,0.0,0.0,0.0,0.0,0.0,0.0,0.0,0.0,0.0,0.0,0.0,0.0,0.0,4.040404040404041,4.040404040404041,4.040404040404041,4.040404040404041,4.040404040404041,4.040404040404041,8.080808080808081,8.080808080808081,8.080808080808081,8.080808080808081,12.121212121212121,12.121212121212121,12.121212121212121,16.161616161616163,16.161616161616163,20.202020202020204,20.202020202020204,24.242424242424242,28.282828282828284,28.282828282828284,32.323232323232325,36.36363636363637,36.36363636363637,40.40404040404041,44.44444444444445,48.484848484848484,52.525252525252526,52.525252525252526,56.56565656565657,60.60606060606061,64.64646464646465,68.68686868686869,72.72727272727273,76.76767676767678,80.80808080808082,84.84848484848486,92.92929292929294,96.96969696969697,101.01010101010101,105.05050505050505,109.0909090909091,113.13131313131314,117.17171717171718,125.25252525252526,129.2929292929293,133.33333333333334,137.37373737373738,141.41414141414143,149.4949494949495,153.53535353535355,157.5757575757576,161.61616161616163,169.69696969696972,173.73737373737376,177.7777777777778,185.85858585858588,189.89898989898992,193.93939393939394,197.97979797979798,206.06060606060606,210.1010101010101,214.14141414141415,222.22222222222223,226.26262626262627,230.3030303030303,238.3838383838384,242.42424242424244,246.46464646464648,254.54545454545456,258.5858585858586,262.62626262626264,270.7070707070707,274.74747474747477,278.7878787878788,286.8686868686869,290.90909090909093,294.949494949495,303.03030303030306
0.04545454545454544,0.0,0.0,0.0,0.0,0.0,0.0,0.0,0.0,0.0,0.0,0.0,0.0,0.0,0.0,0.0,0.0,0.0,0.0,0.0,0.0,0.0,4.040404040404041,4.040404040404041,4.040404040404041,4.040404040404041,4.040404040404041,4.040404040404041,4.040404040404041,8.080808080808081,8.080808080808081,8.080808080808081,12.121212121212121,12.121212121212121,12.121212121212121,16.161616161616163,16.161616161616163,20.202020202020204,20.202020202020204,24.242424242424242,28.282828282828284,28.282828282828284,32.323232323232325,36.36363636363637,36.36363636363637,40.40404040404041,44.44444444444445,48.484848484848484,52.525252525252526,56.56565656565657,60.60606060606061,64.64646464646465,64.64646464646465,68.68686868686869,72.72727272727273,80.80808080808082,84.84848484848486,88.8888888888889,92.92929292929294,96.96969696969697,101.01010101010101,105.05050505050505,109.0909090909091,113.13131313131314,121.21212121212122,125.25252525252526,129.2929292929293,133.33333333333334,137.37373737373738,141.41414141414143,149.4949494949495,153.53535353535355,157.5757575757576,161.61616161616163,169.69696969696972,173.73737373737376,177.7777777777778,181.81818181818184,189.89898989898992,193.93939393939394,197.97979797979798,202.02020202020202,210.1010101010101,214.14141414141415,218.1818181818182,226.26262626262627,230.3030303030303,234.34343434343435,238.3838383838384,246.46464646464648,250.50505050505052,254.54545454545456,262.62626262626264,266.6666666666667,270.7070707070707,278.7878787878788,282.82828282828285,286.8686868686869,294.949494949495,298.989898989899,303.03030303030306
0.047474747474747475,0.0,0.0,0.0,0.0,0.0,0.0,0.0,4.040404040404041,4.040404040404041,4.040404040404041,4.040404040404041,4.040404040404041,4.040404040404041,4.040404040404041,4.040404040404041,4.040404040404041,4.040404040404041,4.040404040404041,4.040404040404041,4.040404040404041,4.040404040404041,4.040404040404041,4.040404040404041,4.040404040404041,4.040404040404041,4.040404040404041,4.040404040404041,8.080808080808081,8.080808080808081,8.080808080808081,12.121212121212121,12.121212121212121,12.121212121212121,16.161616161616163,16.161616161616163,20.202020202020204,20.202020202020204,24.242424242424242,28.282828282828284,28.282828282828284,32.323232323232325,36.36363636363637,36.36363636363637,40.40404040404041,44.44444444444445,48.484848484848484,52.525252525252526,56.56565656565657,60.60606060606061,64.64646464646465,68.68686868686869,72.72727272727273,76.76767676767678,80.80808080808082,84.84848484848486,88.8888888888889,92.92929292929294,96.96969696969697,101.01010101010101,105.05050505050505,109.0909090909091,113.13131313131314,117.17171717171718,125.25252525252526,129.2929292929293,133.33333333333334,137.37373737373738,141.41414141414143,149.4949494949495,153.53535353535355,157.5757575757576,161.61616161616163,165.65656565656568,173.73737373737376,177.7777777777778,181.81818181818184,185.85858585858588,193.93939393939394,197.97979797979798,202.02020202020202,206.06060606060606,214.14141414141415,218.1818181818182,222.22222222222223,226.26262626262627,234.34343434343435,238.3838383838384,242.42424242424244,246.46464646464648,254.54545454545456,258.5858585858586,262.62626262626264,266.6666666666667,274.74747474747477,278.7878787878788,282.82828282828285,290.90909090909093,294.949494949495,298.989898989899,307.0707070707071
0.04949494949494948,0.0,0.0,0.0,0.0,0.0,0.0,0.0,0.0,0.0,0.0,0.0,0.0,0.0,0.0,0.0,0.0,0.0,0.0,0.0,4.040404040404041,4.040404040404041,4.040404040404041,4.040404040404041,4.040404040404041,4.040404040404041,4.040404040404041,8.080808080808081,8.080808080808081,8.080808080808081,12.121212121212121,12.121212121212121,12.121212121212121,16.161616161616163,16.161616161616163,20.202020202020204,20.202020202020204,24.242424242424242,28.282828282828284,28.282828282828284,32.323232323232325,36.36363636363637,36.36363636363637,40.40404040404041,44.44444444444445,48.484848484848484,52.525252525252526,56.56565656565657,60.60606060606061,60.60606060606061,64.64646464646465,68.68686868686869,72.72727272727273,76.76767676767678,80.80808080808082,88.8888888888889,92.92929292929294,96.96969696969697,101.01010101010101,105.05050505050505,109.0909090909091,113.13131313131314,117.17171717171718,121.21212121212122,129.2929292929293,133.33333333333334,137.37373737373738,141.41414141414143,145.45454545454547,149.4949494949495,157.5757575757576,161.61616161616163,165.65656565656568,169.69696969696972,173.73737373737376,181.81818181818184,185.85858585858588,189.89898989898992,193.93939393939394,197.97979797979798,206.06060606060606,210.1010101010101,214.14141414141415,218.1818181818182,226.26262626262627,230.3030303030303,234.34343434343435,238.3838383838384,242.42424242424244,250.50505050505052,254.54545454545456,258.5858585858586,262.62626262626264,270.7070707070707,274.74747474747477,278.7878787878788,286.8686868686869,290.90909090909093,294.949494949495,298.989898989899,307.0707070707071
0.051515151515151514,0.0,0.0,0.0,0.0,0.0,0.0,0.0,0.0,0.0,0.0,0.0,0.0,0.0,0.0,0.0,0.0,0.0,0.0,0.0,0.0,4.040404040404041,4.040404040404041,4.040404040404041,4.040404040404041,4.040404040404041,8.080808080808081,8.080808080808081,8.080808080808081,8.080808080808081,12.121212121212121,12.121212121212121,16.161616161616163,16.161616161616163,20.202020202020204,20.202020202020204,24.242424242424242,24.242424242424242,28.282828282828284,32.323232323232325,32.323232323232325,36.36363636363637,40.40404040404041,44.44444444444445,48.484848484848484,52.525252525252526,52.525252525252526,56.56565656565657,60.60606060606061,64.64646464646465,68.68686868686869,72.72727272727273,76.76767676767678,80.80808080808082,84.84848484848486,88.8888888888889,92.92929292929294,96.96969696969697,105.05050505050505,109.0909090909091,113.13131313131314,117.17171717171718,121.21212121212122,125.25252525252526,129.2929292929293,133.33333333333334,141.41414141414143,145.45454545454547,149.4949494949495,153.53535353535355,157.5757575757576,161.61616161616163,165.65656565656568,173.73737373737376,177.7777777777778,181.81818181818184,185.85858585858588,189.89898989898992,197.97979797979798,202.02020202020202,206.06060606060606,210.1010101010101,214.14141414141415,222.22222222222223,226.26262626262627,230.3030303030303,234.34343434343435,238.3838383838384,246.46464646464648,250.50505050505052,254.54545454545456,258.5858585858586,266.6666666666667,270.7070707070707,274.74747474747477,278.7878787878788,282.82828282828285,290.90909090909093,294.949494949495,298.989898989899,303.03030303030306
0.05353535353535352,0.0,0.0,0.0,0.0,0.0,0.0,0.0,0.0,0.0,0.0,0.0,0.0,0.0,0.0,0.0,0.0,0.0,4.040404040404041,4.040404040404041,4.040404040404041,4.040404040404041,4.040404040404041,4.040404040404041,4.040404040404041,4.040404040404041,8.080808080808081,8.080808080808081,8.080808080808081,12.121212121212121,12.121212121212121,16.161616161616163,16.161616161616163,16.161616161616163,20.202020202020204,24.242424242424242,24.242424242424242,28.282828282828284,32.323232323232325,32.323232323232325,36.36363636363637,40.40404040404041,44.44444444444445,44.44444444444445,48.484848484848484,52.525252525252526,56.56565656565657,60.60606060606061,64.64646464646465,68.68686868686869,72.72727272727273,76.76767676767678,80.80808080808082,84.84848484848486,88.8888888888889,92.92929292929294,96.96969696969697,101.01010101010101,105.05050505050505,109.0909090909091,113.13131313131314,117.17171717171718,121.21212121212122,129.2929292929293,133.33333333333334,137.37373737373738,141.41414141414143,145.45454545454547,149.4949494949495,153.53535353535355,157.5757575757576,165.65656565656568,169.69696969696972,173.73737373737376,177.7777777777778,181.81818181818184,185.85858585858588,193.93939393939394,197.97979797979798,202.02020202020202,206.06060606060606,210.1010101010101,214.14141414141415,222.22222222222223,226.26262626262627,230.3030303030303,234.34343434343435,238.3838383838384,242.42424242424244,250.50505050505052,254.54545454545456,258.5858585858586,262.62626262626264,266.6666666666667,274.74747474747477,278.7878787878788,282.82828282828285,286.8686868686869,294.949494949495,298.989898989899,303.03030303030306
0.05555555555555555,0.0,4.040404040404041,4.040404040404041,4.040404040404041,4.040404040404041,4.040404040404041,4.040404040404041,4.040404040404041,4.040404040404041,4.040404040404041,4.040404040404041,4.040404040404041,4.040404040404041,4.040404040404041,4.040404040404041,4.040404040404041,4.040404040404041,4.040404040404041,4.040404040404041,4.040404040404041,4.040404040404041,4.040404040404041,4.040404040404041,4.040404040404041,8.080808080808081,8.080808080808081,8.080808080808081,12.121212121212121,12.121212121212121,12.121212121212121,16.161616161616163,16.161616161616163,20.202020202020204,20.202020202020204,24.242424242424242,28.282828282828284,28.282828282828284,32.323232323232325,36.36363636363637,40.40404040404041,40.40404040404041,44.44444444444445,48.484848484848484,52.525252525252526,56.56565656565657,60.60606060606061,64.64646464646465,64.64646464646465,68.68686868686869,72.72727272727273,76.76767676767678,80.80808080808082,84.84848484848486,88.8888888888889,92.92929292929294,96.96969696969697,101.01010101010101,109.0909090909091,113.13131313131314,117.17171717171718,121.21212121212122,125.25252525252526,129.2929292929293,133.33333333333334,137.37373737373738,141.41414141414143,145.45454545454547,149.4949494949495,153.53535353535355,161.61616161616163,165.65656565656568,169.69696969696972,173.73737373737376,177.7777777777778,181.81818181818184,185.85858585858588,189.89898989898992,197.97979797979798,202.02020202020202,206.06060606060606,210.1010101010101,214.14141414141415,218.1818181818182,222.22222222222223,230.3030303030303,234.34343434343435,238.3838383838384,242.42424242424244,246.46464646464648,250.50505050505052,258.5858585858586,262.62626262626264,266.6666666666667,270.7070707070707,274.74747474747477,282.82828282828285,286.8686868686869,290.90909090909093,294.949494949495,298.989898989899
0.05757575757575756,0.0,0.0,0.0,0.0,0.0,0.0,0.0,0.0,0.0,0.0,0.0,0.0,0.0,0.0,0.0,0.0,4.040404040404041,4.040404040404041,4.040404040404041,4.040404040404041,4.040404040404041,4.040404040404041,4.040404040404041,4.040404040404041,8.080808080808081,8.080808080808081,8.080808080808081,12.121212121212121,12.121212121212121,16.161616161616163,16.161616161616163,20.202020202020204,20.202020202020204,24.242424242424242,24.242424242424242,28.282828282828284,32.323232323232325,32.323232323232325,36.36363636363637,40.40404040404041,44.44444444444445,44.44444444444445,48.484848484848484,52.525252525252526,56.56565656565657,60.60606060606061,64.64646464646465,68.68686868686869,72.72727272727273,76.76767676767678,80.80808080808082,84.84848484848486,88.8888888888889,92.92929292929294,96.96969696969697,101.01010101010101,105.05050505050505,109.0909090909091,113.13131313131314,117.17171717171718,121.21212121212122,125.25252525252526,129.2929292929293,133.33333333333334,137.37373737373738,141.41414141414143,145.45454545454547,149.4949494949495,153.53535353535355,157.5757575757576,161.61616161616163,165.65656565656568,173.73737373737376,177.7777777777778,181.81818181818184,185.85858585858588,189.89898989898992,193.93939393939394,197.97979797979798,202.02020202020202,206.06060606060606,214.14141414141415,218.1818181818182,222.22222222222223,226.26262626262627,230.3030303030303,234.34343434343435,238.3838383838384,246.46464646464648,250.50505050505052,254.54545454545456,258.5858585858586,262.62626262626264,266.6666666666667,270.7070707070707,278.7878787878788,282.82828282828285,286.8686868686869,290.90909090909093,294.949494949495
0.05959595959595959,0.0,0.0,0.0,0.0,0.0,0.0,0.0,0.0,0.0,0.0,0.0,0.0,0.0,0.0,0.0,0.0,0.0,0.0,4.040404040404041,4.040404040404041,4.040404040404041,4.040404040404041,4.040404040404041,8.080808080808081,8.080808080808081,8.080808080808081,12.121212121212121,12.121212121212121,12.121212121212121,16.161616161616163,16.161616161616163,20.202020202020204,20.202020202020204,24.242424242424242,28.282828282828284,28.282828282828284,32.323232323232325,36.36363636363637,36.36363636363637,40.40404040404041,44.44444444444445,48.484848484848484,52.525252525252526,52.525252525252526,56.56565656565657,60.60606060606061,64.64646464646465,68.68686868686869,72.72727272727273,76.76767676767678,80.80808080808082,84.84848484848486,88.8888888888889,92.92929292929294,96.96969696969697,101.01010101010101,105.05050505050505,105.05050505050505,109.0909090909091,113.13131313131314,117.17171717171718,125.25252525252526,129.2929292929293,133.33333333333334,137.37373737373738,141.41414141414143,145.45454545454547,149.4949494949495,153.53535353535355,157.5757575757576,161.61616161616163,165.65656565656568,169.69696969696972,173.73737373737376,177.7777777777778,181.81818181818184,185.85858585858588,189.89898989898992,193.93939393939394,197.97979797979798,206.06060606060606,210.1010101010101,214.14141414141415,218.1818181818182,222.22222222222223,226.26262626262627,230.3030303030303,234.34343434343435,238.3838383838384,246.46464646464648,250.50505050505052,254.54545454545456,258.5858585858586,262.62626262626264,266.6666666666667,270.7070707070707,278.7878787878788,282.82828282828285,286.8686868686869,290.90909090909093
0.0616161616161616,0.0,0.0,0.0,0.0,0.0,0.0,0.0,0.0,0.0,0.0,0.0,0.0,0.0,0.0,0.0,0.0,0.0,4.040404040404041,4.040404040404041,4.040404040404041,4.040404040404041,4.040404040404041,4.040404040404041,8.080808080808081,8.080808080808081,8.080808080808081,12.121212121212121,12.121212121212121,12.121212121212121,16.161616161616163,16.161616161616163,20.202020202020204,24.242424242424242,24.242424242424242,28.282828282828284,28.282828282828284,32.323232323232325,36.36363636363637,40.40404040404041,40.40404040404041,44.44444444444445,48.484848484848484,52.525252525252526,52.525252525252526,56.56565656565657,60.60606060606061,64.64646464646465,68.68686868686869,72.72727272727273,76.76767676767678,80.80808080808082,80.80808080808082,84.84848484848486,88.8888888888889,92.92929292929294,96.96969696969697,101.01010101010101,105.05050505050505,109.0909090909091,113.13131313131314,117.17171717171718,121.21212121212122,125.25252525252526,129.2929292929293,133.33333333333334,137.37373737373738,141.41414141414143,145.45454545454547,149.4949494949495,153.53535353535355,157.5757575757576,161.61616161616163,165.65656565656568,169.69696969696972,173.73737373737376,177.7777777777778,181.81818181818184,185.85858585858588,189.89898989898992,193.93939393939394,197.97979797979798,202.02020202020202,210.1010101010101,214.14141414141415,218.1818181818182,222.22222222222223,226.26262626262627,230.3030303030303,234.34343434343435,238.3838383838384,242.42424242424244,246.46464646464648,254.54545454545456,258.5858585858586,262.62626262626264,266.6666666666667,270.7070707070707,274.74747474747477,278.7878787878788,286.8686868686869
0.06363636363636363,0.0,0.0,0.0,0.0,0.0,4.040404040404041,4.040404040404041,4.040404040404041,4.040404040404041,4.040404040404041,4.040404040404041,4.040404040404041,4.040404040404041,4.040404040404041,4.040404040404041,4.040404040404041,4.040404040404041,4.040404040404041,4.040404040404041,4.040404040404041,4.040404040404041,4.040404040404041,8.080808080808081,8.080808080808081,8.080808080808081,8.080808080808081,12.121212121212121,12.121212121212121,16.161616161616163,16.161616161616163,20.202020202020204,20.202020202020204,24.242424242424242,24.242424242424242,28.282828282828284,28.282828282828284,32.323232323232325,36.36363636363637,40.40404040404041,40.40404040404041,44.44444444444445,48.484848484848484,48.484848484848484,52.525252525252526,56.56565656565657,60.60606060606061,64.64646464646465,68.68686868686869,68.68686868686869,72.72727272727273,76.76767676767678,80.80808080808082,84.84848484848486,88.8888888888889,92.92929292929294,92.92929292929294,96.96969696969697,101.01010101010101,105.05050505050505,109.0909090909091,113.13131313131314,117.17171717171718,121.21212121212122,125.25252525252526,129.2929292929293,133.33333333333334,137.37373737373738,141.41414141414143,145.45454545454547,149.4949494949495,153.53535353535355,157.5757575757576,161.61616161616163,165.65656565656568,169.69696969696972,173.73737373737376,177.7777777777778,181.81818181818184,185.85858585858588,189.89898989898992,193.93939393939394,197.97979797979798,202.02020202020202,206.06060606060606,210.1010101010101,214.14141414141415,218.1818181818182,222.22222222222223,226.26262626262627,230.3030303030303,238.3838383838384,242.42424242424244,246.46464646464648,250.50505050505052,254.54545454545456,258.5858585858586,262.62626262626264,266.6666666666667,274.74747474747477,278.7878787878788
0.06565656565656566,0.0,0.0,0.0,0.0,0.0,0.0,0.0,0.0,0.0,0.0,0.0,0.0,0.0,0.0,0.0,0.0,4.040404040404041,4.040404040404041,4.040404040404041,4.040404040404041,4.040404040404041,4.040404040404041,8.080808080808081,8.080808080808081,8.080808080808081,8.080808080808081,12.121212121212121,12.121212121212121,16.161616161616163,16.161616161616163,20.202020202020204,20.202020202020204,24.242424242424242,24.242424242424242,28.282828282828284,28.282828282828284,32.323232323232325,36.36363636363637,36.36363636363637,40.40404040404041,44.44444444444445,44.44444444444445,48.484848484848484,52.525252525252526,56.56565656565657,56.56565656565657,60.60606060606061,64.64646464646465,68.68686868686869,68.68686868686869,72.72727272727273,76.76767676767678,80.80808080808082,84.84848484848486,88.8888888888889,88.8888888888889,92.92929292929294,96.96969696969697,101.01010101010101,105.05050505050505,109.0909090909091,113.13131313131314,113.13131313131314,117.17171717171718,121.21212121212122,125.25252525252526,129.2929292929293,133.33333333333334,137.37373737373738,141.41414141414143,145.45454545454547,149.4949494949495,153.53535353535355,157.5757575757576,161.61616161616163,165.65656565656568,169.69696969696972,173.73737373737376,177.7777777777778,181.81818181818184,185.85858585858588,189.89898989898992,193.93939393939394,197.97979797979798,202.02020202020202,206.06060606060606,210.1010101010101,214.14141414141415,218.1818181818182,222.22222222222223,226.26262626262627,230.3030303030303,238.3838383838384,242.42424242424244,246.46464646464648,250.50505050505052,254.54545454545456,258.5858585858586,262.62626262626264,266.6666666666667
0.06767676767676767,0.0,0.0,0.0,0.0,0.0,0.0,0.0,0.0,0.0,0.0,0.0,0.0,0.0,0.0,0.0,0.0,0.0,4.040404040404041,4.040404040404041,4.040404040404041,4.040404040404041,4.040404040404041,8.080808080808081,8.080808080808081,8.080808080808081,8.080808080808081,12.121212121212121,12.121212121212121,16.161616161616163,16.161616161616163,16.161616161616163,20.202020202020204,20.202020202020204,24.242424242424242,24.242424242424242,28.282828282828284,32.323232323232325,32.323232323232325,36.36363636363637,36.36363636363637,40.40404040404041,44.44444444444445,44.44444444444445,48.484848484848484,52.525252525252526,52.525252525252526,56.56565656565657,60.60606060606061,60.60606060606061,64.64646464646465,68.68686868686869,72.72727272727273,72.72727272727273,76.76767676767678,80.80808080808082,84.84848484848486,88.8888888888889,88.8888888888889,92.92929292929294,96.96969696969697,101.01010101010101,105.05050505050505,109.0909090909091,109.0909090909091,113.13131313131314,117.17171717171718,121.21212121212122,125.25252525252526,129.2929292929293,133.33333333333334,137.37373737373738,141.41414141414143,145.45454545454547,149.4949494949495,149.4949494949495,153.53535353535355,157.5757575757576,161.61616161616163,165.65656565656568,169.69696969696972,173.73737373737376,177.7777777777778,181.81818181818184,185.85858585858588,189.89898989898992,193.93939393939394,202.02020202020202,206.06060606060606,210.1010101010101,214.14141414141415,218.1818181818182,222.22222222222223,226.26262626262627,230.3030303030303,234.34343434343435,238.3838383838384,242.42424242424244,246.46464646464648,254.54545454545456,258.5858585858586
0.0696969696969697,0.0,0.0,0.0,0.0,0.0,0.0,0.0,0.0,0.0,0.0,0.0,0.0,0.0,0.0,4.040404040404041,4.040404040404041,4.040404040404041,4.040404040404041,4.040404040404041,4.040404040404041,4.040404040404041,4.040404040404041,4.040404040404041,8.080808080808081,8.080808080808081,8.080808080808081,12.121212121212121,12.121212121212121,12.121212121212121,16.161616161616163,16.161616161616163,16.161616161616163,20.202020202020204,20.202020202020204,24.242424242424242,24.242424242424242,28.282828282828284,28.282828282828284,32.323232323232325,32.323232323232325,36.36363636363637,40.40404040404041,40.40404040404041,44.44444444444445,44.44444444444445,48.484848484848484,52.525252525252526,52.525252525252526,56.56565656565657,56.56565656565657,60.60606060606061,64.64646464646465,68.68686868686869,68.68686868686869,72.72727272727273,76.76767676767678,76.76767676767678,80.80808080808082,84.84848484848486,88.8888888888889,88.8888888888889,92.92929292929294,96.96969696969697,101.01010101010101,105.05050505050505,109.0909090909091,109.0909090909091,113.13131313131314,117.17171717171718,121.21212121212122,125.25252525252526,129.2929292929293,133.33333333333334,137.37373737373738,141.41414141414143,141.41414141414143,145.45454545454547,149.4949494949495,153.53535353535355,157.5757575757576,161.61616161616163,165.65656565656568,169.69696969696972,173.73737373737376,177.7777777777778,181.81818181818184,185.85858585858588,189.89898989898992,193.93939393939394,202.02020202020202,206.06060606060606,210.1010101010101,214.14141414141415,218.1818181818182,222.22222222222223,226.26262626262627,230.3030303030303,234.34343434343435,238.3838383838384,242.42424242424244
0.07171717171717171,0.0,0.0,0.0,0.0,0.0,4.040404040404041,4.040404040404041,4.040404040404041,4.040404040404041,4.040404040404041,4.040404040404041,4.040404040404041,4.040404040404041,4.040404040404041,4.040404040404041,4.040404040404041,4.040404040404041,4.040404040404041,4.040404040404041,4.040404040404041,4.040404040404041,4.040404040404041,4.040404040404041,8.080808080808081,8.080808080808081,8.080808080808081,8.080808080808081,8.080808080808081,12.121212121212121,12.121212121212121,12.121212121212121,16.161616161616163,16.161616161616163,16.161616161616163,20.202020202020204,20.202020202020204,24.242424242424242,24.242424242424242,24.242424242424242,28.282828282828284,28.282828282828284,32.323232323232325,32.323232323232325,36.36363636363637,36.36363636363637,40.40404040404041,40.40404040404041,44.44444444444445,44.44444444444445,48.484848484848484,48.484848484848484,52.525252525252526,56.56565656565657,56.56565656565657,60.60606060606061,64.64646464646465,64.64646464646465,68.68686868686869,72.72727272727273,72.72727272727273,76.76767676767678,80.80808080808082,84.84848484848486,84.84848484848486,88.8888888888889,92.92929292929294,96.96969696969697,101.01010101010101,105.05050505050505,105.05050505050505,109.0909090909091,113.13131313131314,117.17171717171718,121.21212121212122,125.25252525252526,129.2929292929293,133.33333333333334,137.37373737373738,141.41414141414143,145.45454545454547,149.4949494949495,149.4949494949495,153.53535353535355,157.5757575757576,165.65656565656568,169.69696969696972,173.73737373737376,177.7777777777778,181.81818181818184,185.85858585858588,189.89898989898992,193.93939393939394,197.97979797979798,202.02020202020202,206.06060606060606,210.1010101010101,214.14141414141415,218.1818181818182,226.26262626262627,230.3030303030303
0.07373737373737374,0.0,0.0,0.0,0.0,0.0,0.0,0.0,0.0,0.0,0.0,0.0,0.0,0.0,0.0,0.0,0.0,0.0,4.040404040404041,4.040404040404041,4.040404040404041,4.040404040404041,4.040404040404041,4.040404040404041,4.040404040404041,4.040404040404041,4.040404040404041,4.040404040404041,4.040404040404041,4.040404040404041,8.080808080808081,8.080808080808081,8.080808080808081,8.080808080808081,8.080808080808081,8.080808080808081,12.121212121212121,12.121212121212121,12.121212121212121,12.121212121212121,16.161616161616163,16.161616161616163,16.161616161616163,20.202020202020204,20.202020202020204,20.202020202020204,24.242424242424242,24.242424242424242,28.282828282828284,28.282828282828284,32.323232323232325,32.323232323232325,36.36363636363637,36.36363636363637,40.40404040404041,40.40404040404041,44.44444444444445,48.484848484848484,48.484848484848484,52.525252525252526,56.56565656565657,56.56565656565657,60.60606060606061,64.64646464646465,68.68686868686869,68.68686868686869,72.72727272727273,76.76767676767678,80.80808080808082,84.84848484848486,84.84848484848486,88.8888888888889,92.92929292929294,96.96969696969697,101.01010101010101,105.05050505050505,109.0909090909091,113.13131313131314,117.17171717171718,121.21212121212122,125.25252525252526,129.2929292929293,133.33333333333334,137.37373737373738,141.41414141414143,145.45454545454547,149.4949494949495,153.53535353535355,157.5757575757576,161.61616161616163,165.65656565656568,169.69696969696972,173.73737373737376,177.7777777777778,181.81818181818184,185.85858585858588,193.93939393939394,197.97979797979798,202.02020202020202,206.06060606060606,210.1010101010101
0.07575757575757575,0.0,0.0,0.0,0.0,0.0,0.0,0.0,0.0,0.0,0.0,0.0,0.0,0.0,0.0,0.0,0.0,0.0,0.0,0.0,0.0,0.0,0.0,0.0,0.0,0.0,0.0,0.0,0.0,0.0,0.0,0.0,0.0,0.0,0.0,0.0,0.0,0.0,0.0,0.0,0.0,0.0,0.0,0.0,0.0,0.0,0.0,0.0,0.0,0.0,0.0,0.0,0.0,0.0,0.0,0.0,0.0,0.0,0.0,0.0,0.0,0.0,0.0,20.202020202020204,28.282828282828284,32.323232323232325,36.36363636363637,40.40404040404041,44.44444444444445,48.484848484848484,56.56565656565657,60.60606060606061,64.64646464646465,68.68686868686869,72.72727272727273,76.76767676767678,80.80808080808082,84.84848484848486,88.8888888888889,92.92929292929294,96.96969696969697,101.01010101010101,105.05050505050505,109.0909090909091,113.13131313131314,117.17171717171718,121.21212121212122,125.25252525252526,133.33333333333334,137.37373737373738,141.41414141414143,145.45454545454547,149.4949494949495,153.53535353535355,157.5757575757576,165.65656565656568,169.69696969696972,173.73737373737376,177.7777777777778,181.81818181818184,189.89898989898992
0.07777777777777778,0.0,0.0,0.0,0.0,0.0,0.0,0.0,0.0,0.0,0.0,0.0,0.0,0.0,0.0,0.0,0.0,0.0,0.0,0.0,0.0,0.0,0.0,0.0,0.0,0.0,0.0,0.0,0.0,0.0,0.0,0.0,0.0,0.0,0.0,0.0,0.0,0.0,0.0,0.0,0.0,0.0,0.0,0.0,0.0,0.0,0.0,0.0,0.0,0.0,0.0,0.0,0.0,0.0,0.0,0.0,0.0,0.0,0.0,0.0,0.0,0.0,0.0,0.0,0.0,0.0,0.0,0.0,0.0,0.0,0.0,0.0,0.0,0.0,0.0,0.0,0.0,0.0,0.0,0.0,32.323232323232325,48.484848484848484,56.56565656565657,64.64646464646465,68.68686868686869,76.76767676767678,80.80808080808082,88.8888888888889,92.92929292929294,101.01010101010101,105.05050505050505,109.0909090909091,117.17171717171718,121.21212121212122,125.25252525252526,133.33333333333334,137.37373737373738,141.41414141414143,149.4949494949495,153.53535353535355,157.5757575757576
0.07979797979797978,0.0,0.0,0.0,0.0,0.0,0.0,0.0,0.0,0.0,0.0,0.0,0.0,0.0,0.0,0.0,0.0,0.0,0.0,0.0,0.0,0.0,0.0,0.0,0.0,0.0,0.0,0.0,0.0,0.0,0.0,0.0,0.0,0.0,0.0,0.0,0.0,0.0,0.0,0.0,0.0,0.0,0.0,0.0,0.0,0.0,0.0,0.0,0.0,0.0,0.0,0.0,0.0,0.0,0.0,0.0,0.0,0.0,0.0,0.0,0.0,0.0,0.0,0.0,0.0,0.0,0.0,0.0,0.0,0.0,0.0,0.0,0.0,0.0,0.0,0.0,0.0,0.0,0.0,0.0,0.0,0.0,0.0,0.0,0.0,0.0,0.0,0.0,0.0,0.0,0.0,0.0,0.0,0.0,60.60606060606061,72.72727272727273,84.84848484848486,92.92929292929294,101.01010101010101,109.0909090909091,113.13131313131314
0.08181818181818182,0.0,0.0,0.0,0.0,0.0,0.0,0.0,0.0,0.0,0.0,0.0,0.0,0.0,0.0,0.0,0.0,0.0,0.0,0.0,0.0,0.0,0.0,0.0,0.0,0.0,0.0,0.0,0.0,0.0,0.0,0.0,0.0,0.0,0.0,0.0,0.0,0.0,0.0,0.0,0.0,0.0,0.0,0.0,0.0,0.0,0.0,0.0,0.0,0.0,0.0,0.0,0.0,0.0,0.0,0.0,0.0,0.0,0.0,0.0,0.0,0.0,0.0,0.0,0.0,0.0,0.0,0.0,0.0,0.0,0.0,0.0,0.0,0.0,0.0,0.0,0.0,0.0,0.0,0.0,0.0,0.0,0.0,0.0,0.0,0.0,0.0,0.0,0.0,0.0,0.0,0.0,0.0,0.0,0.0,0.0,0.0,0.0,0.0,0.0,0.0
0.08383838383838382,0.0,0.0,0.0,0.0,0.0,0.0,0.0,0.0,0.0,0.0,0.0,0.0,0.0,0.0,0.0,0.0,0.0,0.0,0.0,0.0,0.0,0.0,0.0,0.0,0.0,0.0,0.0,0.0,0.0,0.0,0.0,0.0,0.0,0.0,0.0,0.0,0.0,0.0,0.0,0.0,0.0,0.0,0.0,0.0,0.0,0.0,0.0,0.0,0.0,0.0,0.0,0.0,0.0,0.0,0.0,0.0,0.0,0.0,0.0,0.0,0.0,0.0,0.0,0.0,0.0,0.0,0.0,0.0,0.0,0.0,0.0,0.0,0.0,0.0,0.0,0.0,0.0,0.0,0.0,0.0,0.0,0.0,0.0,0.0,0.0,0.0,0.0,0.0,0.0,0.0,0.0,0.0,0.0,0.0,0.0,0.0,0.0,0.0,0.0,0.0
0.08585858585858586,0.0,0.0,0.0,0.0,0.0,0.0,0.0,0.0,0.0,0.0,0.0,0.0,0.0,0.0,0.0,0.0,0.0,0.0,0.0,0.0,0.0,0.0,0.0,0.0,0.0,0.0,0.0,0.0,0.0,0.0,0.0,0.0,0.0,0.0,0.0,0.0,0.0,0.0,0.0,0.0,0.0,0.0,0.0,0.0,0.0,0.0,0.0,0.0,0.0,0.0,0.0,0.0,0.0,0.0,0.0,0.0,0.0,0.0,0.0,0.0,0.0,0.0,0.0,0.0,0.0,0.0,0.0,0.0,0.0,0.0,0.0,0.0,0.0,0.0,0.0,0.0,0.0,0.0,0.0,0.0,0.0,0.0,0.0,0.0,0.0,0.0,0.0,0.0,0.0,0.0,0.0,0.0,0.0,0.0,0.0,0.0,0.0,0.0,0.0,0.0
0.08787878787878786,0.0,0.0,0.0,0.0,0.0,0.0,0.0,0.0,0.0,0.0,0.0,0.0,0.0,0.0,0.0,0.0,0.0,0.0,0.0,0.0,0.0,0.0,0.0,0.0,0.0,0.0,0.0,0.0,0.0,0.0,0.0,0.0,0.0,0.0,0.0,0.0,0.0,0.0,0.0,0.0,0.0,0.0,0.0,0.0,0.0,0.0,0.0,0.0,0.0,0.0,0.0,0.0,0.0,0.0,0.0,0.0,0.0,0.0,0.0,0.0,0.0,0.0,0.0,0.0,0.0,0.0,0.0,0.0,0.0,0.0,0.0,0.0,0.0,0.0,0.0,0.0,0.0,0.0,0.0,0.0,0.0,0.0,0.0,0.0,0.0,0.0,0.0,0.0,0.0,0.0,0.0,0.0,0.0,0.0,0.0,0.0,0.0,0.0,0.0,0.0
0.0898989898989899,0.0,0.0,0.0,0.0,0.0,0.0,0.0,0.0,0.0,0.0,0.0,0.0,0.0,0.0,0.0,0.0,0.0,0.0,0.0,0.0,0.0,0.0,0.0,0.0,0.0,0.0,0.0,0.0,0.0,0.0,0.0,0.0,0.0,0.0,0.0,0.0,0.0,0.0,0.0,0.0,0.0,0.0,0.0,0.0,0.0,0.0,0.0,0.0,0.0,0.0,0.0,0.0,0.0,0.0,0.0,0.0,0.0,0.0,0.0,0.0,0.0,0.0,0.0,0.0,0.0,0.0,0.0,0.0,0.0,0.0,0.0,0.0,0.0,0.0,0.0,0.0,0.0,0.0,0.0,0.0,0.0,0.0,0.0,0.0,0.0,0.0,0.0,0.0,0.0,0.0,0.0,0.0,0.0,0.0,0.0,0.0,0.0,0.0,0.0,0.0
0.0919191919191919,0.0,0.0,0.0,0.0,0.0,0.0,0.0,0.0,0.0,0.0,0.0,0.0,0.0,0.0,0.0,0.0,0.0,0.0,0.0,0.0,0.0,0.0,0.0,0.0,0.0,0.0,0.0,0.0,0.0,0.0,0.0,0.0,0.0,0.0,0.0,0.0,0.0,0.0,0.0,0.0,0.0,0.0,0.0,0.0,0.0,0.0,0.0,0.0,0.0,0.0,0.0,0.0,0.0,0.0,0.0,0.0,0.0,0.0,0.0,0.0,0.0,0.0,0.0,0.0,0.0,0.0,0.0,0.0,0.0,0.0,0.0,0.0,0.0,0.0,0.0,0.0,0.0,0.0,0.0,0.0,0.0,0.0,0.0,0.0,0.0,0.0,0.0,0.0,0.0,0.0,0.0,0.0,0.0,0.0,0.0,0.0,0.0,0.0,0.0,0.0
0.09393939393939393,0.0,0.0,0.0,0.0,0.0,0.0,0.0,0.0,0.0,0.0,0.0,0.0,0.0,0.0,0.0,0.0,0.0,0.0,0.0,0.0,0.0,0.0,0.0,0.0,0.0,0.0,0.0,0.0,0.0,0.0,0.0,0.0,0.0,0.0,0.0,0.0,0.0,0.0,0.0,0.0,0.0,0.0,0.0,0.0,0.0,0.0,0.0,0.0,0.0,0.0,0.0,0.0,0.0,0.0,0.0,0.0,0.0,0.0,0.0,0.0,0.0,0.0,0.0,0.0,0.0,0.0,0.0,0.0,0.0,0.0,0.0,0.0,0.0,0.0,0.0,0.0,0.0,0.0,0.0,0.0,0.0,0.0,0.0,0.0,0.0,0.0,0.0,0.0,0.0,0.0,0.0,0.0,0.0,0.0,0.0,0.0,0.0,0.0,0.0,0.0
0.09595959595959597,0.0,0.0,0.0,0.0,0.0,0.0,0.0,0.0,0.0,0.0,0.0,0.0,0.0,0.0,0.0,0.0,0.0,0.0,0.0,0.0,0.0,0.0,0.0,0.0,0.0,0.0,0.0,0.0,0.0,0.0,0.0,0.0,0.0,0.0,0.0,0.0,0.0,0.0,0.0,0.0,0.0,0.0,0.0,0.0,0.0,0.0,0.0,0.0,0.0,0.0,0.0,0.0,0.0,0.0,0.0,0.0,0.0,0.0,0.0,0.0,0.0,0.0,0.0,0.0,0.0,0.0,0.0,0.0,0.0,0.0,0.0,0.0,0.0,0.0,0.0,0.0,0.0,0.0,0.0,0.0,0.0,0.0,0.0,0.0,0.0,0.0,0.0,0.0,0.0,0.0,0.0,0.0,0.0,0.0,0.0,0.0,0.0,0.0,0.0,0.0
0.09797979797979797,0.0,0.0,0.0,0.0,0.0,0.0,0.0,0.0,0.0,0.0,0.0,0.0,0.0,0.0,0.0,0.0,0.0,0.0,0.0,0.0,0.0,0.0,0.0,0.0,0.0,0.0,0.0,0.0,0.0,0.0,0.0,0.0,0.0,0.0,0.0,0.0,0.0,0.0,0.0,0.0,0.0,0.0,0.0,0.0,0.0,0.0,0.0,0.0,0.0,0.0,0.0,0.0,0.0,0.0,0.0,0.0,0.0,0.0,0.0,0.0,0.0,0.0,0.0,0.0,0.0,0.0,0.0,0.0,0.0,0.0,0.0,0.0,0.0,0.0,0.0,0.0,0.0,0.0,0.0,0.0,0.0,0.0,0.0,0.0,0.0,0.0,0.0,0.0,0.0,0.0,0.0,0.0,0.0,0.0,0.0,0.0,0.0,0.0,0.0,0.0
0.1,0.0,0.0,0.0,0.0,0.0,0.0,0.0,0.0,0.0,0.0,0.0,0.0,0.0,0.0,0.0,0.0,0.0,0.0,0.0,0.0,0.0,0.0,0.0,0.0,0.0,0.0,0.0,0.0,0.0,0.0,0.0,0.0,0.0,0.0,0.0,0.0,0.0,0.0,0.0,0.0,0.0,0.0,0.0,0.0,0.0,0.0,0.0,0.0,0.0,0.0,0.0,0.0,0.0,0.0,0.0,0.0,0.0,0.0,0.0,0.0,0.0,0.0,0.0,0.0,0.0,0.0,0.0,0.0,0.0,0.0,0.0,0.0,0.0,0.0,0.0,0.0,0.0,0.0,0.0,0.0,0.0,0.0,0.0,0.0,0.0,0.0,0.0,0.0,0.0,0.0,0.0,0.0,0.0,0.0,0.0,0.0,0.0,0.0,0.0,0.0
