$\mu / t$,0.0,0.10050251256281405,0.2010050251256281,0.30150753768844213,0.4020100502512562,0.5025125628140703,0.6030150753768843,0.7035175879396983,0.8040201005025124,0.9045226130653267,1.0050251256281406,1.1055276381909547,1.2060301507537685,1.3065326633165828,1.4070351758793966,1.5075376884422107,1.6080402010050248,1.708542713567839,1.8090452261306533,1.909547738693467,2.0100502512562812,2.1105527638190953,2.2110552763819094,2.3115577889447234,2.412060301507537,2.5125628140703515,2.6130653266331656,2.7135678391959797,2.8140703517587933,2.914572864321608,3.0150753768844214,3.1155778894472355,3.2160804020100495,3.316582914572864,3.417085427135678,3.517587939698492,3.6180904522613067,3.71859296482412,3.819095477386934,3.919597989949748,4.0201005025125625,4.120603015075376,4.221105527638191,4.321608040201005,4.422110552763819,4.522613065326632,4.623115577889447,4.723618090452261,4.824120603015074,4.924623115577889,5.025125628140703,5.125628140703517,5.226130653266331,5.326633165829144,5.427135678391959,5.5276381909547725,5.6281407035175866,5.7286432160804015,5.829145728643216,5.92964824120603,6.030150753768843,6.130653266331658,6.231155778894471,6.331658291457286,6.432160804020099,6.532663316582913,6.633165829145728,6.733668341708541,6.834170854271356,6.934673366834169,7.035175879396984,7.1356783919597975,7.236180904522613,7.3366834170854265,7.43718592964824,7.537688442211055,7.638190954773868,7.738693467336683,7.839195979899496,7.939698492462312,8.040201005025125,8.140703517587939,8.241206030150751,8.341708542713567,8.442211055276381,8.542713567839195,8.64321608040201,8.743718592964822,8.844221105527637,8.944723618090451,9.045226130653264,9.14572864321608,9.246231155778894,9.346733668341708,9.447236180904522,9.547738693467336,9.648241206030148,9.748743718592964,9.849246231155778,9.94974874371859,10.050251256281406,10.150753768844218,10.251256281407034,10.351758793969848,10.452261306532662,10.552763819095475,10.653266331658289,10.753768844221105,10.854271356783919,10.954773869346733,11.055276381909545,11.15577889447236,11.256281407035173,11.356783919597989,11.457286432160803,11.557788944723615,11.658291457286431,11.758793969849245,11.85929648241206,11.959798994974872,12.060301507537686,12.1608040201005,12.261306532663315,12.36180904522613,12.462311557788942,12.562814070351756,12.663316582914572,12.763819095477386,12.864321608040198,12.964824120603012,13.065326633165826,13.165829145728642,13.266331658291456,13.366834170854268,13.467336683417082,13.5678391959799,13.668341708542712,13.768844221105526,13.869346733668339,13.969849246231153,14.070351758793969,14.170854271356783,14.271356783919595,14.371859296482409,14.472361809045227,14.572864321608039,14.673366834170853,14.773869346733665,14.87437185929648,14.974874371859295,15.07537688442211,15.175879396984921,15.276381909547736,15.376884422110548,15.477386934673365,15.57788944723618,15.678391959798992,15.778894472361806,15.879396984924623,15.979899497487436,16.08040201005025,16.180904522613062,16.281407035175878,16.38190954773869,16.482412060301503,16.58291457286432,16.683417085427134,16.78391959798995,16.884422110552762,16.984924623115575,17.08542713567839,17.185929648241203,17.28643216080402,17.38693467336683,17.487437185929643,17.58793969849246,17.688442211055275,17.78894472361809,17.889447236180903,17.989949748743715,18.090452261306528,18.190954773869343,18.29145728643216,18.39195979899497,18.492462311557787,18.5929648241206,18.693467336683415,18.793969849246228,18.894472361809044,18.994974874371856,19.09547738693467,19.195979899497484,19.296482412060296,19.396984924623112,19.497487437185928,19.597989949748744,19.698492462311556,19.79899497487437,19.89949748743718,19.999999999999996
0.0,,,,,,,,,,,,,,,,,,,,,,,,,,,,,,,,,,,,,,,,,,,,,,,,,,,,,,,,,,,,,,,,,,,,,,,,,,,,,,,,,,,,,,,,,,,,,,,,,,,,,,,,,,,,,,,,,,,,,,,,,,,,,,,,,,,,,,,,,,,,,,,,,,,,,,,,,,,,,,,,,,,,,,,,,,,,,,,,,,,,,,,,,,,,,,,,,,,,,,,,
0.0005025125628140704,,,,,,,,,,,,,,,,,,,,,,,,,,,,,,,,,,,,,,,,,,,,,,,,,,,,,,,,,,,,,,,,,,,,,,,,,,,,,,,,,,,,,,,,,,,,,,,,,,,,,,,,,,,,,,,,,,,,,,,,,,,,,,,,,,,,,,,,,,,,,,,,,,,,,,,,,,,,,,,,,,,,,,,,,,,,,,,,,,,,,,,,,,,,,,,,,,,,,,,,
0.0010050251256281408,,,,,,,,,,,,,,,,,,,,,,,,,,,,,,,,,,,,,,,,,,,,,,,,,,,,,,,,,,,,,,,,,,,,,,,,,,,,,,,,,,,,,,,,,,,,,,,,,,,,,,,,,,,,,,,,,,,,,,,,,,,,,,,,,,,,,,,,,,,,,,,,,,,,,,,,,,,,,,,,,,,,,,,,,,,,,,,,,,,,,,,,,,,,,,,,,,,,,,,,
0.0015075376884422112,,,,,,,,,,,,,,,,,,,,,,,,,,,,,,,,,,,,,,,,,,,,,,,,,,,,,,,,,,,,,,,,,,,,,,,,,,,,,,,,,,,,,,,,,,,,,,,,,,,,,,,,,,,,,,,,,,,,,,,,,,,,,,,,,,,,,,,,,,,,,,,,,,,,,,,,,,,,,,,,,,,,,,,,,,,,,,,,,,,,,,,,,,,,,,,,,,,,,,,,
0.0020100502512562816,,,,,,,,,,,,,,,,,,,,,,,,,,,,,,,,,,,,,,,,,,,,,,,,,,,,,,,,,,,,,,,,,,,,,,,,,,,,,,,,,,,,,,,,,,,,,,,,,,,,,,,,,,,,,,,,,,,,,,,,,,,,,,,,,,,,,,,,,,,,,,,,,,,,,,,,,,,,,,,,,,,,,,,,,,,,,,,,,,,,,,,,,,,,,,,,,,,,,,,,
0.0025125628140703522,,,,,,,,,,,,,,,,,,,,,,,,,,,,,,,,,,,,,,,,,,,,,,,,,,,,,,,,,,,,,,,,,,,,,,,,,,,,,,,,,,,,,,,,,,,,,,,,,,,,,,,,,,,,,,,,,,,,,,,,,,,,,,,,,,,,,,,,,,,,,,,,,,,,,,,,,,,,,,,,,,,,,,,,,,,,,,,,,,,,,,,,,,,,,,,,,,,,,,,,
0.0030150753768844224,,,,,,,,,,,,,,,,,,,,,,,,,,,,,,,,,,,,,,,,,,,,,,,,,,,,,,,,,,,,,,,,,,,,,,,,,,,,,,,,,,,,,,,,,,,,,,,,,,,,,,,,,,,,,,,,,,,,,,,,,,,,,,,,,,,,,,,,,,,,,,,,,,,,,,,,,,,,,,,,,,,,,,,,,,,,,,,,,,,,,,,,,,,,,,,,,,,,,,,,
0.0035175879396984926,,,,,,,,,,,,,,,,,,,,,,,,,,,,,,,,,,,,,,,,,,,,,,,,,,,,,,,,,,,,,,,,,,,,,,,,,,,,,,,,,,,,,,,,,,,,,,,,,,,,,,,,,,,,,,,,,,,,,,,,,,,,,,,,,,,,,,,,,,,,,,,,,,,,,,,,,,,,,,,,,,,,,,,,,,,,,,,,,,,,,,,,,,,,,,,,,,,,,,,,
0.004020100502512563,,,,,,,,,,,,,,,,,,,,,,,,,,,,,,,,,,,,,,,,,,,,,,,,,,,,,,,,,,,,,,,,,,,,,,,,,,,,,,,,,,,,,,,,,,,,,,,,,,,,,,,,,,,,,,,,,,,,,,,,,,,,,,,,,,,,,,,,,,,,,,,,,,,,,,,,,,,,,,,,,,,,,,,,,,,,,,,,,,,,,,,,,,,,,,,,,,,,,,,,
0.004522613065326634,,,,,,,,,,,,,,,,,,,,,,,,,,,,,,,,,,,,,,,,,,,,,,,,,,,,,,,,,,,,,,,,,,,,,,,,,,,,,,,,,,,,,,,,,,,,,,,,,,,,,,,,,,,,,,,,,,,,,,,,,,,,,,,,,,,,,,,,,,,,,,,,,,,,,,,,,,,,,,,,,,,,,,,,,,,,,,,,,,,,,,,,,,,,,,,,,,,,,,,,
0.0050251256281407045,,,,,,,,,,,,,,,,,,,,,,,,,,,,,,,,,,,,,,,,,,,,,,,,,,,,,,,,,,,,,,,,,,,,,,,,,,,,,,,,,,,,,,,,,,,,,,,,,,,,,,,,,,,,,,,,,,,,,,,,,,,,,,,,,,,,,,,,,,,,,,,,,,,,,,,,,,,,,,,,,,,,,,,,,,,,,,,,,,,,,,,,,,,,,,,,,,,,,,,,
0.005527638190954774,,,,,,,,,,,,,,,,,,,,,,,,,,,,,,,,,,,,,,,,,,,,,,,,,,,,,,,,,,,,,,,,,,,,,,,,,,,,,,,,,,,,,,,,,,,,,,,,,,,,,,,,,,,,,,,,,,,,,,,,,,,,,,,,,,,,,,,,,,,,,,,,,,,,,,,,,,,,,,,,,,,,,,,,,,,,,,,,,,,,,,,,,,,,,,,,,,,,,,,,
0.006030150753768845,,,,,,,,,,,,,,,,,,,,,,,,,,,,,,,,,,,,,,,,,,,,,,,,,,,,,,,,,,,,,,,,,,,,,,,,,,,,,,,,,,,,,,,,,,,,,,,,,,,,,,,,,,,,,,,,,,,,,,,,,,,,,,,,,,,,,,,,,,,,,,,,,,,,,,,,,,,,,,,,,,,,,,,,,,,,,,,,,,,,,,,,,,,,,,,,,,,,,,,,
0.0065326633165829154,,,,,,,,,,,,,,,,,,,,,,,,,,,,,,,,,,,,,,,,,,,,,,,,,,,,,,,,,,,,,,,,,,,,,,,,,,,,,,,,,,,,,,,,,,,,,,,,,,,,,,,,,,,,,,,,,,,,,,,,,,,,,,,,,,,,,,,,,,,,,,,,,,,,,,,,,,,,,,,,,,,,,,,,,,,,,,,,,,,,,,,,,,,,,,,,,,,,,,,,
0.007035175879396985,,,,,,,,,,,,,,,,,,,,,,,,,,,,,,,,,,,,,,,,,,,,,,,,,,,,,,,,,,,,,,,,,,,,,,,,,,,,,,,,,,,,,,,,,,,,,,,,,,,,,,,,,,,,,,,,,,,,,,,,,,,,,,,,,,,,,,,,,,,,,,,,,,,,,,,,,,,,,,,,,,,,,,,,,,,,,,,,,,,,,,,,,,,,,,,,,,,,,,,,
0.007537688442211056,,,,,,,,,,,,,,,,,,,,,,,,,,,,,,,,,,,,,,,,,,,,,,,,,,,,,,,,,,,,,,,,,,,,,,,,,,,,,,,,,,,,,,,,,,,,,,,,,,,,,,,,,,,,,,,,,,,,,,,,,,,,,,,,,,,,,,,,,,,,,,,,,,,,,,,,,,,,,,,,,,,,,,,,,,,,,,,,,,,,,,,,,,,,,,,,,,,,,,,,
0.008040201005025126,,,,,,,,,,,,,,,,,,,,,,,,,,,,,,,,,,,,,,,,,,,,,,,,,,,,,,,,,,,,,,,,,,,,,,,,,,,,,,,,,,,,,,,,,,,,,,,,,,,,,,,,,,,,,,,,,,,,,,,,,,,,,,,,,,,,,,,,,,,,,,,,,,,,,,,,,,,,,,,,,,,,,,,,,,,,,,,,,,,,,,,,,,,,,,,,,,,,,,,,
0.008542713567839196,,,,,,,,,,,,,,,,,,,,,,,,,,,,,,,,,,,,,,,,,,,,,,,,,,,,,,,,,,,,,,,,,,,,,,,,,,,,,,,,,,,,,,,,,,,,,,,,,,,,,,,,,,,,,,,,,,,,,,,,,,,,,,,,,,,,,,,,,,,,,,,,,,,,,,,,,,,,,,,,,,,,,,,,,,,,,,,,,,,,,,,,,,,,,,,,,,,,,,,,
0.009045226130653268,,,,,,,,,,,,,,,,,,,,,,,,,,,,,,,,,,,,,,,,,,,,,,,,,,,,,,,,,,,,,,,,,,,,,,,,,,,,,,,,,,,,,,,,,,,,,,,,,,,,,,,,,,,,,,,,,,,,,,,,,,,,,,,,,,,,,,,,,,,,,,,,,,,,,,,,,,,,,,,,,,,,,,,,,,,,,,,,,,,,,,,,,,,,,,,,,,,,,,,,
0.009547738693467337,,,,,,,,,,,,,,,,,,,,,,,,,,,,,,,,,,,,,,,,,,,,,,,,,,,,,,,,,,,,,,,,,,,,,,,,,,,,,,,,,,,,,,,,,,,,,,,,,,,,,,,,,,,,,,,,,,,,,,,,,,,,,,,,,,,,,,,,,,,,,,,,,,,,,,,,,,,,,,,,,,,,,,,,,,,,,,,,,,,,,,,,,,,,,,,,,,,,,,,,
0.010050251256281409,,,,,,,,,,,,,,,,,,,,,,,,,,,,,,,,,,,,,,,,,,,,,,,,,,,,,,,,,,,,,,,,,,,,,,,,,,,,,,,,,,,,,,,,,,,,,,,,,,,,,,,,,,,,,,,,,,,,,,,,,,,,,,,,,,,,,,,,,,,,,,,,,,,,,,,,,,,,,,,,,,,,,,,,,,,,,,,,,,,,,,,,,,,,,,,,,,,,,,,,3.7081519632572774e-27
0.010552763819095479,,,,,,,,,,,,,,,,,,,,,,,,,,,,,,,,,,,,,,,,,,,,,,,,,,,,,,,,,,,,,,,,,,,,,,,,,,,,,,,,,,,,,,,,,,,,,,,,,,,,,,,,,,,,,,,,,,,,,,,,,,,,,,,,,,,,,,,,,,,,,,,,,,,,,,,,,,,,,,,,,,,,,,,,,,,,,,,,,,,,,,,,,,,,,,,3.268465875541131e-27,4.784637597268112e-27,6.976380037921157e-27,1.0132439040525198e-26,1.4659761361808356e-26,2.112975888750138e-26,3.034185328068044e-26,4.341044720677206e-26,6.188354465752522e-26,8.790398365071573e-26
0.011055276381909548,,,,,,,,,,,,,,,,,,,,,,,,,,,,,,,,,,,,,,,,,,,,,,,,,,,,,,,,,,,,,,,,,,,,,,,,,,,,,,,,,,,,,,,,,,,,,,,,,,,,,,,,,,,,,,,,,,,,,,,,,,,,,,,,,,,,,,,,,,,,,,,,,,,,,,,,,,,,,,,,,,,,,,,,,,,,,,,,,,,,,,,3.187859062321282e-27,4.738440313380919e-27,7.01294882228424e-27,1.0335350735756093e-26,1.5168364355612146e-26,2.2170236310880778e-26,3.2273670814161074e-26,4.6795136031992795e-26,6.758566906429479e-26,9.723816446107119e-26,1.3937126427946311e-25,1.990167638104005e-25,2.8314641389488047e-25,4.0138579172332876e-25,5.669783645296652e-25,7.980830555857418e-25,1.1195149033595838e-24,1.5650725152424212e-24
0.01155778894472362,,,,,,,,,,,,,,,,,,,,,,,,,,,,,,,,,,,,,,,,,,,,,,,,,,,,,,,,,,,,,,,,,,,,,,,,,,,,,,,,,,,,,,,,,,,,,,,,,,,,,,,,,,,,,,,,,,,,,,,,,,,,,,,,,,,,,,,,,,,,,,,,,,,,,,,,,,,,,,,,,,,,,,,,,,,,,,,,3.6109566542561285e-27,5.440904270515483e-27,8.1603360446067e-27,1.2183359484600713e-26,1.8108450396815e-26,2.679681155788311e-26,3.9482466945013397e-26,5.792629553254155e-26,8.463068780574685e-26,1.2313748760924602e-25,1.7843992478278504e-25,2.575499665555542e-25,3.702767795778893e-25,5.302908955669226e-25,7.565736306961866e-25,1.0753841466300863e-24,1.5229195999083492e-24,2.1489000944743806e-24,3.021383438728324e-24,4.233209845823739e-24,5.91059982210033e-24,8.224587277059825e-24,1.1406174069549415e-23,1.576635393437819e-23,2.1722488233983098e-23
0.01206030150753769,,,,,,,,,,,,,,,,,,,,,,,,,,,,,,,,,,,,,,,,,,,,,,,,,,,,,,,,,,,,,,,,,,,,,,,,,,,,,,,,,,,,,,,,,,,,,,,,,,,,,,,,,,,,,,,,,,,,,,,,,,,,,,,,,,,,,,,,,,,,,,,,,,,,,,,,,,,,,,,,,,,,,,,,,3.247217486128133e-27,4.972938328012667e-27,7.577694679904377e-27,1.149004341725906e-26,1.7338203286871822e-26,2.603879118475086e-26,3.8923104271475766e-26,5.791603801627299e-26,8.57884761790101e-26,1.2651180122746555e-25,1.857537522935051e-25,2.7156912397723047e-25,3.9535796217004253e-25,5.731895528572737e-25,8.27624674215512e-25,1.1902139605058382e-24,1.704910257962249e-24,2.4327119825129785e-24,3.457958414902526e-24,4.896833888819492e-24,6.908815227620099e-24,9.71202737616036e-24,1.3603770897544715e-23,1.898787072116443e-23,2.6410991961692827e-23,3.661070552746474e-23,5.0578900790093145e-23,6.964518114402722e-23,9.558619843945461e-23,1.3076855537842875e-22,1.7833501917533014e-22,2.4244645368728616e-22
0.01256281407035176,,,,,,,,,,,,,,,,,,,,,,,,,,,,,,,,,,,,,,,,,,,,,,,,,,,,,,,,,,,,,,,,,,,,,,,,,,,,,,,,,,,,,,,,,,,,,,,,,,,,,,,,,,,,,,,,,,,,,,,,,,,,,,,,,,,,,,,,,,,,,,,,,,,,,,,,,,,,,,,,,,,3.618637782759048e-27,5.6183321734632584e-27,8.676402354016913e-27,1.3328592510050033e-26,2.0369603584154237e-26,3.097240262855655e-26,4.6859822598602346e-26,7.055020314931029e-26,1.0570738682434188e-25,1.5763713067043196e-25,2.339880322879831e-25,3.457368766488337e-25,5.0856783487989035e-25,7.447947539085888e-25,1.086029228853353e-24,1.5768686383229684e-24,2.2799735555622985e-24,3.283030322274598e-24,4.70826163370483e-24,6.725368009945085e-24,9.569071749468225e-24,1.3562812460231179e-23,1.91506350933375e-23,2.6939949962772317e-23,3.775867046259753e-23,5.2731299654055097e-23,7.337990632071571e-23,1.0175768548279585e-22,1.4062503876554031e-22,1.9368096208508935e-22,2.6586614763186418e-22,3.6375878665151314e-22,4.9608983636524915e-22,6.744117801525901e-22,9.139640221984069e-22,1.234789452828198e-21,1.6631709308169104e-21,2.2334741006913146e-21
0.013065326633165831,,,,,,,,,,,,,,,,,,,,,,,,,,,,,,,,,,,,,,,,,,,,,,,,,,,,,,,,,,,,,,,,,,,,,,,,,,,,,,,,,,,,,,,,,,,,,,,,,,,,,,,,,,,,,,,,,,,,,,,,,,,,,,,,,,,,,,,,,,,,,,,,,,,,,,,,,,,,,3.312237838141739e-27,5.2262733291272504e-27,8.198898336991595e-27,1.2789659041472008e-26,1.98403184659387e-26,3.0610434571433064e-26,4.6974850080565773e-26,7.170990577117532e-26,1.0890617106890741e-25,1.645607090908872e-25,2.4742289673344682e-25,3.7019666469196973e-25,5.512414554337441e-25,8.169678667625019e-25,1.205196676138652e-24,1.7698480721581488e-24,2.587459772097951e-24,3.766209135048188e-24,5.458349508171028e-24,7.877283142869926e-24,1.132090568610028e-23,1.620340078376785e-23,2.3098376551765317e-23,3.2797168079048447e-23,4.6387344667045973e-23,6.535803690253419e-23,9.174073754294929e-23,1.2829685816636815e-22,1.7876669934228507e-22,2.4819881409119373e-22,3.433842597426626e-22,4.734272488236813e-22,6.504926051782255e-22,8.907816758851064e-22,1.2158025194981631e-21,1.6540179941775973e-21,2.2429776708906276e-21,3.032067352525738e-21,4.0860446732866326e-21,5.489572341142821e-21,7.353013952773171e-21,9.819823227186322e-21,1.3075938704610199e-20,1.7361695721325127e-20
0.0135678391959799,,,,,,,,,,,,,,,,,,,,,,,,,,,,,,,,,,,,,,,,,,,,,,,,,,,,,,,,,,,,,,,,,,,,,,,,,,,,,,,,,,,,,,,,,,,,,,,,,,,,,,,,,,,,,,,,,,,,,,,,,,,,,,,,,,,,,,,,,,,,,,,,,,,,,,,,4.0035895918399885e-27,6.3970808312059754e-27,1.0159061436286013e-26,1.60367590462288e-26,2.516641701383147e-26,3.9266042991761146e-26,6.091886376684693e-26,9.398793079496563e-26,1.4421936322070854e-25,2.2011552014342207e-25,3.341924815133189e-25,5.047819828730654e-25,7.5860094864389785e-25,1.1343980838646137e-24,1.68810470283063e-24,2.5000767931640002e-24,3.685231335822737e-24,5.407170620428818e-24,7.897777873260462e-24,1.148428739372155e-23,1.6626523292151643e-23,2.3967915432022883e-23,3.4405106848474487e-23,4.918255032542775e-23,7.002056332701568e-23,9.928801051610063e-23,1.4023428928853572e-22,1.972998305875484e-22,2.765301765611015e-22,3.86126212343335e-22,5.371727522658415e-22,7.445999619381169e-22,1.0284477173593435e-21,1.4155228062033754e-21,1.9415639029702803e-21,2.654060778843752e-21,3.6159138049776456e-21,4.910169389305734e-21,6.6461288838395515e-21,8.967205544655046e-21,1.2060999752583908e-20,1.6172181049261944e-20,2.1618911614753643e-20,2.881372558637077e-20,3.828999930415674e-20,5.073541773257954e-20,6.703417219809179e-20,8.832002636379734e-20,1.160428754480777e-19
0.01407035175879397,,,,,,,,,,,,,,,,,,,,,,,,,,,,,,,,,,,,,,,,,,,,,,,,,,,,,,,,,,,,,,,,,,,,,,,,,,,,,,,,,,,,,,,,,,,,,,,,,,,,,,,,,,,,,,,,,,,,,,,,,,,,,,,,,,,,,,,,,,,,,,,,,,,4.109190406067479e-27,6.662621368950591e-27,1.0732420131873971e-26,1.7177935530630566e-26,2.7322512145790314e-26,4.3191745452167683e-26,6.786784174671888e-26,1.0601365038231433e-25,1.6464327037968638e-25,2.54249034416014e-25,3.904408172232546e-25,5.9631800850411105e-25,9.05883787027705e-25,1.368935064196656e-24,2.0580306056114404e-24,3.0783726764155587e-24,4.5817530866114845e-24,6.786143195887127e-24,1.0003085383220407e-23,1.4675819952335488e-23,2.1432119934085836e-23,3.1157189301184987e-23,4.509381437828936e-23,6.497938096971003e-23,9.323255689303509e-23,1.3320661588251002e-22,1.8953183002624513e-22,2.6857644620944183e-22,3.7906494491455765e-22,5.329041322079474e-22,7.462828598796949e-22,1.0411307044028658e-21,1.4470458861072667e-21,2.0038344662429586e-21,2.764843144332016e-21,3.801318912995654e-21,5.208093020717045e-21,7.110967339347007e-21,9.676282234282433e-21,1.3123271141389837e-20,1.7739964032665388e-20,2.3903596782144396e-20,3.210672454877668e-20,4.2990534813847034e-20,5.738722181412121e-20,7.637373336582992e-20,1.0133975086442366e-19,1.3407343427296645e-19,1.7686928076200392e-19,2.326634374504999e-19,3.0520300983334464e-19,3.992573452313298e-19,5.208811253876323e-19,6.777408327596835e-19
0.014572864321608042,,,,,,,,,,,,,,,,,,,,,,,,,,,,,,,,,,,,,,,,,,,,,,,,,,,,,,,,,,,,,,,,,,,,,,,,,,,,,,,,,,,,,,,,,,,,,,,,,,,,,,,,,,,,,,,,,,,,,,,,,,,,,,,,,,,,,,,,,,,,,,3.586253133490522e-27,5.9138066895285624e-27,9.684008885515153e-27,1.574955909045844e-26,2.5443001020479747e-26,4.0833334531275223e-26,6.511276942317518e-26,1.0317606414878823e-25,1.6248315864260124e-25,2.5433610967593533e-25,3.9575846774374485e-25,6.122457794625196e-25,9.417688413449275e-25,1.4405688622766235e-24,2.191502277626005e-24,3.315994722220497e-24,4.991078184804491e-24,7.473551999303859e-24,1.1134079180028269e-23,1.6505073390676474e-23,2.434763868154058e-23,3.574471179345671e-23,5.2230078460889454e-23,7.596628909045848e-23,1.0998894123100148e-22,1.58540654897975e-22,2.2752576228465403e-22,3.2512680107541173e-22,4.626370199601396e-22,6.555801351198096e-22,9.252105995019666e-22,1.3005160206319183e-21,1.8208797856189675e-21,2.5396085398416127e-21,3.5285885459003486e-21,4.884410373160397e-21,6.7363968457005754e-21,9.257089637273685e-21,1.2675901386620765e-20,1.7296830093267998e-20,2.3521369827352455e-20,3.1878047353085547e-20,4.306038132519412e-20,5.797551519895925e-20,7.780633606529419e-20,1.0409058227750952e-19,1.3882129049094132e-19,1.8457397041786622e-19,2.446671622720221e-19,3.233645738998386e-19,4.2612886683836963e-19,5.5993942779384975e-19,7.336892005866433e-19,9.586789530746558e-19,1.2492313189852412e-18,1.6234517086882326e-18,2.1041688689453014e-18,2.720094656127515e-18,3.507250663691041e-18
0.015075376884422112,,,,,,,,,,,,,,,,,,,,,,,,,,,,,,,,,,,,,,,,,,,,,,,,,,,,,,,,,,,,,,,,,,,,,,,,,,,,,,,,,,,,,,,,,,,,,,,,,,,,,,,,,,,,,,,,,,,,,,,,,,,,,,,,,,,,,,,,,,4.470115883440952e-27,7.459320889586012e-27,1.2356062007880695e-26,2.0320281209306805e-26,3.318293639926125e-26,5.381460109138266e-26,8.668592316150386e-26,1.3871433966670107e-25,2.205352228344493e-25,3.483984844325944e-25,5.469813689576351e-25,8.535354502669894e-25,1.3239654336290782e-24,2.0416893427746235e-24,3.1304813009421843e-24,4.7729861988718824e-24,7.237269508951196e-24,1.091469140236095e-23,1.6373659978650062e-23,2.4435540036798525e-23,3.628132445158814e-23,5.360081549401013e-23,7.880027514438596e-23,1.1529012668676724e-22,1.6788176452266218e-22,2.433324217135405e-22,3.5109008178556104e-22,5.043075307259375e-22,7.212170072181196e-22,1.0269860195058592e-21,1.4562126433119762e-21,2.0562673700221944e-21,2.891751310399569e-21,4.0504209860049135e-21,5.651032671388057e-21,7.853690000914277e-21,1.087344438342773e-20,1.4998107361985763e-20,2.0611498068946455e-20,2.8223680383406515e-20,3.851015917010944e-20,5.236252234683257e-20,7.095365883741386e-20,9.582147990896963e-20,1.2897605687862315e-19,1.7303630247797475e-19,2.314038148645444e-19,3.084833307550266e-19,4.0996146631297974e-19,5.431581435937728e-19,7.17468403554534e-19,9.449163085949928e-19,1.2408474733249711e-18,1.6247925902485815e-18,2.1215413230392724e-18,2.7624743409631253e-18,3.587211316664702e-18,4.645644699935176e-18,6.000443353778382e-18,7.730127088379975e-18,9.9328332157517e-18,1.2730919986398958e-17,1.627657977678947e-17
0.015577889447236183,,,,,,,,,,,,,,,,,,,,,,,,,,,,,,,,,,,,,,,,,,,,,,,,,,,,,,,,,,,,,,,,,,,,,,,,,,,,,,,,,,,,,,,,,,,,,,,,,,,,,,,,,,,,,,,,,,,,,,,,,,,,,,,,,,,,,,4.89110103560652e-27,8.27376650613214e-27,1.3887296712758815e-26,2.3132608256143238e-26,3.8246910081866864e-26,6.277739616503964e-26,1.023089763044589e-25,1.6557472057461573e-25,2.661390758779751e-25,4.249327809588381e-25,6.740462647628762e-25,1.0623711488784952e-24,1.663939369961851e-24,2.590176717653896e-24,4.007803657722387e-24,6.1648374138861565e-24,9.428151367157243e-24,1.4337432949629616e-23,2.168228572910662e-23,3.2611826697989835e-23,4.878967583217109e-23,7.261203779279009e-23,1.0751304928300227e-22,1.5839025018319422e-22,2.321946334914244e-22,3.3874514481922644e-22,4.918479033977863e-22,7.108272982078365e-22,1.0226113825866789e-21,1.4645600726255807e-21,2.088284616896155e-21,2.9647845151696915e-21,4.191328377969185e-21,5.9006342138691185e-21,8.273069874012667e-21,1.1552805281873297e-20,1.6069116252138806e-20,2.226437950206866e-20,3.073072749305205e-20,4.22578715796502e-20,5.789527890756518e-20,7.903273460396353e-20,1.0750437485544539e-19,1.457225853759754e-19,1.968497800613385e-19,2.65018074110655e-19,3.556093260724331e-19,4.7561104084099405e-19,6.340673165966805e-19,8.426485198836503e-19,1.1163688471043354e-18,1.4744875693722844e-18,1.941637786761862e-18,2.549236202720148e-18,3.3372390803882066e-18,4.356323522799147e-18,5.670589951253825e-18,7.360901632446121e-18,9.52900089522585e-18,1.2302569942062416e-17,1.584143765962437e-17,2.0345173444533296e-17,2.606235579175908e-17,3.330185839410772e-17,4.244656111778672e-17,5.396996889073625e-17,6.845631010405738e-17
0.016080402010050253,,,,,,,,,,,,,,,,,,,,,,,,,,,,,,,,,,,,,,,,,,,,,,,,,,,,,,,,,,,,,,,,,,,,,,,,,,,,,,,,,,,,,,,,,,,,,,,,,,,,,,,,,,,,,,,,,,,,,,,,,,,,,,,,,,4.705731756083615e-27,8.084688189277572e-27,1.377561652270544e-26,2.3283701891260457e-26,3.9044991428817235e-26,6.497221737186981e-26,1.0730342047682276e-25,1.7591190810865902e-25,2.8631419074737106e-25,4.627267433321686e-25,7.426883129019024e-25,1.1840038711586082e-24,1.8751095875164887e-24,2.950447445175885e-24,4.613131218103123e-24,7.168161632866426e-24,1.1070815312718527e-23,1.6996735134059418e-23,2.5942884738262824e-23,3.9372159110648397e-23,5.941941501395358e-23,8.918346127934283e-23,1.3313873769234758e-22,1.9771280978276361e-22,2.92092455521313e-22,4.293433696600241e-22,6.279581084904478e-22,9.139860892756173e-22,1.3239511235122939e-21,1.908829774015659e-21,2.7394524475859386e-21,3.9138044688638255e-21,5.566853861440443e-21,7.883725518427509e-21,1.1117289537325592e-20,1.5611549242543754e-20,2.1832619834590753e-20,3.040960394805441e-20,4.218832308400329e-20,5.830168754463999e-20,8.026152327366222e-20,1.1007797202446218e-19,1.5041420242786065e-19,2.0478618752421524e-19,2.778198081095704e-19,3.755806378296019e-19,5.059955835922361e-19,6.79390247185543e-19,9.09171623232935e-19,1.2126927731067393e-18,1.6123446704368528e-18,2.1369308066750575e-18,2.823392732776418e-18,3.718969916978564e-18,4.883895612672945e-18,6.394752431611091e-18,8.348637679141427e-18,1.0868320012280831e-17,1.410860653587135e-17,1.8264184107080177e-17,2.3579251586379872e-17,3.0359322449673226e-17,3.8985651165428373e-17,4.99328238801355e-17,6.379015634758394e-17,8.128766208035262e-17,1.033274941261101e-16,1.3102192777891009e-16,1.6573914244265771e-16,2.0915828274909877e-16,2.633355363850719e-16
0.016582914572864323,,,,,,,,,,,,,,,,,,,,,,,,,,,,,,,,,,,,,,,,,,,,,,,,,,,,,,,,,,,,,,,,,,,,,,,,,,,,,,,,,,,,,,,,,,,,,,,,,,,,,,,,,,,,,,,,,,,,,,,,,,,,,,3.9815250034429935e-27,6.961829461096922e-27,1.2066343287562793e-26,2.0734611670486495e-26,3.5332214667780985e-26,5.971516843493131e-26,1.0011954397679491e-25,1.665530330121822e-25,2.7495550166156884e-25,4.505291348578897e-25,7.328349213019828e-25,1.1835383214838296e-24,1.898101464897614e-24,3.023315863664337e-24,4.783422978050751e-24,7.518782885808202e-24,1.1742764822862505e-23,1.8224939704943673e-23,2.8112014408067765e-23,4.310261161572815e-23,6.569843786424451e-23,9.956322142645485e-23,1.5003288882820434e-22,2.248368062659847e-22,3.35112177993155e-22,4.968233998491567e-22,7.327381727226493e-22,1.075165300072506e-21,1.5697295933493953e-21,2.2805523285141315e-21,3.297327908303519e-21,4.744947238646731e-21,6.796526520407079e-21,9.69097016188719e-21,1.3756545238441925e-20,1.9442393487678258e-20,2.736048152715763e-20,3.834122342035156e-20,5.3506942171920037e-20,7.436851777248704e-20,1.0295205981968325e-19,1.4196431678663252e-19,1.9500788212640837e-19,2.6686018933356936e-19,3.6383393655214037e-19,4.94241106311664e-19,6.689883397176518e-19,9.023383171605493e-19,1.21288026423945e-18,1.6247630693628815e-18,2.1692571567342946e-18,2.8867266647046537e-18,3.829112176951049e-18,5.063046880535515e-18,6.673756328997191e-18,8.769924845845708e-18,1.1489751036049254e-17,1.5008462069104852e-17,1.9547612737869574e-17,2.5386562379768034e-17,3.28766024175946e-17,4.2458301661371864e-17,5.4682748054290977e-17,7.023749704574692e-17,8.997819143722072e-17,1.149669990276447e-16,1.4651922684873912e-16,1.8625971895379777e-16,2.361909339687205e-16,2.987749349935947e-16,3.770319147985931e-16,4.746583312988013e-16,5.961682506798548e-16,7.470620979951507e-16,9.340277084459992e-16
0.017085427135678392,,,,,,,,,,,,,,,,,,,,,,,,,,,,,,,,,,,,,,,,,,,,,,,,,,,,,,,,,,,,,,,,,,,,,,,,,,,,,,,,,,,,,,,,,,,,,,,,,,,,,,,,,,,,,,,,,,,,,,,,,,,5.2770915583199136e-27,9.324145271215548e-27,1.632435776205402e-26,2.832510600417375e-26,4.8720081747057084e-26,8.30874130200671e-26,1.405206550094153e-25,2.357257536801744e-25,3.922992583495175e-25,6.478145265317651e-25,1.0616549149765943e-24,1.7269907501503914e-24,2.7889634184546164e-24,4.4721038387779175e-24,7.121397349769824e-24,1.1263383579179646e-23,1.7696483277708043e-23,2.762369585759624e-23,4.284634834226163e-23,6.604528893484028e-23,1.0118659945814885e-22,1.541036100356976e-22,2.333271443359616e-22,3.512633650883681e-22,5.258557736716287e-22,7.829180442950215e-22,1.1593916075670503e-21,1.7078716347873816e-21,2.5028642663891947e-21,3.6493954994368844e-21,5.294799492347794e-21,7.644785652319836e-21,1.0985238080896835e-20,1.571166088655081e-20,2.23687775481681e-20,3.1703558204530856e-20,4.473593061318391e-20,6.285268457053983e-20,8.793167499283666e-20,1.2250545075555175e-19,1.6997598914857757e-19,2.3489542692281895e-19,3.233317089371664e-19,4.433430588495393e-19,6.055915824372441e-19,8.24133772486429e-19,1.1174356514141468e-18,1.509671805373333e-18,2.032382227521279e-18,2.72657861441759e-18,3.645413451239277e-18,4.8575516084771475e-18,6.4514161832411055e-18,8.540519036702689e-18,1.1270133176496231e-17,1.4825620293919486e-17,1.9442794121037763e-17,2.5420780833156496e-17,3.313793381843363e-17,4.307147446313851e-17,5.582166626508038e-17,7.214149016231836e-17,9.297297855000669e-17,1.194915887456229e-16,1.5316025901254426e-16,1.9579509776325537e-16,2.4964501617496605e-16,3.174880340245997e-16,4.0274747698383066e-16,5.096318509525911e-16,6.433028365606708e-16,8.100766074514952e-16,1.0176645536353557e-15,1.2754605020273204e-15,1.594882688105508e-15,1.9897800652903507e-15,2.4769140643177054e-15,3.0765286580557905e-15
0.017587939698492466,,,,,,,,,,,,,,,,,,,,,,,,,,,,,,,,,,,,,,,,,,,,,,,,,,,,,,,,,,,,,,,,,,,,,,,,,,,,,,,,,,,,,,,,,,,,,,,,,,,,,,,,,,,,,,,,,,,,,,,3.511914090164733e-27,6.341349324153169e-27,1.1338149402007076e-26,2.0078507405356096e-26,3.522508085510263e-26,6.123548077831813e-26,1.0550689929768904e-25,1.8020969191416916e-25,3.052003275682568e-25,5.12611788157241e-25,8.540304916263865e-25,1.4116310120347513e-24,2.3153217216240814e-24,3.768953123247701e-24,6.090092972734883e-24,9.769969929641515e-24,1.556319684128742e-23,2.4621173893240036e-23,3.868914591542118e-23,6.039543623126335e-23,9.367333593587692e-23,1.443727517897098e-22,2.2114169574458556e-22,3.3668928346063455e-22,5.0958507838819815e-22,7.668083004115447e-22,1.1473397642310329e-21,1.7071961408661812e-21,2.5264489649432324e-21,3.718961000733465e-21,5.445824602442603e-21,7.933819069752421e-21,1.1500640276604646e-20,1.658922591118436e-20,2.3814241209693475e-20,3.4024750441982596e-20,4.838833789568967e-20,6.850353249922204e-20,9.654942415698682e-20,1.3548395054178378e-19,1.8930561988516684e-19,2.6339758915248037e-19,3.6497824673390146e-19,5.036890085912369e-19,6.923582352403243e-19,9.47990386119844e-19,1.293042197676318e-18,1.757063339496011e-18,2.378798314614089e-18,3.2088700941575293e-18,4.313195025294324e-18,5.7773140112079564e-18,7.711868105187007e-18,1.0259499001465055e-17,1.3603518205392624e-17,1.797876499879551e-17,2.368516509881404e-17,3.11046119538267e-17,4.072192419473444e-17,5.315078964589925e-17,6.916579286312821e-17,8.974184443637082e-17,1.1610259204670391e-16,1.497797021214834e-16,1.9268526445045962e-16,2.471999989344722e-16,3.1628044354701263e-16,4.0358888672596847e-16,5.136504883817103e-16,6.5204282573642e-16,8.256240193418106e-16,1.0428066588893898e-15,1.3138859780613902e-15,1.6514321453337058e-15,2.0707581686449343e-15,2.5904767843851713e-15,3.2331618466863392e-15,4.026132186288764e-15,5.002378708074403e-15,6.201658685283281e-15,7.671784833795086e-15,9.470140863492563e-15
0.018090452261306535,,,,,,,,,,,,,,,,,,,,,,,,,,,,,,,,,,,,,,,,,,,,,,,,,,,,,,,,,,,,,,,,,,,,,,,,,,,,,,,,,,,,,,,,,,,,,,,,,,,,,,,,,,,,,,,,,,,,3.781032949126294e-27,6.922285554538196e-27,1.2542930125303929e-26,2.2499511036102495e-26,3.996520515077637e-26,7.031249849222622e-26,1.2255404057812442e-25,2.1167378757723717e-25,3.62365922717997e-25,6.149811540394495e-25,1.0349058300581295e-24,1.7272370246312076e-24,2.8595643702565803e-24,4.697066987830493e-24,7.656179884804695e-24,1.2386058111243984e-23,1.9891359398960768e-23,3.17160193209482e-23,5.021645525824176e-23,7.896503178707241e-23,1.2334204650909285e-22,1.9139884122209736e-22,2.9510845045470144e-22,4.521668672524682e-22,6.885720550823473e-22,1.0422952428714215e-21,1.5684776682589635e-21,2.346746066396434e-21,3.491455219453095e-21,5.165953109084063e-21,7.602345970847269e-21,1.112874543878792e-20,1.6206644495128016e-20,2.3481939445048502e-20,3.385425020656285e-20,4.85706645589272e-20,6.935193599209487e-20,9.856161466636221e-20,1.3943172986240087e-19,1.9636264726489536e-19,2.753198136818814e-19,3.843565431742729e-19,5.343001194855039e-19,7.396486889370708e-19,1.0197391795315955e-18,1.4002623910277385e-18,1.9152211621398895e-18,2.6094519811470985e-18,3.541860577639198e-18,4.789559123332145e-18,6.453138114552343e-18,8.663361505664695e-18,1.1589641226352957e-17,1.545072919621762e-17,2.0528164143379303e-17,2.7183130155702086e-17,3.5877527770115266e-17,4.720023090304051e-17,6.189970918747744e-17,8.092444120476231e-17,1.0547283651102239e-16,1.3705473110814007e-16,1.775669311049468e-16,2.293857630677709e-16,2.9548015874028305e-16,3.795494698315106e-16,4.861909906501774e-16,6.21103079768961e-16,7.913308361477176e-16,1.005562522235793e-15,1.2744863612783617e-15,1.6112189962013799e-15,2.0318188141646825e-15,2.5558995490305097e-15,3.207362112405889e-15,4.0152655158522485e-15,5.014861080354131e-15,6.248817937416601e-15,7.76867216818997e-15,9.636536867733566e-15,1.1927116032866747e-14,1.473007153125528e-14,1.8152799609444427e-14,2.232368151621181e-14,2.7395881988218677e-14
0.018592964824120605,,,,,,,,,,,,,,,,,,,,,,,,,,,,,,,,,,,,,,,,,,,,,,,,,,,,,,,,,,,,,,,,,,,,,,,,,,,,,,,,,,,,,,,,,,,,,,,,,,,,,,,,,,,,,,,,,3.695870485156874e-27,6.87176450020935e-27,1.2638464879759206e-26,2.2999489265996526e-26,4.14246538454348e-26,7.386375244315538e-26,1.3042074758811217e-25,2.280931097771235e-25,3.9521330423862515e-25,6.7858643005043815e-25,1.1548618566692705e-24,1.948498287677914e-24,3.2599128310327827e-24,5.409235017648323e-24,8.903787042566382e-24,1.4541365499489868e-23,2.3567147324193533e-23,3.7910337577143994e-23,6.053856510465774e-23,9.5984955377999e-23,1.51126740998674e-22,2.3632789315018216e-22,3.671051989943174e-22,5.665423439554933e-22,8.687663908769413e-22,1.3239242210608695e-21,2.0052644192347135e-21,3.0191577196123485e-21,4.5191960326004316e-21,6.725921632193792e-21,9.954287108419443e-21,1.465167534933356e-20,2.145027105732018e-20,3.1238839793676614e-20,4.526062428365478e-20,6.524622040925478e-20,9.359308472191931e-20,1.336069234978964e-19,1.8982483464670151e-19,2.6844598346276616e-19,3.779031189141325e-19,5.296177813324896e-19,7.389941077273214e-19,1.0267213082021673e-18,1.4204738957752104e-18,1.9571224852107674e-18,2.6855974987655234e-18,3.670584706829318e-18,4.997276720021521e-18,6.777460162647925e-18,9.157286466419023e-18,1.2327157600796946e-17,1.6534259640589925e-17,2.2098400439839397e-17,2.943195703195689e-17,3.906491862176361e-17,5.167622790537136e-17,6.813288361356722e-17,8.953857835086387e-17,1.1729401693313552e-16,1.5317150181646855e-16,1.9940689570773564e-16,2.588126906444546e-16,3.3491664327115654e-16,4.321312954540671e-16,5.559607079438119e-16,7.132519154184853e-16,9.12499989846162e-16,1.164217204982361e-15,1.4813786609876496e-15,1.879958891514865e-15,2.3795764785667006e-15,3.004266587464654e-15,3.7834046609004514e-15,4.752808330931507e-15,5.956048988813572e-15,7.446009464051957e-15,9.286729985807914e-15,1.1555591118937712e-14,1.4345889779511375e-14,1.7769872846762725e-14,2.1962302415936625e-14,2.7084637506938547e-14,3.332992919623544e-14,4.092853982616486e-14,5.015481233186808e-14,6.133483299241258e-14,7.48554502541131e-14
0.019095477386934675,,,,,,,,,,,,,,,,,,,,,,,,,,,,,,,,,,,,,,,,,,,,,,,,,,,,,,,,,,,,,,,,,,,,,,,,,,,,,,,,,,,,,,,,,,,,,,,,,,,,,,,,,,,,,,3.280346489385135e-27,6.2051287771050116e-27,1.1603631590715074e-26,2.1457677948322274e-26,3.925057728209421e-26,7.104086868456786e-26,1.2725926075831196e-25,2.2568637294371467e-25,3.9634009928855715e-25,6.894226709205939e-25,1.1881259360042968e-24,2.029082834273453e-24,3.4347500493110384e-24,5.764253011255893e-24,9.592567600530677e-24,1.5832849790021886e-23,2.5923959068071294e-23,4.211574422526724e-23,6.789985426068783e-23,1.0865562120220905e-22,1.726115778967623e-22,2.722670374217291e-22,4.26479785413812e-22,6.6351195861291665e-22,1.0254455093859482e-21,1.5745431694286777e-21,2.4023562842358503e-21,3.6426880701324955e-21,5.489936987154296e-21,8.224905539727656e-21,1.2250910970264382e-20,1.8144035412276112e-20,2.6722680369208282e-20,3.9143341247395424e-20,5.703181581350466e-20,8.26620623134596e-20,1.1919882548804268e-19,1.710251985378499e-19,2.4418279390329204e-19,3.4696053757966176e-19,4.90678752943868e-19,6.907287422928162e-19,9.679452205416448e-19,1.3504105765874192e-18,1.875817092860793e-18,2.5945472259068556e-18,3.573674389507896e-18,4.9021392497355105e-18,6.697421570513084e-18,9.11410780369787e-18,1.2354853070159499e-17,1.66843566872142e-17,2.2447117405850706e-17,3.0089913261116054e-17,4.019016755416187e-17,5.349162416460878e-17,7.094907052479223e-17,9.378422493023472e-17,1.2355535772620602e-16,1.6224375638160943e-16,2.1236078762050676e-16,2.770800729668823e-16,3.6040019715079407e-16,4.673444345518419e-16,6.042052331348879e-16,7.788426676409799e-16,1.0010477975648015e-15,1.2829838785115168e-15,1.6397207205800106e-15,2.0898802125215867e-15,2.6564141895921934e-15,3.3675394767023e-15,4.2578591543657774e-15,5.369703948379981e-15,6.7547332191732574e-15,8.475841416432842e-15,1.0609423172257906e-14,1.3248058545780747e-14,1.6503689429857452e-14,2.0511368924731653e-14,2.543367772651512e-14,3.1465915437340284e-14,3.88421903610262e-14,4.7842549003387176e-14,5.880130636648127e-14,7.211676044805146e-14,8.826249938794608e-14,1.0780053772027185e-13,1.3139654949444684e-13,1.5983750094459734e-13,1.9405202427972072e-13
0.019597989949748745,,,,,,,,,,,,,,,,,,,,,,,,,,,,,,,,,,,,,,,,,,,,,,,,,,,,,,,,,,,,,,,,,,,,,,,,,,,,,,,,,,,,,,,,,,,,,,,,,,,,,,,,,,,,5.093969380450444e-27,9.703297146306571e-27,1.8266158891263408e-26,3.399226301304106e-26,6.255368148739348e-26,1.1386645475894855e-25,2.0508524891270252e-25,3.655863024308017e-25,6.451775163427672e-25,1.127496673561243e-24,1.951673243916503e-24,3.347033834445779e-24,5.688215897080923e-24,9.581939875623437e-24,1.6002483332631952e-23,2.650146909691605e-23,4.353015337607308e-23,7.0930710837309e-23,1.1467948162126217e-22,1.8400312675582218e-22,2.9304275743443003e-22,4.633176858710731e-22,7.273480878235974e-22,1.1339461763389797e-21,1.7558940349083563e-21,2.7010138084904128e-21,4.128030018695494e-21,6.2691606063852916e-21,9.462100396854981e-21,1.4195039883913585e-20,2.1169673659521427e-20,3.138889973051881e-20,4.6278225665958796e-20,6.785294878472674e-20,9.894717950806116e-20,1.435259999271827e-19,2.0710883329121428e-19,2.9734086942117806e-19,4.2476067504754324e-19,6.038265725096754e-19,8.5428280440736e-19,1.2029699101179402e-18,1.6862133394865467e-18,2.3529616025019995e-18,3.2688920015113104e-18,4.521760390959459e-18,6.228344080126166e-18,8.543417082212677e-18,1.1671308178539785e-17,1.5880729188585894e-17,2.15237287312802e-17,2.905983191877037e-17,3.908667625303587e-17,5.237875721206243e-17,6.993626379446139e-17,9.304642659877528e-17,1.2336033260607957e-16,1.6298879789557857e-16,2.1462165054608578e-16,2.816756824492162e-16,3.6847760530502935e-16,4.804896209478781e-16,6.245867216497105e-16,8.09396609074657e-16,1.0457152026763984e-15,1.3470131476657848e-15,1.7300515824836125e-15,2.2156287455370923e-15,2.829482862504192e-15,3.603381230117792e-15,4.57643059046052e-15,5.796649864387991e-15,7.32285319086673e-15,9.226899122280968e-15,1.1596370877489986e-14,1.453776291358876e-14,1.8180260893479217e-14,2.2680215574547542e-14,2.8226426440269626e-14,3.5046368222477143e-14,4.341351308133916e-14,5.365592336070108e-14,6.616631480532449e-14,8.141381821438282e-14,9.995769904429142e-14,1.2246332981998213e-13,1.4972074975453766e-13,1.8266619013231549e-13,2.2240699322734708e-13,2.702504072978232e-13,3.2773680103238047e-13,3.9667790829167717e-13,4.792007886793116e-13
0.020100502512562818,,,,,,,,,,,,,,,,,,,,,,,,,,,,,,,,,,,,,,,,,,,,,,,,,,,,,,,,,,,,,,,,,,,,,,,,,,,,,,,,,,,,,,,,,,,,,,,,,,,,,,,,,3.796526829008501e-27,7.381508422293984e-27,1.4172794485625948e-26,2.688254235320735e-26,5.038911893038582e-26,9.336765841222686e-26,1.710747812322596e-25,3.1005373646050793e-25,5.560019579315068e-25,9.867939550317243e-25,1.733826292243414e-24,3.016669001174426e-24,5.198796338178095e-24,8.876409864956058e-24,1.5018757908769173e-23,2.5187907329522093e-23,4.188008189355866e-23,6.905149978057127e-23,1.1292201459767961e-22,1.831938370899997e-22,2.94885807660378e-22,4.710738482533315e-22,7.469559478024647e-22,1.1758397407299498e-21,1.8379018858441287e-21,2.8529171565447958e-21,4.398636226905154e-21,6.737150711342735e-21,1.025248284274894e-20,1.5503854802687356e-20,2.3300732705327797e-20,3.480793664669154e-20,5.169203366778121e-20,7.632410599137228e-20,1.1205909409676318e-19,1.6361860999911513e-19,2.376128507980676e-19,3.432485809824491e-19,4.932848001656268e-19,7.05316548243084e-19,1.003491408615808e-18,1.4207939908155196e-18,2.002021447313053e-18,2.8080319175325312e-18,3.920476113916976e-18,5.449167082637837e-18,7.54075595791054e-18,1.0390369090816866e-17,1.4256577309135667e-17,1.9480661442422735e-17,2.6511312892233228e-17,3.593618456559371e-17,4.852204493728043e-17,6.52656982917273e-17,8.745833142830269e-17,1.1676654765319075e-16,1.553340718681972e-16,2.0590897818264785e-16,2.7200232939265974e-16,3.580853555311777e-16,4.698337705147947e-16,6.144295709967584e-16,8.009327240235928e-16,1.0407375819044399e-15,1.348131720656119e-15,1.7409782491547752e-15,2.2415465535003775e-15,2.8775210091574272e-15,3.6832225061458065e-15,4.701083797282681e-15,5.983426810681934e-15,7.594598304797525e-15,9.613529726150113e-15,1.213679802737256e-14,1.5282276693847802e-14,1.9193480513441918e-14,2.4044723926874013e-14,3.004723136021612e-14,3.745635903409278e-14,4.65801116602666e-14,5.778916449681683e-14,7.152863178958104e-14,8.833185706182033e-14,1.0883653944188914e-13,1.3380355369206586e-13,1.6413887030736034e-13,2.0091903652013738e-13,2.454207398439244e-13,2.9915503360773124e-13,3.6390695864662195e-13,4.4178110115937516e-13,5.35254275062392e-13,6.47235925244667e-13,7.811375170484604e-13,9.40952024463448e-13,1.1313448464803965e-12
0.020603015075376888,,,,,,,,,,,,,,,,,,,,,,,,,,,,,,,,,,,,,,,,,,,,,,,,,,,,,,,,,,,,,,,,,,,,,,,,,,,,,,,,,,,,,,,,,,,,,,,,,,,,,,,5.0978713402743204e-27,1.0004742819134115e-26,1.938170104721219e-26,3.707726090930158e-26,7.006610959231575e-26,1.3084044217110403e-25,2.4152002802091984e-25,4.408386760830408e-25,7.958932783001538e-25,1.4216968746462017e-24,2.5133908782531308e-24,4.39879133504787e-24,7.623286518431122e-24,1.3085729148175475e-23,2.2253986655969595e-23,3.7503834210745104e-23,6.264720346836595e-23,1.0374871657765402e-22,1.7037757245363104e-22,2.7751169998843848e-22,4.48411672824254e-22,7.189256428448719e-22,1.1438905544958566e-21,1.8065823600691523e-21,2.8325702343404475e-21,4.409888992356924e-21,6.818216207131044e-21,1.0470800336604846e-20,1.5974331544443198e-20,2.4213906206954238e-20,3.6472876434562765e-20,5.460091356455294e-20,8.12483278439611e-20,1.2019093171032693e-19,1.7677796484753839e-19,2.5854639017352675e-19,3.7605894528395655e-19,5.440416017728993e-19,7.829196786015002e-19,1.120882182967118e-18,1.596642753298272e-18,2.2631149960596917e-18,3.192282665578335e-18,4.481624236326014e-18,6.262550850170352e-18,8.7114410938936e-18,1.2064011246133413e-17,1.6633952334946767e-17,2.2837003705662632e-17,3.1221926506257666e-17,4.251020105612693e-17,5.764671307163925e-17,7.78642311983958e-17,1.0476513105212907e-16,1.404246110004355e-16,1.875205978811848e-16,2.4949668656911407e-16,3.3076583030679926e-16,4.369641389017635e-16,5.752660951712139e-16,7.54774819091969e-16,9.870037542865556e-16,1.286469391545785e-15,1.6714184573236053e-15,2.164717470326476e-15,2.7949378069039667e-15,3.597675529245356e-15,4.6171523469096335e-15,5.908152345025787e-15,7.538358681783614e-15,9.591165512368629e-15,1.216905313543805e-14,1.5397629002754213e-14,1.9430454027950405e-14,2.445479284757255e-14,3.0698448625499966e-14,3.843786797974678e-14,4.80077300096168e-14,5.981226560698928e-14,7.433858968093645e-14,9.217237008183835e-14,1.140162033925726e-13,1.4071111992283308e-13,1.7326169876838982e-13,2.1286533948187887e-13,2.6094631006109296e-13,3.1919527303564915e-13,3.8961508242835685e-13,4.745737458321793e-13,5.768655583405088e-13,6.997815397375318e-13,8.47190444241083e-13,1.0236317643377568e-12,1.2344223180644842e-12,1.4857781937826657e-12,1.7849540293748376e-12,2.1404018253860566e-12,2.5619517353707646e-12
0.021105527638190957,,,,,,,,,,,,,,,,,,,,,,,,,,,,,,,,,,,,,,,,,,,,,,,,,,,,,,,,,,,,,,,,,,,,,,,,,,,,,,,,,,,,,,,,,,,,,,,,,,,,3.1870815546084826e-27,6.408193147268401e-27,1.2707825103730542e-26,2.4864329614783045e-26,4.80199803802039e-26,9.157357698272852e-26,1.7249575555255126e-25,3.210685844197584e-25,5.907093702370462e-25,1.0745995307984084e-24,1.933530936637818e-24,3.442051314582954e-24,6.0641599958863276e-24,1.0576255607256624e-23,1.826492126644997e-23,3.1242139028593543e-23,5.294310457046604e-23,8.890549190273518e-23,1.4797882773035297e-22,2.4418569602119064e-22,3.995628007312522e-22,6.48463391515484e-22,1.0440224514463939e-21,1.667798770893134e-21,2.644049575678586e-21,4.160712431578902e-21,6.500031142282001e-21,1.0082954639074052e-20,1.5533076274093594e-20,2.3768118157290308e-20,3.6130001218063714e-20,5.456863693699266e-20,8.190006827632737e-20,1.2216690912022083e-19,1.8113873886956068e-19,2.6700290870312474e-19,3.9131300366681447e-19,5.702841079849837e-19,8.265524533840521e-19,1.1915537548474104e-18,1.7087217434162942e-18,2.4377687948823857e-18,3.460387450878859e-18,4.887809104675986e-18,6.870779137980756e-18,9.612662366529974e-18,1.3386586055327621e-17,1.8557768753107028e-17,2.561248226292007e-17,3.5195463740457076e-17,4.8158050084297155e-17,6.561986514324975e-17,8.904757255451881e-17,1.2035503792320963e-16,1.6203025207802735e-16,2.1729558600609257e-16,2.903094167339294e-16,3.864189272109678e-16,5.124759945353262e-16,6.772305999990028e-16,8.918191907751208e-16,1.1703689760525892e-15,1.5307433407508827e-15,1.9954585108712284e-15,2.592807423304765e-15,3.3582335721831026e-15,4.336005573408714e-15,5.5812524774014094e-15,7.162430656619105e-15,9.1643056108605e-15,1.169154650632317e-14,1.487304795748023e-14,1.8867112766432525e-14,2.3867651377284785e-14,3.0111579041442584e-14,3.788762051918159e-14,4.754676499835775e-14,5.951465126989238e-14,7.430620558504594e-14,9.25429026020005e-14,1.1497307403206842e-13,1.4249575069604867e-13,1.7618859243384107e-13,2.1734053747159572e-13,2.6748988930104007e-13,3.284686557916285e-13,4.024540631397321e-13,4.920282874282233e-13,6.002475801765768e-13,7.307221125398779e-13,8.877080270653695e-13,1.0762133675564077e-12,1.3021197580736299e-12,1.5723219231790691e-12,1.8948873841811134e-12,2.279238933922299e-12,2.736362784345856e-12,3.279045602339782e-12,3.922143999189966e-12,4.682890421302823e-12,5.581239806298288e-12
0.021608040201005027,,,,,,,,,,,,,,,,,,,,,,,,,,,,,,,,,,,,,,,,,,,,,,,,,,,,,,,,,,,,,,,,,,,,,,,,,,,,,,,,,,,,,,,,,,,,,,,,,,3.7110429286530185e-27,7.552040603428755e-27,1.51495227117325e-26,2.9970010293395826e-26,5.849351848842707e-26,1.1267668797108396e-25,2.143047185127496e-25,4.0258742752129543e-25,7.47262007648093e-25,1.3709367946048862e-24,2.4867715884658552e-24,4.461338028751226e-24,7.918391068809496e-24,1.3908438236536645e-23,2.4183092242058835e-23,4.1634697656202254e-23,7.099422218933346e-23,1.1992907873678758e-22,2.0075481191808218e-22,3.330809682284779e-22,5.478667888925195e-22,8.935873103529842e-22,1.4455336992348518e-21,2.319732612043076e-21,3.693621875786608e-21,5.8365367726651436e-21,9.15434085046688e-21,1.425430869268146e-20,2.203880971959515e-20,3.3839681747835984e-20,5.16097221134304e-20,7.819385539603949e-20,1.1771076886399046e-19,1.7608679469219659e-19,2.6179840059131597e-19,3.868988954662631e-19,5.684302167293415e-19,8.303536444186213e-19,1.2061761195177689e-18,1.7425041920879433e-18,2.5038287923712626e-18,3.5789350842364704e-18,5.089447637437032e-18,7.20116817970273e-18,1.0139048726041678e-17,1.420687599550604e-17,1.9813034645666423e-17,2.7504080136817905e-17,3.800830271406139e-17,5.2292020872775073e-17,7.163202800628568e-17,9.770845616303283e-17,1.3272334711090277e-16,1.795514695755802e-16,2.4193143573306207e-16,3.247069992146203e-16,4.3413061937371924e-16,5.782440192957446e-16,7.67353625454689e-16,1.014622544754052e-15,1.3368052106533796e-15,1.7551561337843825e-15,2.2965504539591924e-15,2.9948613633298928e-15,3.892648127202961e-15,5.043218557199274e-15,6.513141621152078e-15,8.38529963621815e-15,1.0762585472738473e-14,1.3772368696318536e-14,1.757187593894076e-14,2.2354655395953183e-14,2.8358323613207874e-14,3.587382513449511e-14,4.525647260533417e-14,5.693907719560518e-14,7.1447527262834e-14,8.941922776586346e-14,1.1162487475292073e-13,1.3899410915784353e-13,1.726456728867824e-13,2.1392277894828599e-13,2.6443450692662126e-13,3.261041467608339e-13,4.012255386797639e-13,4.925285964163401e-13,6.032553563281074e-13,7.372480674518807e-13,8.99051029377107e-13,1.0940280970212609e-12,1.3284980061842808e-12,1.60988993289044e-12,1.946921985066567e-12,2.3498056392328383e-12,2.8304794793105436e-12,3.4028759743566985e-12,4.083225442549688e-12,4.890401804974168e-12,5.846315222684261e-12,6.976357249426034e-12,8.309904716124419e-12,9.880889197722336e-12,1.1728439600777626e-11
0.022110552763819097,,,,,,,,,,,,,,,,,,,,,,,,,,,,,,,,,,,,,,,,,,,,,,,,,,,,,,,,,,,,,,,,,,,,,,,,,,,,,,,,,,,,,,,,,,,,,,,,4.050662346248527e-27,8.353042001092239e-27,1.6970025348844422e-26,3.398113748276903e-26,6.709672224728097e-26,1.3069393364485827e-25,2.512324938020433e-25,4.767943314475614e-25,8.936826830151156e-25,1.6549635878922628e-24,3.028979285473373e-24,5.4808912511585935e-24,9.808259712911251e-24,1.736410263691329e-23,3.0420136937413636e-23,5.2752439987897154e-23,9.057663176803603e-23,1.5402719105287675e-22,2.5947620672553705e-22,4.331357178203363e-22,7.166059856949998e-22,1.1753492263556413e-21,1.9115257236186713e-21,3.0832836687448414e-21,4.9335232877330125e-21,7.832465444022105e-21,1.2340187381311865e-20,1.9297834352344867e-20,2.9959729286694264e-20,4.6183418627502294e-20,7.070125111866055e-20,1.0750596178729607e-19,1.6239467004691787e-19,2.4373165815199285e-19,3.63511503481107e-19,5.388321615243377e-19,7.939244203953109e-19,1.1629322728175533e-18,1.6937013124240468e-18,2.4529131668571736e-18,3.533008080785358e-18,5.061471046202166e-18,7.213226703803666e-18,1.0227103607795387e-17,1.4427600313634846e-17,2.0253527393213405e-17,2.829552692852149e-17,3.9345003535692476e-17,5.445766156189479e-17,7.503565922804373e-17,1.0293339473670142e-16,1.4059317024180564e-16,1.9121848243486033e-16,2.5899451655698667e-16,3.493676418944233e-16,4.693983356451308e-16,6.282053437970869e-16,8.375224228554265e-16,1.112394026240954e-15,1.4720414696098326e-15,1.9409377969221787e-15,2.5501372453687335e-15,3.338914325347976e-15,4.3567782492817265e-15,5.665941015564699e-15,7.344332151542281e-15,9.48927026178349e-15,1.2221921457377063e-14,1.5692697852865502e-14,2.0087776043381556e-14,2.5636946299936117e-14,3.262303868194127e-14,4.139321295667063e-14,5.2372445789800764e-14,6.607960184998075e-14,8.314653604403438e-14,1.0434074293357897e-13,1.3059214742419171e-13,1.6302471909397112e-13,2.0299369216185322e-13,2.521292852976535e-13,3.1238794156458293e-13,3.861122501763269e-13,4.761008699735321e-13,5.856899512240091e-13,7.188477492846771e-13,8.802843427227287e-13,1.0755786116813648e-12,1.3113249017433541e-12,1.5953020966978708e-12,1.9366681522126296e-12,2.3461835058538514e-12,2.8364671766763723e-12,3.422289806168419e-12,4.120908372916839e-12,4.952447836994574e-12,5.940335546396177e-12,7.111794862008822e-12,8.498405140368e-12,1.0136735954386923e-11,1.2069064236969808e-11,1.4344183904606196e-11,1.7018318461867376e-11,2.015614810774787e-11,2.383196396542908e-11
0.022613065326633167,,,,,,,,,,,,,,,,,,,,,,,,,,,,,,,,,,,,,,,,,,,,,,,,,,,,,,,,,,,,,,,,,,,,,,,,,,,,,,,,,,,,,,,,,,,,,,4.147273367504279e-27,8.677315639344548e-27,1.7875499057912998e-26,3.627370689930295e-26,7.254189974247275e-26,1.4303526156270659e-25,2.781894487308824e-25,5.33900395419223e-25,1.0115177372133004e-24,1.8925411283844953e-24,3.4981159598717024e-24,6.3898773503918814e-24,1.1538965491487853e-23,2.0606219162602972e-23,3.640178035528149e-23,6.363126527106972e-23,1.1009512081551828e-22,1.885977642483151e-22,3.199579924973915e-22,5.377125397789732e-22,8.953997587149152e-22,1.477741257972919e-21,2.4176631990536513e-21,3.92199502801126e-21,6.309960383658752e-21,1.0070380825246656e-20,1.5946048019844747e-20,2.5057252805623246e-20,3.9081348246476236e-20,6.051194257096746e-20,9.303049029249643e-20,1.4203549069118365e-19,2.1539127005447315e-19,3.2448078303773593e-19,4.856767704781612e-19,7.223851895958025e-19,1.067866920032094e-18,1.5691119173497342e-18,2.2921287142535205e-18,3.3291270480714855e-18,4.808219358313783e-18,6.906456517910785e-18,9.867254964838012e-18,1.4023579264250854e-17,1.982863173064383e-17,2.789628806902329e-17,3.905412796813513e-17,5.4412669717059924e-17,7.545536113490813e-17,1.0415504457986302e-16,1.431240481081571e-16,1.9580681269597376e-16,2.667261118077618e-16,3.617965298064667e-16,4.887220285839033e-16,6.574982500625764e-16,8.810447952897374e-16,1.17599822654538e-15,1.5637031159216463e-15,2.0714462943032706e-15,2.7339887468216533e-15,3.595460591729679e-15,4.7116975403699435e-15,6.1531124679468655e-15,8.008213580117779e-15,1.0387901518681305e-14,1.3430702053894965e-14,1.7309119244632587e-14,2.2237326656819234e-14,2.848045202022761e-14,3.636575424653195e-14,4.629604177071763e-14,5.87657385355228e-14,7.438006951724891e-14,9.387791248480839e-14,1.18158947778719e-13,1.4831583448020066e-13,1.8567225070771155e-13,2.318277593357867e-13,2.8871059970461335e-13,3.586396625294099e-13,4.4439708101122237e-13,5.493130680085424e-13,6.77364849122385e-13,8.332917868805606e-13,1.0227290642495077e-12,1.2523625989731116e-12,1.5301081964401238e-12,1.86531832073894e-12,2.2690202743578693e-12,2.7541900297622702e-12,3.336066454289794e-12,4.032511216950527e-12,4.864420265603951e-12,5.856193419511947e-12,7.036269339585935e-12,8.437733921029512e-12,1.0099011005071362e-11,1.2064645232698347e-11,1.4386187868695438e-11,1.7123197513732567e-11,2.034436880119407e-11,2.4128803448992747e-11,2.8567439410560618e-11,3.37646553490472e-11,3.9840069250517344e-11,4.69305517014144e-11
0.02311557788944724,,,,,,,,,,,,,,,,,,,,,,,,,,,,,,,,,,,,,,,,,,,,,,,,,,,,,,,,,,,,,,,,,,,,,,,,,,,,,,,,,,,,,,,,,,,,3.9840487185560635e-27,8.469137292583293e-27,1.771374476456348e-26,3.647229196253808e-26,7.396265878819643e-26,1.4779682679495725e-25,2.9115126570409072e-25,5.656698067877846e-25,1.0843766481368668e-24,2.0518469899653923e-24,3.833763644571493e-24,7.075914123308529e-24,1.2905405972006639e-23,2.3267073774236852e-23,4.147976067457391e-23,7.314642170755513e-23,1.2762775446186918e-22,2.20404410613678e-22,3.7682678200634143e-22,6.380112050184795e-22,1.070026102783392e-21,1.7780760412225078e-21,2.9282128535070394e-21,4.7802877242496764e-21,7.73755357128118e-21,1.2420734316787228e-20,1.9777769432517273e-20,3.12451856259439e-20,4.898363339089679e-20,7.621920563080127e-20,1.1773458701162379e-19,1.8057099010621734e-19,2.75024679827263e-19,4.1605256123893756e-19,6.2524223593932265e-19,9.335562200772567e-19,1.3851316002425642e-18,2.0425102528667364e-18,2.9937971090983463e-18,4.362402602944261e-18,6.320230074661335e-18,9.105431474078927e-18,1.3046189924208864e-17,1.859241355439191e-17,2.6357763398717996e-17,3.7175115625186497e-17,5.216940693690134e-17,7.285287012665186e-17,1.0124898045449224e-16,1.4005305750356796e-16,1.9283946636386753e-16,2.643278130419704e-16,3.6072352204094353e-16,4.901518246910033e-16,6.632085982709996e-16,8.936568215083866e-16,1.199303817629889e-15,1.603102133301007e-15,2.1345260708106894e-15,2.831286804231752e-15,3.741461956380159e-15,4.9261308207021825e-15,6.46262445207118e-15,8.448521049674558e-15,1.1006541874779913e-14,1.4290531945031797e-14,1.849274349422295e-14,2.3852679375744866e-14,3.066779895051641e-14,3.9306441370306975e-14,5.0223381451675693e-14,6.397850259116745e-14,8.125915039958649e-14,1.0290682136223926e-13,1.2994894396367095e-13,1.6363662702211606e-13,2.0548938294903856e-13,2.57347984064653e-13,3.214367798479662e-13,4.004369941193666e-13,4.97572735862145e-13,6.167116980543588e-13,7.62482788071967e-13,9.404132336645395e-13,1.1570880431383217e-12,1.420335070318543e-12,1.7394393474544627e-12,2.125390805975345e-12,2.5911700096969864e-12,3.1520770816173374e-12,3.826109618095654e-12,4.634396057256069e-12,5.601691706651332e-12,6.756945443346158e-12,8.133945982665616e-12,9.772057575302152e-12,1.1717056041710616e-11,1.402207719350248e-11,1.6748690929854855e-11,1.99681156388933e-11,2.3762588985949403e-11,2.8226912739150704e-11,3.347019097458374e-11,3.961778282535767e-11,4.681349289819357e-11,5.522202458509029e-11,6.503172375337646e-11,7.645764271260896e-11,8.974495693908892e-11
0.02361809045226131,,,,,,,,,,,,,,,,,,,,,,,,,,,,,,,,,,,,,,,,,,,,,,,,,,,,,,,,,,,,,,,,,,,,,,,,,,,,,,,,,,,,,,,,,,3.5906440107939034e-27,7.766137807447332e-27,1.6514844111779335e-26,3.4547817522138973e-26,7.113335458333532e-26,1.44228970002264e-25,2.881170727622333e-25,5.673155990421764e-25,1.1015731154357256e-24,2.1101849974732322e-24,3.989555932549386e-24,7.447259801509917e-24,1.3730953295017306e-23,2.5014682166842713e-23,4.5043398117897917e-23,8.019643638985481e-23,1.4122354528184877e-22,2.4604940455040153e-22,4.242586449751949e-22,7.241982083300496e-22,1.2241176230565385e-21,2.0494815999377965e-21,3.39963340803648e-21,5.588501428471292e-21,9.106218256098487e-21,1.4711626718558463e-20,2.3570040902702947e-20,3.7456799934704664e-20,5.905575108275764e-20,9.239369623443876e-20,1.434681811719044e-19,2.2114830890058044e-19,3.384584836850335e-19,5.143956897968953e-19,7.76485358886214e-19,1.164353279594888e-18,1.7346866903713993e-18,2.568083420158762e-18,3.778452185721008e-18,5.525840525112083e-18,8.033842531781868e-18,1.1613092863631978e-17,1.6692806505185037e-17,2.386290002851663e-17,3.3929959561398845e-17,4.799123961807e-17,6.753202916970026e-17,9.455315942842418e-17,1.3173721469222526e-16,1.8266421813708232e-16,2.520902874307088e-16,3.4630609529018856e-16,4.735960508449084e-16,6.448240832056727e-16,8.741779272961417e-16,1.180111079384494e-15,1.5865303322493216e-15,2.124287278704639e-15,2.833044687369051e-15,3.763603549791218e-15,4.980794265553059e-15,6.567056317770637e-15,8.626855401271702e-15,1.1292115870794968e-14,1.472888022044574e-14,1.9145446810633014e-14,2.480228303342807e-14,3.202406445397039e-14,4.121425218796741e-14,5.2872691986931536e-14,6.761680043572756e-14,8.620699767945518e-14,1.0957715367527821e-13,1.3887093779032674e-13,1.754851013161768e-13,2.2112088130597224e-13,2.7784489394215304e-13,3.481610889298186e-13,4.3509556556476566e-13,5.422963088947522e-13,6.741501936713338e-13,8.359199277182825e-13,1.033903968257849e-12,1.2756228482386972e-12,1.570035798607047e-12,1.927792050854393e-12,2.3615217563480886e-12,2.886172069511158e-12,3.5193946157238733e-12,4.281991306911828e-12,5.198426283633433e-12,6.297412657638846e-12,7.612583709312325e-12,9.183259266279719e-12,1.1055319159343444e-11,1.3282196925270746e-11,1.5926008315287128e-11,1.9058830665934932e-11,2.2764150828418694e-11,2.7138501110496476e-11,3.229330459503287e-11,3.835695325495798e-11,4.547714449932896e-11,5.382350416686213e-11,6.359052654042162e-11,7.500086469729909e-11,8.830900744584763e-11,1.0380538222781132e-10,1.218209267423216e-10,1.427321755599715e-10,1.669669118654919e-10
0.02412060301507538,,,,,,,,,,,,,,,,,,,,,,,,,,,,,,,,,,,,,,,,,,,,,,,,,,,,,,,,,,,,,,,,,,,,,,,,,,,,,,,,,,,,,,,,,6.688504108958343e-27,1.448230334429704e-26,3.0824109160835047e-26,6.45258113993658e-26,1.3292343883100557e-25,2.6959995207769313e-25,5.386462272805362e-25,1.0606188802758002e-24,2.0591347011315436e-24,3.943387280305397e-24,7.452384160407456e-24,1.3903901335603763e-23,2.5618947966427877e-23,4.6636932027876606e-23,8.390682882274093e-23,1.4924915416962822e-22,2.6255273934535446e-22,4.569290386920839e-22,7.86938393110608e-22,1.3415898845032923e-21,2.2646884404450352e-21,3.7863859689981075e-21,6.271664538352557e-21,1.0294184964030741e-20,1.674781263403488e-20,2.701364737536737e-20,4.320816404895187e-20,6.854896101029901e-20,1.078897441252496e-19,1.6849704245389736e-19,2.6116973006017835e-19,4.018412953643768e-19,6.138573044680955e-19,9.311909702073818e-19,1.4029537066590224e-18,2.0996820823815494e-18,3.1220466315498056e-18,4.612842806855778e-18,6.7734040685714485e-18,9.885939265526059e-18,1.4343762828346234e-17,2.0691983658518803e-17,2.968197979249563e-17,4.2343950997813844e-17,6.008305896217542e-17,8.480619337890865e-17,1.190883124352406e-16,1.6638968236144313e-16,2.313382831735986e-16,3.2009527573241655e-16,4.4082587901298217e-16,6.043034521077299e-16,8.246812050453927e-16,1.1204740038095918e-15,1.5158024479092455e-15,2.0419630886621937e-15,2.7394026717797387e-15,3.6601910309866905e-15,4.871107189944484e-15,6.4574768720024484e-15,8.527927567120795e-15,1.1220260237553334e-14,1.4708675420343208e-14,1.9212636762489114e-14,2.5007707865059923e-14,3.243875979023363e-14,4.193601789760941e-14,5.40344991587305e-14,6.939748620460848e-14,8.884479377605179e-14,1.1338670866418169e-13,1.4426462773840318e-13,1.8299958232054083e-13,2.3145002338622243e-13,2.91880453408773e-13,3.670427298928802e-13,4.602721358016445e-13,5.756006164195783e-13,7.178899004113835e-13,8.929877969727273e-13,1.1079107229072178e-12,1.3710573266751697e-12,1.6924569420830262e-12,2.0840585314491834e-12,2.5600657685031276e-12,3.13732482967863e-12,3.835772242470689e-12,4.678951025655956e-12,5.6946043310208074e-12,6.915356866684767e-12,8.379495555249604e-12,1.0131862163338593e-11,1.2224872040345174e-11,1.4719674631559924e-11,1.768747309252375e-11,2.1211022136275814e-11,2.5386325202203348e-11,3.032455415307029e-11,3.615421699616279e-11,4.302360159312515e-11,5.110352598702888e-11,6.05904288222414e-11,7.1709836430986e-11,8.472024641984959e-11,9.991747114105157e-11,1.1763948818796178e-10,1.38271849078891e-10,1.6225370157874407e-10,1.9008448566880587e-10,2.2233136802198471e-10,2.596374849846859e-10,3.027310695179424e-10
0.02462311557788945,,,,,,,,,,,,,,,,,,,,,,,,,,,,,,,,,,,,,,,,,,,,,,,,,,,,,,,,,,,,,,,,,,,,,,,,,,,,,,,,,,,,,,,5.4063185284183246e-27,1.1938165435416772e-26,2.589134173219005e-26,5.518436930821287e-26,1.1565755858248713e-25,2.384894356112226e-25,4.840963056692731e-25,9.67792587693628e-25,1.906477743939854e-24,3.7023907493478664e-24,7.091327543380456e-24,1.3401498078698286e-23,2.4999873340420294e-23,4.6052358324335813e-23,8.380301828113842e-23,1.5070191709986975e-22,2.6790489936950405e-22,4.7096740129485665e-22,8.190101901004512e-22,1.4093233556971199e-21,2.40040443595653e-21,4.047951662699354e-21,6.7605716622855156e-21,1.1185216697495416e-20,1.83370610034125e-20,2.979523760789361e-20,4.799537452739307e-20,7.666325773875531e-20,1.21452636531573e-19,1.9087607632228413e-19,2.9765336732587724e-19,4.606506109727743e-19,7.076490244181702e-19,1.07927128506483e-18,1.6345120278555924e-18,2.458477037664356e-18,3.673144338431081e-18,5.452234397300085e-18,8.041634386988155e-18,1.1787285773575101e-17,1.7173043813619245e-17,2.4871786882184322e-17,3.5814035895385444e-17,5.127959190960737e-17,7.301927700644361e-17,1.0341584683317166e-16,1.4569562530811724e-16,2.0420550392243027e-16,2.847737819352887e-16,3.951780563333842e-16,5.457491868740795e-16,7.5014747958935405e-16,1.0263559067902495e-15,1.3979457102589554e-15,1.8956824623708225e-15,2.55955598704537e-15,3.441335929266046e-15,4.607776737406745e-15,6.144621991774462e-15,8.161589065301768e-15,1.0798551821564765e-14,1.4233182327829054e-14,1.8690363386812014e-14,2.4453743194569047e-14,3.187987287333459e-14,4.141544841438826e-14,5.3618272263830824e-14,6.91826581328662e-14,8.897012753728186e-14,1.1404639019267486e-13,1.4572576504536e-13,1.8562438696880437e-13,2.357237587965844e-13,2.984464524578894e-13,3.7674603984373914e-13,4.742136472689036e-13,5.952038809048228e-13,7.449832685346621e-13,9.29904809960527e-13,1.15761272921351e-12,1.437282081580569e-12,1.7798984929114518e-12,2.198584003603037e-12,2.708975761389003e-12,3.3296651619192872e-12,4.082705982490581e-12,4.9942010959675225e-12,6.094978502999119e-12,7.42136868179025e-12,9.016096640571479e-12,1.0929303574135222e-11,1.3219714682823552e-11,1.59559715195253e-11,1.9218149197854937e-11,2.3099480932748045e-11,2.770831470424239e-11,3.317032934700293e-11,3.9631040083627794e-11,4.725862645034027e-11,5.6247118721430835e-11,6.681998233537026e-11,7.923414347356744e-11,9.378449973761137e-11,1.1080898899187628e-10,1.306942066488674e-10,1.5388174098467222e-10,1.808751829990576e-10,2.122479472862636e-10,2.486519588742433e-10,2.9082729203397017e-10,3.3961285041985166e-10,3.9595818475138004e-10,4.6093655148810645e-10,5.357593235887085e-10
0.02512562814070352,,,,,,,,,,,,,,,,,,,,,,,,,,,,,,,,,,,,,,,,,,,,,,,,,,,,,,,,,,,,,,,,,,,,,,,,,,,,,,,,,,,,,4.0968922661463366e-27,9.241856915780165e-27,2.0457263956431196e-26,4.446341266328213e-26,9.49500980106152e-26,1.993350701903611e-25,4.116370827808521e-25,8.366112774348798e-25,1.6743146784343582e-24,3.301190581177576e-24,6.4155080839936056e-24,1.2294661008002596e-23,2.3244325387078367e-23,4.337247776902399e-23,7.990666474009084e-23,1.4540883310865809e-22,2.6145588344295184e-22,4.646868183713824e-22,8.166293685248224e-22,1.4194986456656568e-21,2.441335525022066e-21,4.155606222304753e-21,7.002976740334244e-21,1.168677177870957e-20,1.931913618327417e-20,3.164284077700368e-20,5.1364975679995334e-20,8.265475971789669e-20,1.3188012464110466e-19,2.086889608367263e-19,3.27584058934406e-19,5.101999604893736e-19,7.8857051699323375e-19,1.209784929466635e-18,1.842576405542154e-18,2.7865828608751515e-18,4.18527799433858e-18,6.243912161052918e-18,9.254249119112433e-18,1.3628466143126317e-17,1.9945337483717828e-17,2.901278957552755e-17,4.1952155910218154e-17,6.031103751682571e-17,8.621367358785763e-17,1.2256024508885854e-16,1.732896918987322e-16,2.4372456411258356e-16,3.4102132159126086e-16,4.747555453065236e-16,6.576789691589387e-16,9.066943637500938e-16,1.244105433993031e-15,1.6992124167752203e-15,2.310340429070686e-15,3.1274073410476536e-15,4.215161628134327e-15,5.657248977154643e-15,7.561300168185444e-15,1.006527281923159e-14,1.3345326979520784e-14,1.7625570436926628e-14,2.319007525936639e-14,3.0397643973175255e-14,3.9699893520636766e-14,5.16633295515382e-14,6.699620471044734e-14,8.658109462402658e-14,1.1151428674857949e-13,1.4315326283783034e-13,1.831737685347601e-13,2.336382067654214e-13,2.970773688073248e-13,3.7658783202826283e-13,4.759477105897939e-13,5.997538494820161e-13,7.535840080621458e-13,9.441880921640172e-13,1.1797130695643607e-12,1.4699668482916035e-12,1.8267271175103095e-12,2.2641019535250402e-12,2.7989498862393067e-12,3.451368112093455e-12,4.245258636422749e-12,5.20898334010786e-12,6.37612030159283e-12,7.786335175560922e-12,9.486383043893682e-12,1.1531257923644441e-11,1.398550905168177e-11,1.6924745177847913e-11,2.0437350399880458e-11,2.4626437576158298e-11,2.961206806940297e-11,3.553376951856511e-11,4.255338652140614e-11,5.085830254496125e-11,6.066507510307702e-11,7.222353019965117e-11,8.582136636097509e-11,1.017893231399387e-10,1.205069739407477e-10,1.4240920821881053e-10,1.6799347379738287e-10,1.9782785598012617e-10,2.32560076539996e-10,2.729275024328249e-10,3.1976826127406693e-10,3.7403356823506926e-10,4.3680137707582733e-10,5.09291476547169e-10,5.928821623816568e-10,6.891286245602074e-10,7.997831995044452e-10,9.268176473128794e-10
0.025628140703517592,,,,,,,,,,,,,,,,,,,,,,,,,,,,,,,,,,,,,,,,,,,,,,,,,,,,,,,,,,,,,,,,,,,,,,,,,,,,,,,,,,,,6.710101521790423e-27,1.5186324725098255e-26,3.3715517937160323e-26,7.347704915688796e-26,1.572881713892887e-25,3.3092383482728405e-25,6.847008825400195e-25,1.393980031738087e-24,2.7939998531274368e-24,5.516093814104904e-24,1.0732085085995057e-23,2.0586689684444323e-23,3.8952298438957087e-23,7.272938907333087e-23,1.3405885779112532e-22,2.4403997750929184e-22,4.38905041977684e-22,7.801569317877815e-22,1.3710289110176356e-21,2.382922877113738e-21,4.097433707035105e-21,6.972474334374598e-21,1.1745304866253856e-20,1.9591536867697858e-20,3.2368261032279163e-20,5.298247609849882e-20,8.59445386976348e-20,1.381925361106048e-19,2.203100820670946e-19,3.4831100550852656e-19,5.462344499276077e-19,8.4988995794452e-19,1.3122224494326482e-18,2.0109428716499815e-18,3.0593058983623418e-18,4.621229603090468e-18,6.93236663159358e-18,1.03292811841297e-17,1.5289597604523795e-17,2.2486910047595625e-17,3.286543492703252e-17,4.774091801447656e-17,6.89362612256316e-17,9.896281385698438e-17,1.4126140490386356e-16,2.0052112850114007e-16,2.830988151553216e-16,3.975682442075291e-16,5.554357356741945e-16,7.720681071962055e-16,1.0678904533713913e-15,1.4699252212088338e-15,2.0137611082044567e-15,2.746060969812492e-15,3.7277428513641026e-15,5.037998220685254e-15,6.779347339723872e-15,9.083974490104961e-15,1.212163658427993e-14,1.6109498858380076e-14,2.1324285395564092e-14,2.8117510993345928e-14,3.6933624952529516e-14,4.8333078847191536e-14,6.30198789738984e-14,8.18754056381885e-14,1.0599942599333778e-13,1.3675972799351484e-13,1.7585200236649168e-13,2.25371870290196e-13,2.8790126409031853e-13,3.6661172085638006e-13,4.653875501381769e-13,5.889722912435046e-13,7.431423897056949e-13,9.349126020263481e-13,1.172778289719298e-12,1.467000495163755e-12,1.8299405105349546e-12,2.2764515653300884e-12,2.824336276549637e-12,3.4948796376004394e-12,4.3134685774376825e-12,5.310310510592495e-12,6.521264832051155e-12,7.988803002342133e-12,9.763114722806292e-12,1.1903379743477938e-11,1.4479227074773621e-11,1.7572405814878488e-11,2.127869446452635e-11,2.5710078496825046e-11,3.0997229096082605e-11,3.7292319392115026e-11,4.47722182112314e-11,5.364210534851994e-11,6.413955670100346e-11,7.653915217890441e-11,9.115766436963829e-11,1.0835989121914219e-10,1.2856520175472622e-10,1.52254869994891e-10,1.7998027873808256e-10,2.123720819022077e-10,2.5015042151575695e-10,2.9413630335887854e-10,3.4526424363576896e-10,4.045963079390442e-10,4.733376731690399e-10,5.528538529978442e-10,6.446897379508936e-10,7.50590612213436e-10,8.725253208893531e-10,1.0127117736400556e-09,1.1736449834378043e-09,1.3581278525994327e-09,1.569304932185005e-09
0.026130653266331662,,,,,,,,,,,,,,,,,,,,,,,,,,,,,,,,,,,,,,,,,,,,,,,,,,,,,,,,,,,,,,,,,,,,,,,,,,,,,,,,,,4.5614965110496436e-27,1.0575342305874204e-26,2.4026019844292238e-26,5.352834487874382e-26,1.1703071801138688e-25,2.5125548463760003e-25,5.300334582278817e-25,1.0993174369089134e-24,2.2429696714831374e-24,4.5044467517292036e-24,8.908491533471092e-24,1.7359154397591684e-23,3.3344355545565145e-23,6.316613557963576e-23,1.1806059926488036e-22,2.178045231164345e-22,3.967756893202299e-22,7.140149981148891e-22,1.269740056168865e-21,2.2321437344331455e-21,3.880412211032885e-21,6.673053904087273e-21,1.1355326383504481e-20,1.9126464840483302e-20,3.18975070513798e-20,5.268509845406556e-20,8.620756378859525e-20,1.3977922328941806e-19,2.246407538851211e-19,3.5792182683932404e-19,5.655132441233605e-19,8.862371963385466e-19,1.3778563520591334e-18,2.1256686192499392e-18,3.254711832857139e-18,4.946973415659389e-18,7.465492367635678e-18,1.1187890355627512e-17,1.6652719944156377e-17,2.4623127033360848e-17,3.617376078015448e-17,5.2808713400554894e-17,7.662063953424921e-17,1.1050421880331334e-16,1.5844094187345407e-16,2.2587700824800696e-16,3.202221497687008e-16,4.515047082656969e-16,6.332276215774959e-16,8.834814906638882e-16,1.2263850626622242e-15,1.6939407977854274e-15,2.328414309803947e-15,3.1853720978105e-15,4.337542952615013e-15,5.879705683305881e-15,7.934850469816994e-15,1.0661914465978425e-14,1.426545569222178e-14,1.9007704392834463e-14,2.5223519749691465e-14,3.33388841942233e-14,4.3893689909029016e-14,5.756971504453634e-14,7.522485362274646e-14,9.793485628908202e-14,1.2704406259142096e-13,1.6422686326991085e-13,2.1156192746789746e-13,2.7162156968133126e-13,3.4757901965037727e-13,4.433368013421601e-13,5.63679930395027e-13,7.144582099962306e-13,9.028025500046104e-13,1.1373809618073967e-12,1.4287006983617896e-12,1.7894639271609104e-12,2.2349853504358225e-12,2.783681331433544e-12,3.457641363848271e-12,4.283294137365225e-12,5.292182024636743e-12,6.521859552634365e-12,8.016933339161891e-12,9.830263086960323e-12,1.2024345548009686e-11,1.4672905914663334e-11,1.7862723877842254e-11,2.1695724632184713e-11,2.629136842086454e-11,3.1789375815873146e-11,3.8352829841447895e-11,4.617170028673714e-11,5.5466840138256934e-11,6.649450901162722e-11,7.955148379557892e-11,9.498082245859396e-11,1.1317835312966535e-10,1.3459996716987492e-10,1.5976980202016057e-10,1.8928940716442983e-10,2.238479946021723e-10,2.642338838074262e-10,3.1134726027252485e-10,3.6621437643078006e-10,4.300033339524751e-10,5.04041597506231e-10,5.898354011012298e-10,6.890912208184906e-10,8.037395000498686e-10,9.359608270261167e-10,1.0882147784671885e-09,1.2632716580051949e-09,1.4642473735797338e-09,1.6946417139776487e-09,1.958380302573236e-09,2.25986052217996e-09,2.604001725676654e-09
0.02663316582914573,,,,,,,,,,,,,,,,,,,,,,,,,,,,,,,,,,,,,,,,,,,,,,,,,,,,,,,,,,,,,,,,,,,,,,,,,,,,,,,,,6.894919488028246e-27,1.6061399428277137e-26,3.665052051099209e-26,8.198667129131115e-26,1.799206657107427e-25,3.8760321170742487e-25,8.202427018770598e-25,1.706134872079878e-24,3.490241342165253e-24,7.026067884034737e-24,1.3925694049178545e-23,2.718889689912837e-23,5.23178013104165e-23,9.926457956760426e-23,1.8578949566226917e-22,3.431760037315414e-22,6.258361916137318e-22,1.1272601450777279e-21,2.006189945267353e-21,3.5290873922295056e-21,6.1382838786088e-21,1.0560182789994524e-20,1.7975286212853786e-20,3.0282705347218384e-20,5.050767713920407e-20,8.342350825344127e-20,1.3649212546692407e-19,2.2127386628996086e-19,3.555224658993851e-19,5.66272296829652e-19,8.943509585958281e-19,1.4009233496482463e-18,2.176909123731436e-18,3.356434340062668e-18,5.135906422763802e-18,7.800872817795468e-18,1.1763580596576117e-17,1.7615150468711532e-17,2.6197581622103347e-17,3.8702497456833925e-17,5.680573056924146e-17,8.284965623654792e-17,1.2008877377426508e-16,1.73018595129348e-16,2.478136607215768e-16,3.529077417834719e-16,4.997583391344319e-16,7.038488477365242e-16,9.85995694182685e-16,1.37404492805153e-15,1.905063808471712e-15,2.628158639770547e-15,3.608081362792628e-15,4.929825232457929e-15,6.70445549706786e-15,9.076475708341348e-15,1.2233095698777502e-14,1.641584514974791e-14,2.19350690670263e-14,2.918795067391747e-14,3.868083581071677e-14,5.1056783795940507e-14,6.712944610720891e-14,8.792457979888543e-14,1.147307413119035e-13,1.4916098270303903e-13,1.932276912392832e-13,2.494330801731497e-13,3.208782592606397e-13,4.1139429467718513e-13,5.256992164781822e-13,6.695855552962753e-13,8.50143696843695e-13,1.0760271419515896e-12,1.3577666609280419e-12,1.7081413442792435e-12,2.1426156883634044e-12,2.679853126058797e-12,3.342317831584963e-12,4.1569782084661125e-12,5.156127224322569e-12,6.3783366999325785e-12,7.869564811185489e-12,9.68443842975376e-12,1.1887734542099079e-11,1.4556087848298623e-11,1.7779954784102754e-11,2.1665867643037248e-11,2.6339016222876553e-11,3.1946198502147015e-11,3.865918628854393e-11,4.667855659453358e-11,5.6238044697818767e-11,6.760948050441446e-11,8.110837584805678e-11,9.710023697264653e-11,1.1600768341530971e-10,1.3831846207852213e-10,1.6459445334838208e-10,1.954817747532065e-10,2.3172209687425828e-10,2.7416529604294114e-10,3.2378357880819835e-10,3.8168722425742435e-10,4.491421020426911e-10,5.275891364270013e-10,6.186658998379358e-10,7.242305333208905e-10,8.463882059405026e-10,9.875203405955423e-10,1.1503168499277448e-09,1.3378116429975138e-09,1.5534216812228025e-09,1.8009898807177346e-09,2.0848321776391797e-09,2.409789093471286e-09,2.7812821583542793e-09,3.2053755725812596e-09,3.6888435092865323e-09,4.23924348509885e-09
0.0271356783919598,,,,,,,,,,,,,,,,,,,,,,,,,,,,,,,,,,,,,,,,,,,,,,,,,,,,,,,,,,,,,,,,,,,,,,,,,,,,,,,4.198878167842153e-27,1.0050512875310159e-26,2.3537850557730168e-26,5.397839674984936e-26,1.2130581502647157e-25,2.6734341086897107e-25,5.782108136660124e-25,1.228061702597392e-24,2.5629869772235247e-24,5.259290752662871e-24,1.0617272022341823e-23,2.1098075794058983e-23,4.129005113559436e-23,7.962311161871362e-23,1.5136762846965608e-22,2.838095466546169e-22,5.25064444448507e-22,9.58899871736858e-22,1.7293572960331636e-21,3.0811692261480047e-21,5.425345199626621e-21,9.44442073145179e-21,1.625954230603465e-20,2.7692959240154424e-20,4.6676242359240943e-20,7.787892519496421e-20,1.2866740719104682e-19,2.1055416809753038e-19,3.413684470099668e-19,5.484793757893477e-19,8.735415763470213e-19,1.3794252602442185e-18,2.1602560544123106e-18,3.3558477579388393e-18,5.172294579585892e-18,7.91113735907736e-18,1.2010380873140339e-17,1.8101779934073243e-17,2.709031032023345e-17,4.0263696282869184e-17,5.944240324223252e-17,8.718377517035766e-17,1.2705818868244789e-16,1.8402043900982828e-16,2.649063447094926e-16,3.7909309361081895e-16,5.393725548317268e-16,7.63100131713118e-16,1.0736982998073921e-15,1.502614438508591e-15,2.0918577198562716e-15,2.8972705951420337e-15,3.992727904470996e-15,5.4755020899157145e-15,7.473087867656761e-15,1.0151845698238736e-14,1.3727902389663724e-14,1.8480841379951757e-14,2.4770827154700518e-14,3.3059940681801706e-14,4.393865886484989e-14,5.815859439714698e-14,7.667282703130317e-14,1.00685407616621e-13,1.317119072418627e-13,1.7165322092648468e-13,2.2288522458865778e-13,2.8836733202292524e-13,3.7177351288999864e-13,4.776499206539243e-13,6.116039505695589e-13,7.805303101555885e-13,9.928805502273517e-13,1.2589834822686515e-12,1.5914250112095253e-12,2.0054971531506496e-12,2.5197273990643997e-12,3.1565011422634847e-12,3.942791624692658e-12,4.911013790972686e-12,6.1000205866354545e-12,7.55626261604235e-12,9.335134704837655e-12,1.150253581116708e-11,1.4136671919753435e-11,1.733013505464747e-11,2.1192295382146318e-11,2.5852047567996488e-11,3.1460957125859986e-11,3.8196857472077517e-11,4.626795380866443e-11,5.5917495819180937e-11,6.742908750492581e-11,8.113270933920649e-11,9.741153530130983e-11,1.1670963529576562e-10,1.3954066199420255e-10,1.664976302825774e-10,1.9826390728331681e-10,2.356255413761812e-10,2.7948506979008213e-10,3.308769562062951e-10,3.909848224272952e-10,4.6116065154888064e-10,5.429461542511714e-10,6.380965048189038e-10,7.486066693353997e-10,8.767405651882646e-10,1.025063308599311e-09,1.1964768253601582e-09,1.3942591193474663e-09,1.6221075136953884e-09,1.8841862007760533e-09,2.1851784593390433e-09,2.530343920346239e-09,2.9255812871783975e-09,3.3774969410249777e-09,3.893479888359349e-09,4.481783534496922e-09,5.151614795287763e-09,5.913231088037729e-09,6.7780457727481196e-09
0.02763819095477387,,,,,,,,,,,,,,,,,,,,,,,,,,,,,,,,,,,,,,,,,,,,,,,,,,,,,,,,,,,,,,,,,,,,,,,,,,,,,,5.871723960405989e-27,1.4144749007464733e-26,3.3324089175496004e-26,7.684529009080503e-26,1.7358681717554988e-25,3.844010197960304e-25,8.350887178360011e-25,1.7809762502351598e-24,3.731162947667419e-24,7.683531215883159e-24,1.5562007746573995e-23,3.101732758985159e-23,6.087120775299505e-23,1.1768270066190242e-22,2.242440924350251e-22,4.2134928007581377e-22,7.810390036676673e-22,1.4288953157043276e-21,2.58110346888594e-21,4.605325300007519e-21,8.11952405868453e-21,1.4150601799737897e-20,2.4386283822309504e-20,4.15708518400088e-20,7.012053606785664e-20,1.1707103205391118e-19,1.9352240575386247e-19,3.1682200242831856e-19,5.138325624601153e-19,8.257822208679126e-19,1.3154009335961602e-18,2.0773346037532402e-18,3.253220586960405e-18,5.053341190485156e-18,7.78749020731485e-18,1.1908649043518744e-17,1.807434685987449e-17,2.723226590509405e-17,4.0738865007668694e-17,6.05226758272445e-17,8.930765737421918e-17,1.309167954569451e-16,1.9068227561901038e-16,2.759963700289803e-16,3.97047059155336e-16,5.67794837509423e-16,8.072627034536014e-16,1.1412306898496446e-15,1.6044502653903747e-15,2.243523481015718e-15,3.120627972586084e-15,4.318313168552835e-15,5.945646810737687e-15,8.146055937198036e-15,1.1107284825581042e-14,1.5073986378085486e-14,2.0363575700013746e-14,2.738610820233516e-14,3.666910286457848e-14,4.888841818559244e-14,6.490650816207778e-14,8.581964322103407e-14,1.1301598180504057e-13,1.4824672828146517e-13,1.9371301867676734e-13,2.5217164476691417e-13,3.2706326735904566e-13,4.2266739001847104e-13,5.442890746852351e-13,6.984831910866653e-13,8.933229139804539e-13,1.1387202283680815e-12,1.4468073861612072e-12,1.832389592629646e-12,2.313480702528239e-12,2.911935390418321e-12,3.654193144618375e-12,4.572151537906414e-12,5.704188569862738e-12,7.09635647615233e-12,8.803772280609768e-12,1.0892233549177969e-11,1.3440091314249934e-11,1.6540415998209373e-11,2.030349640159171e-11,2.485971645869854e-11,3.036285953866248e-11,3.699389558380775e-11,4.49653124064879e-11,5.452605898153009e-11,6.596717565261358e-11,7.962819381954012e-11,9.59043959310184e-11,1.1525503550246429e-10,1.3821262644184252e-10,1.6539342123002317e-10,1.9750920849626135e-10,2.353805722848584e-10,2.7995176785675557e-10,3.3230738223876063e-10,3.936909619535316e-10,4.6552580546253734e-10,5.494381338607305e-10,6.472828703088583e-10,7.611722765240848e-10,8.935077137498617e-10,1.0470148150688193e-09,1.2247823773821657e-09,1.4303053028897972e-09,1.6675319431409972e-09,1.9409162227430174e-09,2.255474945004125e-09,2.6168507080505712e-09,3.031380887340909e-09,3.506173168980465e-09,4.049188147830535e-09,4.6693295351277305e-09,5.376542552131716e-09,6.181921119379784e-09,7.097824483990664e-09,8.138003966572258e-09,9.317740537360009e-09,1.0653993978518854e-08
0.02814070351758794,,,,,,,,,,,,,,,,,,,,,,,,,,,,,,,,,,,,,,,,,,,,,,,,,,,,,,,,,,,,,,,,,,,,,,,,,,,,3.192888129433478e-27,7.93098471802075e-27,1.9240088202043612e-26,4.562661895460162e-26,1.0586089503092197e-25,2.404999018980548e-25,5.354202045615938e-25,1.168953001369955e-24,2.5045413452834635e-24,5.269629083557594e-24,1.0895086168947286e-23,2.2148546480783678e-23,4.4297243109578846e-23,8.721005124985768e-23,1.6910068912563458e-22,3.2309748122963654e-22,6.086138161126516e-22,1.13076303225829e-21,2.0730787957655557e-21,3.7519675767652464e-21,6.7062273898451324e-21,1.1842486732119344e-20,2.0668810539303102e-20,3.566579317320709e-20,6.086977482971685e-20,1.0277997494691526e-19,1.717553344235517e-19,2.841445813108481e-19,4.655038704550696e-19,7.554129863779195e-19,1.2146205441390426e-18,1.9355534666479504e-18,3.057646029470323e-18,4.7895178652316634e-18,7.440808997025182e-18,1.146752823225855e-17,1.753617217859465e-17,2.661373120890261e-17,4.009314881023215e-17,5.996700833936304e-17,8.9066393285894e-17,1.313872596057441e-16,1.925335858839173e-16,2.803154128744434e-16,4.0555111435551356e-16,5.831374187415184e-16,8.334685007739964e-16,1.1843076910851463e-15,1.6732429660083571e-15,2.350891512058487e-15,3.2850606390917135e-15,4.566123699296736e-15,6.313932267544563e-15,8.68666175163451e-15,1.1892079250524895e-14,1.620183264582614e-14,2.196949177684701e-14,2.965322973262142e-14,3.984421890020046e-14,5.330203707139704e-14,7.099863884189366e-14,9.417275257371575e-14,1.2439691984806544e-13,1.6365980985062574e-13,2.144669235189057e-13,2.799633603905524e-13,3.640829646399854e-13,4.71728906435139e-13,6.089916021050307e-13,7.834108443354712e-13,1.0042901154115825e-12,1.2830723072135073e-12,1.6337874872020908e-12,2.0735849471202355e-12,2.6233635689034033e-12,3.3085165598856316e-12,4.159808867516132e-12,5.214408104565751e-12,6.517092622327417e-12,8.121663486131292e-12,1.009259056030699e-11,1.250692672530022e-11,1.5456528456160723e-11,1.9050625618014786e-11,2.3418788410833788e-11,2.871434495377374e-11,3.5118309070922676e-11,4.2843884458239426e-11,5.2141618609635553e-11,6.33052876929801e-11,7.667860202885452e-11,9.266283097220255e-11,1.1172545586431867e-10,1.3440997034683967e-10,1.6134695874487532e-10,1.9326659547148582e-10,2.3101272151112793e-10,2.755586680474332e-10,3.2802501223684057e-10,3.896994660368048e-10,4.620591158971628e-10,5.46795249061675e-10,6.458410212181779e-10,7.614022403223001e-10,8.959915626189119e-10,1.052466419230602e-09,1.234071015186694e-09,1.4444827674639665e-09,1.6878635745075896e-09,1.9689163368184443e-09,2.2929471765502576e-09,2.6659338336568336e-09,3.0946007469838967e-09,3.5865013608084084e-09,4.150108230696673e-09,4.79491153717689e-09,5.531526651611262e-09,6.371811435739895e-09,7.328993994771033e-09,8.417811643402287e-09,9.654661884952035e-09,1.1057766245699966e-08,1.2647347849589473e-08,1.4445823662663627e-08,1.6478012381830416e-08
0.028643216080402014,,,,,,,,,,,,,,,,,,,,,,,,,,,,,,,,,,,,,,,,,,,,,,,,,,,,,,,,,,,,,,,,,,,,,,,,,,,4.1353825938648115e-27,1.0356641824099012e-26,2.531803681584889e-26,6.047246793242897e-26,1.412504296653881e-25,3.229196459658723e-25,7.231385940483644e-25,1.5874625934591736e-24,3.4186656802731545e-24,7.227398104829469e-24,1.500950062360152e-23,3.063956843258257e-23,6.151650965075386e-23,1.2154634400531719e-22,2.364669873408746e-22,4.532148290235921e-22,8.561683714639898e-22,1.5949339729873395e-21,2.9312488025840234e-21,5.317145822232578e-21,9.523613913134974e-21,1.6849851626092765e-20,2.9459678290515757e-20,5.091634245623118e-20,8.702355531840877e-20,1.47134266005874e-19,2.4616669321407037e-19,4.0767934415113045e-19,6.685166875866673e-19,1.0857630281300384e-18,1.747058338380846e-18,2.7857686962714334e-18,4.4031081077218186e-18,6.900133421154014e-18,1.072365169272545e-17,1.65315821892025e-17,2.5285321151868595e-17,3.837931589038694e-17,5.782155361091273e-17,8.64832444064763e-17,1.2844191841765711e-16,1.8944982369468972e-16,2.7756934421286706e-16,4.040296933950916e-16,5.843750272210044e-16,8.399941450399871e-16,1.200147042521773e-15,1.7046348655859386e-15,2.4072986084360313e-15,3.3805797602770955e-15,4.7214348615275966e-15,6.558967708273952e-15,9.064230223610358e-15,1.2462748647216086e-14,1.7050458974678067e-14,2.321388826720808e-14,3.145560084414155e-14,4.242614533711777e-14,5.69639956329921e-14,7.61452820614773e-14,1.0134546574192277e-13,1.3431552655097568e-13,1.7727572233911326e-13,2.330305433684094e-13,3.0510914202177924e-13,3.9793627524642716e-13,5.17039668656509e-13,6.693007106092324e-13,8.632565269821549e-13,1.1094627891813034e-12,1.4209280867737241e-12,1.8136323710989885e-12,2.3071438676817663e-12,2.9253509850631796e-12,3.697328139093614e-12,4.6583570894212315e-12,5.851128375118979e-12,7.327150766635727e-12,9.14840035066334e-12,1.1389244963391472e-11,1.4138684217941159e-11,1.7502950366507752e-11,2.160852073138208e-11,2.6605598467130028e-11,3.267212501535886e-11,4.001839482172355e-11,4.8892350740222415e-11,5.958564709231179e-11,7.244057661789056e-11,8.785796759175246e-11,1.0630616822544548e-10,1.2833124716849466e-10,1.545685515105495e-10,1.8575577720355795e-10,2.227477213148038e-10,2.6653290102665114e-10,3.182522408590478e-10,3.792200472129589e-10,4.509475082102713e-10,5.351689765500366e-10,6.338713145030955e-10,7.493266022840592e-10,8.841285349933318e-10,1.041232857804784e-09,1.2240022158639264e-09,1.4362558225165493e-09,1.6823243788027153e-09,1.9671107069634587e-09,2.2961565933977907e-09,2.6757163684937187e-09,3.1128377862637472e-09,3.6154508022432594e-09,4.192464885661361e-09,4.853875540715926e-09,5.610880752040559e-09,6.476008111086692e-09,7.463253423215492e-09,8.58823163965875e-09,9.868341004279673e-09,1.1322941352128697e-08,1.2973547545076067e-08,1.4844039079468153e-08,1.6960886951440428e-08,1.9353398917488535e-08,2.2053984340987742e-08,2.509843986926841e-08
0.029145728643216084,,,,,,,,,,,,,,,,,,,,,,,,,,,,,,,,,,,,,,,,,,,,,,,,,,,,,,,,,,,,,,,,,,,,,,,,,,5.178810727157873e-27,1.3085615317318058e-26,3.2256943700845245e-26,7.76499163424551e-26,1.8270448795366154e-25,4.205610253425596e-25,9.478557582486714e-25,2.0933056805008485e-24,4.533430810880968e-24,9.634653582911427e-24,2.010739641278344e-23,4.1235186506454356e-23,8.314592661221207e-23,1.6494186418346784e-22,3.2209350766687373e-22,6.194800676143275e-22,1.1740582949219827e-21,2.193722610731765e-21,4.0430294387669055e-21,7.352919458361818e-21,1.3201601835433735e-20,2.340915012027316e-20,4.1011686733853766e-20,7.101600563616861e-20,1.2158734776558395e-19,2.0589915617932372e-19,3.449842033656762e-19,5.720855248657107e-19,9.392321960328613e-19,1.5270848879814835e-18,2.459543728917396e-18,3.925231850435304e-18,6.20882198465415e-18,9.736338630779065e-18,1.514014550397121e-17,2.3351446660349248e-17,3.573095469949054e-17,5.4252119201205173e-17,8.175622472670625e-17,1.2230508659579824e-16,1.8166539841313427e-16,2.6796951538296217e-16,3.926112001758896e-16,5.71452352976714e-16,8.264388878935825e-16,1.1877517775904045e-15,1.6966541491411649e-15,2.4092387000852032e-15,3.4013334143660857e-15,4.77488971036828e-15,6.6662582184984166e-15,9.256856251081375e-15,1.2786851013546692e-14,1.757262757310841e-14,2.4028984939522934e-14,3.269721236824234e-14,4.4280446883497913e-14,5.968800852044448e-14,8.009075917754336e-14,1.0698994250044026e-13,1.4230244494076674e-13,1.8846598235624624e-13,2.485683734413147e-13,3.2650582343203346e-13,4.2717602262299653e-13,5.567128793157223e-13,7.227708723161333e-13,9.348683418870835e-13,1.204800559518964e-12,1.5471351469256549e-12,1.979804375851058e-12,2.5248110967265586e-12,3.209067541784732e-12,4.065389054428415e-12,5.133667940678702e-12,6.462256151253615e-12,8.1095894169114e-12,1.0146089809258988e-11,1.2656388520230885e-11,1.574191598328045e-11,1.952391233708323e-11,2.4146917696333396e-11,2.978280879649441e-11,3.663545633387565e-11,4.4946085823839125e-11,5.499943403752731e-11,6.713080312291042e-11,8.173412545335598e-11,9.927116401806501e-11,1.2028198595693025e-10,1.4539686058094924e-10,1.7534974801977743e-10,2.1099356052431683e-10,2.533173954748189e-10,3.034659573513532e-10,3.6276140535233334e-10,4.3272788405376396e-10,5.15119016509763e-10,6.119486625663233e-10,7.255252699137722e-10,8.584901715830337e-10,1.0138602112419812e-09,1.195075106762081e-09,1.4060499931937612e-09,1.6512336184616197e-09,1.935672698854018e-09,2.265082976706532e-09,2.6459275596045544e-09,3.0855031589588097e-09,3.592034885928638e-09,4.174780304424585e-09,4.844143484240094e-09,5.611799842315132e-09,6.4908326067961395e-09,7.495881785342699e-09,8.643306573271116e-09,9.951362179167238e-09,1.1440392109553077e-08,1.3133036999078446e-08,1.505446113275762e-08,1.723259786211296e-08,1.9698415175342678e-08,2.24862027408991e-08,2.563388180416564e-08,2.9183339378576167e-08,3.3180788234867396e-08,3.76771542556759e-08
0.029648241206030154,,,,,,,,,,,,,,,,,,,,,,,,,,,,,,,,,,,,,,,,,,,,,,,,,,,,,,,,,,,,,,,,,,,,,,,,,6.275182040212789e-27,1.6008849577030184e-26,3.9819986964493976e-26,9.666939711128709e-26,2.2926638491137e-25,5.316798016373057e-25,1.206682524919711e-24,2.6824069961544818e-24,5.8449800298107016e-24,1.2493649902191388e-23,2.6214956241531433e-23,5.403227881525467e-23,1.0946587713723314e-22,2.181170027928166e-22,4.276980205619642e-22,8.257755563098447e-22,1.5706993394317618e-21,2.944755517462118e-21,5.444270991368405e-21,9.930348712245358e-21,1.7877830401628843e-20,3.178145105809061e-20,5.581057335309293e-20,9.68525316946362e-20,1.6615678701161461e-19,2.8189804076678707e-19,4.731303919390728e-19,7.8582606017542035e-19,1.2920076835487087e-18,2.1034284923765802e-18,3.3918775100604967e-18,5.419050535236836e-18,8.580114952527101e-18,1.3466714896224289e-17,2.095735679782338e-17,3.2346042343304616e-17,4.9523956998135965e-17,7.523417035349338e-17,1.1342613140121912e-16,1.6974560070005851e-16,2.522071589067903e-16,3.7211122602876714e-16,5.452864515893407e-16,7.937623976024851e-16,1.1480078460912903e-15,1.649908274958105e-15,2.3567037904979356e-15,3.346168138297753e-15,4.723382754136708e-15,6.6295500006914e-15,9.253400082218709e-15,1.284588046785977e-14,1.7738979441966573e-14,2.4369731721702733e-14,3.331068978913796e-14,4.530842631815093e-14,6.133196837476049e-14,8.263346006700382e-14,1.1082383029496636e-13,1.4796675516759054e-13,1.9669492705008115e-13,2.60353299230293e-13,3.431749271671433e-13,4.504960022252895e-13,5.890178539863569e-13,7.671250402097632e-13,9.952701840211596e-13,1.2864379773133802e-12,1.6567027722630037e-12,2.125896455759613e-12,2.718405872822774e-12,3.464121965066726e-12,4.399566051327418e-12,5.5692223339237974e-12,7.02710980200528e-12,8.838631261236575e-12,1.108274228679885e-11,1.3854488516358174e-11,1.7267965915078657e-11,2.1459765501332048e-11,2.6592971566791372e-11,3.286179070632989e-11,4.049689804214078e-11,4.977159693309947e-11,6.100889925747497e-11,7.458964509768257e-11,9.096179339169704e-11,1.1065102891254261e-10,1.3427284580304175e-10,1.6254628400244799e-10,1.963095120996479e-10,2.365374687369736e-10,2.8436179451666883e-10,3.4109330759402583e-10,4.0824729878867974e-10,4.875719461617747e-10,5.81080174638254e-10,6.910853134502212e-10,8.202409329676182e-10,9.715852729208314e-10,1.1485907061288292e-09,1.3552187156646528e-09,1.5959808989460708e-09,1.8760065495461448e-09,2.2011174066238923e-09,2.5779102027466093e-09,3.013847683584927e-09,3.517358817453395e-09,4.097948958989094e-09,4.766320779388892e-09,5.534506825514357e-09,6.416014621916951e-09,7.425985283230125e-09,8.581366659597578e-09,9.901102094781266e-09,1.1406335934148677e-08,1.3120636983290388e-08,1.5070241172872085e-08,1.7284314757058178e-08,1.979523943085062e-08,2.2638920819162793e-08,2.5855121863544807e-08,2.948782268735683e-08,3.3585608606941407e-08,3.820208801315597e-08,4.339634192607634e-08,4.923340709596811e-08,5.578479459698315e-08
0.030150753768844223,,,,,,,,,,,,,,,,,,,,,,,,,,,,,,,,,,,,,,,,,,,,,,,,,,,,,,,,,,,,,,,,,,,,,,,,7.361390235642884e-27,1.8974968965089307e-26,4.7658017515727504e-26,1.1675655680697376e-25,2.7928613586834933e-25,6.52904848993773e-25,1.493039083945007e-24,3.342578820273345e-24,7.332146142456686e-24,1.5770731281956865e-23,3.3285853223652005e-23,6.898507946091629e-23,1.4048315332436826e-22,2.812802888569869e-22,5.540639323216361e-22,1.074319528789431e-21,2.0516164544298277e-21,3.8607649406431485e-21,7.162757930010097e-21,1.3107582184995794e-20,2.366992826556305e-20,4.219795618281408e-20,7.429952045673363e-20,1.2925669886093278e-19,2.2225812449093025e-19,3.778835339733178e-19,6.354855901411496e-19,1.057417149149518e-18,1.7414840615368356e-18,2.8396132600042034e-18,4.5855785858191866e-18,7.335808883756257e-18,1.162892755690612e-17,1.8271887192362253e-17,2.8463556869307116e-17,4.3970636218916315e-17,6.737611762475259e-17,1.0242758492740632e-16,1.545219100790994e-16,2.3137499302186747e-16,3.439408308660875e-16,5.076643152987383e-16,7.441778568989715e-16,1.0835845715013578e-15,1.5675119613051204e-15,2.253171725316769e-15,3.218725851339206e-15,4.570339208016468e-15,6.451397689448101e-15,9.054492318408799e-15,1.2636917987997338e-14,1.7540615750098748e-14,2.4217705630266715e-14,3.326301951603236e-14,4.54553584070377e-14,6.180957389530351e-14,8.364201998600387e-14,1.1265244932262525e-13,1.5102604992909474e-13,2.0156004854484302e-13,2.678201598627431e-13,3.5433315447084696e-13,4.668229708195869e-13,6.124991284402956e-13,8.004077339346684e-13,1.0418571314811765e-12,1.350932263440492e-12,1.745114101830125e-12,2.2460231194544987e-12,2.8803087232055883e-12,3.680709907021376e-12,4.6873161358788464e-12,5.9490616850429515e-12,7.525491372917689e-12,9.488840885786671e-12,1.192648074528395e-11,1.4943779463517515e-11,1.8667448617323413e-11,2.3249440505062543e-11,2.887147778144894e-11,3.575030405446111e-11,4.414375493124326e-11,5.435776047656041e-11,6.675440255755248e-11,8.176116415396634e-11,9.98815224752519e-11,1.217070537066919e-10,1.4793123446920014e-10,1.793651436825063e-10,2.1695528853052442e-10,2.6180379970445425e-10,3.1519126409536465e-10,3.786024876940576e-10,4.5375550767104894e-10,5.42634200527077e-10,6.475248628558881e-10,7.710571727121539e-10,9.162499728567126e-10,1.086562352319882e-09,1.2859505397916117e-09,1.5189311613856887e-09,1.7906514563067754e-09,2.1069670869814433e-09,2.474528225198534e-09,2.900874642857219e-09,3.3945405852626296e-09,3.965170255056135e-09,4.623644790034743e-09,5.382221670766645e-09,6.254687553129874e-09,7.2565255790313174e-09,8.405098279995419e-09,9.719847251218181e-09,1.1222510838664166e-08,1.293736114833449e-08,1.4891461755364839e-08,1.711494756064078e-08,1.964132831456545e-08,2.2507817399069465e-08,2.575568753990691e-08,2.9430655184509673e-08,3.358329537397913e-08,3.8269489003199744e-08,4.355090444895336e-08,4.9495515624242764e-08,5.617815859833639e-08,6.368112900367351e-08,7.209482253289163e-08,8.151842091178599e-08
0.030653266331658293,,,,,,,,,,,,,,,,,,,,,,,,,,,,,,,,,,,,,,,,,,,,,,,,,,,,,,,,,,,,,,,,,,,,,,,8.364566592733859e-27,2.180117562205649e-26,5.532989107052288e-26,1.368856983128018e-25,3.3046384453715954e-25,7.7926063173801805e-25,1.796541868302576e-24,4.0529360568019635e-24,8.954520924460731e-24,1.9390954942298479e-23,4.1187659879693336e-23,8.587303611839595e-23,1.758586936463628e-22,3.539724756606442e-22,7.007154220598376e-22,1.3650095495622215e-21,2.618152617646414e-21,4.947111697960615e-21,9.213563599176231e-21,1.6921327774893577e-20,3.0660160241465226e-20,5.483287233950666e-20,9.683205943603749e-20,1.6892190957608178e-19,2.9121312772687547e-19,4.963139045869923e-19,8.3652335691777895e-19,1.3948420387121635e-18,2.3016559909003544e-18,3.759772347904411e-18,6.081633749573054e-18,9.74413201385377e-18,1.5468631068748898e-17,2.4336792943356718e-17,3.795683368310725e-17,5.870024433129874e-17,9.003620902634638e-17,1.3700045824760703e-16,2.0684776072630732e-16,3.0995348966103894e-16,4.610506923883928e-16,6.809160653522984e-16,9.98652669313416e-16,1.4547609034630933e-15,2.1052443419398984e-15,3.027066089904215e-15,4.325357386965668e-15,6.142886871195995e-15,8.672430440440368e-15,1.2172843141950564e-14,1.6989829689601577e-14,2.358265476819447e-14,3.255831156748255e-14,4.4715028171818294e-14,6.109739544757327e-14,8.306590059504293e-14,1.1238423600585179e-13,1.5132844669108614e-13,2.0282279530407823e-13,2.7060817943901644e-13,3.59450051082341e-13,4.753940844114348e-13,6.260793393156734e-13,8.211204000469527e-13,1.0725719595945603e-12,1.395491601495463e-12,1.80861913504517e-12,2.335193803132681e-12,3.0039340425717816e-12,3.850208275985145e-12,4.917429495735915e-12,6.2587112105223945e-12,7.938827713229617e-12,1.0036527645972605e-11,1.2647256539457734e-11,1.5886351445175267e-11,1.989277901998292e-11,2.4833497524101457e-11,3.090853321901682e-11,3.835687266650464e-11,4.746328450014149e-11,5.856619743531547e-11,7.206677567158071e-11,8.843934849269326e-11,1.0824336785558425e-10,1.3213708615144013e-10,1.6089316618954793e-10,1.9541645687047158e-10,2.3676419104588517e-10,2.861688867813981e-10,3.4506425970602487e-10,4.1511448242015974e-10,4.982471570992023e-10,5.966903995353302e-10,7.13014466960632e-10,8.501783981444592e-10,1.0115821725023968e-09,1.2011249353425037e-09,1.4232698789403172e-09,1.6831164139138673e-09,1.9864803123953474e-09,2.339982553780402e-09,2.7511476554050083e-09,3.2285123243557656e-09,3.781745322768685e-09,4.421779497404966e-09,5.160956984997735e-09,6.013188667844122e-09,6.9941290192606965e-09,8.121367545968869e-09,9.414638103921775e-09,1.0896047435759265e-08,1.2590324351700469e-08,1.4525091051281565e-08,1.6731158160893518e-08,1.9242845141297e-08,2.2098327800370622e-08,2.5340014728910158e-08,2.901495456138956e-08,3.3175276049166894e-08,3.7878663020208684e-08,4.318886638740578e-08,4.917625545630761e-08,5.591841087278543e-08,6.350076164158921e-08,7.201726873749971e-08,8.157115792218762e-08,9.227570447124946e-08,1.0425507260745107e-07,1.1764521252731051e-07
0.031155778894472366,,,,,,,,,,,,,,,,,,,,,,,,,,,,,,,,,,,,,,,,,,,,,,,,,,,,,,,,,,,,,,,,,,,,,3.393676858251082e-27,9.209778431705865e-27,2.4290693522998147e-26,6.233990257753318e-26,1.5585550677648764e-25,3.7999272231431215e-25,9.04414488595763e-25,2.103377789011922e-24,4.7843286993312024e-24,1.0652572747496038e-23,2.3236693444481996e-23,4.9695717236630565e-23,1.0428215121398876e-22,2.148587643448047e-22,4.349496817349383e-22,8.656544717689551e-22,1.6948580764799413e-21,3.2663030749858145e-21,6.199454867813407e-21,1.1594523172653775e-20,2.137827953679178e-20,3.887956321953673e-20,6.97746732654421e-20,1.236210266435991e-19,2.163151810011794e-19,3.7398653068393267e-19,6.390958668679899e-19,1.0798834808979744e-18,1.804852546115656e-18,2.984745322762032e-18,4.88556002494054e-18,7.917681933526886e-18,1.2708318052524683e-17,2.0207332613970195e-17,3.184054369494158e-17,4.972989727093397e-17,7.700711603633388e-17,1.182569734681172e-16,1.801389569966007e-16,2.722526167190496e-16,4.083334123840521e-16,6.078936815771599e-16,8.984590578124043e-16,1.3185962137065336e-15,1.921985538744847e-15,2.7828650980875427e-15,4.003263313401167e-15,5.7225512342731424e-15,8.129985712874038e-15,1.1481087742035902e-14,1.6118912060528482e-14,2.2501522277463922e-14,3.123729876395161e-14,4.3130084189541085e-14,5.923662505448145e-14,8.093930953111349e-14,1.1003784679506732e-13,1.4886429689246227e-13,2.0042676116594698e-13,2.685881014960248e-13,3.582872944768273e-13,4.758124689054628e-13,6.291363486297456e-13,8.283267582072669e-13,1.0860470775865525e-12,1.4181640905948646e-12,1.8444835977249725e-12,2.3896374983646293e-12,3.084149835267989e-12,3.965713582170162e-12,5.080714794449402e-12,6.486046186214373e-12,8.251258301747537e-12,1.0461103274576016e-11,1.3218533775996953e-11,1.6648228212118842e-11,2.0900722602579728e-11,2.615723993514946e-11,3.263531921205394e-11,4.0595358960000205e-11,5.03482037446978e-11,6.226391728842402e-11,7.678190221832582e-11,9.442254435049911e-11,1.1580057882493877e-10,1.4164039642773828e-10,1.7279353115120803e-10,2.102585945305709e-10,2.552039486342645e-10,3.089934378554989e-10,3.732155299228498e-10,4.497162489010104e-10,5.406363174479003e-10,6.484529623032131e-10,7.760268759699504e-10,9.266548688634741e-10,1.1041287899055742e-09,1.312801339669266e-09,1.557659448789052e-09,1.844405945450556e-09,2.1795502894353622e-09,2.5705092063694117e-09,3.0257181146172025e-09,3.5547542985819792e-09,4.168472846077887e-09,4.879156433920077e-09,5.70068011485204e-09,6.64869233044768e-09,7.740813448589082e-09,8.996853200502104e-09,1.0439048471080931e-08,1.209232297727441e-08,1.3984570452797122e-08,1.6146963040497152e-08,1.861428668952843e-08,2.1425305426729507e-08,2.4623156484139732e-08,2.825577834044021e-08,3.237637383665613e-08,3.7043910620209854e-08,4.2323661268482276e-08,4.828778554129198e-08,5.501595731063654e-08,6.259603881614402e-08,7.112480499469375e-08,8.070872073381118e-08,9.14647739993151e-08,1.0352136788848306e-07,1.1701927476138313e-07,1.3211265570276572e-07,1.4897014866682946e-07,1.6777602875686034e-07
0.031658291457286436,,,,,,,,,,,,,,,,,,,,,,,,,,,,,,,,,,,,,,,,,,,,,,,,,,,,,,,,,,,,,,,,,,,,3.573352442231022e-27,9.829004988070886e-27,2.625463887602388e-26,6.818851213824737e-26,1.724011576433877e-25,4.247950502601229e-25,1.0211484315648131e-24,2.3971954913515008e-24,5.500915507705947e-24,1.2350187803473018e-23,2.71512025074783e-23,5.849683697185371e-23,1.2360516738967865e-22,2.56341112289507e-22,5.221293817957019e-22,1.0452072052888032e-21,2.0576117045031367e-21,3.9858469131221266e-21,7.601882760087739e-21,1.428238636203472e-20,2.644748041211531e-20,4.829324489029608e-20,8.699855093938426e-20,1.5468816270239012e-19,2.7158691712659177e-19,4.710276923366673e-19,8.073117843971445e-19,1.3679100157472941e-18,2.292199283558862e-18,3.799937815057168e-18,6.234108207789493e-18,1.012475380673451e-17,1.628320374318887e-17,2.593989026858837e-17,4.0944153038547905e-17,6.405144158587629e-17,9.933273452626318e-17,1.5275350761048776e-16,2.3298610156843966e-16,3.5254098583341944e-16,5.293305735907018e-16,7.888156230513882e-16,1.166930942827993e-15,1.7140466310418586e-15,2.5002964631731384e-15,3.622699946343672e-15,5.214623315261713e-15,7.458272487728583e-15,1.0601093758937533e-14,1.4977182849431913e-14,2.1035078036092795e-14,2.9373647979059206e-14,4.07881904275439e-14,5.6329346741671e-14,7.737802333514144e-14,1.057402108535083e-13,1.4376642333747966e-13,1.9450146319360704e-13,2.618713763051661e-13,3.5091582042049397e-13,4.68075657124545e-13,6.215474241698656e-13,8.217184846674324e-13,1.0816991197107035e-12,1.417970671798601e-12,1.8511721016682966e-12,2.407051038047463e-12,3.1176096291103795e-12,4.022480300363671e-12,5.170571944174946e-12,6.622033172636853e-12,8.450586122919615e-12,1.0746291981208084e-11,1.3618817959454464e-11,1.720128499367843e-11,2.1654786011506203e-11,2.7173676320907062e-11,3.399175058527512e-11,4.2389435058368564e-11,5.270213934331203e-11,6.532992900339194e-11,8.074869897912038e-11,9.95230480479755e-11,1.2232107659242898e-10,1.4993135381124045e-10,1.8328232630924773e-10,2.2346446782408026e-10,2.717554997816353e-10,3.296490445059587e-10,3.9888710732401065e-10,4.814968205855944e-10,5.798319218403504e-10,6.966194801493821e-10,8.350124288273129e-10,9.986485098730038e-10,1.1917162850134406e-09,1.4190289206983083e-09,1.6861065095936068e-09,1.999267749158082e-09,2.3657318588078382e-09,2.7937316807083984e-09,3.292638976683742e-09,3.873103001648651e-09,4.547203508382673e-09,5.328619412092327e-09,6.232814422099522e-09,7.277241028557495e-09,8.481564315766208e-09,9.867907159820992e-09,1.14611184571459e-08,1.3289066121828825e-08,1.5382956683330247e-08,1.777768341218367e-08,2.0512204999472104e-08,2.3629956915860118e-08,2.7179297680258698e-08,3.12139923643721e-08,3.579373578043793e-08,4.098471788683372e-08,4.6860234070161856e-08,5.3501343063456946e-08,6.099757537312179e-08,6.944769519680418e-08,7.896051892643368e-08,8.965579344140284e-08,1.0166513750868773e-07,1.1513304971747805e-07,1.302179864872029e-07,1.4709351379696288e-07,1.6594953639417092e-07,1.8699360834776605e-07,2.1045232891772262e-07,2.365728278167779e-07
0.032160804020100506,,,,,,,,,,,,,,,,,,,,,,,,,,,,,,,,,,,,,,,,,,,,,,,,,,,,,,,,,,,,,,,,,,,3.644540958290093e-27,1.0169942411585436e-26,2.7535061097553057e-26,7.242948636113469e-26,1.8532923258359248e-25,4.61826328538502e-25,1.1220148234430932e-24,2.660457415344793e-24,6.162827851224605e-24,1.3959669255026746e-23,3.0947502961393686e-23,6.720406845972864e-23,1.4306400903209672e-22,2.987844598892295e-22,6.126182492855847e-22,1.2340202898151509e-21,2.4436376527463188e-21,4.759940993559733e-21,9.125820678610711e-21,1.7230235961714708e-20,3.2054681493931686e-20,5.878871942640558e-20,1.0634329515529984e-19,1.8981983629797973e-19,3.344885571174235e-19,5.821212729993089e-19,1.0009549711630004e-18,1.7011915724375888e-18,2.8588481058072187e-18,4.752070553493035e-18,7.81586290032969e-18,1.272375910149907e-17,2.050854217488733e-17,3.2739034875338084e-17,5.177669596796669e-17,8.114482805556603e-17,1.2605536821268023e-16,1.941544162591829e-16,2.9656901857287685e-16,4.493657147185256e-16,6.75567759341664e-16,1.0079249502268471e-15,1.4926903050232433e-15,2.194734679984274e-15,3.204427720354296e-15,4.646835944389089e-15,6.6939418412990036e-15,9.580778162549276e-15,1.3626606802122692e-14,1.9262560778897574e-14,2.7067521282308974e-14,3.781443156120586e-14,5.2529769450828645e-14,7.256952633672906e-14,9.971579029514489e-14,1.36298925320767e-13,1.8535139979013653e-13,2.5080057118331654e-13,3.377092090955832e-13,4.5257426633138457e-13,6.036964232937822e-13,8.016352723486935e-13,1.0597677183544014e-12,1.394970294886829e-12,1.8284496825160686e-12,2.3867498194764183e-12,3.1029686739466256e-12,4.018223062754064e-12,5.183405919699087e-12,6.661287207885206e-12,8.529017308750207e-12,1.0881100284041053e-11,1.383291397787642e-11,1.752486459004689e-11,2.2127275198137586e-11,2.7846120827421027e-11,3.492973715918476e-11,4.367664592869248e-11,5.444465759310058e-11,6.766143105057125e-11,8.38366911668866e-11,1.0357632772138406e-10,1.275986242227383e-10,1.5675289197411154e-10,1.9204081388924686e-10,2.34640833977781e-10,2.859359622335899e-10,3.475454009677963e-10,4.2136043752697577e-10,5.09585089915312e-10,6.14782036182878e-10,7.39924405625812e-10,8.884540600283012e-10,1.064347046024713e-09,1.272186956320067e-09,1.517246996128007e-09,1.8055816141341308e-09,2.144128622304795e-09,2.540822798834084e-09,3.004722038301773e-09,3.5461471911388357e-09,4.176836810712638e-09,4.910118109127855e-09,5.761095507342188e-09,6.746858253178158e-09,7.886708671848934e-09,9.202412707630355e-09,1.0718474512263467e-08,1.2462436935462396e-08,1.4465209875353846e-08,1.6761428551872297e-08,1.9389843873585997e-08,2.239374717844481e-08,2.582143174095288e-08,2.972669355231385e-08,3.416937399612947e-08,3.92159471595453e-08,4.4940154638920744e-08,5.142369081907118e-08,5.875694172641913e-08,6.703978067829565e-08,7.638242407297012e-08,8.690635078786246e-08,9.874528877605021e-08,1.1204627257342678e-07,1.2697077555153583e-07,1.436959208712644e-07,1.624157752136548e-07,1.8334272948236697e-07,2.0670897078948516e-07,2.3276805015169225e-07,2.617965504372721e-07,2.9409585921386706e-07,3.2999405125619283e-07
0.032663316582914576,,,,,,,,,,,,,,,,,,,,,,,,,,,,,,,,,,,,,,,,,,,,,,,,,,,,,,,,,,,,,,,,,,3.600898060391778e-27,1.0203098119764225e-26,2.8025358250836145e-26,7.472464118676623e-26,1.9365611231551025e-25,4.884075504287695e-25,1.2000976774650222e-24,2.876109563260728e-24,6.729682313075476e-24,1.5388830464897103e-23,3.442212726045443e-23,7.538222501122075e-23,1.6175504257338606e-22,3.4036463224451533e-22,7.028321435182523e-22,1.4252338400295743e-21,2.8401386142607963e-21,5.565308017652612e-21,1.0729985227270047e-20,2.0366702090430113e-20,3.8079703179191405e-20,7.016913121935835e-20,1.2749591997643816e-19,2.285347004440043e-19,4.043080420288011e-19,7.062636016071787e-19,1.2187005192057588e-18,2.0781481820257294e-18,3.503253151635683e-18,5.8403800043650685e-18,9.632469566609184e-18,1.5721977645945792e-17,2.5403274596488115e-17,4.064616037373569e-17,6.442071121619741e-17,1.0116525585731545e-16,1.5745481607156355e-16,2.4294802076069684e-16,3.7171779829545973e-16,5.641069157466393e-16,8.492959490002393e-16,1.2688313356943326e-15,1.881438196108984e-15,2.7695407348931755e-15,4.04803722208394e-15,5.876032722281781e-15,8.472427929554501e-15,1.2136504967870281e-14,1.7274950557422804e-14,2.4437124860663074e-14,3.4360833743608095e-14,4.8031408255903496e-14,6.675755519867205e-14,9.226823649428552e-14,1.268357851351416e-13,1.7343159708757536e-13,2.359220800930591e-13,3.19314123603787e-13,4.300612144413758e-13,5.764434992616676e-13,7.690376306167636e-13,1.0212951755505482e-12,1.3502517657964166e-12,1.777393082853175e-12,2.3297082596530576e-12,3.0409664105492986e-12,3.95325783767799e-12,5.118848088489023e-12,6.602400524918087e-12,8.483631502796502e-12,1.0860471734316508e-11,1.3852818012012869e-11,1.7606971306936818e-11,2.2300870418287546e-11,2.8150244951906143e-11,3.541582754958206e-11,4.4411783091940214e-11,5.551553216876657e-11,6.91791675684464e-11,8.594268600092175e-11,1.0644928285451879e-10,1.3146298561535252e-10,1.6188893176842458e-10,1.9879662966848168e-10,2.434465761328304e-10,2.9732064248199184e-10,3.6215668154576127e-10,4.3998785186977057e-10,5.331872021020897e-10,6.445181084052691e-10,7.771912108181728e-10,9.349285508638307e-10,1.1220356724397596e-09,1.343482511200144e-09,1.6049939643039249e-09,1.913151102597331e-09,2.2755040610697668e-09,2.7006977207799273e-09,3.1986113764151687e-09,3.780513668211066e-09,4.4592341451183545e-09,5.24935291781012e-09,6.167409955372459e-09,7.232135678183012e-09,8.464704601621127e-09,9.889013890562471e-09,1.1531988793311851e-08,1.3423917035204201e-08,1.559881436682413e-08,1.8094823579232305e-08,2.0954649418691084e-08,2.4226031955996164e-08,2.796226109043796e-08,3.222273499531795e-08,3.7073565441449864e-08,4.2588233061851314e-08,4.884829576515032e-08,5.5944153614023475e-08,6.397587364923337e-08,7.305407825027188e-08,8.33009007707577e-08,9.485101231861532e-08,1.0785272368543438e-07,1.2246916656511143e-07,1.3887955833389639e-07,1.5728055479748805e-07,1.7788769544069686e-07,2.0093694584496199e-07,2.2668634206518288e-07,2.554177418830387e-07,2.8743868797371084e-07,3.230843827819548e-07,3.6271981791220385e-07,4.0674195081595317e-07,4.555821219345369e-07
0.033165829145728645,,,,,,,,,,,,,,,,,,,,,,,,,,,,,,,,,,,,,,,,,,,,,,,,,,,,,,,,,,,,,,,,,3.446514771214936e-27,9.925877240781796e-27,2.7684506350513094e-26,7.48871183519543e-26,1.9672817471175306e-25,5.025366738359187e-25,1.2497748542055698e-24,3.0293561748725432e-24,7.164531941679423e-24,1.6549435527211264e-23,3.737245655829095e-23,8.258216809057365e-23,1.7871437126901076e-22,3.790742460799345e-22,7.887068736331599e-22,1.6108366214487677e-21,3.231721790016263e-21,6.373092246176465e-21,1.2361562352334189e-20,2.3597360903890942e-20,4.435759873411058e-20,8.215293830985048e-20,1.49987006660596e-19,2.700687144410384e-19,4.798327669923984e-19,8.415815130001604e-19,1.4577401305605228e-18,2.49471208028474e-18,4.2197637275629385e-18,7.057434504301417e-18,1.167490256911279e-17,1.910985682528673e-17,3.0960158929341035e-17,4.966247948543485e-17,7.889788225113864e-17,1.2417693645158997e-16,1.9367654288976494e-16,2.994267599030884e-16,4.589803861095342e-16,6.977432327627486e-16,1.0522017827458149e-15,1.5743608209394233e-15,2.3378009353263893e-15,3.4458897320548944e-15,5.042837427366731e-15,7.328484626107347e-15,1.0577956401989952e-14,1.516762266142591e-14,2.1609182378773988e-14,3.0594152810123233e-14,4.3051610624378765e-14,6.022271890509118e-14,8.375640376375429e-14,1.1583154143999424e-13,1.5931220906175448e-13,2.179439710338457e-13,2.966008534184666e-13,4.015946398163077e-13,5.410604475810533e-13,7.254352606665598e-13,9.680492577252795e-13,1.285853438906855e-12,1.7003112849449364e-12,2.2384870456430567e-12,2.9343688249479024e-12,3.830470986807516e-12,4.979767629806584e-12,6.448017068355002e-12,8.316546495882444e-12,1.0685576405376312e-11,1.3678176000373666e-11,1.7444953860931833e-11,2.2169602647711603e-11,2.8075432752955193e-11,3.5433047663046507e-11,4.456933351083893e-11,5.587795699596673e-11,6.971051119777404e-11,8.699610265959707e-11,1.080470043452406e-10,1.3378842452414217e-10,1.6517498218818468e-10,2.033369105057654e-10,2.4960885193124957e-10,3.055627787698109e-10,3.73045540091709e-10,4.542215847928512e-10,5.516214627372777e-10,6.681967619630315e-10,8.07382198999223e-10,9.731656427013042e-10,1.1701669187600544e-09,1.4037263128104706e-09,1.6800037647105014e-09,2.006089825161607e-09,2.3901295284560935e-09,2.841460421742597e-09,3.3707660818561278e-09,3.990246545404742e-09,4.713807176474066e-09,5.557267598891143e-09,6.538592426524773e-09,7.678145635382849e-09,8.998970535404813e-09,1.0527097417474344e-08,1.229188107244828e-08,1.4326370503536597e-08,1.6667713281240368e-08,1.935759712078413e-08,2.244273139578409e-08,2.5975371438190772e-08,3.0013888613223595e-08,3.462338929920803e-08,3.987638604476267e-08,4.5853524320733216e-08,5.264436842983617e-08,6.034825028434644e-08,6.90751849098105e-08,7.894685668116185e-08,9.009768044605101e-08,1.0267594183869128e-07,1.1684502123465075e-07,1.327847059453936e-07,1.5069259539488708e-07,1.7078560416682578e-07,1.9330156795214085e-07,2.185009575656976e-07,2.4666870634028785e-07,2.781161563373502e-07,3.1318312894769225e-07,3.5224012557946854e-07,3.956906642556365e-07,4.439737580602959e-07,4.975665414874942e-07,5.569870508533631e-07,6.227971650368748e-07
0.033668341708542715,,,,,,,,,,,,,,,,,,,,,,,,,,,,,,,,,,,,,,,,,,,,,,,,,,,,,,,,,,,,,,,,3.195303172170729e-27,9.362899879060714e-27,2.654254646586269e-26,7.290573557793692e-26,1.943039940897465e-25,5.0313042728099235e-25,1.2673677701005943e-24,3.109290119402173e-24,7.437735326185202e-24,1.7365949782287687e-23,3.9615679225512166e-23,8.838029373161661e-23,1.9299708631680801e-22,4.128762218882814e-22,8.659854052500108e-22,1.7821850410225307e-21,3.601303882442039e-21,7.150379134631005e-21,1.3958654994429682e-20,2.6808490250841714e-20,5.0684075749254956e-20,9.438109487310574e-20,1.7319894110594956e-19,3.1338183620432845e-19,5.593481574881966e-19,9.853085020559225e-19,1.7137072351110047e-18,2.9441477379545676e-18,4.998241408385162e-18,8.388377218626532e-18,1.3922042704164492e-17,2.2858439984553238e-17,3.71412626708137e-17,5.974132681901691e-17,9.515618415113428e-17,1.5013204979395206e-16,2.346978304398803e-16,3.636336142611799e-16,5.585390289223024e-16,8.507233096577529e-16,1.2852123518938413e-15,1.9262628713748707e-15,2.86489543505498e-15,4.229113052283741e-15,6.1976680169873835e-15,9.018486055795602e-15,1.3033164548956391e-14,1.8709343591387026e-14,2.6683220063855025e-14,3.781505326776629e-14,5.3261216345747575e-14,7.456720399316023e-14,1.0378704051327218e-13,1.4363577336154059e-13,1.976832201797273e-13,2.705989004095357e-13,3.6846016891126884e-13,4.991380265154955e-13,6.727779639189512e-13,9.023965597078463e-13,1.204618463715301e-12,1.600582924342918e-12,2.117054237935311e-12,2.7877764923924652e-12,3.6551198341597536e-12,4.772073301357082e-12,6.2046481411899545e-12,8.034765562918978e-12,1.0363714201479959e-11,1.3316275276940588e-11,1.704562767580515e-11,2.1739161070888304e-11,2.762534287600053e-11,3.498180443903425e-11,4.414483355570682e-11,5.5520484282661426e-11,6.959754129289057e-11,8.696260479955435e-11,1.0831759352843179e-10,1.344999974980201e-10,1.6650624962055015e-10,2.055186255194977e-10,2.529361246133908e-10,3.1040983259251265e-10,3.798833160465617e-10,4.6363865432770913e-10,5.643487718846517e-10,6.851367963326803e-10,8.296432338443677e-10,1.0021018233494736e-09,1.2074250060207607e-09,1.4513000249770682e-09,1.7402967535345137e-09,2.081988437916483e-09,2.4850866324439844e-09,2.959591701805842e-09,3.5169603660678973e-09,4.170291869622003e-09,4.934534465235909e-09,5.8267140187237324e-09,6.866186658425201e-09,8.074917516572975e-09,9.477787736652536e-09,1.1102932051854958e-08,1.2982109374576994e-08,1.5151108975443184e-08,1.7650194972351235e-08,2.0524591995340795e-08,2.3825015041436757e-08,2.7608246684821897e-08,3.1937764961419045e-08,3.688442540298295e-08,4.252720085382856e-08,4.895398286299511e-08,5.626244860564773e-08,6.456099744966317e-08,7.396976144593568e-08,8.46216941840434e-08,9.66637426167535e-08,1.1025810662784997e-07,1.2558359124940638e-07,1.4283705665501501e-07,1.622349711392902e-07,1.8401507251024907e-07,2.0843814344596104e-07,2.3578990652569853e-07,2.663830447943143e-07,3.005593538607888e-07,3.386920316737314e-07,3.811881122512169e-07,4.2849104977326166e-07,4.810834595818933e-07,5.394900226612776e-07,6.042805606067203e-07,6.76073287551339e-07,7.555382464291078e-07,8.434009363968424e-07
0.034170854271356785,,,,,,,,,,,,,,,,,,,,,,,,,,,,,,,,,,,,,,,,,,,,,,,,,,,,,,,,,,,,,,,,8.562498879318691e-27,2.4696345078026281e-26,6.894614786187827e-26,1.865846421791116e-25,4.901571444186892e-25,1.251577473599613e-24,3.110136781378674e-24,7.5301969230729e-24,1.7783429612469527e-23,4.100697987872813e-23,9.241855332107009e-23,2.037617545911034e-22,4.3987554428396355e-22,9.305549804869347e-22,1.9306430815342195e-21,3.931287178094607e-21,7.86228885512552e-21,1.545389173384317e-20,2.9873086505728935e-20,5.68251786556415e-20,1.0643203089980376e-19,1.9638804307883105e-19,3.5718886178898456e-19,6.406772622621069e-19,1.1338290466304213e-18,1.9807130701162622e-18,3.417048923204758e-18,5.8239541275079755e-18,9.810594270303915e-18,1.6339895092427462e-17,2.691774108590644e-17,4.387482726986131e-17,7.078241038729508e-17,1.130597408623265e-16,1.788533862743068e-16,2.802988160087366e-16,4.353148258248163e-16,6.701345506502492e-16,1.0228465643340037e-15,1.5483103648633459e-15,2.324927866220943e-15,3.463903018915646e-15,5.121813394568724e-15,7.517560127542578e-15,1.095506747691222e-14,1.5853484021177054e-14,2.2787110069605893e-14,3.253785889003363e-14,4.616377442883581e-14,6.508800028484939e-14,9.121365238662252e-14,1.270713238207059e-13,1.7600748148322894e-13,2.4242384259228085e-13,3.3207999137457026e-13,4.5247406482736344e-13,6.133193594576779e-13,8.271382525517934e-13,1.109998962445656e-12,1.4824254697058308e-12,1.970516469390182e-12,2.6073156140560085e-12,3.4344826382496046e-12,4.504323329897402e-12,5.882245849244491e-12,7.649721708882744e-12,9.907841944678265e-12,1.2781572768914081e-11,1.6424830428630966e-11,2.102651225905354e-11,2.6817640160856436e-11,3.407979410688007e-11,4.315503695721406e-11,5.4457557998360636e-11,6.848729139012401e-11,8.584579727492953e-11,1.0725472785019009e-10,1.3357723839763284e-10,1.6584274427603979e-10,2.0527546938617253e-10,2.533272797736552e-10,3.11715348012935e-10,3.82465249967133e-10,4.679601555975117e-10,5.709968398433993e-10,6.948493083427744e-10,8.433409060382985e-10,1.0209258546221651e-09,1.2327812474172784e-09,1.4849106177565692e-09,1.7842602892649934e-09,2.1388498137344145e-09,2.5579179045593488e-09,3.052085380916417e-09,3.6335367501600554e-09,4.316222173049729e-09,5.116081678621406e-09,6.05129362236555e-09,7.142549513745353e-09,8.41335747350836e-09,9.890376726175117e-09,1.1603785673475023e-08,1.3587686248017032e-08,1.5880547398016308e-08,1.852569071194269e-08,2.1571821352580682e-08,2.507360763438657e-08,2.909231274505129e-08,3.369648228224164e-08,3.8962691448547006e-08,4.497635592216166e-08,5.183261059668962e-08,5.963726056080307e-08,6.850780886663662e-08,7.857456581453516e-08,8.998184466051093e-08,1.0288924883132883e-07,1.1747305590940338e-07,1.3392770382704738e-07,1.524673848829274e-07,1.7332775336762207e-07,1.9676775275425357e-07,2.230715685773086e-07,2.5255071328639043e-07,2.8554624952353885e-07,3.224311584022523e-07,3.636128596081596e-07,4.095358900998548e-07,4.6068474856093797e-07,5.175869126978825e-07,5.808160367009243e-07,6.509953362726511e-07,7.288011687466869e-07,8.149668159205716e-07,9.102864773192881e-07,1.0156194816987377e-06,1.1318947246635875e-06
0.034673366834170855,,,,,,,,,,,,,,,,,,,,,,,,,,,,,,,,,,,,,,,,,,,,,,,,,,,,,,,,,,,,,,,7.590068025027002e-27,2.2296432026950504e-26,6.332867409756176e-26,1.7418699492698763e-25,4.646387668669723e-25,1.2036376467187354e-24,3.0319207061124517e-24,7.435501912934224e-24,1.7773441435575457e-23,4.145451948053522e-23,9.443991046427302e-23,2.1034996047679478e-22,4.584897782214313e-22,9.787983340152813e-22,2.0482799931938817e-21,4.204899842074905e-21,8.474470947340935e-21,1.6778931292991703e-20,3.2658760935811223e-20,6.253072970197469e-20,1.178438583240237e-19,2.187201325058158e-19,4.000145259886542e-19,7.21263007762295e-19,1.2827961570469144e-18,2.251505666505832e-18,3.901537772117038e-18,6.677795756062219e-18,1.129389746989089e-17,1.8881605942864804e-17,3.121633778865226e-17,5.1053958908500325e-17,8.262875450936418e-17,1.3238258153114793e-16,2.1002254133125895e-16,3.3004130144394323e-16,5.138832968045151e-16,7.930050270153199e-16,1.213162983198916e-15,1.8403738730733402e-15,2.7691354856207167e-15,4.133680917258135e-15,6.123273820237168e-15,9.002849649681883e-15,1.3140681617751705e-14,1.9045216829535563e-14,2.7413807371295282e-14,3.91967757039636e-14,5.5681129967793076e-14,7.859931313793e-14,1.1026966522836411e-13,1.5377683961359926e-13,2.1320228798249898e-13,2.93917164100432e-13,4.029526511715655e-13,5.494658543947382e-13,7.453230893720381e-13,1.0058267157562048e-12,1.3506166983478993e-12,1.8047839183958552e-12,2.400239004979825e-12,3.1773882209277032e-12,4.187176835044053e-12,5.4935705687781865e-12,7.1765572540259425e-12,9.335763921208529e-12,1.2094799302543611e-11,1.5606448341599268e-11,2.0058863910730804e-11,2.5682921723824574e-11,3.276092756938279e-11,4.163689166053798e-11,5.272861329064289e-11,6.65418502855003e-11,8.36868821490258e-11,1.0489781350253452e-10,1.3105500561303293e-10,1.6321106868683326e-10,2.0262089636482578e-10,2.507762766786807e-10,3.094456708027529e-10,3.807198124311612e-10,4.670638467403284e-10,5.713767986271792e-10,6.970592359124485e-10,8.480900736949218e-10,1.0291135522491747e-09,1.2455375119791097e-09,1.5036441855867698e-09,1.8107148296512225e-09,2.1751696253742483e-09,2.60672439132564e-09,3.11656576964993e-09,3.717546671382696e-09,4.424403896242902e-09,5.253999977035395e-09,6.225591440670435e-09,7.361125820889266e-09,8.685569912130436e-09,1.0227271907186411e-08,1.2018360223400709e-08,1.4095181987168179e-08,1.649878431619762e-08,1.9275441712967802e-08,2.247723306039201e-08,2.6162671892017846e-08,3.0397393793443535e-08,3.525490497945343e-08,4.0817396277662206e-08,4.7176626953084655e-08,5.443488297822969e-08,6.270601457720188e-08,7.211655804456376e-08,8.280694704728984e-08,9.493281881036388e-08,1.0866642078249373e-07,1.2419812357466046e-07,1.4173804613412264e-07,1.6151779938653567e-07,1.8379235460594963e-07,2.0884204315717205e-07,2.3697469427489294e-07,2.68527917800771e-07,3.0387153894769974e-07,3.434101923291052e-07,3.8758608264782506e-07,4.3688191962994645e-07,4.918240348015354e-07,5.529856881164967e-07,6.209905722371072e-07,6.965165226625183e-07,7.802994418721021e-07,8.731374458639015e-07,9.758952413146726e-07,1.0895087421646703e-06,1.214989933893284e-06,1.3534319943038433e-06,1.506014679451012e-06
0.03517587939698493,,,,,,,,,,,,,,,,,,,,,,,,,,,,,,,,,,,,,,,,,,,,,,,,,,,,,,,,,,,,,,6.519492718732583e-27,1.9527321018132994e-26,5.648677774568516e-26,1.580648060010119e-25,4.285220286006892e-25,1.1271604160532467e-24,2.8804518264792106e-24,7.160625297842026e-24,1.7337153435797762e-23,4.092912323311274e-23,9.431450907926744e-23,2.123507755620127e-22,4.6759766709833885e-22,1.0079185904264834e-21,2.1285498492292306e-21,4.407563258900003e-21,8.95576131904924e-21,1.7869462681396002e-20,3.5036870902670565e-20,6.755053400258325e-20,1.2814234527868585e-19,2.39317525698263e-19,4.40270339064507e-19,7.982903908028772e-19,1.4273201576412187e-18,2.5177525710732748e-18,4.383673724948502e-18,7.536853907375185e-18,1.2801273184054722e-17,2.148838228612617e-17,3.5662378853271913e-17,5.853749654438904e-17,9.506693917190947e-17,1.5280730808399782e-16,2.431753131370018e-16,3.8325796492179476e-16,5.983967845144403e-16,9.25845186780022e-16,1.419901506240436e-15,2.1590548209033674e-15,3.255854969624466e-15,4.870441893969289e-15,7.228954658327632e-15,1.0648401574439658e-14,1.5570026858836195e-14,2.260377635872663e-14,3.258716876599052e-14,4.666274699569164e-14,6.637934901092874e-14,9.38237351038449e-14,1.3179068171620253e-13,1.840015480184834e-13,2.5538359517232093e-13,3.5242505014320813e-13,4.836241245459648e-13,6.600540000577671e-13,8.960702594438873e-13,1.2101924686377518e-12,1.6261977018537636e-12,2.1744708586670036e-12,2.893664768997011e-12,3.832732448011458e-12,5.053404585677766e-12,6.633197587079303e-12,8.669051365645227e-12,1.1281711817892868e-11,1.462099062657321e-11,1.8872054951980727e-11,2.426292185821323e-11,3.1073357184580715e-11,3.964540621491514e-11,5.03958141291154e-11,6.383062805495819e-11,8.056230979130001e-11,1.0132972916435988e-10,1.2702145272656916e-10,1.5870279133068858e-10,1.9764712322643393e-10,2.4537206695139175e-10,3.0368114056981163e-10,3.747116112171694e-10,4.6098931091989996e-10,5.654912726907165e-10,6.917171236471908e-10,8.437702607358312e-10,1.0264499290189783e-09,1.2453554227667444e-09,1.5070037358506993e-09,1.8189621002249629e-09,2.1899969696989902e-09,2.6302411307581285e-09,3.151380752902099e-09,3.766864327844982e-09,4.4921355899010354e-09,5.3448926588825175e-09,6.345375801849098e-09,7.516686370807254e-09,8.885139639990291e-09,1.048065443828827e-08,1.2337182649699485e-08,1.4493181836955193e-08,1.6992134430649196e-08,1.9883117117682242e-08,2.3221424258667143e-08,2.7069249363449737e-08,3.1496428857612505e-08,3.658125257307739e-08,4.241134562468434e-08,4.9084626505028247e-08,5.671034649268632e-08,6.541021564216519e-08,7.531962085841651e-08,8.658894176721893e-08,9.938497030761837e-08,1.1389244018534696e-07,1.3031567253783558e-07,1.4888034437067736e-07,1.698353865317523e-07,1.9345501819304465e-07,2.2004092500920666e-07,2.4992458831687256e-07,2.834697729285411e-07,3.210751812596867e-07,3.6317728170418585e-07,4.102533193457119e-07,4.62824517255867e-07,5.214594767840293e-07,5.867777853948799e-07,6.594538407424313e-07,7.402208998025115e-07,8.298753620016319e-07,9.292812953886863e-07,1.0393752149935362e-06,1.1611711226001528e-06,1.2957658172407722e-06,1.4443444857696116e-06,1.6081865829354561e-06,1.7886720103992395e-06,1.9872876041701316e-06
0.035678391959799,,,,,,,,,,,,,,,,,,,,,,,,,,,,,,,,,,,,,,,,,,,,,,,,,,,,,,,,,,,,,5.4241754526225514e-27,1.6584776035140968e-26,4.891343995288735e-26,1.3939111781570962e-25,3.844406293497608e-25,1.0277008466056915e-24,2.666635280752922e-24,6.725110513205198e-24,1.6505149834816973e-23,3.9467306346750526e-23,9.205297835683088e-23,2.0964167887253e-22,4.666470562597704e-22,1.0161985840174598e-21,2.1668745757818874e-21,4.5281362989290276e-21,9.280724897537778e-21,1.8670209033546556e-20,3.689204119971621e-20,7.165194759111634e-20,1.3687241538344016e-19,2.5731400250782163e-19,4.763480427894929e-19,8.68841401480543e-19,1.5622191609354108e-18,2.770435762126179e-18,4.8480603808002064e-18,8.375317708240502e-18,1.4290201417529418e-17,2.4091347598133648e-17,4.0146097230420914e-17,6.615325765201721e-17,1.0783102901029979e-16,1.7392939403988418e-16,2.7770555998222286e-16,4.3905408998478845e-16,6.875543474385784e-16,1.066792047776712e-15,1.6404356002982167e-15,2.5007095919638925e-15,3.780117092689438e-15,5.6675314492136735e-15,8.430121363333815e-15,1.2443007641435869e-14,1.8229096681949938e-14,2.651221883699677e-14,3.828754779060905e-14,5.491432325648317e-14,7.823718208147189e-14,1.10743966487418e-13,1.5576977327203765e-13,2.1775929179683366e-13,3.026022164512699e-13,4.180597839392643e-13,5.74304358661238e-13,7.845985611649733e-13,1.0661458051012952e-12,1.441150387220323e-12,1.9381325828420384e-12,2.593552666041951e-12,3.4538075430131988e-12,4.5776749048874845e-12,6.039292645863784e-12,7.931775914937188e-12,1.0371590769060344e-11,1.3503822160331072e-11,1.7508495125351276e-11,2.2608131763651494e-11,2.9076753114089763e-11,3.725056459212983e-11,4.7540596470540515e-11,6.044760721105706e-11,7.657959752781755e-11,9.667232713117396e-11,1.21613274408327e-10,1.524695320921708e-10,1.9052018949458424e-10,2.3729381437444006e-10,2.9461171520709994e-10,3.6463773774772916e-10,4.499354285476298e-10,5.53533482698475e-10,6.790004837311422e-10,8.305300404571646e-10,1.0130375287711335e-09,1.232269756163751e-09,1.4949289830487174e-09,1.8088128580656903e-09,2.1829719543650848e-09,2.6278867305396797e-09,3.1556658833532074e-09,3.780268209737513e-09,4.5177502525895585e-09,5.386542168685235e-09,6.407754427372402e-09,7.605518125499039e-09,9.007361887101887e-09,1.0644628505496863e-08,1.2552934680325751e-08,1.4772677402628839e-08,1.7349590746697284e-08,2.033535703802843e-08,2.378827658189027e-08,2.7774000356158717e-08,3.236633029503817e-08,3.764809201642119e-08,4.3712085074399045e-08,5.0662116049645e-08,5.8614120022952776e-08,6.76973762111702e-08,7.805582377908426e-08,8.984948407500773e-08,1.0325599577159147e-07,1.1847226962515987e-07,1.35716269797984e-07,1.552289289143102e-07,1.772762042464648e-07,2.0215128264688172e-07,2.301769420579942e-07,2.617080776422406e-07,2.9713440077886833e-07,3.3688331937189596e-07,3.8142300810451904e-07,4.3126567745698265e-07,4.869710504799524e-07,5.491500564858921e-07,6.184687509245167e-07,6.956524710343272e-07,7.814902366330892e-07,8.768394059860841e-07,9.826305964372214e-07,1.0998728797824217e-06,1.229659262293046e-06,1.3731724597317456e-06,1.531690977050454e-06,1.7065955033927736e-06,1.8993756323349616e-06,2.111636917682338e-06,2.3451082750143566e-06,2.601649739196802e-06
0.03618090452261307,,,,,,,,,,,,,,,,,,,,,,,,,,,,,,,,,,,,,,,,,,,,,,,,,,,,,,,,,,,,4.369118710594232e-27,1.365379239833718e-26,4.110435575075062e-26,1.194215137593507e-25,3.3540744907019643e-25,9.121106333606383e-25,2.4052148581142444e-24,6.158847328654191e-24,1.5334004250579607e-23,3.716721919101393e-23,8.780505126668371e-23,2.0240047173858465e-22,4.55708221008483e-22,1.0031623509834887e-21,2.161060737899294e-21,4.55989380505991e-21,9.431804938777714e-21,1.9139411256279372e-20,3.813112715428388e-20,7.463714929748593e-20,1.4363036249612967e-19,2.71913136359509e-19,5.0672236640751625e-19,9.300714290155998e-19,1.6823145529834889e-18,3.00033498128891e-18,5.27861793908376e-18,9.165684163177695e-18,1.5714496623913578e-17,2.661428459930884e-17,4.454379598538363e-17,7.370367682995973e-17,1.206103138301335e-16,1.952674448579102e-16,3.128782244144021e-16,4.963231656079171e-16,7.797134642244006e-16,1.2134409199229585e-15,1.871292823501251e-15,2.8603924339650294e-15,4.33497485546839e-15,6.515328621372472e-15,9.71364244431886e-15,1.4369015160319505e-14,2.1094539558805474e-14,3.074018667283099e-14,4.447623033001054e-14,6.39032021099355e-14,9.119590018981469e-14,1.292908448782112e-13,1.8212883906457498e-13,2.5496702207807544e-13,3.547780775733081e-13,4.907581571144718e-13,6.749697074603983e-13,9.231508487694063e-13,1.2557293612251161e-12,1.6990868288431633e-12,2.28712720311584e-12,3.0632141394727868e-12,4.082553092292334e-12,5.415107507703266e-12,7.149153718168059e-12,9.395596521351597e-12,1.2293187132036127e-11,1.6014807455238353e-11,2.0775009676508164e-11,2.683902824728734e-11,3.4533512712578475e-11,4.4259264746575616e-11,5.6506301497039994e-11,7.187161016262464e-11,9.108000591556267e-11,1.1500855711060193e-10,1.447150984678719e-10,1.8147141485477685e-10,2.2680174569166933e-10,2.8252733312872645e-10,3.508178162450048e-10,4.342503588442283e-10,5.35877490198683e-10,6.593047365393464e-10,8.0877922639393e-10,9.892905652320582e-10,1.2066853944109886e-09,1.467797176299586e-09,1.780592881751077e-09,2.154338397905728e-09,2.5997846236731284e-09,3.129376377152597e-09,3.757486403754186e-09,4.500676945718082e-09,5.3779915131370286e-09,6.411279683218009e-09,7.625557948305736e-09,9.049409833867731e-09,1.0715428715041736e-08,1.2660706974042398e-08,1.4927375360686573e-08,1.7563196643816243e-08,2.0622217872307988e-08,2.416548580036954e-08,2.8261830271936385e-08,3.2988720603436855e-08,3.843320025183906e-08,4.469290530549999e-08,5.187717258827063e-08,6.010824342185058e-08,6.952256934698055e-08,8.027222636017546e-08,9.252644447817059e-08,1.0647325969711773e-07,1.2232129566651737e-07,1.403016826479792e-07,1.6067012157706746e-07,1.8370910128874886e-07,2.0973027720656866e-07,2.390770200282411e-07,2.721271431709476e-07,3.0929581793509395e-07,3.5103868564258137e-07,3.9785517604005345e-07,4.5029204166461406e-07,5.089471178844963e-07,5.744733185872954e-07,6.475828776258878e-07,7.29051846288469e-07,8.19724857197597e-07,9.205201651670413e-07,1.0324349756862328e-06,1.1565510715974409e-06,1.294040749318343e-06,1.446173074618911e-06,1.6143204697858585e-06,1.7999656426238607e-06,2.0047088684739353e-06,2.23027563623314e-06,2.478524669368723e-06,2.751456332887304e-06,3.0512214371850465e-06,3.380130449620083e-06
0.03668341708542714,,,,,,,,,,,,,,,,,,,,,,,,,,,,,,,,,,,,,,,,,,,,,,,,,,,,,,,,,,,3.4051848272759515e-27,1.0890594990334274e-26,3.350673888479677e-26,9.935965480226195e-26,2.8448519299707887e-25,7.877820813945699e-25,2.1131445380733795e-24,5.4987880805915566e-24,1.390012700185452e-23,3.4178115465782393e-23,8.18437306530388e-23,1.9108664553514536e-22,4.354657194503113e-22,9.696184840553579e-22,2.1114992954874176e-21,4.5011241752948276e-21,9.400835464120422e-21,1.9252303382490584e-20,3.8690684145565414e-20,7.635839273878319e-20,1.480937141749491e-19,2.824447054774735e-19,5.300542617239823e-19,9.793928508537338e-19,1.7827489803090216e-18,3.198565086132385e-18,5.6594702775559145e-18,9.880190123014416e-18,1.7026569553061247e-17,2.89771324599582e-17,4.872314190565776e-17,8.097364846179626e-17,1.3306067445635196e-16,2.1627929315562217e-16,3.478515654474199e-16,5.537767577724859e-16,8.729289051213947e-16,1.3628940486866138e-15,2.108212652154571e-15,3.231919256553503e-15,4.911565433218051e-15,7.401290635259287e-15,1.1061989255529873e-14,1.6402235767160055e-14,2.413340259728002e-14,3.5243371991022266e-14,5.109444413033785e-14,7.355252639170454e-14,1.0515650743224069e-13,1.4933893746595444e-13,2.1071182416167013e-13,2.954345931952013e-13,4.116851450767968e-13,5.702595679490342e-13,7.853315537906854e-13,1.0754090393522658e-12,1.4645331925123632e-12,1.9837737421723607e-12,2.6730849715203983e-12,3.583598640613914e-12,4.780443868750332e-12,6.346199798076252e-12,8.38510489897924e-12,1.1028167300157426e-11,1.4439343779849344e-11,1.8822981299582624e-11,2.44327444694633e-11,3.158228538600819e-11,4.065794917021571e-11,5.213384955363517e-11,6.658969431634136e-11,8.473179058282655e-11,1.0741771523817123e-10,1.3568519634940444e-10,1.7078581777290968e-10,2.1422423140247114e-10,2.678036400604244e-10,3.336783991435007e-10,4.1441467708349623e-10,5.130602137372155e-10,6.332243221147432e-10,7.791693931364762e-10,9.559152841664744e-10,1.169358102559393e-09,1.426405032552031e-09,1.7351270001249112e-09,2.104931124630514e-09,2.5467550686145e-09,3.0732855682474394e-09,3.6992036061083133e-09,4.4414588757042965e-09,5.319576382922839e-09,6.355998233475963e-09,7.576463867133654e-09,9.010432218915116e-09,1.0691549514169435e-08,1.2658166638216992e-08,1.4953910261808997e-08,1.762831215040063e-08,2.0737501337874524e-08,2.4344964103516425e-08,2.8522376953749407e-08,3.3350518077898335e-08,3.8920263014799924e-08,4.533367055245077e-08,5.270516513643593e-08,6.116282236947134e-08,7.084976444055726e-08,8.192567261308359e-08,9.45684241764712e-08,1.0897586154398926e-07,1.253677014545549e-07,1.4398759250851086e-07,1.6510532953629798e-07,1.8901923356234118e-07,2.1605870638501815e-07,2.465869690467899e-07,2.810039937103377e-07,3.1974963869851705e-07,3.633069966791527e-07,4.122059661968295e-07,4.6702705696251237e-07,5.284054395045191e-07,5.970352499770615e-07,6.736741610844426e-07,7.591482302478534e-07,8.543570362782075e-07,9.602791159540353e-07,1.0779777120142818e-06,1.2086068441773655e-06,1.3534177148745976e-06,1.5137654614608537e-06,1.691116266701719e-06,1.887054839370045e-06,2.1032922768548623e-06,2.341674321269512e-06,2.6041900218962736e-06,2.8929808140391593e-06,3.2103500276776826e-06,3.558772836528504e-06,3.9409066593614505e-06,4.3596020249242505e-06
0.03718592964824121,,,,,,,,,,,,,,,,,,,,,,,,,,,,,,,,,,,,,,,,,,,,,,,,,,,,,,,,,,,8.41088506611105e-27,2.648070210298233e-26,8.024433205771851e-26,2.344838023277388e-25,6.618945386884488e-25,1.807829939812721e-24,4.785086876513329e-24,1.22917843818913e-23,3.068485867615443e-23,7.45372465255583e-23,1.7639481768850279e-22,4.071500179645037e-22,9.17580109739799e-22,2.021124065306185e-21,4.355275126093699e-21,9.189742665960531e-21,1.9003192676422495e-20,3.854214142293713e-20,7.67296622724115e-20,1.5004578017284636e-19,2.884138204596219e-19,5.452852299077631e-19,1.0146498819879382e-18,1.859300605718746e-18,3.357125397091826e-18,5.975881145324676e-18,1.0492370441620387e-17,1.8179963417487823e-17,3.1100028065829815e-17,5.25494745902699e-17,8.774018180320508e-17,1.4481907093665863e-16,2.363833175198636e-16,3.8170791298682374e-16,6.099879812975226e-16,9.650128824703567e-16,1.511841958582972e-15,2.3462537341894887e-15,3.608004998936764e-15,5.499280065877634e-15,8.310153796001678e-15,1.2453459062642572e-14,1.851216936290611e-14,2.7303314928571375e-14,3.9963586840557686e-14,5.806319621421942e-14,8.375630022720351e-14,1.1997844800214273e-13,1.7070411104824281e-13,2.4128052940883097e-13,3.3885792138924903e-13,4.729406793521319e-13,6.560896270183188e-13,9.048118790465667e-13,1.2406824696841536e-12,1.6917508670880807e-12,2.2942959419394817e-12,3.09500510721166e-12,4.15366740026597e-12,5.5464864645093284e-12,7.370137947118859e-12,9.7467170185282e-12,1.2829745810297374e-11,1.681143784637059e-11,2.1931447307702955e-11,2.8487365533015358e-11,3.6847265840618774e-11,4.746464088933148e-11,6.089612471824837e-11,7.782244465973556e-11,9.907310685433439e-11,1.2565538345784676e-10,1.5878824016586832e-10,1.9994191973220333e-10,2.5088398105753797e-10,3.1373268450045025e-10,3.9101871262553077e-10,4.85756321947687e-10,6.015251356350832e-10,7.425639098559006e-10,9.138777377134441e-10,1.1213602947289578e-09,1.3719328787611742e-09,1.6737021552374646e-09,2.0361386857215126e-09,2.4702784942111376e-09,2.9889501111788606e-09,3.6070297302158767e-09,4.341727316146238e-09,5.212906716554602e-09,6.243443050555872e-09,7.45962087986474e-09,8.891576904362835e-09,1.057379117553332e-08,1.2545631071246966e-08,1.4851952541739826e-08,1.754376340402304e-08,2.0678953738312656e-08,2.4323098721725008e-08,2.8550339521458774e-08,3.3444348161414215e-08,3.909938257189327e-08,4.5621438330985194e-08,5.312950390782803e-08,6.175692652122606e-08,7.165289603123346e-08,8.298405458596305e-08,9.593624004900654e-08,1.1071637153523114e-07,1.2755448568177342e-07,1.4670593257701365e-07,1.684537405618562e-07,1.9311115940351033e-07,2.210243916219721e-07,2.5257552202193557e-07,2.881856557465681e-07,3.283182754262136e-07,3.7348282823838516e-07,4.2423855393110847e-07,4.81198565083322e-07,5.450341910856195e-07,6.164795975213459e-07,6.963366928084636e-07,7.854803341311911e-07,8.848638448385002e-07,9.955248556231402e-07,1.1185914819096383e-06,1.2552888499800565e-06,1.4069459844447016e-06,1.575003069729395e-06,1.7610190982886877e-06,1.9666799182794327e-06,2.193806693428694e-06,2.4443647878139907e-06,2.7204730882203796e-06,3.0244137767068975e-06,3.3586425658889654e-06,3.7257994093820227e-06,4.128719699690237e-06,4.570445965707551e-06,5.054240081785037e-06,5.5835960001911695e-06
0.03768844221105528,,,,,,,,,,,,,,,,,,,,,,,,,,,,,,,,,,,,,,,,,,,,,,,,,,,,,,,,,,6.2851859578976844e-27,2.0277224032381012e-26,6.287168880127115e-26,1.8772417247391744e-25,5.407659861740349e-25,1.5054845541217222e-24,4.05720386551441e-24,1.0600409755420979e-23,2.688962576537653e-23,6.631266717108976e-23,1.5918655759550954e-22,3.7241803238082187e-22,8.500720869603654e-22,1.8951347481611066e-21,4.1306312270323414e-21,8.810355054542862e-21,1.8405911492883603e-20,3.769411702233333e-20,7.573350436900085e-20,1.4939238700816515e-19,2.8953794826629963e-19,5.517138378819746e-19,1.0342688417829795e-18,1.9086663493795228e-18,3.4694154354563024e-18,6.215165338174371e-18,1.0978624945711498e-17,1.9131983198309808e-17,3.290761860759089e-17,5.589273063563341e-17,9.378329562197023e-17,1.5552035535575095e-16,2.549839065801876e-16,4.1349153475656863e-16,6.634468015259818e-16,1.0536143688764846e-15,1.6566751575802986e-15,2.57994827759619e-15,3.980472863551181e-15,6.0860417304976816e-15,9.224293587487946e-15,1.3862629968786578e-14,2.066256127744545e-14,3.0553144053979684e-14,4.4829496772879315e-14,6.528403034447755e-14,9.438006744286069e-14,1.3548002731762157e-13,1.9314340653377088e-13,2.735134898961528e-13,3.8481619151222037e-13,5.379997794283815e-13,7.4755061933361e-13,1.0325276400272453e-12,1.417867148420876e-12,1.936020095848773e-12,2.628996125194392e-12,3.5509029399448666e-12,4.771085969372548e-12,6.3779922246488296e-12,8.483903924984174e-12,1.1230712217990896e-11,1.4796929436708887e-11,1.9406170155098042e-11,2.5337367166835116e-11,3.293702877447416e-11,4.2633888796636666e-11,5.495635088932846e-11,7.055318442438379e-11,9.021799082163266e-11,1.1491802708675114e-10,1.4582804791437542e-10,1.8436990936542585e-10,2.3225876623399622e-10,2.9155679213924746e-10,3.647354564638411e-10,4.5474750585610925e-10,5.651099204222347e-10,6.999992462612718e-10,8.643608468935574e-10,1.0640337666419889e-09,1.3058930593435603e-09,1.5980116060501794e-09,1.949843625765757e-09,2.3724322738006267e-09,2.8786439230949525e-09,3.483431934789123e-09,4.2041329454892064e-09,5.060798928952985e-09,6.076568533648221e-09,7.278081442496211e-09,8.69593976806613e-09,1.036522075970357e-08,1.2326045379266047e-08,1.4624207587165073e-08,1.73118694735492e-08,2.0448327670104898e-08,2.410085678467131e-08,2.8345635913684614e-08,3.326876460530335e-08,3.896737496832179e-08,4.5550846947746573e-08,5.314213411651918e-08,6.187920766323355e-08,7.19166265869438e-08,8.342724244177682e-08,9.660404730391767e-08,1.1166217396245963e-07,1.2884105766049435e-07,1.484067690344139e-07,1.706545282156233e-07,1.9591141036863892e-07,2.2453925324315165e-07,2.5693777761135376e-07,2.935479317480166e-07,3.3485547138541334e-07,3.8139478683875945e-07,4.3375298924928774e-07,4.925742681300121e-07,5.585645326225098e-07,6.324963490815649e-07,7.15214187797287e-07,8.076399918366584e-07,9.107790811492724e-07,1.0257264052145799e-06,1.1536731576295198e-06,1.295913766139016e-06,1.4538532716810161e-06,1.6290151100846558e-06,1.8230493100906125e-06,2.037741121372926e-06,2.2750200862436563e-06,2.5369695686744125e-06,2.8258367542217492e-06,3.1440431343660752e-06,3.4941954886629037e-06,3.879097377977751e-06,4.301761162053686e-06,4.765420553590673e-06,5.273543723835956e-06,5.829846968498638e-06,6.438308949971048e-06,7.103185525656738e-06
0.03819095477386935,,,,,,,,,,,,,,,,,,,,,,,,,,,,,,,,,,,,,,,,,,,,,,,,,,,,,,,,,4.5407824602649705e-27,1.5033366204169903e-26,4.775878947676717e-26,1.4589269069084902e-25,4.293858714152512e-25,1.2198066833396099e-24,3.350480270812218e-24,8.912354502739774e-24,2.299324000282796e-23,5.761599139586113e-23,1.4040957605630102e-22,3.331981225537728e-22,7.708501421766153e-22,1.7405194962133043e-21,3.8395635332844375e-21,8.283347238329638e-21,1.7492593727528672e-20,3.619162444614616e-20,7.342231192285261e-20,1.4616907595454442e-19,2.8576813740776165e-19,5.490470387440069e-19,1.0373698392160924e-18,1.9286886939068537e-18,3.530672535460153e-18,6.3674993490644724e-18,1.1319669787439564e-17,1.9846218432527352e-17,3.433333304037307e-17,5.863450548843726e-17,9.889743971588676e-17,1.6481536972845816e-16,2.71499586601968e-16,4.4225155378077593e-16,7.126243681651132e-16,1.136313890281824e-15,1.7936214781864347e-15,2.8034977513754625e-15,4.3405285732549085e-15,6.658683071842435e-15,1.0124236550404657e-14,1.5261041839180198e-14,2.281229087654549e-14,3.38241315087799e-14,4.975803860286307e-14,7.264074917740638e-14,1.0526293457965903e-13,1.5144068688107897e-13,2.1635744262393775e-13,3.0700826993542043e-13,4.327736351052742e-13,6.061559885217585e-13,8.437199311158747e-13,1.1672855230431667e-12,1.6054346769935552e-12,2.195402759552609e-12,2.985441745722322e-12,4.037757794622777e-12,5.4321452194018905e-12,7.270460812605833e-12,9.682107680461187e-12,1.283072647567434e-11,1.692232455640793e-11,2.2215110513963643e-11,2.9031343093722066e-11,3.7771550186475654e-11,4.893152570551588e-11,6.312257021819124e-11,8.10955055733958e-11,1.0376906496339186e-10,1.322633381895294e-10,1.679390379460033e-10,2.124434469972542e-10,2.6776400868842494e-10,3.36290634613562e-10,4.2088792412848803e-10,5.249786203719097e-10,6.526397681462103e-10,8.08713189199207e-10,9.989320516835944e-10,1.2300654822335868e-09,1.510083352225458e-09,1.8483435629484197e-09,2.255804360349995e-09,2.745264425621743e-09,3.3316337157917675e-09,4.032238267096255e-09,4.8671624236941655e-09,5.859632214930818e-09,7.036443875640054e-09,8.428441785562439e-09,1.0071050395537813e-08,1.2004865009206448e-08,1.427630659909081e-08,1.693834615452121e-08,2.0051304385355012e-08,2.3683732939065168e-08,2.791338362890522e-08,3.282827251656925e-08,3.852784604345871e-08,4.51242567589445e-08,5.274375655178221e-08,6.152821565007323e-08,7.163677601565101e-08,8.324764811938596e-08,9.656006044257313e-08,1.1179637140705615e-07,1.2920435378960028e-07,1.4905966202540093e-07,1.7166849314835442e-07,1.9737045245175748e-07,2.265416352818052e-07,2.595979366939477e-07,2.969986010112312e-07,3.3925002362003643e-07,3.8690981762230096e-07,4.405911582336693e-07,5.009674180710445e-07,5.687771067133955e-07,6.448291281396535e-07,7.300083698522718e-07,8.252816376803166e-07,9.317039504176045e-07,1.0504252085998998e-06,1.1826972518429672e-06,1.3298813192685745e-06,1.4934559276124098e-06,1.6750251816760954e-06,1.8763275317996435e-06,2.0992449930451394e-06,2.345812840755131e-06,2.6182297971089307e-06,2.918868723219268e-06,3.2502878312228273e-06,3.615242430685326e-06,4.016697223495526e-06,4.457839161245259e-06,4.942090878882144e-06,5.473124718202001e-06,6.054877354485321e-06,6.691565039292673e-06,7.387699472160162e-06,8.14810431351614e-06,8.97793235095189e-06
0.03869346733668342,,,,,,,,,,,,,,,,,,,,,,,,,,,,,,,,,,,,,,,,,,,,,,,,,,,,,,,,3.168705340696435e-27,1.0782412995504741e-26,3.514707784200986e-26,1.0999345765442857e-25,3.311682045715335e-25,9.611127828824996e-25,2.69357292651534e-24,7.302068199579178e-24,1.9178440113545763e-23,4.8873725528750445e-23,1.2101445131105496e-22,2.9151899026812124e-22,6.840668848822576e-22,1.5654356961498134e-21,3.4974421978044625e-21,7.636443368124676e-21,1.6310920428709652e-20,3.4112268315273835e-20,6.991393823834755e-20,1.405380345208377e-19,2.772923243446449e-19,5.374212988267096e-19,1.0238293184748207e-18,1.9185052906522893e-18,3.538292613590141e-18,6.4265622973984915e-18,1.1501753845317175e-17,2.029475998503768e-17,3.532328807947029e-17,6.06747390676022e-17,1.0290264821784934e-16,1.7238912634955002e-16,2.8539203303402325e-16,4.670873386712976e-16,7.560427257732737e-16,1.2107287202549992e-15,1.9189021676713434e-15,3.011000765918176e-15,4.679087847261695e-15,7.203409768619459e-15,1.0989305953653762e-14,1.6618082322198294e-14,2.491656872239392e-14,3.7051484982627795e-14,5.4656503196456307e-14,8.000209185817609e-14,1.1622094890208808e-13,1.676051776870768e-13,2.3999544963145285e-13,3.412873629132432e-13,4.820861994907777e-13,6.765484718962393e-13,9.43457227199968e-13,1.307588247037451e-12,1.801436283415338e-12,2.4673845525321672e-12,3.360417151373438e-12,4.551493163566358e-12,6.131723304931564e-12,8.217515371571462e-12,1.0956883858235796e-11,1.453715230990848e-11,1.919431464745843e-11,2.5224364314815797e-11,3.2996948057552653e-11,4.2971754927071136e-11,5.571811117674748e-11,7.19383185533543e-11,9.249534757285169e-11,1.184455791873225e-10,1.5107737828393733e-10,1.9195638118249512e-10,2.429784871838102e-10,3.064316617186407e-10,3.850677861909148e-10,4.821859276091172e-10,6.017285499393791e-10,7.483923491444254e-10,9.277555654059412e-10,1.1464238093355703e-09,1.4121966342967515e-09,1.7342572944467605e-09,2.123388347911264e-09,2.5922159966667255e-09,3.155486299233006e-09,3.830376649414745e-09,4.636846182421438e-09,5.598029052797095e-09,6.740674818902334e-09,8.095640475006013e-09,9.698438986325286e-09,1.158984950852154e-08,1.3816594809001911e-08,1.6432091752662443e-08,1.9497281068748188e-08,2.308154297747349e-08,2.7263705624232822e-08,3.213315364463034e-08,3.7791044564391776e-08,4.4351641123311805e-08,5.194376800088828e-08,6.071240181186961e-08,7.082040363159781e-08,8.24504037029441e-08,9.58068483662941e-08,1.1111821964232399e-07,1.2863943828059853e-07,1.4865446146602292e-07,1.7147908674727646e-07,1.9746397411541227e-07,2.2699789851693823e-07,2.6051124542966854e-07,2.9847976246347106e-07,3.4142858026816517e-07,3.8993651633630074e-07,4.4464067557978606e-07,5.062413618377364e-07,5.7550731468258e-07,6.53281286293248e-07,7.40485973048575e-07,8.38130317105363e-07,9.473161930662513e-07,1.0692454951562948e-06,1.2052276404122715e-06,1.3566875034840183e-06,1.5251737987380408e-06,1.7123679253864407e-06,1.9200932914031e-06,2.1503251319654064e-06,2.405200838146787e-06,2.687030811510518e-06,2.998309860164472e-06,3.3417291517310823e-06,3.7201887385251126e-06,4.136810670061065e-06,4.5949527078141e-06,5.0982226568927615e-06,5.650493329077517e-06,6.255918151315679e-06,6.918947433496986e-06,7.644345308961299e-06,8.437207360816585e-06,9.302978946753034e-06,1.0247474234581143e-05,1.1276895960324834e-05
0.03919597989949749,,,,,,,,,,,,,,,,,,,,,,,,,,,,,,,,,,,,,,,,,,,,,,,,,,,,,,,,7.47454120808675e-27,2.5038036096272016e-26,8.038858376633957e-26,2.4792466289405356e-25,7.359775461499776e-25,2.1069678245980503e-24,5.827394391591227e-24,1.559691747740172e-23,4.0460352781615856e-23,1.0187868733980206e-22,2.4934284074414956e-22,5.939245353399201e-22,1.3785224971507276e-21,3.121340009696739e-21,6.902088996612554e-21,1.4920149964334482e-20,3.155985820879697e-20,6.538213064791082e-20,1.327751140613893e-19,2.6452043401215455e-19,5.173915150103173e-19,9.942875636834279e-19,1.8786075823895292e-18,3.4920053627789074e-18,6.389951474945323e-18,1.1517537948554685e-17,2.045993082634815e-17,3.583952283081871e-17,6.193752075214821e-17,1.0565461530038428e-16,1.7797780353407236e-16,2.9619402733504884e-16,4.871934638181257e-16,7.923456429666248e-16,1.2746223534181855e-15,2.028898096190099e-15,3.196701200191781e-15,4.987140922486018e-15,7.706327859731863e-15,1.1798373355243933e-14,1.7902042559437996e-14,2.6928398526093174e-14,4.016637447598362e-14,5.942522288377605e-14,8.722530096706737e-14,1.2705176447375377e-13,1.8368957306375624e-13,2.6366289628314234e-13,3.7580770278147254e-13,5.320131911826693e-13,7.481759741663456e-13,1.0454207767043564e-12,1.4516530953995166e-12,2.003523058021562e-12,2.7488959092630696e-12,3.749943451119601e-12,5.08699272627226e-12,6.863293620618248e-12,9.210896271339371e-12,1.2297862618854612e-11,1.6337074578826234e-11,2.15969445912062e-11,2.8414383230126544e-11,3.721043359919727e-11,4.8509043947460124e-11,6.295951881548049e-11,8.136326561351811e-11,1.0470553837637344e-10,1.3419297407345726e-10,1.7129781981137436e-10,2.178098620791448e-10,2.7589719235828887e-10,3.481770774512267e-10,4.377983482369538e-10,5.485368776910926e-10,6.849058881939411e-10,8.522830103223192e-10,1.0570562092858107e-09,1.306790903846192e-09,1.6104208229849702e-09,1.9784653805738816e-09,2.4232765964161776e-09,2.9593188538852704e-09,3.603485059804958e-09,4.375453061187283e-09,5.298086474767532e-09,6.3978844033484395e-09,7.705484834884055e-09,9.25622686762934e-09,1.1090777250514898e-08,1.3255827093733502e-08,1.58048649770125e-08,1.8799033066169528e-08,2.2308073240517755e-08,2.6411370633590792e-08,3.1199102396894506e-08,3.677349990650988e-08,4.3250233060344975e-08,5.0759925714245556e-08,5.9449811759489553e-08,6.948554173273969e-08,8.10531503172367e-08,9.436119547438459e-08,1.09643080398484e-07,1.2715956988770197e-07,1.4720151313997643e-07,1.700927853859123e-07,1.9619346116534683e-07,2.2590323244003174e-07,2.5966508510785435e-07,2.9796924784463953e-07,3.4135742754609174e-07,3.9042734597182847e-07,4.4583759250739103e-07,5.083128082535795e-07,5.786492169278944e-07,6.577205183153807e-07,7.464841602376119e-07,8.459880052157225e-07,9.573774081869166e-07,1.0819027217881785e-06,1.2209272458581887e-06,1.375935637899928e-06,1.5485428013348967e-06,1.7405032684154128e-06,1.9537210946774363e-06,2.1902602818095435e-06,2.452355745764644e-06,2.742424846851191e-06,3.063079498466408e-06,3.417138870950512e-06,3.807642706905767e-06,4.23786526409892e-06,4.711329901843576e-06,5.231824326477042e-06,5.803416511262259e-06,6.430471305703773e-06,7.117667748911745e-06,7.870017101253554e-06,8.692881608107583e-06,9.591994009092371e-06,1.057347780565187e-05,1.1643868299362516e-05,1.2810134412855986e-05,1.4079701304547241e-05
0.03969849246231156,,,,,,,,,,,,,,,,,,,,,,,,,,,,,,,,,,,,,,,,,,,,,,,,,,,,,,,5.002757680598132e-27,1.7249571317026128e-26,5.690471578579437e-26,1.8002374467993511e-25,5.473481881879143e-25,1.6026066406644202e-24,4.527287582969407e-24,1.2361238240380625e-23,3.267488985553117e-23,8.37461078513712e-23,2.0842109765107225e-22,5.043532414421276e-22,1.1882227379574449e-21,2.728673396809202e-21,6.1148531006039184e-21,1.3386374750819024e-20,2.865614268186693e-20,6.004282001756552e-20,1.2324831928964989e-19,2.480528490223386e-19,4.898889198304786e-19,9.501005952798581e-19,1.8108031799431038e-18,3.393888255897096e-18,6.259336268552117e-18,1.1366562283773021e-17,2.0335388182566985e-17,3.58623037791145e-17,6.237556538734827e-17,1.0705294155206941e-16,1.8138333347602256e-16,3.0353442043606665e-16,5.019012397742772e-16,8.203660199013221e-16,1.3260115263276075e-15,2.120316295605952e-15,3.3552426103578565e-15,5.256134556654806e-15,8.154008113009275e-15,1.2530679678624137e-14,1.9081294317177995e-14,2.8800241059280936e-14,4.3098252305637354e-14,6.396076334799951e-14,9.416045673538471e-14,1.3754045159874524e-13,1.993889552205226e-13,2.8693152807169334e-13,4.0997360073283787e-13,5.817337211785248e-13,8.199174280369897e-13,1.148092889825249e-12,1.597442799038432e-12,2.2089827687509394e-12,3.0363549820997034e-12,4.149327454980321e-12,5.638154381917381e-12,7.618982065766283e-12,1.024051833321581e-11,1.3692221586745839e-11,1.821430924192865e-11,2.410993477254817e-11,3.1759938482018866e-11,4.164064000313077e-11,5.43452109791178e-11,7.06092449891463e-11,9.134122914815429e-11,1.1765871853577143e-10,1.5093112128919742e-10,1.9283011942190026e-10,2.45388878780071e-10,3.1107134158114025e-10,3.928530472276392e-10,4.943150920576676e-10,6.197530168480553e-10,7.743026026530677e-10,9.640847613260914e-10,1.196371927050525e-09,1.4797785901451445e-09,1.8244788632236171e-09,2.242454234842078e-09,2.74777494445889e-09,3.356918707020336e-09,4.08913082445893e-09,4.966830045076883e-09,6.016064869851509e-09,7.26702535677702e-09,8.754615839959189e-09,1.0519094358804849e-08,1.2606784983728882e-08,1.5070869627320374e-08,1.797226634358309e-08,2.1380601541164695e-08,2.5375283968587213e-08,3.004668877241091e-08,3.549746036812109e-08,4.184394332709808e-08,4.9217750941283743e-08,5.776748155747324e-08,6.766059328414355e-08,7.908544809059197e-08,9.225353680090542e-08,1.0740189693535036e-07,1.247957358046823e-07,1.4473127170830195e-07,1.675388065263807e-07,1.935860434230437e-07,2.2328166379657527e-07,2.570791780167854e-07,2.95481064879793e-07,3.390432150862353e-07,3.883796944041588e-07,4.441678425174303e-07,5.071537238769316e-07,5.781579471675739e-07,6.580818702764836e-07,7.479142078941169e-07,8.487380591027481e-07,9.617383724986908e-07,1.0882098665631007e-06,1.2295654231302884e-06,1.3873449719068176e-06,1.563224884076458e-06,1.759027893056864e-06,1.9767335604951935e-06,2.218489305556443e-06,2.4866220155112157e-06,2.783650255519023e-06,3.112297095405321e-06,3.475503571036743e-06,3.8764427977207115e-06,4.318534752829586e-06,4.805461744557297e-06,5.3411845834406616e-06,5.929959472928459e-06,6.576355634905098e-06,7.285273685689014e-06,8.061964777570501e-06,8.91205052048008e-06,9.841543697908741e-06,1.085686979060906e-05,1.1964889321119444e-05,1.3172921031458016e-05,1.4488765905811357e-05,1.5920732049369043e-05,1.74776604336636e-05
0.040201005025125636,,,,,,,,,,,,,,,,,,,,,,,,,,,,,,,,,,,,,,,,,,,,,,,,,,,,,,3.2291294676547164e-27,1.1480656757723098e-26,3.897767781857263e-26,1.266794849986034e-25,3.950349790053734e-25,1.1844937474378287e-24,3.42187377231514e-24,9.541957776035294e-24,2.57281515832359e-23,6.718678183579095e-23,1.7018644167425882e-22,4.187475620461242e-22,1.0021852692635387e-21,2.3359256706731292e-21,5.308838893629318e-21,1.177751284892436e-20,2.5531543778003856e-20,5.413771145722679e-20,1.123900078969162e-19,2.28635480559984e-19,4.561522281144236e-19,8.932412700631698e-19,1.7180858225788434e-18,3.2482185459975615e-18,6.040337477082737e-18,1.1055262622817569e-17,1.99265060601473e-17,3.5391314628113273e-17,6.197301019240549e-17,1.0704692534750153e-16,1.824845102620172e-16,3.071583285755909e-16,5.107139623289139e-16,8.391854085364076e-16,1.3632639527455664e-15,2.1903465938468124e-15,3.4819138917882214e-15,5.4783498520792405e-15,8.534056768673312e-15,1.3166683124985927e-14,2.0125530138765624e-14,3.0485801409323746e-14,4.577739288450899e-14,6.815948452773223e-14,1.0065540521690934e-13,1.4746623193132752e-13,2.1438650739803522e-13,3.093514940047211e-13,4.4315272746762466e-13,6.303675193952591e-13,8.905587394739501e-13,1.24981397104999e-12,1.7427082947141384e-12,2.4147928612850426e-12,3.3257324489796622e-12,4.553239773126858e-12,6.197982876807843e-12,8.389674956026177e-12,1.1294593973368657e-11,1.512482292969307e-11,2.0149551262071422e-11,2.6708834111675085e-11,3.5230269774251094e-11,4.624912713588576e-11,6.043253499318834e-11,7.860843442683656e-11,1.0180009467174106e-10,1.3126710267485246e-10,1.6855385757971332e-10,2.1554673427924047e-10,2.745412256053439e-10,3.4832053127040014e-10,4.402472339266693e-10,5.543698891944075e-10,6.955465577284817e-10,8.695875237915758e-10,1.0834196767542032e-09,1.3452752797802038e-09,1.6649081139257045e-09,2.053840266156407e-09,2.5256431264617974e-09,3.0962564723339356e-09,3.784349848332674e-09,4.611730793660375e-09,5.603804833368084e-09,6.790092523238807e-09,8.204809233519976e-09,9.887513760572935e-09,1.188383227701423e-08,1.4246264563732827e-08,1.703507991256966e-08,2.0319310544924777e-08,2.4177850858098167e-08,2.870067128663137e-08,3.399015604901302e-08,4.016257453954764e-08,4.7349696619510414e-08,5.570056255938664e-08,6.538341888368705e-08,7.658783186949842e-08,8.952699094852046e-08,1.0444021475745094e-07,1.2159567307311258e-07,1.4129333834257364e-07,1.6386818102981529e-07,1.8969362339179164e-07,2.1918526684266432e-07,2.528049084297263e-07,2.910648624031543e-07,3.3453260326099603e-07,3.8383574703375506e-07,4.396673879425759e-07,5.027918079061519e-07,5.740505767042753e-07,6.543690607893008e-07,7.447633593899538e-07,8.463476860119288e-07,9.603422146194176e-07,1.0880814091799528e-06,1.2310228557869653e-06,1.3907566165717365e-06,1.5690151247111633e-06,1.7676836398701234e-06,1.988811283429093e-06,2.2346226728067733e-06,2.5075301741291608e-06,2.8101467923693274e-06,3.14529971796322e-06,3.516044548691751e-06,3.925680205424926e-06,4.377764560032985e-06,4.876130793507884e-06,5.424904501954541e-06,6.028521567774425e-06,6.6917468129244355e-06,7.419693450709151e-06,8.217843352024957e-06,9.092068141550686e-06,1.0048651138695348e-05,1.109431015761815e-05,1.2236221179995034e-05,1.3482042913487026e-05,1.4839942248289233e-05,1.631862062327805e-05,1.792734131270212e-05,1.9675957643420787e-05,2.1574942152009516e-05
0.040703517587939705,,,,,,,,,,,,,,,,,,,,,,,,,,,,,,,,,,,,,,,,,,,,,,,,,,,,,,7.3732163881575e-27,2.580698392709468e-26,8.630436982854356e-26,2.7644165208394208e-25,8.50031169727127e-25,2.514458377658234e-24,7.169479443566049e-24,1.9740706470593278e-23,5.257939984380339e-23,1.356888838830277e-22,3.397834057077528e-22,8.268029180119811e-22,1.957576597671743e-21,4.515362231742829e-21,1.0158542172046216e-20,2.231583575758333e-20,4.7916844118186605e-20,1.0066560622376144e-19,2.07105927686834e-19,4.1763881066408977e-19,8.2615918950858e-19,1.6044253694895747e-18,3.0611772860652286e-18,5.742143613194332e-18,1.059653529679594e-17,1.9250007880377127e-17,3.444563633003949e-17,6.074631390571281e-17,1.0563845721844088e-16,1.8124379312165241e-16,3.0694110505238506e-16,5.133334154727607e-16,8.481816150335826e-16,1.3851803717910056e-15,2.2367984329341357e-15,3.5728711873364165e-15,5.6472536487644684e-15,8.83566028564938e-15,1.368888766583521e-14,2.100700152959148e-14,3.194184975429564e-14,4.813753005789759e-14,7.192130675525037e-14,1.0656106432970535e-13,1.566098584288895e-13,2.2836365226272423e-13,3.3046510927271446e-13,4.746945804943765e-13,6.76999436009895e-13,9.5882493576846e-13,1.3488242396682295e-12,1.885042280092696e-12,2.6176884571201028e-12,3.6126368995807823e-12,4.95582083294292e-12,6.758719913484471e-12,9.165176769114186e-12,1.2359822007189163e-11,1.6578436218447234e-11,2.212063366384188e-11,2.936531604574225e-11,3.8789416728252533e-11,5.0990536695514277e-11,6.67141641480168e-11,8.688627067231397e-11,1.1265218911953278e-10,1.454228024303096e-10,1.8692920937899916e-10,2.3928718328897936e-10,3.0507290388617983e-10,3.874116212653904e-10,4.900811050676953e-10,6.176319419748268e-10,7.755269710480947e-10,9.703023897214795e-10,1.2097533238013426e-09,1.5031469329370035e-09,1.8614664189639564e-09,2.2976896181950316e-09,2.8271061912324825e-09,3.467677772383948e-09,4.240445809949252e-09,5.169992212480863e-09,6.284958319007182e-09,7.61862812997576e-09,9.209582170647928e-09,1.1102428809100234e-08,1.3348620315764778e-08,1.6007361429956986e-08,1.9146618689804948e-08,2.2844239284315777e-08,2.718918869879314e-08,3.2282916945888546e-08,3.824086370327732e-08,4.519411321264014e-08,5.329121033339333e-08,6.270014968480154e-08,7.361055035148719e-08,8.62360291673275e-08,1.0081678612933645e-07,1.1762241602500774e-07,1.3695496088122413e-07,1.5915221835857903e-07,1.8459132171882497e-07,2.1369260748646646e-07,2.4692378739896773e-07,2.848044417033686e-07,3.279108512931065e-07,3.7688118660185935e-07,4.324210715656199e-07,4.953095413363195e-07,5.664054127761768e-07,6.466540870780899e-07,7.370948041446367e-07,8.388683686146813e-07,9.53225367659543e-07,1.0815349007668019e-06,1.2252938422076574e-06,1.3861366563486042e-06,1.5658457868614916e-06,1.7663626402698426e-06,1.989799184600718e-06,2.2384501837682886e-06,2.514806088259523e-06,2.821566602546229e-06,3.1616549495112506e-06,3.538232851938785e-06,3.954716250895907e-06,4.4147917805159116e-06,4.922434018385997e-06,5.4819235303396776e-06,6.0978657280573796e-06,6.7752105574064556e-06,7.519273034964665e-06,8.335754649622798e-06,9.230765645587556e-06,1.0210848202508758e-05,1.1283000527738818e-05,1.2454701875171227e-05,1.373393850421661e-05,1.512923059186616e-05,1.6649660109922266e-05,1.830489967865962e-05,2.0105242407401076e-05,2.2061632731499625e-05,2.4185698254486217e-05,2.6489782602947802e-05
0.041206030150753775,,,,,,,,,,,,,,,,,,,,,,,,,,,,,,,,,,,,,,,,,,,,,,,,,,,,,4.563359112876627e-27,1.649683992819419e-26,5.686511303249285e-26,1.8739051002595751e-25,5.917697905130753e-25,1.7948782678679636e-24,5.239629512238173e-24,1.4750082366210916e-23,4.011485090928768e-23,1.055770847212032e-22,2.6932534834159043e-22,6.669195423174771e-22,1.6053270549670858e-21,3.761104933353909e-21,8.587421333404729e-21,1.9129657214791737e-20,4.1621802693058395e-20,8.854186795887925e-20,1.8433591774502946e-19,3.759243959259828e-19,7.516126761627766e-19,1.4744974356154584e-18,2.840432608251869e-18,5.376898999586115e-18,1.0008889978601522e-17,1.8332882554571702e-17,3.306252256806996e-17,5.874319160709111e-17,1.028817997140611e-16,1.7770930118480825e-16,3.028950764975311e-16,5.096757591584116e-16,8.470611207738194e-16,1.3910554485523596e-15,2.258209041475084e-15,3.625322176585705e-15,5.757802244635136e-15,9.05007226649917e-15,1.4082605373880053e-14,2.170168779013683e-14,3.3129980170677047e-14,5.0118458868718776e-14,7.515349939854748e-14,1.117368605844687e-13,1.6476131060970933e-13,2.410108033676282e-13,3.4982169231661877e-13,5.039507188405458e-13,7.207067257244205e-13,1.0234165533557663e-12,1.443311743714772e-12,2.0219419118798715e-12,2.814243393888183e-12,3.892418531906188e-12,5.3508122427204325e-12,7.312008904695289e-12,9.934414702713415e-12,1.3421639040128052e-11,1.8034044147786414e-11,2.4102895308368583e-11,3.204761593712392e-11,4.239673284360682e-11,5.5813188224043863e-11,7.312479700809019e-11,9.536074201128003e-11,1.2379512569751064e-10,1.5999873706746705e-10,2.0590034605748154e-10,2.6385900663934094e-10,3.367490343061784e-10,4.280595245244288e-10,5.420104966934295e-10,6.836879837895283e-10,8.592006417272624e-10,1.0758607250184164e-09,1.3423925669345016e-09,1.6691720133961255e-09,2.0685005904079042e-09,2.5549185351501328e-09,3.145561190815581e-09,3.860563654815417e-09,4.723518978837639e-09,5.761995647065344e-09,7.008120505145023e-09,8.499233776645774e-09,1.0278623284990222e-08,1.239634549634124e-08,1.4910141511650425e-08,1.7886456662873464e-08,2.1401572908053076e-08,2.554286377118235e-08,3.041018213392059e-08,3.6117391755700806e-08,4.279405397528389e-08,5.058728162791698e-08,5.96637727965089e-08,7.021203760071992e-08,8.244483181221567e-08,9.660181166582361e-08,1.1295242481256042e-07,1.3179905292955863e-07,1.5348042206100484e-07,1.7837529731249142e-07,2.069064790518029e-07,2.3954511830541363e-07,2.768153694747754e-07,3.192993991030407e-07,3.676427697180657e-07,4.225602183368603e-07,4.848418495556037e-07,5.553597635435228e-07,6.350751395995332e-07,7.250457962426242e-07,8.264342490743283e-07,9.40516287977327e-07,1.0686900950692216e-06,1.2124859258268116e-06,1.373576374642837e-06,1.5537872474655681e-06,1.7551090633218555e-06,1.979709206906834e-06,2.229944754281679e-06,2.5083759936356953e-06,2.817780662923499e-06,3.161168926023869e-06,3.541799108806896e-06,3.963194216246707e-06,4.429159251375945e-06,4.9437993565166365e-06,5.511538796805835e-06,6.137140805573527e-06,6.825728310623656e-06,7.582805559926429e-06,8.414280664628768e-06,9.326489076662383e-06,1.032621801754496e-05,1.1420731874274535e-05,1.2617798577429098e-05,1.3925716975805279e-05,1.5353345221154496e-05,1.691013017555267e-05,1.8606137853328803e-05,2.0452084908173157e-05,2.245937117543914e-05,2.4640113278490562e-05,2.7007179306877388e-05,2.9574224573330118e-05,3.235572845521897e-05
0.041708542713567845,,,,,,,,,,,,,,,,,,,,,,,,,,,,,,,,,,,,,,,,,,,,,,,,,,,,,1.0168106369220055e-26,3.619361011351906e-26,1.2291412883175732e-25,3.992672738936774e-25,1.243517730923699e-24,3.7215887538845644e-24,1.0724779000690377e-23,2.981718423670268e-23,8.012025016157277e-23,2.0842190084556722e-22,5.257155532440733e-22,1.2876638585092384e-21,3.0668767407842605e-21,7.11202712868406e-21,1.6077587385098336e-20,3.5471078911871015e-20,7.645756484305139e-20,1.6117531332017754e-19,3.3260052136956853e-19,6.724882010680205e-19,1.3333772179342378e-18,2.5946396672951443e-18,4.958917846343934e-18,9.315264208319891e-18,1.7210677252722815e-17,3.1295074953113224e-17,5.603967661382407e-17,9.888027936434652e-17,1.7201186215603857e-16,2.951685656515943e-16,4.998756876437917e-16,8.358740953891188e-16,1.3807134475020022e-15,2.2539159108598762e-15,3.637661071537633e-15,5.806678768564609e-15,9.17101352705444e-15,1.4336608572842896e-14,2.219033018145313e-14,3.4018212439909934e-14,5.1668465937630556e-14,7.777430110271771e-14,1.1605603234374499e-13,1.717274449639096e-13,2.520382455682907e-13,3.669928342321247e-13,5.30295924847329e-13,7.605880291264503e-13,1.0830488808485188e-12,1.5314649240346736e-12,2.150878480256925e-12,3.000961650292142e-12,4.1602879442137955e-12,5.731709668592446e-12,7.849089872456855e-12,1.0685684852280218e-11,1.4464527570622523e-11,1.9471224622855227e-11,2.6069650398172805e-11,3.4721102662889315e-11,4.6007574811460756e-11,6.065990237000974e-11,7.959165589917275e-11,1.0393978013642402e-10,1.3511312094940077e-10,1.7485013833918671e-10,2.2528727622039753e-10,2.8903964883460225e-10,3.692959103687455e-10,4.69929399082607e-10,5.956278912957241e-10,7.520445638864792e-10,9.459730476671736e-10,1.185549758265771e-09,1.4804870164793014e-09,1.842340816722521e-09,2.2848174703454357e-09,2.8241237402983265e-09,3.4793654948036902e-09,4.27300034012621e-09,5.231350145940246e-09,6.385179850581086e-09,7.770349427162805e-09,9.428546404243454e-09,1.1408106865590992e-08,1.3764933401582603e-08,1.65635190486336e-08,1.9878086831507394e-08,2.379385511488589e-08,2.8408439573632837e-08,3.383340320399616e-08,4.019596641870331e-08,4.7640889895775634e-08,5.633254348132266e-08,6.645717507932956e-08,7.82253940931805e-08,9.187488461315386e-08,1.076733641684305e-07,1.2592180447869504e-07,1.4695793124709073e-07,1.7116002063162667e-07,1.9895101061045098e-07,2.308029460227244e-07,2.672417765860123e-07,3.0885252779097723e-07,3.5628486491167154e-07,4.1025907103553413e-07,4.715724603007617e-07,5.411062480123874e-07,6.198328996650094e-07,7.088239812373594e-07,8.092585334292806e-07,9.224319927821984e-07,1.0497656827557314e-06,1.1928168983603582e-06,1.3532896072115286e-06,1.5330457915520617e-06,1.7341174536117604e-06,1.958719308962901e-06,2.2092621908027404e-06,2.4883671887981894e-06,2.798880545736593e-06,3.1438893350742556e-06,3.5267379421935176e-06,3.9510453718957495e-06,4.4207234042947154e-06,4.939995620868478e-06,5.5134173219779335e-06,6.145896356651054e-06,6.842714884879436e-06,7.609552092077037e-06,8.452507874695254e-06,9.378127515296884e-06,1.0393427364658971e-05,1.1505921547669423e-05,1.2723649709005868e-05,1.4055205813631717e-05,1.550976801635577e-05,1.7097129613649907e-05,1.8827731090011153e-05,2.071269327012446e-05,2.276385158700172e-05,2.4993791475310438e-05,2.7415884897805948e-05,3.0044328011898122e-05,3.289417998208857e-05,3.598140294275051e-05,3.9322903114838996e-05
0.042211055276381915,,,,,,,,,,,,,,,,,,,,,,,,,,,,,,,,,,,,,,,,,,,,,,,,,,,,6.034333711370071e-27,2.2224026596282798e-26,7.79202581626951e-26,2.6079497318234887e-25,8.353527565650675e-25,2.566755538517053e-24,7.58216672946265e-24,2.1576508002681097e-23,5.926152042560418e-23,1.5737582973822756e-22,4.0475872476837524e-22,1.009764899282674e-21,2.4470361369645792e-21,5.7682937313987204e-21,1.3243283472909383e-20,2.9648734131959703e-20,6.47990385416759e-20,1.38402469368296e-19,2.891786387641501e-19,5.916230458407688e-19,1.186224270352177e-18,2.3329007245741823e-18,4.50379203178378e-18,8.5416006231348e-18,1.5925310294074475e-17,2.9209010414720476e-17,5.273554929089901e-17,9.378015797355731e-17,1.6435735462242278e-16,2.840372966556289e-16,4.84278593002275e-16,8.150109964451517e-16,1.3545163090192627e-15,2.224088851204759e-15,3.6095457255881625e-15,5.7924494868167796e-15,9.19496118675227e-15,1.4443633592470933e-14,2.2459272603405757e-14,3.4582348507845694e-14,5.2746458578665285e-14,7.971618432831635e-14,1.194105341979835e-13,1.773392303616211e-13,2.611866358388886e-13,3.8158741189329555e-13,5.531493729498926e-13,7.957928375971613e-13,1.136492476319254e-12,1.61152769382935e-12,2.2693714720954535e-12,3.1743759034930554e-12,4.411445982536802e-12,6.091932265623246e-12,8.361018477608047e-12,1.140693280413673e-11,1.5472372286489454e-11,2.086859928489253e-11,2.7992748302288975e-11,3.734897149733507e-11,4.957415292702044e-11,6.546903593197647e-11,8.603573610966074e-11,1.1252275501831646e-10,1.4647876811755072e-10,1.8981663546836484e-10,2.4488927634872786e-10,3.145792601201716e-10,4.024041962884371e-10,5.126402575644218e-10,6.504664416070074e-10,8.221324706982857e-10,1.035153544448719e-09,1.2985354992460257e-09,1.6230342899117127e-09,2.021454094335293e-09,2.5089887500284782e-09,3.1036116648330126e-09,3.826519798254521e-09,4.702637789754473e-09,5.761188810131081e-09,7.036339238805093e-09,8.56792480778375e-09,1.0402266426016255e-08,1.2593084475295372e-08,1.520252097410315e-08,1.830227962317515e-08,2.1974894380245596e-08,2.631513785794247e-08,3.14315814968629e-08,3.744832013338798e-08,4.4506874256320126e-08,5.276828392637233e-08,6.24154090148931e-08,7.365545110101686e-08,8.672271304699588e-08,1.0188161294710626e-07,1.1942996981374635e-07,1.3970257902277169e-07,1.6307509618481955e-07,1.899682487396859e-07,2.2085239518161392e-07,2.5625245241446956e-07,2.967532123008057e-07,3.430050690117091e-07,3.9573017929238796e-07,4.5572907824626346e-07,5.238877736413984e-07,6.011853423033123e-07,6.887020522290972e-07,7.876280347623585e-07,8.992725311550282e-07,1.0250737382374608e-06,1.1666092780661352e-06,1.325607316578526e-06,1.503958356375371e-06,1.7037277288058223e-06,1.9271688105177367e-06,2.176736989589478e-06,2.4551044062316962e-06,2.7651754929068282e-06,3.1101033384584804e-06,3.493306900605719e-06,3.918489090790933e-06,4.389655755023153e-06,4.911135573861746e-06,5.487600904254867e-06,6.124089585344592e-06,6.82602772977498e-06,7.599253521377246e-06,8.45004203939748e-06,9.385131128673035e-06,1.0411748334373834e-05,1.1537638919036067e-05,1.2771094978781164e-05,1.4120985674567888e-05,1.559678859346476e-05,1.720862225379565e-05,1.8967279767007226e-05,2.0884263668002872e-05,2.2971821924496512e-05,2.5242985134900904e-05,2.771160492286883e-05,3.039239353562724e-05,3.330096465176556e-05,3.645387540301975e-05,3.986866961326279e-05,4.3563922256570886e-05,4.755928513494653e-05
0.042713567839195984,,,,,,,,,,,,,,,,,,,,,,,,,,,,,,,,,,,,,,,,,,,,,,,,,,,3.442532738617158e-27,1.3145941557762616e-26,4.7678657937020776e-26,1.6471832604466243e-25,5.435236102282988e-25,1.717280417787125e-24,5.207392935322903e-24,1.5187802832321176e-23,4.269130127933801e-23,1.158694029766454e-22,3.0418922972746188e-22,7.73705087069985e-22,1.9095394372761662e-21,4.579585330342468e-21,1.0686903338674202e-20,2.4297060693623997e-20,5.388234007898502e-20,1.1668472396767312e-19,2.4700851444627644e-19,5.116456957054674e-19,1.037984337438789e-18,2.0642303050510847e-18,4.027466730160019e-18,7.715304413920986e-18,1.4522583117090982e-17,2.6878782137414462e-17,4.8948497304589797e-17,8.776216491545158e-17,1.5501493743374562e-16,2.6988884191553477e-16,4.634213368418583e-16,7.851810519150731e-16,1.3133436579571562e-15,2.1697196033532996e-15,3.5419120056739385e-15,5.715629376212713e-15,9.121309290697207e-15,1.4400706406090533e-14,2.2501060496218558e-14,3.480700782278655e-14,5.332367709823098e-14,8.092859219646634e-14,1.2171529177831014e-13,1.8145821005121325e-13,2.682366207332393e-13,3.9326564752074963e-13,5.719948544342043e-13,8.25550162345598e-13,1.1826132595746703e-12,1.6818548045425943e-12,2.375064133065676e-12,3.3311495153128007e-12,4.6412199493198486e-12,6.425002777350798e-12,8.838901879873733e-12,1.2086059686499372e-11,1.6428853681698376e-11,2.2204335407215128e-11,2.9843208201636197e-11,3.989304009797304e-11,5.304652149901003e-11,7.017570455987301e-11,9.237330373399234e-11,1.2100229579282313e-10,1.577552339124148e-10,2.047248852137494e-10,2.644880155235931e-10,3.4020437999678045e-10,4.357332348374244e-10,5.557699640845403e-10,7.060057176669164e-10,8.933132829177255e-10,1.1259627623540003e-09,1.4138710061495584e-09,1.7688891487718337e-09,2.2051330258897775e-09,2.7393617000254892e-09,3.3914098013814755e-09,4.184679893627973e-09,5.146701602732444e-09,6.309764799594485e-09,7.71163470353291e-09,9.396357372606758e-09,1.141516466725047e-08,1.382748841437987e-08,1.6702094158598115e-08,2.0118345563660033e-08,2.4167611219158036e-08,2.8954826312474988e-08,3.460022234228655e-08,4.1241238774893595e-08,4.9034631276352824e-08,5.815879188867462e-08,6.881629725490925e-08,8.12367017334e-08,9.567959297219884e-08,1.12437928239419e-07,1.318416705087275e-07,1.5426174403510584e-07,1.8011432976875413e-07,2.0986552170912462e-07,2.4403636587235834e-07,2.832083041989e-07,3.2802904630695885e-07,3.7921889255693214e-07,4.375775324176265e-07,5.039913426113257e-07,5.794412099649324e-07,6.650109043011342e-07,7.618960270651778e-07,8.714135617031952e-07,9.950120520689892e-07,1.1342824353620602e-06,1.2909695562585114e-06,1.4669843890099693e-06,1.6644169943222235e-06,1.885550237986167e-06,2.132874297601684e-06,2.4091019847650448e-06,2.717184908487299e-06,3.060330506504604e-06,3.4420199702841004e-06,3.866027089341666e-06,4.3364380400315965e-06,4.857672143501247e-06,5.434503616973518e-06,6.072084341912239e-06,6.775967671969734e-06,7.552133302929109e-06,8.407013226052109e-06,9.347518785442304e-06,1.038106885916536e-05,1.1515619182916608e-05,1.2759692834083078e-05,1.4122411892975686e-05,1.5613530297003667e-05,1.724346790238422e-05,1.9023345766860494e-05,2.096502266572294e-05,2.3081132852111786e-05,2.538512507147868e-05,2.789130283856544e-05,3.061486598416123e-05,3.3571953477367956e-05,3.6779687527811844e-05,4.025621897086498e-05,4.402077393743716e-05,4.809370180854731e-05,5.249652445340108e-05,5.725198674899721e-05
0.043216080402010054,,,,,,,,,,,,,,,,,,,,,,,,,,,,,,,,,,,,,,,,,,,,,,,,,,,7.479081508672893e-27,2.811871351437663e-26,1.0046657159349595e-25,3.421202705541816e-25,1.1133366464714984e-24,3.470881131205998e-24,1.0390029709950487e-23,2.9928563465660106e-23,8.312108290758442e-23,2.229966644595039e-22,5.788943385053462e-22,1.4565204957818654e-21,3.557193858749753e-21,8.444766469611699e-21,1.9513447351719282e-20,4.394284410352921e-20,9.655146416299681e-20,2.072165650539285e-19,4.34845725918912e-19,8.931310649282441e-19,1.7970672431010994e-18,3.545356925599906e-18,6.863703253703552e-18,1.3049587989193456e-17,2.4383358583032783e-17,4.480746128585219e-17,8.10313406564837e-17,1.4430205761960871e-16,2.532012714864744e-16,4.380030455949643e-16,7.473741925425042e-16,1.2585462028904118e-15,2.092569833642191e-15,3.436924680334692e-15,5.5786530657105336e-15,8.952391393335895e-15,1.420927104146987e-14,2.2314763536891363e-14,3.468628343601373e-14,5.3384896590062376e-14,8.138000187830194e-14,1.2291158667907743e-13,1.8398186502454158e-13,2.7301710043797323e-13,4.0175154796653334e-13,5.863991281059064e-13,8.49195129630103e-13,1.2204104486951403e-12,1.7409651845722129e-12,2.4657974743575723e-12,3.4681779615724146e-12,4.845201031522573e-12,6.724731743348933e-12,9.274143143621988e-12,1.271124332240723e-11,1.731786617726327e-11,2.3456685470562618e-11,3.1591909497048805e-11,4.2314624695244756e-11,5.6373682016673506e-11,7.47131610249912e-11,9.8517604754577e-11,1.2926639453884785e-10,1.6879882953270487e-10,2.1939169169014714e-10,2.8385131466496546e-10,3.656224355771339e-10,4.689163928627503e-10,5.988615424485109e-10,7.6167909912244e-10,9.6488797095635e-10,1.2175425425951552e-09,1.5305077786573113e-09,1.9167764617276346e-09,2.391833850652781e-09,2.9740755440835803e-09,3.685284861286393e-09,4.551176606812931e-09,5.602014667129154e-09,6.873311495132865e-09,8.40661817078253e-09,1.0250414385609422e-08,1.246110837399679e-08,1.510415752131295e-08,1.825532109481622e-08,2.20020572840097e-08,2.6445077490150274e-08,3.17000715716381e-08,3.789961852981696e-08,4.519529790541012e-08,5.3760017947163996e-08,6.379057740797853e-08,7.551047861703945e-08,8.917301026626862e-08,1.0506461913106704e-07,1.2350859072809308e-07,1.4486905963850225e-07,1.6955537103645956e-07,1.9802681560067029e-07,2.30797760754872e-07,2.6844320182293704e-07,3.116047573375675e-07,3.6099713334976917e-07,4.1741508216513044e-07,4.817408814611183e-07,5.549523602410889e-07,6.381314985224642e-07,7.32473628061529e-07,8.39297261757149e-07,9.600545797485533e-07,1.0963426002004708e-06,1.2499150634932739e-06,1.4226950579861972e-06,1.6167884161356445e-06,1.8344979094814678e-06,2.0783382710384194e-06,2.3510520734965785e-06,2.6556264914545315e-06,2.995310975651367e-06,3.3736358668556135e-06,3.7944319766804834e-06,4.261851162154218e-06,4.780387920350026e-06,5.354902028820802e-06,5.990642256923532e-06,6.6932711723293094e-06,7.468891066945579e-06,8.324071023256986e-06,9.265875145936732e-06,1.0301891976731444e-05,1.1440265114376543e-05,1.2689725057784718e-05,1.4059622290439316e-05,1.5559961622599408e-05,1.72014378067418e-05,1.899547244040847e-05,2.095425216937207e-05,2.3090768202603547e-05,2.5418857149319526e-05,2.7953243186769592e-05,3.07095815662098e-05,3.370450346288116e-05,3.695566217437119e-05,4.0481780670311233e-05,4.430270049468424e-05,4.8439432020569934e-05,5.291420605560089e-05,5.775052679478976e-05,6.297322611580263e-05,6.860851921026474e-05
0.043718592964824124,,,,,,,,,,,,,,,,,,,,,,,,,,,,,,,,,,,,,,,,,,,,,,,,,,4.085380632168457e-27,1.5957850138089414e-26,5.908954907760759e-26,2.080559732681831e-25,6.985872639432673e-25,2.2427360187114075e-24,6.901053268635953e-24,2.0399481513061708e-23,5.805063273097927e-23,1.59343054117819e-22,4.2266279637340283e-22,1.0852577042408836e-21,2.701744211436989e-21,6.5309717225284776e-21,1.5351189865344504e-20,3.51323667194925e-20,7.838071519444244e-20,1.7066732261967646e-19,3.6308117592736777e-19,7.554649943290595e-19,1.5388683283871172e-18,3.0715696962149346e-18,6.012624834863187e-18,1.1552206860306846e-17,2.18019792195161e-17,4.044566633912988e-17,7.380594970012845e-17,1.3256734449847637e-16,2.345175629316436e-16,4.0884803109682613e-16,7.028091342304482e-16,1.1918757858458937e-15,1.9950811103944173e-15,3.297868223945036e-15,5.385753290286529e-15,8.693364130984245e-15,1.3875113589085916e-14,2.1906003928185692e-14,3.422398230956054e-14,5.29290525642725e-14,8.105920429749648e-14,1.229693950310931e-13,1.8484760636152713e-13,2.754117308959861e-13,4.0684312563723755e-13,5.960275391821469e-13,8.661922951717692e-13,1.2490506689723882e-12,1.7875909700449981e-12,2.5396796552028838e-12,3.5826856293108427e-12,5.019377600224366e-12,6.985398871159755e-12,9.658685276258664e-12,1.3271263160401826e-11,1.8123946500892374e-11,2.460486122476974e-11,3.3210316073955694e-11,4.457546969476166e-11,5.950476660199197e-11,7.901429005320204e-11,1.0438073892472145e-10,1.3720073815325367e-10,1.7946189186990613e-10,2.336275416785949e-10,3.027374552283188e-10,3.9052695805860767e-10,5.015673357654722e-10,6.414306748659014e-10,8.168826802303156e-10,1.0361074053969977e-09,1.3089682601053625e-09,1.6473101174738676e-09,2.0653078318671495e-09,2.5798669969849126e-09,3.211083324220016e-09,3.982767599661703e-09,4.923043788580186e-09,6.0650284941095964e-09,7.447600643576239e-09,9.116270969434696e-09,1.1124161570972242e-08,1.3533106586436174e-08,1.6414885769286696e-08,1.985260355289636e-08,2.3942226982312493e-08,2.8794296722876838e-08,3.453582617843638e-08,4.131240459917654e-08,4.9290520907520556e-08,5.86601258246821e-08,6.963745073504594e-08,8.246810257817842e-08,9.743045490436912e-08,1.1483935606652046e-07,1.3505017634519786e-07,1.584632166104089e-07,1.8552850191060492e-07,2.1675098414466942e-07,2.5269617868620965e-07,2.9399626060659386e-07,3.4135664666605757e-07,3.9556309005393987e-07,4.574893153031653e-07,5.28105221419527e-07,6.084856817419651e-07,6.99819969495865e-07,8.03421838393134e-07,9.207402879653649e-07,1.0533710435905004e-06,1.2030687813932892e-06,1.3717601283325235e-06,1.5615574678991079e-06,1.7747735818410344e-06,2.0139371582954576e-06,2.2818091965851056e-06,2.581400338744494e-06,2.9159891575781814e-06,3.289141430729071e-06,3.7047304298160235e-06,4.1669582532393725e-06,4.680378230690246e-06,5.249918426802558e-06,5.880906270665683e-06,6.5790943371956175e-06,7.35068742764585e-06,8.202370118573975e-06,9.141337367418169e-06,1.0175323922230855e-05,1.1312636831501657e-05,1.2562188509326815e-05,1.3933531229858212e-05,1.5436892945464013e-05,1.7083214448160322e-05,1.8884187883862254e-05,2.085229663845696e-05,2.3000856604551116e-05,2.534405884069568e-05,2.7897013631974097e-05,3.067579595964738e-05,3.3697492385802e-05,3.698024935738792e-05,4.05433229325091e-05,4.440712992999697e-05,4.859330050174263e-05,5.312473212561987e-05,5.8025645015021776e-05,6.332163893939641e-05,6.903975144854129e-05,7.520851749153244e-05,8.185803041969263e-05
0.044221105527638194,,,,,,,,,,,,,,,,,,,,,,,,,,,,,,,,,,,,,,,,,,,,,,,,,,8.699651935103448e-27,3.345949597232864e-26,1.2206609417735338e-25,4.236940916776845e-25,1.403185699814193e-24,4.445455929283965e-24,1.3505370938656405e-23,3.9433139970528296e-23,1.1088887143962232e-22,3.0090602990184757e-22,7.893642391716874e-22,2.0052219614863938e-21,4.9405186054128596e-21,1.1823608536831813e-20,2.752304713085439e-20,6.239875261866741e-20,1.379486563414534e-19,2.977271141303967e-19,6.279804726817749e-19,1.295808193704488e-18,2.6182832089477223e-18,5.185189544299327e-18,1.0072877528588383e-17,1.9210190310319454e-17,3.5993840588087915e-17,6.630626029776978e-17,1.2017261461895128e-16,2.1441758888683624e-16,3.768634415531151e-16,6.528712122421178e-16,1.1153968682304315e-15,1.8802529328696085e-15,3.128984799619726e-15,5.1427548538177635e-15,8.351959428735069e-15,1.3408087048071469e-14,2.1286689521781282e-14,3.3433437259847465e-14,5.196925699516124e-14,7.997573246963392e-14,1.2188855822942465e-13,1.8403519353296734e-13,2.7536334106582937e-13,4.0841990589062444e-13,6.006561695493482e-13,8.761546063553045e-13,1.267896709769142e-12,1.8207200969862228e-12,2.595147811221565e-12,3.6723140102799454e-12,5.1602590695718776e-12,7.2019245658196316e-12,9.985245752939464e-12,1.3755817175833528e-11,1.8832697243702053e-11,2.5628021216923826e-11,3.4671210522348397e-11,4.663870101770934e-11,6.23902652298049e-11,8.301317516787009e-11,1.0987564454893973e-10,1.446912036437732e-10,1.8959589791882736e-10,2.4724046463052625e-10,3.2089993088651955e-10,4.146033937100502e-10,5.332870885720352e-10,6.829742285731983e-10,8.709855034736168e-10,1.106184565937284e-09,1.3992633034820406e-09,1.7630721982241225e-09,2.21300161340342e-09,2.7674204157441576e-09,3.4481789458427268e-09,4.281183984621263e-09,5.297054031798731e-09,6.531863911504282e-09,8.02798844944674e-09,9.835055724165254e-09,1.2011021180138187e-08,1.4623374701180714e-08,1.7750493576435592e-08,2.1483155146064675e-08,2.5926223787010427e-08,3.1200527787810045e-08,3.7444942563213e-08,4.481869756981857e-08,5.3503925201923847e-08,6.370847086133923e-08,7.566824457184719e-08,8.965431345834831e-08,1.0596922211404811e-07,1.2495845523332368e-07,1.4701117463936221e-07,1.7256579024056407e-07,2.0211521195225917e-07,2.3621254856056312e-07,2.754772804814001e-07,3.2060193411040066e-07,3.723592861503998e-07,4.3161012695166626e-07,4.993116124993804e-07,5.765262352331118e-07,6.644314443757452e-07,7.643299468864485e-07,8.776607205287224e-07,1.0060107708526732e-06,1.1511276641416689e-06,1.314932868545886e-06,1.4995359357350984e-06,1.7072495554545185e-06,1.9406055151675388e-06,2.2023715974229727e-06,2.4955694462515965e-06,2.823493435050872e-06,3.189730566941528e-06,3.598181438705961e-06,4.053082298770208e-06,4.559028229124992e-06,5.120997480416779e-06,5.744376988724727e-06,6.434989101711085e-06,7.199119540957414e-06,8.04354662635104e-06,8.975571787346833e-06,1.0003051384846967e-05,1.1134429866269683e-05,1.2378774275167799e-05,1.3745810135443381e-05,1.5245958728900406e-05,1.689037578344541e-05,1.869099158776366e-05,2.0660552546909708e-05,2.2812664191519714e-05,2.5161835651960696e-05,2.772352560688339e-05,3.0514189714212885e-05,3.355132953067562e-05,3.6853542924404484e-05,4.044057598428238e-05,4.433337642019193e-05,4.855414847365488e-05,5.312640930229354e-05,5.8075046867540484e-05,6.342637929890942e-05,6.920821573353293e-05,7.544991861991996e-05,8.218246747426899e-05,8.943852407557206e-05,9.725249908426434e-05
0.04472361809045226,,,,,,,,,,,,,,,,,,,,,,,,,,,,,,,,,,,,,,,,,,,,,,,,,4.547197971642217e-27,1.820916346263662e-26,6.898176168010393e-26,2.4802444038246085e-25,8.489444692220584e-25,2.7739499688808243e-24,8.675066320525977e-24,2.602799110360885e-23,7.508735163169434e-23,2.0871234962347044e-22,5.600409783767635e-22,1.4533165571265733e-21,3.653389334055908e-21,8.910579101767028e-21,2.111666153623204e-20,4.86910047432114e-20,1.0937900793971545e-19,2.396648220984979e-19,5.128038338824981e-19,1.0725983638422227e-18,2.1953154909387703e-18,4.400890139715598e-18,8.648768965672705e-18,1.6676422442898776e-17,3.157407860823797e-17,5.874395757886866e-17,1.0747522228052735e-16,1.9348960219997272e-16,3.429945296257716e-16,5.990441684312731e-16,1.031385369181046e-15,1.7514968614334527e-15,2.9352699639272285e-15,4.8567973169809465e-15,7.938121026089547e-15,1.2821654228096119e-14,2.0474468440666285e-14,3.233690271457211e-14,5.0532205806797836e-14,7.815941760151604e-14,1.1969872673312524e-13,1.815674572824386e-13,2.728760470902783e-13,4.064473575534403e-13,6.001799439525372e-13,8.7885713624876e-13,1.2765296336154112e-12,1.8396305850472668e-12,2.6310196856371445e-12,3.735197622642725e-12,5.2649853073676584e-12,7.370024866162184e-12,1.0247532561208918e-11,1.4155818976279713e-11,1.9431190319175097e-11,2.6508958009519986e-11,3.594941337529404e-11,4.8469771778109227e-11,6.498325753172584e-11,8.6646689070475e-11,1.1491813470062381e-10,1.516264444917807e-10,1.9905472505573846e-10,2.600401126607214e-10,3.3809251782389964e-10,4.3753536261138193e-10,5.636717116423152e-10,7.229796104054414e-10,9.233408909694558e-10,1.1743081863441591e-09,1.4874154113091058e-09,1.876537519902673e-09,2.358305938220403e-09,2.9525866957173574e-09,3.6830289385772345e-09,4.5776922044335524e-09,5.669761568037948e-09,6.998360531318231e-09,8.609472327354588e-09,1.055698113453929e-08,1.2903845552721812e-08,1.5723417575224407e-08,1.910092119717994e-08,2.3135105728353128e-08,2.794008982549333e-08,3.364741322116218e-08,4.040831410042147e-08,4.839625105936611e-08,5.780968956722402e-08,6.887517384216099e-08,8.185070603605864e-08,9.702945560146927e-08,1.1474382267995922e-07,1.3536988030115024e-07,1.5933222111522252e-07,1.87109235254531e-07,2.192388469066259e-07,2.563247377993348e-07,2.9904308688096814e-07,3.4814985601680906e-07,4.0448865234764146e-07,4.6899919859088455e-07,5.427264431732209e-07,6.268303426408523e-07,7.225963492766233e-07,8.314466372816111e-07,9.549521012312084e-07,1.094845160803325e-06,1.2530334059845147e-06,1.4316141170944874e-06,1.6328896940288764e-06,1.8593840290911451e-06,2.1138598576843355e-06,2.399337120939706e-06,2.719112374094061e-06,3.0767792740647518e-06,3.476250179230897e-06,3.9217788939086816e-06,4.41798458939993e-06,4.96987693277361e-06,5.582882268501097e-06,6.2628721796362105e-06,7.0161905656387435e-06,7.849685750283934e-06,8.77074116028702e-06,9.787308491466674e-06,1.0907942089369509e-05,1.2141834752412219e-05,1.3498854978913925e-05,1.4989585677980623e-05,1.662536436266657e-05,1.8418324842245292e-05,2.0381440428901188e-05,2.252856867237436e-05,2.4874497634472254e-05,2.7434993713493333e-05,3.0226851026951267e-05,3.3267942359081155e-05,3.6577271677634144e-05,4.017502822284221e-05,4.408264216928549e-05,4.8322841859532704e-05,5.2919712606556255e-05,5.789875705984388e-05,6.328695712822748e-05,6.911283745053585e-05,7.540653040302612e-05,8.219984263088175e-05,8.952632308880447e-05,9.742133257396537e-05,0.00010592211473270216,0.00011506786852016004
0.04522613065326633,,,,,,,,,,,,,,,,,,,,,,,,,,,,,,,,,,,,,,,,,,,,,,,,,9.505837409122503e-27,3.7483622612961525e-26,1.3991319844248158e-25,4.959567078832961e-25,1.674522411665055e-24,5.40003726440861e-24,1.667512127951562e-23,4.942366898551001e-23,1.40912203712047e-22,3.8725482813318393e-22,1.0277925870425954e-21,2.6390300566321366e-21,6.566468978501659e-21,1.5857675891427266e-20,3.7221624042548876e-20,8.503298475956882e-20,1.8930726264395133e-19,4.1119929662695694e-19,8.724264250445417e-19,1.809896433102413e-18,3.674999766359493e-18,7.310462628988226e-18,1.425930889176771e-17,2.7294726780054626e-17,5.131286224078179e-17,9.481189769417076e-17,1.7230308110576992e-16,3.081804670802017e-16,5.428403479698266e-16,9.422214247574504e-16,1.6124761343724916e-15,2.722239089947503e-15,4.536003824790956e-15,7.463547825266539e-15,1.2132276609614087e-14,1.9491938038563966e-14,3.096457026395651e-14,4.865701295743017e-14,7.565910003907932e-14,1.164580837825033e-13,1.775092945500921e-13,2.6801496260986575e-13,4.009780355259086e-13,5.946163116420525e-13,8.742449562306959e-13,1.27476324001925e-12,1.8439150014243085e-12,2.6465328419187613e-12,3.7700244752083226e-12,5.331417121283771e-12,7.486343620341273e-12,1.0440433389255686e-11,1.4463663896183264e-11,1.9908335513478518e-11,2.7231456028460477e-11,3.7022462414824975e-11,5.003736841795155e-11,6.724060884780389e-11,8.985605698994415e-11,1.194289220311642e-10,1.5790049063321542e-10,2.076979624836293e-10,2.7184194568800514e-10,3.540745252937022e-10,4.590111996554005e-10,5.923203946760854e-10,7.609347178562923e-10,9.732986026478675e-10,1.2396575201940514e-09,1.5723945006643298e-09,1.986420310536493e-09,2.499624275522821e-09,3.1333934213174353e-09,3.913208325618777e-09,4.869324834289654e-09,6.037551591168151e-09,7.460134163652126e-09,9.186757413234096e-09,1.1275678659787395e-08,1.3795005118457781e-08,1.6824130046005963e-08,2.0455343016652817e-08,2.4795630752828855e-08,2.9968685960434497e-08,3.611714265768501e-08,4.340505753757053e-08,5.202065796237519e-08,6.217937825028679e-08,7.412720697464138e-08,8.814436905099927e-08,1.0454936743187637e-07,1.2370341025764951e-07,1.4601525032260172e-07,1.7194646469755764e-07,2.020172033078354e-07,2.3681243618328457e-07,2.769887299792171e-07,3.232815852111138e-07,3.765133663724038e-07,4.376018580551119e-07,5.075694804385892e-07,5.875531986668923e-07,6.78815160752373e-07,7.82754099340485e-07,9.009175330143198e-07,1.0350148031579452e-06,1.1869309826456917e-06,1.3587416928009898e-06,1.5527288651426981e-06,1.7713974844473404e-06,2.0174933495572567e-06,2.29402188819085e-06,2.604268061737994e-06,2.951817395664212e-06,3.3405781706952028e-06,3.774804809401846e-06,4.259122492177172e-06,4.798553035861145e-06,5.39854206745339e-06,6.064987524448703e-06,6.8042695122346685e-06,7.623281548614727e-06,8.529463221953218e-06,9.530834292945735e-06,1.0636030262770703e-05,1.1854339433718302e-05,1.3195741484649591e-05,1.4670947581655028e-05,1.6291442046752776e-05,1.8069525597273728e-05,2.0018360177576444e-05,2.215201539434526e-05,2.448551656920126e-05,2.7034894419133164e-05,2.9817236373730477e-05,3.285073953591146e-05,3.6154765291084837e-05,3.974989556753305e-05,4.36579907488074e-05,4.790224923677373e-05,5.250726866196415e-05,5.749910873567506e-05,6.290535573620653e-05,6.875518861956903e-05,7.507944674265093e-05,8.191069918514195e-05,8.928331565395545e-05,9.723353895210995e-05,0.00010579955899315504,0.00011502158833018827,0.0001249419392012735,0.0001356051020216498
0.04572864321608041,,,,,,,,,,,,,,,,,,,,,,,,,,,,,,,,,,,,,,,,,,,,,,,,4.750144665112983e-27,1.954730704589457e-26,7.592596051626583e-26,2.793325334357868e-25,9.764886675272293e-25,3.253173990620157e-24,1.0356788513517678e-23,3.158757883272829e-23,9.251176767921592e-23,2.6074167686552917e-22,7.08653575286299e-22,1.860733967917126e-21,4.7284926069791564e-21,1.1648227976117398e-20,2.785862811736486e-20,6.478037615282632e-20,1.4665362434556194e-19,3.2363321958783563e-19,6.970054071244199e-19,1.4666373628902169e-18,3.0183178063605242e-18,6.0811861572603e-18,1.200586796987013e-17,2.324655902978855e-17,4.4181480775374295e-17,8.24850318991348e-17,1.513845914254117e-16,2.733134448019036e-16,4.857336641555443e-16,8.502827716209924e-16,1.466940762954562e-15,2.4956789603573447e-15,4.189116368926956e-15,6.9411717258568525e-15,1.1358685701886719e-14,1.836565483358746e-14,2.935326122087e-14,4.639353795559582e-14,7.254056814028691e-14,1.1225092108662408e-13,1.719649933834226e-13,2.609035275342861e-13,3.921493885905603e-13,5.841043377027554e-13,8.624347915843734e-13,1.2626502378658544e-12,1.833494030954351e-12,2.641369771147488e-12,3.776078530653009e-12,5.3582041032492756e-12,7.548556598153358e-12,1.0560170557900249e-11,1.467345394033014e-11,2.0255200445744253e-11,2.7782311555525894e-11,3.787122811460981e-11,5.13142462315666e-11,6.912409062450004e-11,9.25883422694615e-11,1.233355682765495e-10,1.6341528227521043e-10,2.153941751417433e-10,2.8247140049204207e-10,3.6861607874005067e-10,4.78730599330728e-10,6.188437544805988e-10,7.963382307358455e-10,1.0202175180212565e-09,1.3014178705141532e-09,1.6531715703333219e-09,2.0914284040814498e-09,2.6353429638832148e-09,3.3078361285506513e-09,4.136239866409564e-09,5.153035328355706e-09,6.396695066771895e-09,7.912641121474091e-09,9.75433165622221e-09,1.1984489806193117e-08,1.4676489405851428e-08,1.7915913304928974e-08,2.18023010446539e-08,2.645110375355874e-08,3.1995865228142975e-08,3.859064928490602e-08,4.641273460166827e-08,5.566559940411749e-08,6.658221949267206e-08,7.942870424053177e-08,9.450829632106615e-08,1.1216576203627708e-07,1.3279220021272618e-07,1.5683029870161749e-07,1.847800685606554e-07,2.1720508700089713e-07,2.547392811477311e-07,2.98094285584312e-07,3.4806740751694864e-07,4.0555023421790333e-07,4.715379181195576e-07,5.471391757509374e-07,6.335870370645214e-07,7.322503825752448e-07,8.446463059349778e-07,9.72453340084623e-07,1.117525585390144e-06,1.2819077783811555e-06,1.4678513398379027e-06,1.6778314409981408e-06,1.914565126590055e-06,2.181030533232824e-06,2.4804872414877012e-06,2.8164977994831317e-06,3.1929504555629793e-06,3.6140831368757004e-06,4.0845087101312e-06,4.6092415600176274e-06,5.193725519888216e-06,5.8438631884097055e-06,6.5660466647723596e-06,7.367189733944504e-06,8.254761532224456e-06,9.236821721969222e-06,1.0322057203071388e-05,1.1519820387108205e-05,1.2840169058694883e-05,1.4293907846751498e-05,1.589263132679842e-05,1.7648768773543093e-05,1.9575630581149066e-05,2.1687456366755574e-05,2.3999464770692156e-05,2.6527904965004093e-05,2.929010987960761e-05,3.230455115351458e-05,3.559089581625778e-05,3.917006470249614e-05,4.3064292600680155e-05,4.7297190134246e-05,5.189380737236406e-05,5.688069915994691e-05,6.228599217164694e-05,6.813945365788253e-05,7.447256189165589e-05,8.131857828817574e-05,8.871262118469663e-05,9.669174125988862e-05,0.00010529499857169896,0.0001145635411893562,0.00012454068539393719,0.00013527199741881338,0.0001468053767002993,0.00015919114060584003
0.04623115577889448,,,,,,,,,,,,,,,,,,,,,,,,,,,,,,,,,,,,,,,,,,,,,,,,9.762468134456215e-27,3.95604919329314e-26,1.514117475551574e-25,5.492139314109734e-25,1.8939963033282526e-24,6.227852818691066e-24,1.9578961798866654e-23,5.899522403253625e-23,1.707752302711449e-22,4.759341889155338e-22,1.2795304070677461e-21,3.3246340289974415e-21,8.363338650111371e-21,2.0401447953110804e-20,4.8333089094860954e-20,1.1136398764095042e-19,2.498831951550696e-19,5.467147849767413e-19,1.1676759016038741e-18,2.4372333032286126e-18,4.976595522261613e-18,9.950591590416096e-18,1.9500387413153974e-17,3.7487732123229784e-17,7.075211655256123e-17,1.311979947546597e-16,2.392033999967708e-16,4.2909926002744614e-16,7.578450850911522e-16,1.3185679477320866e-15,2.261399355309092e-15,3.825119158431205e-15,6.3846007419376194e-15,1.052107944686171e-14,1.712500254927838e-14,2.754487064863328e-14,4.3800300748144963e-14,6.888383917518764e-14,1.0718419886973469e-13,1.6507403227047277e-13,2.517185987736242e-13,3.801783523404363e-13,5.688992629779351e-13,8.437104007130384e-13,1.240479865589116e-12,1.8086185711792643e-12,2.6156678276468663e-12,3.753262392202634e-12,5.3448270492585165e-12,7.55544336048409e-12,1.0604415614669661e-11,1.478117294865796e-11,2.0465269947503636e-11,2.8151392700994727e-11,3.848044331065964e-11,5.227796528641449e-11,7.060138727654115e-11,9.479780526014793e-11,1.265742959300815e-10,1.680830584981941e-10,2.2202402081376043e-10,2.917679203684181e-10,3.81503283449028e-10,4.96411178136687e-10,6.428721106671697e-10,8.287099711199589e-10,1.0634785154315784e-09,1.358796495325764e-09,1.7287382200366368e-09,2.1902870499600953e-09,2.7638600860932138e-09,3.4739131281141293e-09,4.349635828356154e-09,5.4257478675841764e-09,6.7434079200165984e-09,8.35124815851775e-09,1.0306548071017878e-08,1.267656242012142e-08,1.5540019272249857e-08,1.8988805135809778e-08,2.312985541383463e-08,2.8087269536406383e-08,3.4004671337553955e-08,4.1047836446157934e-08,4.9407609677364405e-08,5.930313663180162e-08,7.098543493099467e-08,8.474133173133895e-08,1.0089779536222102e-07,1.1982669011925154e-07,1.419499844058622e-07,1.6774544354996885e-07,1.9775283972080374e-07,2.3258071242881694e-07,2.7291371410271926e-07,3.195205761969944e-07,3.732627321845079e-07,4.3510363462682765e-07,5.061188042849916e-07,5.875066499301458e-07,6.806000981304537e-07,7.868790728293977e-07,9.079838649761301e-07,1.0457294328305328e-06,1.2021206738250667e-06,1.379368709042821e-06,1.5799082214243647e-06,1.8064158887896488e-06,2.061829952627309e-06,2.3493709633417987e-06,2.6725637423108797e-06,3.035260600640102e-06,3.4416658538921774e-06,3.896361671713334e-06,4.404335299367346e-06,4.971007689555785e-06,5.602263579078472e-06,6.304483046047388e-06,7.084574581037192e-06,7.950009704570797e-06,8.908859161900334e-06,9.969830724548769e-06,1.114230862649223e-05,1.243639466119197e-05,1.3862950963924784e-05,1.5433644502028375e-05,1.716099329377744e-05,1.905841437460809e-05,2.1140273527874745e-05,2.342193679114941e-05,2.5919823761187376e-05,2.8651462689895604e-05,3.163554739708975e-05,3.48919959949776e-05,3.844201143118314e-05,4.230814385189186e-05,4.651435477639175e-05,5.1086083101088116e-05,5.6050312887269296e-05,6.143564297145231e-05,6.727235834559272e-05,7.359250332098704e-05,8.04299564469222e-05,8.782050716917136e-05,9.580193420764234e-05,0.00010441408562955223,0.00011369896059277279,0.00012370079273167408,0.00013446613515507728,0.00014604394702439456,0.00015848568167705517,0.00017184537625897838,0.00018617974282693993
0.04673366834170855,,,,,,,,,,,,,,,,,,,,,,,,,,,,,,,,,,,,,,,,,,,,,,,4.658646819826192e-27,1.97499105603405e-26,7.883748413501358e-26,2.9741503957017825e-25,1.0639663397263968e-24,3.6206322982612386e-24,1.1753979622976583e-23,3.649953344637851e-23,1.086835157489236e-22,3.110342226928417e-22,8.573219482530605e-22,2.280496080629018e-21,5.8649389783064404e-21,1.4608022280109512e-20,3.52946123643473e-20,8.284459848642964e-20,1.8917622988955986e-19,4.208087218765176e-19,9.129612223099354e-19,1.9340609573005047e-18,4.005056585621108e-18,8.11540474877605e-18,1.6106125541012407e-17,3.1335998903769625e-17,5.981875432234285e-17,1.1212991719741554e-16,2.0655015396282308e-16,3.741630880948162e-16,6.669947711739123e-16,1.1708167969579221e-15,2.0249987599808084e-15,3.4528715919177786e-15,5.80755913889382e-15,9.640289230657951e-15,1.5800981926518215e-14,2.5584649467782964e-14,4.0942098633759045e-14,6.477992981966595e-14,1.0138327435754382e-13,1.5700557549976608e-13,2.406835584088035e-13,3.6535300511822353e-13,5.493628105928763e-13,8.185119170056259e-13,1.208767096281936e-12,1.7698602930696002e-12,2.570013599689152e-12,3.7020992934048415e-12,5.291613241661137e-12,7.506924023667036e-12,1.0572359107938921e-11,1.4784805269961183e-11,2.0534635151230814e-11,2.8331927572949364e-11,3.8839128133435554e-11,5.291150101776139e-11,7.164695516508853e-11,9.644709030261904e-11,1.2909160329188608e-10,1.7182852494831079e-10,2.2748312440984053e-10,2.995887243092477e-10,3.925431175836711e-10,5.117947676269092e-10,6.640635093955774e-10,8.576010515349917e-10,1.1024972098757461e-09,1.41103848175614e-09,1.7981262992537962e-09,2.281763077921624e-09,2.883615006032304e-09,3.62966139728985e-09,4.550941356707661e-09,5.684409483740733e-09,7.073913357223317e-09,8.771306611226073e-09,1.083771251720778e-08,1.3344954132984537e-08,1.6377168259811034e-08,2.003262166173234e-08,2.44257492424156e-08,2.968943513687488e-08,3.5977558966952144e-08,4.346783079034871e-08,5.236493959912563e-08,6.29040415158925e-08,7.535461514976296e-08,9.002471286869052e-08,1.0726563802662954e-07,1.2747707944422888e-07,1.511127356743175e-07,1.7868646278133358e-07,2.107789805224165e-07,2.480451729265993e-07,2.9122202032845244e-07,3.411372009080629e-07,3.9871840072331646e-07,4.6500337208099625e-07,5.411507808771156e-07,6.284518842405127e-07,7.283430804266266e-07,8.424193734340992e-07,9.724487952394332e-07,1.1203878288775568e-06,1.288397875811909e-06,1.4788628111578046e-06,1.6944076703274025e-06,1.937918510555742e-06,2.2125634905498994e-06,2.521815211166105e-06,2.869474359559145e-06,3.2596946986972537e-06,3.6970094434230027e-06,4.186359063457172e-06,4.733120552812415e-06,5.3431382041758295e-06,6.022755924655227e-06,6.778851131592698e-06,7.618870258633682e-06,8.550865909704208e-06,9.583535689818892e-06,1.0726262743784116e-05,1.1989158029137966e-05,1.338310435468292e-05,1.4919802200521567e-05,1.6611817350342485e-05,1.8472630351099736e-05,2.051668781978773e-05,2.2759455612862488e-05,2.5217473871767925e-05,2.7908413955632794e-05,3.085113726989791e-05,3.406575599702635e-05,3.7573695733059435e-05,4.139776003120396e-05,4.556219685115351e-05,5.0092766910594546e-05,5.5016813928593804e-05,6.0363336763716846e-05,6.616306341482199e-05,7.244852689067164e-05,7.925414291904315e-05,8.66162894800684e-05,9.45733881410114e-05,0.00010316598716795054,0.00011243684638726884,0.00012243102376728357,0.00013319596368804342,0.00014478158686488546,0.00015724038188911558,0.0001706274983506762,0.00018500084147229755,0.00020042116830259804,0.00021695218525834221
0.04723618090452262,,,,,,,,,,,,,,,,,,,,,,,,,,,,,,,,,,,,,,,,,,,,,,,9.425505695694318e-27,3.934925780389055e-26,1.5477783528879524e-25,5.757110619191157e-25,2.031798090617177e-24,6.824628765288592e-24,2.1879586676462148e-23,6.71284101383902e-23,1.9757932127125679e-22,5.591496620895641e-22,1.5246824784432467e-21,4.0136984438984844e-21,1.0219148601811521e-20,2.5207303168891127e-20,6.033477060598967e-20,1.4033996506190545e-19,3.1766459521185474e-19,7.006371643733538e-19,1.5075870222359008e-18,3.168341179857272e-18,6.510393890742554e-18,1.3093206309595191e-17,2.5796458551035288e-17,4.98353514617105e-17,9.448093418693137e-17,1.759240816031766e-16,3.219637157445355e-16,5.795585157266758e-16,1.0268048530753716e-15,1.7916566419116847e-15,3.080770656161665e-15,5.223355074299785e-15,8.736962956249946e-15,1.4424988181966e-14,2.3519417604499597e-14,3.7887453071978636e-14,6.032728767456537e-14,9.498702268599118e-14,1.4795194935155498e-13,2.280597908914231e-13,3.480217068395753e-13,5.259497200887619e-13,7.874196760042058e-13,1.1682339536022304e-12,1.7180911307837038e-12,2.50542201295078e-12,3.6237143689398578e-12,5.199724031190846e-12,7.404059507541943e-12,1.046473286315104e-11,1.46843934428531e-11,2.0462105223679916e-11,2.8320695534683654e-11,3.8940894973681055e-11,5.320370808127005e-11,7.224270425556191e-11,9.750820105553729e-11,1.3084563009234243e-10,1.7459073156812396e-10,2.316846198156327e-10,3.058122011803848e-10,4.015679095839849e-10,5.246532561659454e-10,6.821112693942306e-10,8.826035325957763e-10,1.1367362083345231e-09,1.4574421745008457e-09,1.8604271860824177e-09,2.3646888196830146e-09,2.9931178549510484e-09,3.773192697277429e-09,4.73777845024575e-09,5.926043298539796e-09,7.384505968249498e-09,9.168229180272118e-09,1.1342175208706463e-08,1.3982740892215716e-08,1.717949072025814e-08,2.10371079239861e-08,2.5677584833650852e-08,3.124267513948998e-08,3.7896632042539345e-08,4.582925771101345e-08,5.5259290827684384e-08,6.643816042881932e-08,7.965413562600806e-08,9.523690218503118e-08,1.135625983005876e-07,1.350593432424776e-07,1.6021329385479157e-07,1.8957526515438135e-07,2.2376795249310513e-07,2.634937939135522e-07,3.0954351242999827e-07,3.628053790056512e-07,4.242752379567313e-07,4.950673373999555e-07,5.764260081537423e-07,6.69738235210614e-07,7.7654716650518e-07,8.985666042090431e-07,1.0376965241823725e-06,1.1960396695010758e-06,1.3759192641559875e-06,1.5798978930690611e-06,1.810797594522136e-06,2.0717212108888726e-06,2.366075043269756e-06,2.697592855241684e-06,3.070361269894782e-06,3.4888466051800694e-06,3.957923189111082e-06,4.482903198004272e-06,5.069568058698405e-06,5.724201454360313e-06,6.4536239726202285e-06,7.265229433148081e-06,8.16702293027043e-06,9.167660624554791e-06,1.0276491315557596e-05,1.1503599825999378e-05,1.2859852225748567e-05,1.4356942921831604e-05,1.60074436386143e-05,1.7824854310008607e-05,1.9823655903261035e-05,2.201936519148534e-05,2.4428591489601287e-05,2.7069095365968677e-05,2.995984933912106e-05,3.3121100566774e-05,3.657443553130013e-05,4.0342846723264414e-05,4.44508013219857e-05,4.892431186909639e-05,5.379100892856408e-05,5.9080215723651585e-05,6.482302473857246e-05,7.105237626991137e-05,7.780313890989727e-05,8.511219194105201e-05,9.301850961883465e-05,0.00010156324731647633,0.00011078982950145893,0.00012074403952254461,0.0001314741111440784,0.00014303082183925246,0.0001554675877553189,0.0001688405603382929,0.0001832087245628937,0.00019863399872438862,0.0002151813357423101,0.00023291882592659131,0.0002519178011529747
0.04773869346733669,,,,,,,,,,,,,,,,,,,,,,,,,,,,,,,,,,,,,,,,,,,,,,4.289302899591223e-27,1.878360379904996e-26,7.724632676780498e-26,2.994948093154806e-25,1.0987019281887403e-24,3.826404248584454e-24,1.268967218835807e-23,4.0186907640322817e-23,1.2185038853782218e-22,3.5459037211397005e-22,9.925625130301474e-22,2.678079147035945e-21,6.978528239654437e-21,1.759387488138334e-20,4.298784537761706e-20,1.0195230547881854e-19,2.350453467078831e-19,5.27478184607681e-19,1.1537529200537247e-18,2.4626289967991688e-18,5.1351517518066404e-18,1.0472159139596358e-17,2.0906478559905784e-17,4.0897316864859315e-17,7.846246803762648e-17,1.4775573189189618e-16,2.733276357495175e-16,4.970524497086246e-16,8.89211994468839e-16,1.5659622743104234e-15,2.716459609905289e-15,4.644402970970343e-15,7.830806519183942e-15,1.3027639866203532e-14,2.1395801426437125e-14,3.470601916677631e-14,5.5628068178862995e-14,8.814260004592706e-14,1.3812142950047212e-13,2.1413695555355948e-13,3.285802564779771e-13,4.991911643469115e-13,7.511333036588327e-13,1.119783822578757e-12,1.6544526595717594e-12,2.4233011367519834e-12,3.519796080040794e-12,5.071115329272927e-12,7.24901548990367e-12,1.0283784006772258e-11,1.4482032792936715e-11,2.024923767372529e-11,2.81181146407578e-11,3.8784122630352484e-11,5.314962127013469e-11,7.237847910933714e-11,9.796323146824013e-11,1.3180722889594774e-10,1.7632460007345706e-10,2.345612797091077e-10,3.103408249996752e-10,4.0843926609435827e-10,5.347938089213536e-10,6.967508347405206e-10,9.03359321627483e-10,1.1657165501985146e-09,1.497373750369879e-09,1.9148101984869808e-09,2.437985185117825e-09,3.090978242974831e-09,3.902729051288899e-09,4.9078895163644445e-09,6.1478016664671075e-09,7.671616190532427e-09,9.537567691837554e-09,1.181442401680358e-08,1.4583128350530972e-08,1.793865414636498e-08,2.199209435633914e-08,2.6873007875385037e-08,3.27320475659879e-08,3.97438957135007e-08,4.811053425310348e-08,5.806487860744329e-08,6.987480547027398e-08,8.384760635976998e-08,1.003349002376115e-07,1.1973803993942054e-07,1.425140485806536e-07,1.6918212348255272e-07,2.003307464966186e-07,2.3662544088716256e-07,2.7881721615014513e-07,3.277517432979e-07,3.843793042138579e-07,4.4976555967414047e-07,5.251031815344675e-07,6.117243953897698e-07,7.111144807159586e-07,8.249262761049133e-07,9.549957376838468e-07,1.1033585991818037e-06,1.2722681823494507e-06,1.4642144065576162e-06,1.6819440463953309e-06,1.92848228594153e-06,2.2071556181166216e-06,2.5216161371090124e-06,2.8758672713168876e-06,3.2742910035851725e-06,3.721676624666643e-06,4.223251064906023e-06,4.784710848040827e-06,5.412255709784569e-06,6.112623922517837e-06,6.893129365893805e-06,7.761700381594206e-06,8.726920448696672e-06,9.798070714287594e-06,1.0985174411972495e-05,1.2299043198874408e-05,1.3751325439496877e-05,1.5354556462595995e-05,1.7122210814808074e-05,1.9068756532252027e-05,2.1209711448982192e-05,2.3561701558256083e-05,2.61425214402239e-05,2.8971196766596507e-05,3.206804889026636e-05,3.545476152499544e-05,3.915444951715386e-05,4.3191729708960933e-05,4.7592793889404006e-05,5.238548382623801e-05,5.759936836937999e-05,6.326582261311472e-05,6.941810910151351e-05,7.609146105848074e-05,8.332316762089395e-05,9.115266105041642e-05,9.962160589660756e-05,0.00010877399008099836,0.00011865621786933447,0.00012931720469562798,0.00014080847380012993,0.00015318425463910912,0.000166501583023648,0.00018082040293954842,0.00019620367000091417,0.00021271745648531847,0.00023043105789640836,0.0002494171009996841,0.00026975165327128157,0.0002915143337015872
0.04824120603015076,,,,,,,,,,,,,,,,,,,,,,,,,,,,,,,,,,,,,,,,,,,,,,8.554037048852663e-27,3.6887749601727045e-26,1.494803875904662e-25,5.714330438603423e-25,2.068120440326922e-24,7.10954626178729e-24,2.3285088910641843e-23,7.286133876308121e-23,2.1838425677471163e-22,6.2847651890251035e-22,1.7404574626669075e-21,4.6477064109542716e-21,1.1990751595092547e-20,2.9940617703594946e-20,7.247753812824513e-20,1.70352307595637e-19,3.8933543616673417e-19,8.664030618101352e-19,1.8796958266359417e-18,3.9805555454463565e-18,8.237083300720514e-18,1.6673724768137528e-17,3.3048346388246805e-17,6.419897602746729e-17,1.223341405097416e-16,2.288583116754933e-16,4.206522313588924e-16,7.602150584095368e-16,1.3517870428727312e-15,2.366595835047299e-15,4.081822894819236e-15,6.939920257496857e-15,1.1637716727182874e-14,1.9258583110836447e-14,3.146608720140902e-14,5.078444275311145e-14,8.100010933865573e-14,1.2773069552982903e-13,1.9922252989962665e-13,3.0745768908091857e-13,4.696758407720243e-13,7.104470502944778e-13,1.0644699479177644e-12,1.5803167634766336e-12,2.325404281962788e-12,3.3925395152522534e-12,4.90847275892262e-12,7.044990827820976e-12,1.0033201934359848e-11,1.4181803352014612e-11,1.9900286311510232e-11,2.7728222266163423e-11,3.8371993612613444e-11,5.2750583134085195e-11,7.205232288273925e-11,9.780482800519837e-11,1.319607072099953e-10,1.7700205220570199e-10,2.3606716644922346e-10,3.131035017599556e-10,4.130513324289023e-10,5.420633128243645e-10,7.077657383529591e-10,9.195680628479713e-10,1.1890280195819862e-09,1.530280549264033e-09,1.960539657335455e-09,2.5006833048803895e-09,3.175932482309984e-09,4.016636721931983e-09,5.059179473320179e-09,6.347017992234973e-09,7.931873677367743e-09,9.875090126401421e-09,1.2249177570376788e-08,1.513956377900025e-08,1.8646573004757944e-08,2.288765604545701e-08,2.7999896047247034e-08,3.414281623763787e-08,4.1501517363485023e-08,5.029017420554575e-08,6.075592214257056e-08,7.31831663344756e-08,8.789834768054233e-08,1.0527520127497634e-07,1.2574054461994238e-07,1.497806343605561e-07,1.779481317625706e-07,2.1086971856057267e-07,2.4925440614862996e-07,2.939025823602837e-07,3.457158412912903e-07,4.057076426684059e-07,4.7501484851057613e-07,5.549101853046462e-07,6.468156812907666e-07,7.523171287065273e-07,8.731796216387607e-07,1.011364220606544e-06,1.1690457950461275e-06,1.3486320956547359e-06,1.5527841078683441e-06,1.7844377382620302e-06,2.0468268851364376e-06,2.3435079442727566e-06,2.6783858003070755e-06,3.0557413535100813e-06,3.4802606309507264e-06,3.957065530045911e-06,4.491746241419257e-06,5.090395396699346e-06,5.759643985529418e-06,6.5066990845024815e-06,7.339383439069198e-06,8.266176937643751e-06,9.296260015225992e-06,1.0439559021762321e-05,1.1706793588317769e-05,1.3109526021796365e-05,1.466021275657285e-05,1.63722578888951e-05,1.8260068817282027e-05,2.033911400947819e-05,2.2625982913726018e-05,2.51384480293211e-05,2.7895529148026092e-05,3.091755977792302e-05,3.422625574829325e-05,3.78447860106834e-05,4.179784562376405e-05,4.6111730925950326e-05,5.081441688692141e-05,5.5935636627884516e-05,6.150696310258404e-05,6.75618929088161e-05,7.413593223475739e-05,8.126668489421924e-05,8.899394243929356e-05,9.735977631737017e-05,0.00010640863204111216,0.0001161874253367707,0.00012674564023350417,0.00013813542905225754,0.00015041171425155052,0.00016363229208323751,0.00017785793800956966,0.00019315251382965394,0.0002095830764612375,0.00022721998832064643,0.00024613702924263024,0.0002664115098772063,0.00028812438650157,0.00031136037717983896,0.0003362080792036306
0.04874371859296483,,,,,,,,,,,,,,,,,,,,,,,,,,,,,,,,,,,,,,,,,,,,,3.706100155476986e-27,1.681271483960934e-26,7.141763567481002e-26,2.852611002564195e-25,1.0755231404120598e-24,3.8412393093685465e-24,1.3037937836301707e-23,4.2182586967936626e-23,1.304502878847052e-22,3.8659349302293354e-22,1.1004988981800733e-21,3.015806055482552e-21,7.97225164318942e-21,2.0367857118920344e-20,5.0380518699483824e-20,1.208501349363885e-19,2.8155645898199337e-19,6.380293025149388e-19,1.4081705810908022e-18,3.030785205234385e-18,6.3687166704752824e-18,1.3080541439694478e-17,2.6286186225523237e-17,5.173466282844059e-17,9.981297892433713e-17,1.8893820782401396e-16,3.5118381022994055e-16,6.414542233519385e-16,1.15220384044382e-15,2.036686106942257e-15,3.54513304061183e-15,6.08025905551959e-15,1.0281254606054338e-14,1.7149238713479042e-14,2.8232294378549828e-14,4.5895114279162174e-14,7.370742350006884e-14,1.1699731287580664e-13,1.8363112047852077e-13,2.8510138179011704e-13,4.3802961940047373e-13,6.662225085527503e-13,1.0034595550845037e-12,1.497239360183051e-12,2.2137715132604284e-12,3.2445740435351668e-12,4.7151242586780025e-12,6.796115997497616e-12,9.718001305001174e-12,1.3789641972561542e-11,1.9422069115467523e-11,2.7158549981856956e-11,3.771239363038116e-11,5.201419421344612e-11,7.127051566700993e-11,9.703636798278382e-11,1.3130421626943455e-10,1.7661270279861548e-10,2.3617875236817944e-10,3.1405727576941395e-10,4.1533328754514055e-10,5.463519156719853e-10,7.149925041166524e-10,9.309937968777234e-10,1.206338045525482e-09,1.5557028027012445e-09,1.9969901522659854e-09,2.551944183040059e-09,3.2468686370554795e-09,4.113457854081073e-09,5.18975539043794e-09,6.521256009672677e-09,8.16216812299346e-09,1.0176855194884046e-08,1.2641476120422845e-08,1.564584612082808e-08,1.9295541287391505e-08,2.3714271525902872e-08,2.9046548307283926e-08,3.546067530891186e-08,4.315209172779833e-08,5.2347099753571505e-08,6.330700939833968e-08,7.633273558329377e-08,9.17698840700355e-08,1.1001436448780482e-07,1.3151857034980182e-07,1.5679816750613712e-07,1.8643953409128786e-07,2.2110789641524445e-07,2.615562067272929e-07,3.086348100802918e-07,3.6330194878327027e-07,4.26635154046333e-07,4.998435755883321e-07,5.842813006831134e-07,6.814617152306884e-07,7.930729599045796e-07,9.209945351082663e-07,1.0673151088669474e-06,1.2343515820820818e-06,1.4246694656967619e-06,1.6411046243433197e-06,1.886786440849189e-06,2.1651624556860623e-06,2.4800245349504093e-06,2.835536619855453e-06,3.2362641098852256e-06,3.6872049308430806e-06,4.193822337888463e-06,4.762079502399929e-06,5.398475930067774e-06,6.110085756051718e-06,6.904597961291437e-06,7.79035855221167e-06,8.776414744018665e-06,9.872561185654588e-06,1.1089388262172733e-05,1.2438332507917677e-05,1.3931729161312805e-05,1.558286688950193e-05,1.7406044708203677e-05,1.9416631119503377e-05,2.1631125487099922e-05,2.406722166579357e-05,2.6743873898650785e-05,2.9681364992265537e-05,3.2901376777310864e-05,3.6427062858218605e-05,4.028312365258856e-05,4.449588371863886e-05,4.909337135685204e-05,5.410540049935947e-05,5.9563654835670984e-05,6.550177419678193e-05,7.195544315500271e-05,7.896248182392883e-05,8.656293883103592e-05,9.479918643314725e-05,0.00010371601774163556,0.00011336074602101945,0.00012378330602151472,0.00013503635730277897,0.00014717538950328085,0.0001602588295064385,0.0001743481504519914,0.0001895079825380922,0.0002058062255569959,0.0002233141631042686,0.00024210657839908247,0.0002622618716514665,0.00028386217890754233,0.00030699349230520635,0.0003317457816670199,0.00035821311735774176,0.0003864937943300629
0.0492462311557789,,,,,,,,,,,,,,,,,,,,,,,,,,,,,,,,,,,,,,,,,,,,,7.293812721576663e-27,3.258172484305287e-26,1.3637407552230223e-25,5.3707110917568e-25,1.997687705172262e-24,7.042678440316949e-24,2.3608028010600543e-23,7.547110471933967e-23,2.3072218525575775e-22,6.762144887278682e-22,1.904510940589932e-21,5.16570713895248e-21,1.3520708077849683e-20,3.421424793532174e-20,8.385150293399808e-20,1.9935079108820037e-19,4.604560376074686e-19,1.0347562200890608e-18,2.265397282257155e-18,4.837793526948366e-18,1.0089120653800716e-17,2.057015573305237e-17,4.1043705512337414e-17,8.022321341767529e-17,1.53742220205768e-16,2.891332495336872e-16,5.340299858976135e-16,9.69453805821498e-16,1.7309926428868823e-15,3.042044536178832e-15,5.265235446525474e-15,8.98083323494805e-15,1.5104726529515443e-14,2.5063646943609956e-14,4.105219613352206e-14,6.64054017931022e-14,1.0613258619964123e-13,1.6767403109062512e-13,2.619621494668749e-13,4.0489467249561717e-13,6.193599443709357e-13,9.379951942160869e-13,1.4069092233484168e-12,2.0906631206164865e-12,3.078878424747875e-12,4.494933837652619e-12,6.5073216224886525e-12,9.344365876153942e-12,1.3313159834402843e-11,1.882376132741798e-11,2.6419897704826292e-11,3.681767739008285e-11,5.0954088220778205e-11,7.004738648315666e-11,9.567184869851305e-11,1.2984977440947465e-10,1.7516409604057003e-10,2.3489547876491415e-10,3.1318834356137e-10,4.1525099886094913e-10,5.475955554252308e-10,7.183243466119771e-10,9.37470201740348e-10,1.2173989443205782e-09,1.5732834429398938e-09,2.0236596068013097e-09,2.591075851534655e-09,3.3028487674531114e-09,4.191939000910891e-09,5.297962708157883e-09,6.668355357766777e-09,8.359706139336098e-09,1.0439282778992247e-08,1.2986768161916593e-08,1.609623181366674e-08,1.9878360989686514e-08,2.446297785985149e-08,3.000187104526517e-08,3.66719715602891e-08,4.4678905026073936e-08,5.426095384414737e-08,6.569346484109213e-08,7.929373970889077e-08,9.542644736063437e-08,1.1450959908821558e-07,1.3702112913762767e-07,1.6350612499906494e-07,1.9458475333114385e-07,2.3096092899680513e-07,2.734317761636535e-07,3.2289793181560397e-07,3.8037474331600624e-07,4.4700441285391915e-07,5.240691426794767e-07,6.13005335990275e-07,7.15418909153191e-07,8.331017716357409e-07,9.680495305623314e-07,1.12248047720847e-06,1.2988559129838484e-06,1.4999018725352025e-06,1.7286323015214473e-06,1.988373746355674e-06,2.282791612801036e-06,2.61591804970893e-06,2.9921815134294432e-06,3.4164380674964186e-06,3.894004471072483e-06,4.4306931083765085e-06,5.032848809862251e-06,5.707387614306949e-06,6.4618375192066e-06,7.304381264920309e-06,8.243901195944423e-06,9.29002624043164e-06,1.0453181046714624e-05,1.1744637313077308e-05,1.31765673443252e-05,1.4762099865965561e-05,1.6515378123960034e-05,1.845162029488313e-05,2.0587182228370734e-05,2.293962254043354e-05,2.5527770073009864e-05,2.837179373169067e-05,3.1493274710253804e-05,3.4915281107069134e-05,3.8662444934848497e-05,4.276104152196141e-05,4.723907129946508e-05,5.212634396481847e-05,5.745456500937465e-05,6.325742459319229e-05,6.957068874708664e-05,7.643229287826094e-05,8.388243755207688e-05,9.196368651941467e-05,0.00010072106695501067,0.00011020217186899626,0.00012045726465066152,0.0001315393856993985,0.00014350446109549113,0.0001564114132593137,0.00017032227354470123,0.0001853022967098943,0.00020142007720484536,0.00021874766721284182,0.00023736069638008057,0.0002573384931652448,0.0002787642077375365,0.00030172493635075893,0.00032631184711665387,0.0003526203071009959,0.000380750010661711,0.00041080510894719624,0.00044289434047250055
0.04974874371859297,,,,,,,,,,,,,,,,,,,,,,,,,,,,,,,,,,,,,,,,,,,,,1.415485732414749e-26,6.228150617003058e-26,2.569428122806187e-25,9.979833909512538e-25,3.66316545958194e-24,1.2750858371569453e-23,4.2223574155210554e-23,1.334067475657209e-22,4.032592499756972e-22,1.1691287249578652e-21,3.2585089405657252e-21,8.749595799127158e-21,2.2679670476107824e-20,5.685537110292451e-20,1.3808388245143637e-19,3.2542509472119505e-19,7.453303773065505e-19,1.6612946899147153e-18,3.608407432596126e-18,7.646984501240684e-18,1.5829671182478804e-17,3.2042844636970327e-17,6.349063249198578e-17,1.232602971752738e-16,2.346728454431917e-16,4.3852763980048626e-16,8.049575641691142e-16,1.4525085241905848e-15,2.578360740496208e-15,4.505475037264675e-15,7.755079032322286e-15,1.3156569107272065e-14,2.20119296420759e-14,3.6338582659339136e-14,5.922370158821337e-14,9.533509285803825e-14,1.516495439436715e-13,2.384799840730767e-13,3.7090900168621935e-13,5.707694951277313e-13,8.693549865156523e-13,1.3110941060280508e-12,1.9584878854653163e-12,2.89868695251457e-12,4.25218089816914e-12,6.184186648177521e-12,8.919459491221274e-12,1.2761412615421741e-11,1.811662190685804e-11,2.552601588727499e-11,3.570430969547561e-11,4.958954076453744e-11,6.8404906223916e-11,9.373549202357343e-11,1.2762292529975513e-10,1.726814784932467e-10,2.3223970999844518e-10,3.1051234531018813e-10,4.128077881614355e-10,5.457774061418758e-10,7.177135625401109e-10,9.38904268027859e-10,1.222053304227078e-09,1.582775727541454e-09,2.0401797967167318e-09,2.61754758161736e-09,3.343127803198958e-09,4.251055824488986e-09,5.382417157641162e-09,6.786472370255399e-09,8.522062861757947e-09,1.0659218633597464e-08,1.3280990890510457e-08,1.6485534078544055e-08,2.0388463782594988e-08,2.5125518764888114e-08,3.0855557318670507e-08,3.776392002978262e-08,4.6066192974668794e-08,5.601240732629709e-08,6.789171328140143e-08,8.20375681516245e-08,9.883348036822367e-08,1.1871935302461291e-07,1.42198472411041e-07,1.6984518877237807e-07,2.0231333823055845e-07,2.4034545644865026e-07,2.847828361614796e-07,3.365764821503193e-07,3.967990185832626e-07,4.6665760487256254e-07,5.475079173013363e-07,6.40869254643215e-07,7.484408268209062e-07,8.72119286330106e-07,1.0140175626691737e-06,1.1764850603745684e-06,1.362129281446903e-06,1.5738389329663655e-06,1.8148085805331403e-06,2.088564907821127e-06,2.398994642009538e-06,2.7503742041409607e-06,3.14740114255891e-06,3.595227406496128e-06,4.099494515608606e-06,4.666370679822864e-06,5.302589922193491e-06,6.015493255714414e-06,6.813071962988135e-06,7.704013025554117e-06,8.697746747335501e-06,9.804496614210041e-06,1.103533142905721e-05,1.2402219758929965e-05,1.3918086728004486e-05,1.559687318700058e-05,1.7453597286621523e-05,1.950441847917866e-05,2.1766703969343733e-05,2.4259097631436856e-05,2.700159140711934e-05,3.0015599193666533e-05,3.3324033229489264e-05,3.6951382979633025e-05,4.0923796520306724e-05,4.526916441767235e-05,5.001720609215665e-05,5.519955865592306e-05,6.0849868206985424e-05,6.700388355979848e-05,7.36995523881842e-05,8.097711975280969e-05,8.887922898225381e-05,9.745102486504389e-05,0.00010674025913592716,0.00011679739817553527,0.00012767573291555862,0.00013943149087575636,0.00015212395028805684,0.00016581555624915807,0.00018057203884225492,0.00019646253316435688,0.0002135597011935674,0.00023193985542614847,0.000251683084213322,0.0002728733787210519,0.00029559876143736596,0.0003199514161467555,0.00034602781928920457,0.0003739288726212838,0.00040376003709172826,0.0004356314678435697,0.0004696581502534945,0.0005059600369167014
0.05025125628140704,,,,,,,,,,,,,,,,,,,,,,,,,,,,,,,,,,,,,,,,,,,,5.838453048429875e-27,2.7098525509531614e-26,1.1748021563029843e-25,4.778453100645291e-25,1.8309703003281928e-24,6.633873557279116e-24,2.2805166483861767e-23,7.461886902218054e-23,2.330640224544576e-22,6.967511818128479e-22,1.998632416571246e-21,5.513634168403938e-21,1.465943830416426e-20,3.763826469550253e-20,9.349168840621837e-20,2.2505609492282284e-19,5.258667950323165e-19,1.1944680929282889e-18,2.641140041770356e-18,5.692350486445774e-18,1.19730425866458e-17,2.460517136833465e-17,4.9456453809371444e-17,9.732665027268045e-17,1.8769996763006342e-16,3.550646449658302e-16,6.593655021386393e-16,1.202996808850524e-15,2.1579765559579034e-15,3.808723647101764e-15,6.6183907035693815e-15,1.1330252415058229e-14,1.9120552800116297e-14,3.1825904421874464e-14,5.227734508248083e-14,8.478515373445945e-14,1.3583431135774408e-13,2.1507103092999576e-13,3.366872218072699e-13,5.213434470311037e-13,7.988134449706988e-13,1.2115864213307212e-12,1.819729123662702e-12,2.707390495578357e-12,3.991430043162537e-12,5.832769768142194e-12,8.45121172891332e-12,1.21446323312267e-11,1.731366391043363e-11,2.4493207845980968e-11,3.4392395330073295e-11,4.79449261297734e-11,6.637207647656298e-11,9.126107889120705e-11,1.246620436133189e-10,1.6920711761299376e-10,2.2825616705993186e-10,3.0607392658418345e-10,4.0804428740051007e-10,5.409281998010059e-10,7.131725466680774e-10,9.352783061153897e-10,1.2202373651810498e-09,1.584048474185322e-09,2.0463240437792028e-09,2.631000784042645e-09,3.3671685666974898e-09,4.290033356293901e-09,5.442031601991162e-09,6.874115105416877e-09,8.647227078322173e-09,1.0833991871765922e-08,1.3520642691058825e-08,1.6809213501468228e-08,2.082002327179646e-08,2.5694482688658608e-08,3.159825549541356e-08,3.872480865680788e-08,4.729938761440129e-08,5.758345496804724e-08,6.987963298483652e-08,8.453719238794298e-08,1.0195813190209105e-07,1.226038950191516e-07,1.4700277238364926e-07,1.7575804007373572e-07,2.095568858550558e-07,2.4918017720254704e-07,2.955131265063797e-07,3.495569103924325e-07,4.1244130148307413e-07,4.854383721943984e-07,5.699773312884402e-07,6.676605548917864e-07,7.802808745068245e-07,9.098401852091878e-07,1.0585694377162338e-06,1.2289500783184918e-06,1.4237370007976416e-06,1.645983074399916e-06,1.8990653116687524e-06,2.186712739508346e-06,2.5130360361920327e-06,2.8825589962527225e-06,3.300251883642081e-06,3.771566734099996e-06,4.3024746626058264e-06,4.899505234706716e-06,5.569787955030883e-06,6.321095926110612e-06,7.161891727909141e-06,8.101375566135595e-06,9.149535734874318e-06,1.0317201436347403e-05,1.1616097997713238e-05,1.3058904521848024e-05,1.4659314005788192e-05,1.6432095957291898e-05,1.8393161536493568e-05,2.0559631246102923e-05,2.2949905190496272e-05,2.5583735915844538e-05,2.8482303854897646e-05,3.1668295367487835e-05,3.516598339371847e-05,3.9001310720059465e-05,4.320197584677082e-05,4.779752145551709e-05,5.2819425462648935e-05,5.830119464255295e-05,6.427846080088e-05,7.07890794733896e-05,7.787323112200817e-05,8.557352479565789e-05,9.393510421957687e-05,0.00010300575627241192,0.00011283602180734811,0.00012347930876840666,0.00013499200755065076,0.00014743360854851264,0.00016086682183297254,0.0001753576988952183,0.00019097575639058736,0.00020779410181373482,0.0002258895610322293,0.0002453428076039741,0.00026623849379869596,0.00028866538324436405,0.0003127164851129607,0.00033848918976057274,0.0003660854057329443,0.0003956116980456359,0.00042717942764619707,0.0004609048919635449,0.0004969094664482829,0.0005353197470057683,0.0005762676932228152
0.05075376884422111,,,,,,,,,,,,,,,,,,,,,,,,,,,,,,,,,,,,,,,,,,,,1.1199437493837185e-26,5.119689290426186e-26,2.1875377668144757e-25,8.774962225310464e-25,3.317898144366646e-24,1.1868981022679945e-23,4.030602111319068e-23,1.3034313456015096e-22,4.0254778704379415e-22,1.1904495205694803e-21,3.3793638796420366e-21,9.22946573454504e-21,2.4302513795646147e-20,6.181713647567328e-20,1.5217383422717914e-19,3.631452397359049e-19,8.414260811886856e-19,1.8957761830077302e-18,4.159028446979732e-18,8.89590449072779e-18,1.857401744092782e-17,3.789846269689646e-17,7.565281665838184e-17,1.4788459195128875e-16,2.8335525109932653e-16,5.32639629516309e-16,9.830841508618493e-16,1.7829674771848228e-15,3.1798964127152467e-15,5.580881670757763e-15,9.64494562827851e-15,1.6423859203223684e-14,2.757312341910216e-14,4.566415027530011e-14,7.464043509826049e-14,1.204761777142709e-13,1.921163041921751e-13,3.0280336022039883e-13,4.71930702215639e-13,7.276044489490853e-13,1.1101506740165114e-12,1.6768714857762155e-12,2.50843640497576e-12,3.7173965480467325e-12,5.45943158368262e-12,7.948086567235892e-12,1.1473931165224795e-11,1.6429281316102124e-11,2.3339867126910322e-11,3.2905115079321596e-11,4.6049041882798176e-11,6.398413616100615e-11,8.82910372579476e-11,1.2101731245944417e-10,1.6479918957250114e-10,2.230107253344519e-10,2.999455863210869e-10,4.0103739138591433e-10,5.331254173740339e-10,7.047734059469628e-10,9.266502317392668e-10,1.211982302982825e-09,1.5770887667838166e-09,2.0420118833818673e-09,2.631256317118569e-09,3.374652565904123e-09,4.308361314244663e-09,5.476037145053618e-09,6.93017177933723e-09,8.733638826308851e-09,1.09614639145027e-08,1.3702846031177585e-08,1.706345791592325e-08,2.1168055427254634e-08,2.6163427919604663e-08,3.222172382370685e-08,3.954418780502909e-08,4.8365348073572834e-08,5.895769462142108e-08,7.163689136126936e-08,8.676756731748492e-08,1.0476973416843297e-07,1.2612587954321942e-07,1.513887875228304e-07,1.8119013978030192e-07,2.1624995265607957e-07,2.5738690738991373e-07,3.0552963218482635e-07,3.617289966687573e-07,4.2717148045477136e-07,5.031936791801114e-07,5.912980120218077e-07,6.931696963154542e-07,8.106950552239775e-07,9.459812252986924e-07,1.1013773311613354e-06,1.2794971948111676e-06,1.4832436471208588e-06,1.7158345089564797e-06,1.980830308996109e-06,2.2821638047758584e-06,2.624171372713997e-06,3.0116263318758333e-06,3.4497742650541132e-06,3.944370399306881e-06,4.5017191064915375e-06,5.128715582479452e-06,5.832889761709811e-06,6.62245252150051e-06,7.506344228087104e-06,8.494285673752785e-06,9.59683145159154e-06,1.0825425811471541e-05,1.2192461037626141e-05,1.3711338384959731e-05,1.539653160776468e-05,1.7263653110859743e-05,1.9329522749585315e-05,2.161223930100573e-05,2.4131254625087833e-05,2.6907450530170064e-05,2.996321835324182e-05,3.33225412612013e-05,3.7011079275016797e-05,4.105625701442221e-05,4.548735415649033e-05,5.0335598596876173e-05,5.5634262298458774e-05,6.141875980734892e-05,6.772674941214743e-05,7.459823691786534e-05,8.207568200147525e-05,9.02041071122428e-05,9.903120887489785e-05,0.00010860747195051926,0.00011898628530530658,0.00013022406083321067,0.00014238035427545248,0.00015551798837471875,0.0001697031781994367,0.00018500565856867187,0.00020149881350621954,0.00021925980764725883,0.000238369719519171,0.00025891367661459827,0.0002809809921711138,0.00030466530357063626,0.0003300647122669671,0.00035728192514971686,0.0003864243972481674,0.0004176044756783788,0.00045093954473285694,0.0004865521720135547,0.0005245702555017229,0.0005651271714632138,0.0006083619230808728,0.0006544192897080574
0.051256281407035184,,,,,,,,,,,,,,,,,,,,,,,,,,,,,,,,,,,,,,,,,,,4.3821319707879306e-27,2.120237332323741e-26,9.549064324269168e-26,4.0224376696105483e-25,1.5917117205256925e-24,5.9404492312611e-24,2.0986630198105585e-23,7.041963127696332e-23,2.2512034313134334e-22,6.876109073620252e-22,2.0119616331960845e-21,5.653290155306588e-21,1.528850506001164e-20,3.987652981063542e-20,1.0050784641091244e-19,2.4524234953329273e-19,5.802731871471423e-19,1.3334917009288071e-18,2.980594326288552e-18,6.4887725783755234e-18,1.3776012757069376e-17,2.855648870756447e-17,5.786192932980304e-17,1.1472140528063526e-16,2.227862499593299e-16,4.241583413450585e-16,7.923972249451601e-16,1.4537535230720495e-15,2.621251405819893e-15,4.648521038405391e-15,8.113526221340075e-15,1.3946885365410075e-14,2.362578432655716e-14,3.9463081898025683e-14,6.503280392011953e-14,1.0578865998925001e-13,1.699525299297872e-13,2.697762939613755e-13,4.233143889248044e-13,6.568877832496308e-13,1.0084746685729926e-12,1.5323313497016438e-12,2.3052311654462713e-12,3.4348126935236313e-12,5.070654204948352e-12,7.418842872901752e-12,1.07609884571274e-11,1.547884620428109e-11,2.208596693746128e-11,3.126808837938458e-11,4.3934325492850694e-11,6.128161399501327e-11,8.487531526227777e-11,1.1674940766622544e-10,1.5953027399835356e-10,2.1658875193920326e-10,2.9222584929493446e-10,3.9189834215709514e-10,5.224913766876646e-10,6.926461870198648e-10,9.131521262652315e-10,1.1974133870598286e-09,1.5620020124595126e-09,2.0273105869761057e-09,2.6183180173249744e-09,3.3654862863817275e-09,4.305804098306283e-09,5.483997995671574e-09,6.953931925206894e-09,8.780218576959543e-09,1.104006778273359e-08,1.3825399345862453e-08,1.7245249826390026e-08,2.142850501516833e-08,2.6526992087986666e-08,3.271896772694651e-08,4.021304081898317e-08,4.925257068097037e-08,6.012058410307774e-08,7.314525683599165e-08,8.870600745903867e-08,1.0724025384287135e-07,1.2925088464657082e-07,1.5531450045396048e-07,1.860904812409899e-07,2.2233093886281547e-07,2.6489161514197577e-07,3.1474378791509495e-07,3.72987249040783e-07,4.40864419873095e-07,5.197756710549924e-07,6.112959146668693e-07,7.171925377721895e-07,8.394447472230726e-07,9.802643962122268e-07,1.1421183634823538e-06,1.327752556315394e-06,1.5402176084202431e-06,1.782896343616731e-06,2.05953307575979e-06,2.3742648146765205e-06,2.7316544469785744e-06,3.1367259594791117e-06,3.595001771535092e-06,4.112542241365194e-06,4.69598740844194e-06,5.352601034267419e-06,6.090316998777874e-06,6.917788109363881e-06,7.844437375731036e-06,8.880511801226123e-06,1.003713873817013e-05,1.1326384851441916e-05,1.2761317731192043e-05,1.4356070191714003e-05,1.61259072911658e-05,1.8087296098218184e-05,2.0257978237048416e-05,2.265704522625117e-05,2.5305016632391356e-05,2.822392104976397e-05,3.143737991503397e-05,3.497069416056915e-05,3.885093370577484e-05,4.310702978132182e-05,4.7769870076085124e-05,5.287239669248554e-05,5.844970689085834e-05,6.453915659898619e-05,7.118046665831946e-05,7.8415831773641e-05,8.629003212858045e-05,9.485054762466453e-05,0.0001041476746972345,0.00011423464565717813,0.0001251677525797131,0.00013700646114439303,0.0001498135579712941,0.0001636552587047642,0.0001786013494540263,0.00019472531790686568,0.00021210448857381946,0.0002308201600031992,0.0002509577438824838,0.0002726069059356104,0.0002958617085256109,0.0003208207548672897,0.0003475873347514872,0.00037626957169157904,0.0004069805713280811,0.0004398385711671671,0.00047496709124680744,0.0005124950859222955,0.0005525570964804713,0.0005952934045313455,0.0006408501860560021,0.00068937966599609,0.0007410402732709797
0.051758793969849254,,,,,,,,,,,,,,,,,,,,,,,,,,,,,,,,,,,,,,,,,,,8.317057081609957e-27,3.9629732735278807e-26,1.7589442869632952e-25,7.306631494746467e-25,2.8529393385118777e-24,1.051222025854334e-23,3.6685655767453734e-23,1.2165863640249604e-22,3.8455966950621083e-22,1.1619400250793519e-21,3.364601924840206e-21,9.359639867770478e-21,2.5068485098847305e-20,6.477958636923115e-20,1.6181653268481557e-19,3.914328505674568e-19,9.184655646159421e-19,2.0936899273023898e-18,4.6433725848590385e-18,1.0032589078070568e-17,2.1144607563412928e-17,4.352184461855912e-17,8.758260218834418e-17,1.7249775801900061e-16,3.328349279418752e-16,6.297288295245307e-16,1.1693200958821802e-15,2.132664456578387e-15,3.823444729056544e-15,6.7428787066476455e-15,1.1705546569159095e-14,2.001590047891294e-14,3.3733524527991604e-14,5.60664850502714e-14,9.194721564167885e-14,1.4886537592011106e-13,2.380582839810414e-13,3.761933696639764e-13,5.877204185195106e-13,9.081262569480554e-13,1.38839336296734e-12,2.1010494001986327e-12,3.1482999326804937e-12,4.672865000678037e-12,6.87229558534499e-12,1.0017732365001558e-11,1.4478290987048841e-11,2.075252007587355e-11,2.950868533168501e-11,4.163599056653129e-11,5.830925971633737e-11,8.107007823881576e-11,1.119279333503066e-10,1.5348550573116036e-10,2.0909295596920469e-10,2.830368222381067e-10,3.8077000634077565e-10,5.091902777113774e-10,6.769757732084577e-10,8.949871179013612e-10,1.1767470412603473e-09,1.5390097161472415e-09,2.00243350591699e-09,2.592372367983711e-09,3.3398028296992557e-09,4.282405222587358e-09,5.465819731127899e-09,6.94509977856983e-09,8.786387329744415e-09,1.1068836833590078e-08,1.3886816748967772e-08,1.735241988835442e-08,2.1598316165851877e-08,2.678098373872239e-08,3.308435697434221e-08,4.0723932145181685e-08,4.995137424069286e-08,6.105967077346104e-08,7.438888093434065e-08,9.03325309023439e-08,1.0934470852661316e-07,1.3194791295334417e-07,1.587417170570413e-07,1.9041230273604898e-07,2.2774293123348486e-07,2.7162541263155e-07,3.230726405243496e-07,3.8323225959034984e-07,4.534015353437337e-07,5.350434967345681e-07,6.298044234778756e-07,7.395327510254464e-07,8.662994667701122e-07,1.0124200721712593e-06,1.1804781848802312e-06,1.3733508563460183e-06,1.5942356793070936e-06,1.8466797597640752e-06,2.134610627318212e-06,2.462369156986409e-06,2.834744574552255e-06,3.2570116162070887e-06,3.734969911709885e-06,4.274985658490433e-06,4.884035652106259e-06,5.569753736189889e-06,6.3404797325293595e-06,7.2053109091113695e-06,8.174156041710903e-06,9.257792119045776e-06,1.0467923742965942e-05,1.1817245265853951e-05,1.33195057062941e-05,1.4989576485649987e-05,1.68435220088306e-05,1.889867312835003e-05,2.1173703510302827e-05,2.3688708925011113e-05,2.646528947383231e-05,2.952663477479366e-05,3.289761209370405e-05,3.660485744172795e-05,4.067686962419382e-05,4.514410723613948e-05,5.0039088590723326e-05,5.539649456223344e-05,6.125327432040426e-05,6.764875392789986e-05,7.462474776788576e-05,8.222567276362146e-05,9.049866534754235e-05,9.949370113189144e-05,0.00010926371722902071,0.00011986473716445188,0.00013135599832108212,0.00014380008184936423,0.00015726304497289408,0.00017181455561558778,0.00018752802927215445,0.0002044807680398246,0.00022275410172554138,0.00024243353093900377,0.0002636088720796701,0.0002863744041200666,0.0003108290170879915,0.000337076362144457,0.0003652250031531323,0.00039538856963379856,0.0004276859109902964,0.00046224125189576977,0.0004991843487580652,0.0005386506470402646,0.0005807814395013481,0.0006257240250562355,0.000673631868244426,0.0007246647591506731,0.0007789889736604786,0.0008367774339281221
0.052261306532663324,,,,,,,,,,,,,,,,,,,,,,,,,,,,,,,,,,,,,,,,,,,1.5585705055209485e-26,7.315738765949389e-26,3.2008531876934493e-25,1.3115477167914677e-24,5.0544185713485224e-24,1.839191480423638e-23,6.341756063394916e-23,2.0789783788041233e-22,6.499273228887512e-22,1.942975262959709e-21,5.5690016276016e-21,1.5340179248391733e-20,4.0699142705970923e-20,1.0421514131576453e-19,2.580433148525655e-19,6.189252380007717e-19,1.440397022307768e-18,3.2575481208656794e-18,7.169450180631321e-18,1.5376171881842017e-17,3.2175217924740206e-17,6.576800454563741e-17,1.3146341868044583e-16,2.572409433994546e-16,4.932202128624129e-16,9.274762767281912e-16,1.7119781827554752e-15,3.1044011274593905e-15,5.534422465599473e-15,9.707193769917814e-15,1.6762420000635405e-14,2.8515430249213886e-14,4.7817496670905874e-14,7.908732618718694e-14,1.2908519106074261e-13,2.080268866942556e-13,3.311681735404851e-13,5.210334270346457e-13,8.105170503158573e-13,1.2471553013811053e-12,1.898952407908365e-12,2.8622514191113564e-12,4.272270783017713e-12,6.317086131511118e-12,9.25602755844041e-12,1.3443690519421007e-11,1.9361028397079087e-11,2.765531211692271e-11,3.9191112549844316e-11,5.511489056475803e-11,7.693627344434687e-11,1.0662966080545853e-10,1.4676044424842278e-10,2.0064084828586542e-10,2.725212114497348e-10,3.6782343094806645e-10,4.934242967559861e-10,6.57997545868441e-10,8.72424678301693e-10,1.1502858962951105e-09,1.5084439591712489e-09,1.9677352897579144e-09,2.5537843244198796e-09,3.29795886687068e-09,4.238486084184606e-09,5.421750768830152e-09,6.90379957896528e-09,8.752077155333558e-09,1.1047422290399808e-08,1.3886354686121886e-08,1.7383685272305046e-08,2.1675485557651105e-08,2.6922454039755088e-08,3.3313720296102065e-08,4.107113000320272e-08,5.045405677117344e-08,6.176478932225032e-08,7.535454516943173e-08,9.163016454882177e-08,1.1106154091213694e-07,1.341898467774974e-07,1.6163661614936184e-07,1.941137470400413e-07,2.324344898343805e-07,2.7752548932460676e-07,3.304399501861831e-07,3.923719974535665e-07,4.646723051725921e-07,5.488650678402411e-07,6.466663904808831e-07,7.600041742350021e-07,8.910395751521405e-07,1.042190114450202e-06,1.2161545188568997e-06,1.4159393697427459e-06,1.6448876395934724e-06,1.9067091939721851e-06,2.2055133364334805e-06,2.545843472938101e-06,2.9327139710792262e-06,3.3716492880195047e-06,3.868725439256084e-06,4.4306138783798106e-06,5.064627855727733e-06,5.778771321340164e-06,6.581790434881232e-06,7.4832277422003705e-06,8.493479074995708e-06,9.623853226601809e-06,1.0886634453273852e-05,1.229514784649248e-05,1.386382761774626e-05,1.560828833307943e-05,1.7545399130260078e-05,1.969336094688346e-05,2.207178678311245e-05,2.4701785017839663e-05,2.760604579236255e-05,3.080893047030928e-05,3.4336564177851556e-05,3.821693142284754e-05,4.2479974786443165e-05,4.715769667536877e-05,5.2284264118025285e-05,5.789611658140039e-05,6.40320767860319e-05,7.073346447227298e-05,7.804421310326854e-05,8.601098943837236e-05,9.468331594270608e-05,0.00010411369597515915,0.00011435774169750043,0.00012547430464158159,0.00013752560886719773,0.00015057738663839488,0.00016469901654167328,0.00017996366396498791,0.00019644842385267743,0.00021423446564734777,0.0002334071803247953,0.00025405632942719885,0.0002762761959923846,0.0003001657372773181,0.00032582873916846397,0.0003533739721696078,0.0003829153488642205,0.0004145720826742635,0.00044846884798760693,0.0004847359412188325,0.0005235094429992724,0.0005649313811819692,0.0006091498946015922,0.0006563193974540783,0.0007066007441689228,0.0007601613946464659,0.0008171755797318368,0.0008778244667955632,0.0009422963252923818
0.05276381909547739,,,,,,,,,,,,,,,,,,,,,,,,,,,,,,,,,,,,,,,,,,5.787929517623889e-27,2.8847295101927756e-26,1.3342625384197495e-25,5.756308015213851e-25,2.327174006376126e-24,8.853930093900623e-24,3.182360646541168e-23,1.0844565280995582e-22,3.5151327102274587e-22,1.087031480482404e-21,3.2159926713641427e-21,9.125775692213963e-21,2.4896133120039322e-20,6.544115626404086e-20,1.6607624595648056e-19,4.07679804010026e-19,9.697197825814947e-19,2.23870319074492e-18,5.0237708656230696e-18,1.0973925754392463e-17,2.3365149622472103e-17,4.8549840479069606e-17,9.856526584663568e-17,1.9572643467186937e-16,3.805468500727264e-16,7.251310731621221e-16,1.3553967530792348e-15,2.487291366215219e-15,4.484815264003937e-15,7.951474264721157e-15,1.3872190231096017e-14,2.3830249955615167e-14,4.033427489419726e-14,6.730432924087118e-14,1.1078524276504839e-13,1.7998033927167577e-13,2.8873163520525715e-13,4.576151134450291e-13,7.168741253049581e-13,1.110482931650461e-12,1.7017188471723682e-12,2.5807287859263545e-12,3.874708023884439e-12,5.761469906082318e-12,8.487379658678671e-12,1.23908584417785e-11,1.793294066680389e-11,2.5736694145130287e-11,3.6637694793329696e-11,5.174819163810822e-11,7.253811008829535e-11,1.0093662831026912e-10,1.394587294653368e-10,1.913618878309709e-10,2.6083889549839027e-10,3.532537841465844e-10,4.754288486219887e-10,6.35991940434042e-10,8.457944738668813e-10,1.1184119784929536e-09,1.4707405418965193e-09,1.923704116448487e-09,2.5030894160232525e-09,3.2405269975341316e-09,4.17463911370701e-09,5.352377025362347e-09,6.8305726767335e-09,8.677731955954583e-09,1.0976099179383152e-08,1.3824024944224814e-08,1.7338672079456162e-08,2.165909707955692e-08,2.6949747117178768e-08,3.340441548650259e-08,4.12507011151177e-08,5.0755020583196524e-08,6.222822389023583e-08,7.603186799443798e-08,9.258520489452617e-08,1.1237294375015827e-07,1.3595384911864556e-07,1.6397023999855316e-07,1.9715845676417045e-07,2.3636036542567342e-07,2.825359708309089e-07,3.367772124593078e-07,4.003230183249159e-07,4.7457569418235783e-07,5.611187267127368e-07,6.617360806317097e-07,7.78433070703322e-07,9.134588904478231e-07,1.069330879886923e-06,1.2488606149687246e-06,1.4551819013505566e-06,1.6917807549815984e-06,1.962527451409386e-06,2.2717107249471587e-06,2.6240741977597554e-06,3.0248551176326173e-06,3.479825481001376e-06,3.995335617818199e-06,4.578360308774433e-06,5.236547507739377e-06,5.978269735679948e-06,6.812678211251561e-06,7.749759779422795e-06,8.800396696084492e-06,9.976429322841162e-06,1.1290721782228084e-05,1.2757230619428399e-05,1.4391076512187114e-05,1.620861906607396e-05,1.822753472751557e-05,2.046689784213992e-05,2.2947264880945295e-05,2.5690761851688577e-05,2.872117490755697e-05,3.206404415995029e-05,3.5746760696657953e-05,3.979866680128823e-05,4.4251159364267246e-05,4.9137796470112486e-05,5.4494407140213176e-05,6.0359204204633776e-05,6.677290027094395e-05,7.377882675269107e-05,8.142305591452682e-05,8.975452588526651e-05,9.882516858576329e-05,0.00010869004051200433,0.00011940745630970376,0.00013103912507083442,0.00014365028927849834,0.0001573098663208382,0.00017209059249069823,0.0001880691693830296,0.00020532641259781445,0.00022394740265204035,0.00024402163800012896,0.00026564319005973166,0.0002889108601332522,0.000313928338116125,0.00034080436287620483,0.0003696528841875618,0.0004005932260987622,0.00043375025161296695,0.00046925452855500137,0.0005072424964987836,0.0005478566346258423,0.0005912456303850912,0.000637564548820859,0.0006869750024371749,0.0007396453214636756,0.0007957507243879861,0.000855473488618719,0.0009190031211442654,0.0009865365290501354,0.0010582781897590394
0.05326633165829146,,,,,,,,,,,,,,,,,,,,,,,,,,,,,,,,,,,,,,,,,,1.0746025150684338e-26,5.275319345873704e-26,2.404972311785133e-25,1.023347573852065e-24,4.083048655482352e-24,1.5339711438711863e-23,5.447394921843003e-23,1.8349675152245836e-22,5.882199572774186e-22,1.7997603314425367e-21,5.2703993024748685e-21,1.4808978461427122e-20,4.001983580878472e-20,1.042400846407934e-19,2.622259591605742e-19,6.382752514429782e-19,1.5058607305378848e-18,3.449111532170465e-18,7.68119707651482e-18,1.6655583628739872e-17,3.521033167652719e-17,7.265959101540949e-17,1.465304068481066e-16,2.890964270236787e-16,5.585695186406469e-16,1.0578985654278726e-15,1.965763279471953e-15,3.58677454558984e-15,6.431417633169652e-15,1.1341318723208914e-14,1.9682523090290976e-14,3.363934303033719e-14,5.665484694192467e-14,9.408231578407725e-14,1.5413633758207235e-13,2.4926427839826625e-13,3.9810061313864436e-13,6.282203296073431e-13,9.799760270655132e-13,1.5117895205903087e-12,2.3073762720952734e-12,3.485513782428796e-12,5.2131276343845885e-12,7.722666058562222e-12,1.1334971028373474e-11,1.6489136697920205e-11,2.3781180584977477e-11,3.401374567914667e-11,4.825950929773464e-11,6.794150386662651e-11,9.493416281091062e-11,1.3168959833449486e-10,1.813944038698803e-10,2.481631589834014e-10,3.3727580477415387e-10,4.554671590882766e-10,6.11278058368307e-10,8.154789511444569e-10,1.0815782306922131e-09,1.4264291839174052e-09,1.8709511517337064e-09,2.440982343567449e-09,3.168283724428427e-09,4.091715495196607e-09,5.258609912042708e-09,6.726366534414556e-09,8.564298446708959e-09,1.0855760558909612e-08,1.370059374727905e-08,1.7217921337212115e-08,2.1549337245025368e-08,2.6862527970887063e-08,3.33553735571221e-08,4.12605755800758e-08,5.085086321274073e-08,6.244483136380251e-08,7.64134678472704e-08,9.318742944974147e-08,1.1326512961828051e-07,1.3722170327448258e-07,1.6571891694909736e-07,1.9951609500811468e-07,2.3948213518798725e-07,2.866086889531405e-07,3.42024584320271e-07,4.070115707376358e-07,4.830214673555938e-07,5.71694797549061e-07,6.748809938559359e-07,7.946602585449151e-07,9.333671658272015e-07,1.093616092254943e-06,1.2783285621047229e-06,1.4907625945100416e-06,1.7345441387892173e-06,2.0137006837867237e-06,2.332697126134524e-06,2.6964739811111196e-06,3.1104880182454156e-06,3.580755401999601e-06,4.113897415707551e-06,4.717188844555781e-06,5.39860909063227e-06,6.166896090117895e-06,7.031603099364013e-06,8.003158413098295e-06,9.092928074163729e-06,1.031328163016898e-05,1.1677660988119731e-05,1.320065241363606e-05,1.4898061716578744e-05,1.6786992660130677e-05,1.8885928625098638e-05,2.121481755621917e-05,2.37951602116027e-05,2.6650101731189703e-05,2.9804526534245344e-05,3.328515655039352e-05,3.71206527827681e-05,4.134172019612695e-05,4.598121591677982e-05,5.107426072530516e-05,5.6658353817291334e-05,6.277349080105475e-05,6.94622848958152e-05,7.677009128772465e-05,8.474513459548054e-05,9.343863939144946e-05,0.0001029049637189321,0.00011320173553995983,0.00012438999204384259,0.0001365343217399819,0.00014970300925457448,0.00016396818274517794,0.00017940596384232593,0.00019609662002326397,0.00021412471931803957,0.00023357928724043232,0.0002545539658562318,0.00027714717481850526,0.00030146227435002296,0.0003276077299588917,0.000355697278821753,0.00038585009769103845,0.00041819097220079196,0.00045285046743986376,0.0004899650996619696,0.000529677508994671,0.0005721366330135666,0.0006174978810417793,0.0006659233090359916,0.0007175817949177798,0.0007726492142092552,0.0008313086158305869,0.0008937503979162384,0.0009601724835079271,0.0010307804959801732,0.0011057879340576522,0.0011854163462801178
0.05376884422110553,,,,,,,,,,,,,,,,,,,,,,,,,,,,,,,,,,,,,,,,,3.7668781009298055e-27,1.9712951977629105e-26,9.534427353454503e-26,4.285468992926749e-25,1.7990107078884356e-24,7.085633380608426e-24,2.6292933610881667e-23,9.227138850951964e-23,3.0731038259749154e-22,9.744520299019002e-22,2.9505050799051766e-21,8.55390049998899e-21,2.3804139671619917e-20,6.373348141152737e-20,1.6452863428513177e-19,4.103345749170079e-19,9.905122536591362e-19,2.3182099197640998e-18,5.268796549845736e-18,1.1646176390225243e-17,2.5071071779267564e-17,5.2631378774972005e-17,1.0787658255634062e-16,2.161299395986641e-16,4.2371302748314804e-16,8.136415257179818e-16,1.5318198333361426e-15,2.829958355657156e-15,5.134664094675506e-15,9.156817374763493e-15,1.6061976852910552e-14,2.7731838715609995e-14,4.715958900898523e-14,7.903942758281489e-14,1.3063396469418575e-13,2.130342511328237e-13,3.429678902864238e-13,5.453633601771615e-13,8.569461184178475e-13,1.3312274864634653e-12,2.0453543900748526e-12,3.1094209325445027e-12,4.6790061505330485e-12,6.971901295136755e-12,1.0290230218111452e-11,1.5049453998231456e-11,2.1816092316158338e-11,3.135639611118616e-11,4.4698675895736504e-11,6.321253510299857e-11,8.870888548670351e-11,1.2356533936716766e-10,1.708823888148476e-10,2.3467670184731676e-10,3.201188971964028e-10,4.3382430849993854e-10,5.842065215826528e-10,7.81904869745234e-10,1.0402986057263786e-09,1.37612213826602e-09,1.8101975278640567e-09,2.3683023810885983e-09,3.0821933649074762e-09,3.9908077800008464e-09,5.141667981248198e-09,6.592515909553506e-09,8.413207595306811e-09,1.0687900201945372e-08,1.3517566988626425e-08,1.7022878472913288e-08,2.1347491054994574e-08,2.666178741037144e-08,3.316711605335215e-08,4.1100580601845043e-08,5.0740432419284097e-08,6.241212345116466e-08,7.649507919578438e-08,9.343025482865551e-08,1.1372854052013412e-07,1.379800849243692e-07,1.6686460865456638e-07,2.0116278227504818e-07,2.4176874591355635e-07,2.8970385001230797e-07,3.461316989389281e-07,4.123745813076249e-07,4.899313724803786e-07,5.80496996546357e-07,6.859835361668374e-07,8.085430800216633e-07,9.505923979809893e-07,1.1148395351096144e-06,1.3043124154364153e-06,1.5223895465110245e-06,1.7728329153034725e-06,2.0598231652833035e-06,2.3879971434436244e-06,2.7624879046861792e-06,3.188967259251285e-06,3.673690946880801e-06,4.2235465190297505e-06,4.846104007806697e-06,5.549669457339763e-06,6.343341389993611e-06,7.237070276305464e-06,8.241721073669683e-06,9.369138894633702e-06,1.0632217861377846e-05,1.2044973198246818e-05,1.3622616609366942e-05,1.5381634983393527e-05,1.733987246200345e-05,1.9516615903528893e-05,2.193268376723009e-05,2.4610518438812798e-05,2.7574282007100022e-05,3.084995551202312e-05,3.4465441645538415e-05,3.8450670921651155e-05,4.28377112928091e-05,4.766088120004008e-05,5.295686603339152e-05,5.876483797337186e-05,6.512657917796813e-05,7.208660827362529e-05,7.969231010235622e-05,8.799406867111338e-05,9.704540324360192e-05,0.00010690310750879897,0.0001176273917545095,0.00012928202796937255,0.0001419344977897872,0.00015565614320473253,0.00017052231992501692,0.00018661255331833623,0.00020401069680857524,0.00022280509263056613,0.00024308873482901182,0.00026495943438626426,0.0002885199863574522,0.000313878338890997,0.00034114776400637735,0.0003704470299990815,0.0004019005753396335,0.00043563868393033903,0.0004717976615811528,0.0005105200135642831,0.0005519546231040471,0.0005962569306653605,0.0006435891138448122,0.0006941202678639047,0.0007480265862726071,0.0008054915419586794,0.000866706068163232,0.0009318687394068939,0.001001185952165449,0.0010748721051461998,0.0011531497790163814,0.0012362499154364257,0.0013244119952444556
0.0542713567839196,,,,,,,,,,,,,,,,,,,,,,,,,,,,,,,,,,,,,,,,,6.935131734639165e-27,3.57412332669588e-26,1.7036254662586295e-25,7.551518894052806e-25,3.1282457145715404e-24,1.2165594443426609e-23,4.459856864254903e-23,1.5470363712673531e-22,5.095333847426774e-22,1.5985097523251928e-21,4.790669715603958e-21,1.3752567968997848e-20,3.791023384382786e-20,1.0057992101942837e-19,2.573780427768547e-19,6.364922863776269e-19,1.5239515686366102e-18,3.538707722446194e-18,7.981819339972935e-18,1.7513956769218874e-17,3.7436097842334606e-17,7.805132390471217e-17,1.5891934196087931e-16,3.16351704849258e-16,6.163395770462219e-16,1.1764070780448554e-15,2.201851383991846e-15,4.044753843562467e-15,7.298412787203895e-15,1.294597341094206e-14,2.2590684507284302e-14,3.8807257506479444e-14,6.567032917622039e-14,1.0953839140626377e-13,1.802014145778549e-13,2.9253977102537146e-13,4.688933711882031e-13,7.424059986032907e-13,1.1616939810375856e-12,1.7972943726772001e-12,2.7504800737803313e-12,4.165192646304369e-12,6.244043391904457e-12,9.269575470817142e-12,1.3632270880822334e-11,1.9867132873761738e-11,2.8701084159369154e-11,4.1113901666394606e-11,5.841596758641109e-11,8.234676195709579e-11,1.1519876222884071e-10,1.599722581003086e-10,2.205675431805834e-10,3.0202201615834257e-10,4.108009200406415e-10,5.551517749281743e-10,7.455340231048425e-10,9.951370097240063e-10,1.3205011707267656e-09,1.742259195346906e-09,2.2860159729254503e-09,2.98338832351646e-09,3.873227846064966e-09,5.003052693397542e-09,6.430716694459302e-09,8.22634698422699e-09,1.0474584161854483e-08,1.3277161967534047e-08,1.6755866536386193e-08,2.1055918440026403e-08,2.634982394811717e-08,3.284174521723551e-08,4.077244242474236e-08,5.0424844192914764e-08,6.213030597289983e-08,7.627561935966322e-08,9.331083856562993e-08,1.1375799347164866e-07,1.3822043389201152e-07,1.673951757614253e-07,2.0208144203821218e-07,2.4319695537509496e-07,2.9179059020437006e-07,3.4905835577177057e-07,4.163605029997098e-07,4.952401730299115e-07,5.874436790428489e-07,6.9494251432481e-07,8.199571806331739e-07,9.64982931704192e-07,1.1328175272317198e-06,1.326591092704404e-06,1.5497981807257644e-06,1.8063321278879778e-06,2.1005218024126352e-06,2.4371708337234577e-06,2.821599416589361e-06,3.259688778372155e-06,3.7579283967635893e-06,4.323466052510515e-06,4.96416079877787e-06,5.688638925554323e-06,6.506352993957712e-06,7.427644011441508e-06,8.46380681472317e-06,9.627158722848586e-06,1.0931111518032934e-05,1.2390246807304787e-05,1.4020394810289543e-05,1.5838716621580127e-05,1.786378997342654e-05,2.0115698539982232e-05,2.2616124801263096e-05,2.5388446487399548e-05,2.8457836614967094e-05,3.1851367121225744e-05,3.559811609547394e-05,3.972927860030964e-05,4.42782810689213e-05,4.9280899257926704e-05,5.4775379728713226e-05,6.080256482350261e-05,6.740602109586226e-05,7.463217114897409e-05,8.253042882790625e-05,9.115333770705682e-05,0.00010055671280580635,0.00011079978546102744,0.00012194535127804196,0.0001340599210757772,0.00014721387473701735,0.00016148161786763842,0.0001769417411650228,0.00019367718238927605,0.00021177539082698981,0.00023132849413155614,0.00025243346742101833,0.0002751923045080308,0.0002997121911350913,0.0003261056800819856,0.000354490868010569,0.0003849915739080006,0.00041773751898681143,0.00045286450789668975,0.0004905146111030678,0.0005308363482800924,0.0005739848725704188,0.0006201221555567249,0.0006694171727921746,0.0007220460897336021,0.0007781924479223779,0.0008380473512555098,0.0009018096521898575,0.0009696861377229095,0.0010418917149921636,0.0011186495963373953,0.0012001914836694187,0.001286757751988485,0.0013785976319017031,0.0014759693909827628
0.05477386934673367,,,,,,,,,,,,,,,,,,,,,,,,,,,,,,,,,,,,,,,,,1.2619699321825717e-26,6.406645045220841e-26,3.0103236595341376e-25,1.316257078077414e-24,5.382007129169421e-24,2.067118805023029e-23,7.488192338525072e-23,2.5680342900861435e-22,8.3661115901540305e-22,2.5972326978756525e-21,7.70581506816697e-21,2.1908085701633667e-20,5.983247641276783e-20,1.5732732055567247e-19,3.991357957039476e-19,9.788920268152504e-19,2.3250597296154726e-18,5.357362147173491e-18,1.199409026791345e-17,2.6128751688799526e-17,5.54623540180995e-17,1.1485782035571526e-16,2.3234003976058213e-16,4.595940754014311e-16,8.899527717795573e-16,1.688608452309894e-15,3.142402460092162e-15,5.740410188984992e-15,1.0302142282170469e-14,1.8178175317546505e-14,3.155924954882682e-14,5.394539991383274e-14,9.08478657359132e-14,1.508250189718968e-13,2.4699138997720347e-13,3.9918849414594055e-13,6.370704686142352e-13,1.0044399081117372e-12,1.5652736673284796e-12,2.412009257378213e-12,3.676824866703031e-12,5.546845625933152e-12,8.284451731518752e-12,1.225415721795311e-11,1.7957878811993743e-11,2.60808292977141e-11,3.75507659666675e-11,5.361387148499049e-11,7.593125444004772e-11,1.0670075675528129e-10,1.4880967198179605e-10,2.0602493874232886e-10,2.832284893265905e-10,3.8670667319099594e-10,5.245040544390911e-10,7.068534063998556e-10,9.466954002022902e-10,1.2603033116211966e-09,1.668030053991923e-09,2.1951969857882797e-09,2.873146239096611e-09,3.740480767629359e-09,4.8445189163285744e-09,6.242993063412707e-09,8.006024772594982e-09,1.0218411908923533e-08,1.2982266305288952e-08,1.6420043805428278e-08,2.0678011838588272e-08,2.5930203085314422e-08,3.238290725487932e-08,4.027975649442605e-08,4.990746346753315e-08,6.160227465419177e-08,7.575720491370384e-08,9.283012279323292e-08,1.1335275943479303e-07,1.379407172107011e-07,1.67304557360691e-07,2.022620489650595e-07,2.437516643450552e-07,2.9284740875801137e-07,3.5077507461345487e-07,4.1893001270178246e-07,4.988965148807674e-07,5.924689043648365e-07,7.016744311700362e-07,8.287980713695009e-07,9.764093296048333e-07,1.1473911447443235e-06,1.344970998696139e-06,1.5727543281731445e-06,1.8347603383272807e-06,2.1354603171849633e-06,2.4798185465180035e-06,2.8733359055394988e-06,3.3220962597666648e-06,3.832815725952429e-06,4.412894900940291e-06,5.070474138765975e-06,5.814491958295908e-06,6.654746656889973e-06,7.601961205105938e-06,8.667851490017255e-06,9.86519797140206e-06,1.1207920809578595e-05,1.2711158518359001e-05,1.4391350191023084e-05,1.6266321341358656e-05,1.8355373395814298e-05,2.067937686654857e-05,2.3260868228777184e-05,2.6124150519265776e-05,2.9295397666109606e-05,3.280276255319529e-05,3.66764888158202e-05,4.0949026357023915e-05,4.56551505672334e-05,5.083208522269355e-05,5.651962903142886e-05,6.276028578811025e-05,6.959939809262687e-05,7.708528329961438e-05,8.52693806031256e-05,9.420638230110191e-05,0.0001039543939833158,0.00011457507874829896,0.000126133812253285,0.00013869983954336332,0.00015234643484290084,0.00016715106420645175,0.00018319555092067397,0.0002005662435484582,0.00021935418646313885,0.000239655292848582,0.0002615705198713056,0.00028520604605745595,0.0003106734506388217,0.0003380898947603611,0.0003675783044001859,0.0003992675548552858,0.0004332926566421428,0.0004697949426593108,0.0005089222564566417,0.0005508291414536451,0.0005956770309477461,0.0006436344387498773,0.0006948771502888689,0.0007495884140156239,0.0008079591329502825,0.0008701880561998753,0.0009364819702895424,0.0010070558901370342,0.001082133249508817,0.0011619460907931166,0.001246735253930444,0.0013367505643323706,0.00143225101963621,0.0015335049751308242,0.0016407903277024626
0.05527638190954774,,,,,,,,,,,,,,,,,,,,,,,,,,,,,,,,,,,,,,,,4.1789722064631256e-27,2.2703430885733684e-26,1.1356872978204257e-25,5.2617761164748245e-25,2.2700482971962587e-24,9.163863554477597e-24,3.4768572774820015e-23,1.2448484803234834e-22,4.221576365280618e-22,1.360612791382483e-21,4.180701375090949e-21,1.228183224379487e-20,3.458785934462799e-20,9.360295766612988e-20,2.4397187591092747e-19,6.137347200738509e-19,1.4929761124545316e-18,3.518331314547982e-18,8.045592203604047e-18,1.7881022845246927e-17,3.8678498238817696e-17,8.15412955597361e-17,1.6775121592281453e-16,3.3716903223434023e-16,6.6283412075852675e-16,1.275816962228374e-15,2.4066981560347305e-15,4.453509219666626e-15,8.091043889173685e-15,1.4443758649071056e-14,2.535484394951018e-14,4.379851186191966e-14,7.450243862106014e-14,1.2487427486576313e-13,2.0636222252459392e-13,3.364273330531902e-13,5.413673423945804e-13,8.603119827118443e-13,1.3508118235655402e-12,2.0965714177997335e-12,3.218038103348103e-12,4.886756117295961e-12,7.344638217802395e-12,1.0929600897969178e-11,1.6109362201585944e-11,2.3525621320468624e-11,3.4051335217437455e-11,4.886438847993992e-11,6.954162770938171e-11,9.817801034470206e-11,1.375365092298594e-10,1.9123542759787685e-10,2.6398092324229526e-10,3.6185382372954764e-10,4.926612523063938e-10,6.663651014642818e-10,8.956013619411147e-10,1.1963057612117097e-09,1.5884638094578378e-09,2.0970051309966273e-09,2.752864593929414e-09,3.5942352571121716e-09,4.6680408928936804e-09,6.031658734181181e-09,7.754926129249269e-09,9.92246796302625e-09,1.2636385004561286e-08,1.60193467546893e-08,2.0218135879781672e-08,2.5407694909903696e-08,3.179572953373936e-08,3.962792651811453e-08,4.919384799531602e-08,6.083356757354981e-08,7.494511741156385e-08,9.199281903278375e-08,1.1251657421208547e-07,1.3714219572545748e-07,1.6659286108105903e-07,2.0170177552735717e-07,2.434261336340529e-07,2.9286247153672143e-07,3.5126350450934986e-07,4.200565468508441e-07,5.008636131242173e-07,5.955233015500972e-07,7.061145618092226e-07,8.349824506329719e-07,9.847659793514698e-07,1.1584281579899534e-06,1.3592883405747115e-06,1.5910569759894918e-06,1.8578728680081972e-06,2.1643430472044964e-06,2.515585355379394e-06,2.9172738424387815e-06,3.3756870719177004e-06,3.8977594298777196e-06,4.491135528253967e-06,5.1642277904935515e-06,5.926277303506003e-06,6.7874180158036075e-06,7.758744357217251e-06,8.852382350742038e-06,1.0081564281939035e-05,1.1460706985862081e-05,1.3005493805773109e-05,1.4732960271922538e-05,1.666158354243482e-05,1.8811375641916413e-05,2.1203980526747446e-05,2.3862774999182775e-05,2.681297348547304e-05,3.008173668603246e-05,3.369828409853985e-05,3.7694010407546165e-05,4.210260572679077e-05,4.696017967307409e-05,5.23053892431152e-05,5.8179570457450124e-05,6.462687372802225e-05,7.169440289890407e-05,7.94323579022548e-05,8.789418096457169e-05,9.713670629118534e-05,0.0001072203131502437,0.00011820908226885242,0.00013017095545982035,0.0001431778983494822,0.00015730606615289237,0.00017263597233504945,0.0001892526600718745,0.000207245876379235,0.000226710248783907,0.0002477454644048967,0.0002704564513072344,0.0002949535619885189,0.00032135275885101253,0.0003497758015116955,0.0003803504357953137,0.0004132105842571077,0.000448496538073207,0.0004863551501382758,0.0005269400292070926,0.0005704117349120667,0.0006169379734898591,0.0006666937940474506,0.0007198617851970053,0.0007766322718880833,0.0008372035122652499,0.0009017818943786957,0.0009705821325755752,0.0010438274634000406,0.0011217498408304838,0.0012045901306837173,0.0012925983040145814,0.0013860336293462438,0.0014851648635604143,0.0015902704412857293,0.0017016386626174324,0.001819567879015759
0.05577889447236181,,,,,,,,,,,,,,,,,,,,,,,,,,,,,,,,,,,,,,,,7.54924617224623e-27,4.0392783003274315e-26,1.9914630320469935e-25,9.100117178867563e-25,3.874626746902315e-24,1.5445911333658668e-23,5.790347064842533e-23,2.0494808671826026e-22,6.874229436926778e-22,2.1923253465593914e-21,6.668491152778489e-21,1.9401050704227303e-20,5.412959504806622e-20,1.4517956055258461e-19,3.751521772368791e-19,9.359206311374446e-19,2.2585674219788266e-18,5.281569820203557e-18,1.1988037150444848e-17,2.6451955790902397e-17,5.682197434519191e-17,1.1898884077329476e-16,2.4320465760836226e-16,4.857608625795906e-16,9.491504084090748e-16,1.8161701799947265e-15,3.4064860243808106e-15,6.268727730149483e-15,1.1327799484802007e-14,2.0116567113081885e-14,3.513443398384928e-14,6.039384179928852e-14,1.0224105088002858e-13,1.705717293250535e-13,2.8060725117834986e-13,4.554573382557252e-13,7.297720337120358e-13,1.1548852828807283e-12,1.8059782400081485e-12,2.7919482715665525e-12,4.268865569430844e-12,6.458140098042967e-12,9.670814725259129e-12,1.4339753909129437e-11,2.1061919896128772e-11,3.0653429200651406e-11,4.422067076242255e-11,6.325145349276366e-11,8.973094495902928e-11,1.2628807475856195e-10,1.763791155801636e-10,2.4451633158078743e-10,3.365509065223993e-10,4.6002084140266645e-10,6.245761504312756e-10,8.424954913949594e-10,1.1293103466639068e-09,1.5045550277824092e-09,1.9926631115857967e-09,2.6240334291359845e-09,3.4362914186073613e-09,4.475774515720221e-09,5.799273284470231e-09,7.476063178668743e-09,9.590265161020614e-09,1.2243576878767109e-08,1.5558419688938596e-08,1.9681550525620514e-08,2.4788191387938845e-08,3.108673308075149e-08,3.882407373844458e-08,4.829165658283236e-08,5.983227528402888e-08,7.38477191836403e-08,9.080733447538866e-08,1.1125758119336418e-07,1.3583266950431406e-07,1.652663623115882e-07,2.0040503452552512e-07,2.422220825131824e-07,2.9183378018161783e-07,3.5051668084918067e-07,4.1972666649292705e-07,5.011197481042404e-07,5.96574722720444e-07,7.082177942005547e-07,8.38449265968447e-07,9.89972414734895e-07,1.1658246546156991e-06,1.3694111010821693e-06,1.6045406437896568e-06,1.8754646365384653e-06,2.186918311401941e-06,2.5441650224364067e-06,2.953043422321052e-06,3.420017672832596e-06,3.95223078714675e-06,4.557561198692475e-06,5.244682647577297e-06,6.023127471529786e-06,6.903353383835429e-06,7.896813815923991e-06,9.016031897084859e-06,1.0274678138286499e-05,1.1687651881242261e-05,1.327116656776904e-05,1.5042838878086086e-05,1.702178178004045e-05,1.9228701524437007e-05,2.1685998614540547e-05,2.44178727704937e-05,2.7450431902238786e-05,3.081180509661687e-05,3.453225961704578e-05,3.8644321906205235e-05,4.318290257454571e-05,4.818542534947488e-05,5.369195995245401e-05,5.974535886330045e-05,6.639139792325836e-05,7.367892072087795e-05,8.16599866969581e-05,9.039002289733593e-05,9.992797929523836e-05,0.00011033648759733486,0.00012168202344086872,0.00013403507188372826,0.00014747029607069197,0.0001620667089956224,0.00017790784818652998,0.00019508195324320114,0.00021368214606465145,0.00023380661364078473,0.0002555587932670416,0.0002790475600350245,0.0003043874164500397,0.0003316986840203697,0.0003611076966603634,0.0003927469957452805,0.0004267555266528532,0.0004632788366232608,0.0005024692737669356,0.0005444861870471143,0.0005894961270623452,0.0006376730474513557,0.0006891985067440893,0.0007442618704775475,0.0008030605133992151,0.0008658000215751951,0.0009326943942255615,0.0010039662451049815,0.0010798470032494661,0.0011605771129101707,0.0012464062324997896,0.0013375934323674996,0.0014344073912359876,0.0015371265911240568,0.0016460395105789693,0.0017614448160612364,0.0018836515513031178,0.0020129793244857835
0.05628140703517588,,,,,,,,,,,,,,,,,,,,,,,,,,,,,,,,,,,,,,,,1.3486695896547383e-26,7.108896329303902e-26,3.455288603023797e-25,1.557640836991681e-24,6.5468517672566594e-24,2.57782730183197e-23,9.550384346198515e-23,3.3424035128042514e-22,1.1090378134721206e-21,3.50050082329998e-21,1.0542392082891994e-20,3.03805606929438e-20,8.398982099910828e-20,2.2329125972973244e-19,5.721270081870727e-19,1.4157255658804144e-18,3.3896674681414662e-18,7.86670824423907e-18,1.7725547582284637e-17,3.8836540063300923e-17,8.285796351281721e-17,1.7236861316176733e-16,3.5006752732428024e-16,6.948960855603971e-16,1.349692858454314e-15,2.567675801642289e-15,4.789072582353847e-15,8.765148523328287e-15,1.5755459885461414e-14,2.7836366243829092e-14,4.837592915088271e-14,8.275390090859371e-14,1.394375575589386e-13,2.315670996819348e-13,3.7926119482768075e-13,6.129275023706536e-13,9.779588699365544e-13,1.5413181603114211e-12,2.4006689104123313e-12,3.6969015283020725e-12,5.631142526795773e-12,8.487625143678251e-12,1.266415206636306e-11,1.871230398658549e-11,2.739005104627248e-11,3.9730018069825933e-11,5.7127349336349747e-11,8.145192527437605e-11,1.1519061262713313e-10,1.6162629207983006e-10,2.2506161327434705e-10,3.110967865406998e-10,4.2697224249672895e-10,5.819886831158135e-10,7.880189178917644e-10,1.0601279317649811e-09,1.4173198723557602e-09,1.8834330729058266e-09,2.488206848329973e-09,3.2685466087078234e-09,4.270016827399574e-09,5.54859457150752e-09,7.1727196431016205e-09,9.225680879669846e-09,1.1808381808627917e-08,1.5042532628353718e-08,1.9074319379484543e-08,2.407860515597255e-08,3.026372226372227e-08,3.7876918343100644e-08,4.721052360455329e-08,5.860891045844986e-08,7.247632092381293e-08,8.928564124690173e-08,1.0958820712153571e-07,1.340247267494228e-07,1.633374126796774e-07,1.9838341689559455e-07,2.4014966694176315e-07,2.8976920397978186e-07,3.4853912649818526e-07,4.179402459541404e-07,4.996585628708935e-07,5.956086738230633e-07,7.079592213050896e-07,8.391604996599885e-07,9.919743310433513e-07,1.1695063257847387e-06,1.3752406414824565e-06,1.6130773547434005e-06,1.887372558293994e-06,2.2029812958791227e-06,2.565303443518242e-06,2.980332646040893e-06,3.454708413090445e-06,3.995771476686681e-06,4.611622508619363e-06,5.311184291984683e-06,6.104267436817571e-06,7.001639724964322e-06,8.015099164189024e-06,9.157550825956953e-06,1.0443087535465836e-05,1.188707447624306e-05,1.3506237765194364e-05,1.5318757047038273e-05,1.734436215016042e-05,1.9604433838446366e-05,2.212210868633553e-05,2.492238809643698e-05,2.803225147131617e-05,3.148077354311754e-05,3.52992458564708e-05,3.952130239201695e-05,4.4183049309812656e-05,4.932319878335788e-05,5.4983206887104127e-05,6.1207415491788e-05,6.80431981139992e-05,7.554110965826912e-05,8.375503998197017e-05,9.274237120552303e-05,0.00010256413868278665,0.00011328519553873737,0.00012497438067470018,0.00013770469013367877,0.0001515534517119889,0.00016660250269636944,0.00018293837059954376,0.00020065245676101573,0.00021984122267425905,0.00024060637889518005,0.0002630550763830179,0.0002873001001177792,0.0003134600648359173,0.0003416596127200792,0.00037202961287552156,0.00040470736242219157,0.000439836789028165,0.0004775686547008517,0.0005180607606966094,0.0005614781532478086,0.0006079933301201227,0.0006577864476181271,0.0007110455279708581,0.0007679666668687573,0.0008287542409721974,0.0008936211152006392,0.00096278884961558,0.001036487905708889,0.0011149578519102593,0.00119844756812657,0.0012872154491276333,0.0013815296065987455,0.0014816680696732557,0.001587918983770035,0.0017005808075590525,0.0018199625078731262,0.0019463837524078093,0.0020801751000534404,0.0022216781885222754
0.05678391959798996,,,,,,,,,,,,,,,,,,,,,,,,,,,,,,,,,,,,,,,4.20749140597553e-27,2.3833603580586707e-26,1.2379350568051235e-25,5.933393827271777e-25,2.639360496454914e-24,1.0953316059690216e-23,4.260881787581835e-23,1.560390076143902e-22,5.400782815583851e-22,1.773105448699014e-21,5.539886135298297e-21,1.6522378648923384e-20,4.716951749940113e-20,1.292361664314397e-19,3.406208388493023e-19,8.655174484916955e-19,2.1246151305211115e-18,5.047806897788868e-18,1.1627944887897503e-17,2.6012817799824842e-17,5.659965049919954e-17,1.1994858768616473e-16,2.4791557701966052e-16,5.003506890370992e-16,9.87205179077732e-16,1.9062113401196793e-15,3.6058242851748336e-15,6.688367312485273e-15,1.2176007239350352e-14,2.1773235484717132e-14,3.827515699148556e-14,6.619264204617323e-14,1.1269522530744084e-13,1.890129565430568e-13,3.1249216505856864e-13,5.095708376767917e-13,8.200312296652551e-13,1.3030053430117543e-12,2.0453586876646252e-12,3.173265747715503e-12,4.868024068039392e-12,7.387440918820838e-12,1.109447592024997e-11,1.649524437670954e-11,2.4288989588888653e-11,3.543322884516421e-11,5.122797832944516e-11,7.342377828962397e-11,1.0435918306486904e-10,1.4713446246465358e-10,2.0582949272896986e-10,2.8577520757010735e-10,3.9388954254878055e-10,5.390905482476219e-10,7.328012771403679e-10,9.89563172048389e-10,1.3277770053112122e-09,1.7705929401102103e-09,2.346974009576223e-09,3.092960234005788e-09,4.0531637180134725e-09,5.282528381659923e-09,6.848391473932504e-09,8.832887682376116e-09,1.1335740475559956e-08,1.447748927943562e-08,1.840320517613072e-08,2.32867520035805e-08,2.933565400365092e-08,3.679663549359648e-08,4.5961902379484816e-08,5.7176239702332465e-08,7.084500370960586e-08,8.744309122931533e-08,1.0752497329100244e-07,1.317358839958743e-07,1.6082425953998128e-07,1.9565552601354463e-07,2.3722733810181812e-07,2.866863740717831e-07,3.453467954120592e-07,4.147104821743465e-07,4.96489157422387e-07,5.926285161486993e-07,7.053344757933313e-07,8.371016664160498e-07,9.907442797777697e-07,1.1694293965600716e-06,1.376712911359478e-06,1.6165781738769777e-06,1.893477464543505e-06,2.2123764207061894e-06,2.5788015279006407e-06,2.9988907882084267e-06,3.479447674855682e-06,4.027998478824311e-06,4.652853149478656e-06,5.363169726902246e-06,6.169022458998455e-06,7.08147369124161e-06,8.112649611478221e-06,9.275819926242016e-06,1.058548153880113e-05,1.2057446292447527e-05,1.370893283579432e-05,1.5558662659299712e-05,1.762696034505052e-05,1.993585806385044e-05,2.2509204345811435e-05,2.537277714243816e-05,2.855440118988504e-05,3.208406967468019e-05,3.5994070194552056e-05,4.03191149984766e-05,4.5096475481387055e-05,5.036612090020134e-05,5.617086126941727e-05,6.255649438556581e-05,6.957195692157158e-05,7.726947952341434e-05,8.570474583324956e-05,9.493705535490325e-05,0.00010502949006965117,0.00011604908470234393,0.00012806700053040246,0.00014115870262047702,0.00015540414037114477,0.00017088793123195718,0.00018769954746385376,0.00020593350579889644,0.00022568955985103535,0.0002470728951249716,0.00027019432646305464,0.00029517049776793796,0.0003221240838304154,0.0003511839940912539,0.00038248557815873617,0.0004161708329112212,0.00045238861093505647,0.0004912948303110275,0.0005330526852250442,0.0005778328575480213,0.0006258137289896701,0.0006771815936995766,0.0007321308711094384,0.0007908643188220331,0.0008535932453478765,0.000920537722494614,0.0009919267972128116,0.0010679987027013076,0.0011490010685779224,0.0012351911299239775,0.001326835935005622,0.0014242125514881967,0.0015276082709502932,0.0016373208115161616,0.0017536585184196932,0.001876940562322845,0.0020074971352100246,0.0021456696436872587,0.0022918108995096387,0.002446285307179174
0.05728643216080403,,,,,,,,,,,,,,,,,,,,,,,,,,,,,,,,,,,,,,,7.469738642754653e-27,4.167399709698919e-26,2.133520991109347e-25,1.0086303027497162e-24,4.428346780282316e-24,1.8149600328327134e-23,6.976633322412746e-23,2.5260070579506905e-22,8.648246548883564e-22,2.8098113365993664e-21,8.691673012811702e-21,2.5675103433961708e-20,7.262809807230732e-20,1.972366566559519e-19,5.154455409110087e-19,1.2990765050111863e-18,3.163865983137424e-18,7.46008633593242e-18,1.705945435394632e-17,3.789502196920424e-17,8.189301846709315e-17,1.7241181669981556e-16,3.5408688302798595e-16,7.102403543624157e-16,1.3929944367693513e-15,2.67427649547242e-15,5.030503478852225e-15,9.28054251858203e-15,1.6806443663872486e-14,2.990058617998595e-14,5.230276435768498e-14,9.001825714192399e-14,1.5254544500789825e-13,2.546919686194493e-13,4.1922529442343865e-13,6.806910752268973e-13,1.090845829651391e-12,1.726294974813315e-12,2.699109734130676e-12,4.171424373407004e-12,6.3752969274032714e-12,9.639461248247845e-12,1.4425015822343498e-11,2.13725960824548e-11,3.136417323872823e-11,4.560332582541021e-11,6.571865242131412e-11,9.389594773686734e-11,1.330458618269773e-10,1.8701501569253142e-10,2.608499675957173e-10,3.6112502391703135e-10,4.963466762210787e-10,6.7744943102307e-10,9.183999877056955e-10,1.23692911865928e-09,1.6554132169980987e-09,2.2019303037411197e-09,2.9115183248884234e-09,3.82766681855835e-09,5.004076484999758e-09,6.506724840349979e-09,8.41627996660443e-09,1.0830908371353227e-08,1.3869527124604358e-08,1.767555472710789e-08,2.2421219563212823e-08,2.8312489277203486e-08,3.5594688959155395e-08,4.455888060637279e-08,5.5549080909598264e-08,6.897039896842304e-08,8.529818003489469e-08,1.0508824578587576e-07,1.2898832589898167e-07,1.5775077981978624e-07,1.9224671152845824e-07,2.3348158380341202e-07,2.82612441912946e-07,3.4096685980406583e-07,4.1006372468797e-07,4.916359783119325e-07,5.876554355684487e-07,7.003598022509497e-07,8.322820156994369e-07,9.86282032374096e-07,1.1655811870264411e-06,1.3737992479548293e-06,1.6149942922448724e-06,1.893705523810615e-06,2.2149991554584455e-06,2.584517474106895e-06,3.0085312056986286e-06,3.4939952932498935e-06,4.0486081978753845e-06,4.680874828584257e-06,5.400173202033148e-06,6.216824928483539e-06,7.142169614672518e-06,8.188643268488342e-06,9.36986078399366e-06,1.0700702578690068e-05,1.2197405447892003e-05,1.387765769361684e-05,1.576069857786395e-05,1.78674221420412e-05,2.0220485426146145e-05,2.284442111290286e-05,2.5765754613343937e-05,2.901312560161922e-05,3.261741399780531e-05,3.6611870388618695e-05,4.103225086658008e-05,4.591695625944487e-05,5.1307175712101263e-05,5.724703457463038e-05,6.378374654050806e-05,7.096776997045851e-05,7.885296832857692e-05,8.749677464809295e-05,9.696035993638906e-05,0.0001073088054198273,0.0001186112785212739,0.00013094121245452512,0.00014437648931352705,0.0001589996265251498,0.0001748979665284953,0.00019216386953624907,0.00021089490922734713,0.00023119407121364262,0.0002531699541183499,0.0002769369730970078,0.00030261556562865465,0.00033033239939810445,0.0003602205820873712,0.0003924198728893478,0.0004270768955541322,0.0004643453527740427,0.0005043862417117805,0.0005473680704727207,0.0005934670753213021,0.0006428674384380511,0.0006957615060150511,0.0007523500064851809,0.0008128422686791803,0.0008774564397047533,0.0009464197023464293,0.001019968491777638,0.0010983487113814599,0.0011818159474829898,0.0012706356827834062,0.0013650835083063924,0.0014654453336528908,0.001572017595371934,0.0016851074632584654,0.0018050330443830104,0.001932123584675256,0.002066719667873116,0.0022091734116616865,0.0023598486608271715,0.0025191211772563203,0.0026873788266100875
0.0577889447236181,,,,,,,,,,,,,,,,,,,,,,,,,,,,,,,,,,,,,,,1.312103295261616e-26,7.21167178059273e-26,3.6399924516163507e-25,1.6977321874145853e-24,7.358541669468674e-24,2.979133868590587e-23,1.1318368190571992e-22,4.0524106448164803e-22,1.3726479962292402e-21,4.414263831004391e-21,1.3521346110172623e-20,3.9567466250047774e-20,1.109184569015973e-19,2.9861655754751005e-19,7.738936004141596e-19,1.93482776176265e-18,4.675887640845044e-18,1.0943354970012246e-17,2.4845520871295386e-17,5.480889821071836e-17,1.176537189839313e-16,2.46101538752764e-16,5.022724718835373e-16,1.0013968601238325e-15,1.9525690530795705e-15,3.727350413889212e-15,6.9729931415752684e-15,1.2795829271974787e-14,2.3053043303750458e-14,4.080904752676116e-14,7.103783289256709e-14,1.2168727746083105e-13,2.0526831500976347e-13,3.4119458662417583e-13,5.591809155416309e-13,9.041166385195561e-13,1.4429683170119543e-12,2.2744423521488984e-12,3.5423591795566506e-12,5.453965597975445e-12,8.304749896878818e-12,1.2511736176194042e-11,1.8657730817363657e-11,2.7549587392179614e-11,4.029425892295755e-11,5.839723129577713e-11,8.38888919970708e-11,1.1948549744608873e-10,1.6879267308887133e-10,2.365608257075341e-10,3.290034789674169e-10,4.5419137196969867e-10,6.225371960629085e-10,8.473880957138704e-10,1.1457455304508472e-09,1.5391347921399478e-09,2.0546493956758025e-09,2.7261987121807494e-09,3.5959905881563712e-09,4.716284286009978e-09,6.151452882121356e-09,7.980398256374842e-09,1.0299365987250555e-08,1.322521181156936e-08,1.6899175797612195e-08,2.1491224991322114e-08,2.720503000267639e-08,3.4283645774372595e-08,4.3015971589050124e-08,5.3744070191179734e-08,6.687143069363008e-08,8.287226467126417e-08,1.0230192948007275e-07,1.2580857734371513e-07,1.5414613308471085e-07,1.8818870750757175e-07,2.289465573323832e-07,2.7758370619166e-07,3.3543734451270485e-07,4.040391290723067e-07,4.851385056084495e-07,5.807281800689039e-07,6.930718658495893e-07,8.247344357160173e-07,9.786146077933778e-07,1.1579802959379824e-06,1.3665067535340981e-06,1.6083176405145678e-06,1.8880291410730294e-06,2.2107972585612903e-06,2.582368411043013e-06,3.0091334494448717e-06,3.4981852154028913e-06,4.057379753281916e-06,4.695401285914122e-06,5.42183105887025e-06,6.2472201527942225e-06,7.183166357437589e-06,8.24239519484996e-06,9.43884517242609e-06,1.0787757339467769e-05,1.2305769213431344e-05,1.4011013134177714e-05,1.5923219096489642e-05,1.8063822102568126e-05,2.04560740676211e-05,2.3125160302696396e-05,2.6098320589776365e-05,2.9404974854919233e-05,3.307685343577975e-05,3.7148131930350234e-05,4.1655570604209946e-05,4.663865832391112e-05,5.213976097472336e-05,5.820427431104585e-05,6.488078117870178e-05,7.222121303866853e-05,8.028101571261343e-05,8.911931926146076e-05,9.879911189932309e-05,0.00010938741783631992,0.00012095547893408973,0.00013357894006017865,0.000147338037981443,0.0001623177937060917,0.00017860820807912985,0.00019630446050758588,0.00021550711064603762,0.00023632230287642283,0.00025886197341156466,0.00028324405984285554,0.00030959271295033616,0.0003380385105864969,0.0003687186734420329,0.0004017772824969249,0.0004373654979574553,0.00047564177947553344,0.0005167721074451685,0.000560930205167551,0.0006082977616748397,0.0006590646550008976,0.0007134291756866122,0.0007715982503054317,0.0008337876647965748,0.0009002222873908241,0.000971136290916237,0.0010467733742708007,0.001127386982850608,0.0012132405277239485,0.001304607603341099,0.0014017722035775122,0.0015050289359015076,0.0016146832334706972,0.001731051564955306,0.00185446164189551,0.0019852526234011678,0.0021237753180076216,0.0022703923825012364,0.0024254785175387553,0.002589420659888365,0.002762618171111082,0.0029454830225325046
0.05829145728643217,,,,,,,,,,,,,,,,,,,,,,,,,,,,,,,,,,,,,,3.843848466304057e-27,2.2809360095790003e-26,1.235381610302274e-25,6.149003798739563e-25,2.830141915377318e-24,1.211267522150995e-23,4.845102934049096e-23,1.8196985392460374e-22,6.443974615088232e-22,2.1598914149240514e-21,6.87634655347168e-21,2.0860674697231646e-20,6.048207413262567e-20,1.6804789182821042e-19,4.485752302905531e-19,1.1530215478834204e-18,2.8600115016226364e-18,6.859396387072875e-18,1.5936348435164856e-17,3.5926642204603564e-17,7.871500007781396e-17,1.678619000551756e-16,3.48897452502535e-16,7.077044722481004e-16,1.402605230604349e-15,2.7191654225410815e-15,5.161890817349037e-15,9.604678615894974e-15,1.7533119723030834e-14,3.142787835479546e-14,5.536114731049872e-14,9.590981227895645e-14,1.6353223715031542e-13,2.746139294958085e-13,4.544649156700426e-13,7.416534130432984e-13,1.1941921799514703e-12,1.8982625419980586e-12,2.980374312294075e-12,4.624126427508528e-12,7.0930629016873625e-12,1.0761522421873124e-11,1.6155869253848617e-11,2.400908059346736e-11,3.533236428192243e-11,5.150830462673127e-11,7.441099699724421e-11,1.0655974807331735e-10,1.513142021647775e-10,2.1312021852964555e-10,2.978174830549483e-10,4.1302170198546494e-10,5.685963062745865e-10,7.772309016664206e-10,1.0551462390089202e-09,1.4229482566106033e-09,1.9066567643195443e-09,2.538937597492389e-09,3.360570565300426e-09,4.422189246202665e-09,5.786332635055241e-09,7.52985280928765e-09,9.746727140798884e-09,1.2551328117466085e-08,1.6082208532238067e-08,2.0506464624509578e-08,2.602474469162739e-08,3.2876975692261994e-08,4.1348885434548954e-08,5.177940297134363e-08,6.456902490927393e-08,8.018924028190212e-08,9.91931115358407e-08,1.2222711391621782e-07,1.5004434010653084e-07,1.8351918133077278e-07,2.236636002263386e-07,2.716451146089593e-07,3.288066147349139e-07,3.9668813979456493e-07,4.770507421031689e-07,5.719025697677167e-07,6.835273004684803e-07,8.14515060378929e-07,9.677959631331957e-07,1.1466764041200518e-06,1.354878245214155e-06,1.5965810243440121e-06,1.876467323025163e-06,2.199771423154597e-06,2.5723313819626637e-06,3.000644651051773e-06,3.491927361934563e-06,4.054177396387207e-06,4.696241355333933e-06,5.427885534782023e-06,6.25987101171838e-06,7.204032936726889e-06,8.273364122814456e-06,9.48210301525621e-06,1.0845826114840275e-05,1.2381544925174735e-05,1.4107807481442295e-05,1.6044804511946524e-05,1.8214480274054344e-05,2.064064809714068e-05,2.3349110655675042e-05,2.636778498596238e-05,2.972683225032771e-05,3.345879224253472e-05,3.7598722618300275e-05,4.218434282466451e-05,4.725618269190919e-05,5.2857735641605925e-05,5.9035616454459744e-05,6.583972353146519e-05,7.332340557229419e-05,8.154363258496615e-05,9.05611711313677e-05,0.00010044076370390382,0.00011125131211945873,0.00012306606480800468,0.00013596280786439598,0.00015002405972421235,0.0001653372693157773,0.00018199501753353328,0.0002000952218701818,0.00021974134403865487,0.00024104260040778462,0.0002641141750702605,0.0002890774353547404,0.0003160601495898867,0.0003451967069221574,0.0003766283389853416,0.0004105033432157994,0.00044697730760376,0.0004862133366614831,0.0005283822784327074,0.0005736629522090509,0.0006222423769260417,0.0006743159998261518,0.0007300879252814869,0.0007897711435156029,0.00085358775902681,0.0009217692183495259,0.0009945565373563497,0.001072200527171516,0.0011549620191843868,0.001243112088522924,0.0013369322759070373,0.0014367148076555498,0.0015427628136322337,0.0016553905429212267,0.0017749235770358803,0.001901699040450986,0.002036065808268585,0.002178384710820278,0.0023290287350241703,0.0024883832223060462,0.002656846062907344,0.0028348278864147682,0.0030227522483298446,0.003221055812525097
0.05879396984924624,,,,,,,,,,,,,,,,,,,,,,,,,,,,,,,,,,,,,,6.715842641645857e-27,3.9249809454642974e-26,2.0953411665147615e-25,1.0287292270615387e-24,4.673452517677424e-24,1.9754809237122288e-23,7.808901390577859e-23,2.8998427078002577e-22,1.0158631085266115e-21,3.3699521158394114e-21,1.0623094782114432e-20,3.192289314522637e-20,9.171688619189412e-20,2.526169441749249e-19,6.686829258576879e-19,1.7049752425301782e-18,4.196395173898972e-18,9.989582460158498e-18,2.30420528142422e-17,5.158597557331157e-17,1.1226931144579525e-16,2.3787271433949146e-16,4.913313968921008e-16,9.906116011423428e-16,1.9518558850809786e-15,3.762622575471953e-15,7.103699421864234e-15,1.314781852781255e-14,2.387789708615859e-14,4.258784372334001e-14,7.465760368301265e-14,1.2873368275091602e-13,2.185002025645319e-13,3.652976958758847e-13,6.019422624385892e-13,9.782222124212701e-13,1.5687097511361259e-12,2.483729478101515e-12,3.884582435762077e-12,6.0044441869823326e-12,9.176749030875697e-12,1.3873352101775673e-11,2.0755339778709107e-11,3.074005040375056e-11,4.508868624524471e-11,6.551985886259328e-11,9.435552865798505e-11,1.3470709050687873e-10,1.9071083567339078e-10,2.678236998216503e-10,3.7319210094175555e-10,5.161087912421657e-10,7.085750037134185e-10,9.659877754014727e-10,1.307975181463139e-09,1.759405320301195e-09,2.351598251228935e-09,3.123773699933871e-09,4.1247712080831465e-09,5.415083503048577e-09,7.069248189902284e-09,9.17864740499973e-09,1.1854769800011207e-08,1.5232994124872657e-08,1.9476958722713355e-08,2.4783586411091174e-08,3.1388839470817555e-08,3.95742847628222e-08,4.96745543092314e-08,6.20857919693279e-08,7.727518207597387e-08,9.579166103197654e-08,1.182779178578932e-07,1.45483794505417e-07,1.782812012959804e-07,2.1768066725106968e-07,2.6484964899599294e-07,3.2113272567802807e-07,3.8807381059908693e-07,4.6744051315460015e-07,5.612507871107422e-07,6.718020032095317e-07,8.017025855512554e-07,9.539063521211948e-07,1.1317497002958972e-06,1.338991777681212e-06,1.5798577784664655e-06,1.8590855033815705e-06,2.181975319992487e-06,2.554443657213934e-06,2.9830801648812856e-06,3.4752086654275795e-06,4.038952020439498e-06,4.683301029922232e-06,5.41818747664744e-06,6.254561421984014e-06,7.204472853026488e-06,8.281157773881663e-06,9.499128826398464e-06,1.0874270517743148e-05,1.2423939123832827e-05,1.4167067328872072e-05,1.6124273652233554e-05,1.8317976704389445e-05,2.077251430402712e-05,2.3514267478497117e-05,2.6571789359599485e-05,2.997593897649294e-05,3.376001993696874e-05,3.795992397792293e-05,4.261427935522489e-05,4.776460403264257e-05,5.3455463618827074e-05,5.973463399107297e-05,6.665326853380919e-05,7.426606990986719e-05,8.263146627225022e-05,9.181179181397777e-05,0.00010187347154451069,0.00011288721017099201,0.00012492818495399456,0.00013807624239808362,0.00015241609862940073,0.00016803754330382796,0.0001850356468816738,0.00020351097109716815,0.00022356978244716298,0.0002453242684939818,0.00026889275684869533,0.00029439993654152086,0.0003219770816721803,0.0003517622770753117,0.0003839006458079138,0.00041854457823893663,0.0004558539625231626,0.0004959964162353877,0.0005391475189386676,0.0005854910454611837,0.0006352191996503768,0.0006885328483752565,0.0007456417555446211,0.0008067648159097362,0.000872130288419707,0.0009419760288986452,0.0010165497218141664,0.0010961091109063677,0.0011809222284548493,0.0012712676229501983,0.0013674345849563154,0.0014697233709362074,0.0015784454248259873,0.001693923597146823,0.0018164923614371938,0.0019464980277851644,0.002084298953412518,0.0022302657496344586,0.0023847814858052874,0.0025482418892595416,0.0027210555415444477,0.002903644070613104,0.0030964423388217606,0.003299898626570895,0.003514474811429415
0.05929648241206031,,,,,,,,,,,,,,,,,,,,,,,,,,,,,,,,,,,,,,1.161432438563862e-26,6.687029223431025e-26,3.51953964409763e-25,1.704809550855629e-24,7.64613523896855e-24,3.192799152254809e-23,1.2474699085993113e-22,4.581270118630339e-22,1.5879344559668899e-21,5.214439717950643e-21,1.6278310277933763e-20,4.846307019113572e-20,1.3799828346464392e-19,3.7684081511256177e-19,9.893113655040688e-19,2.5025683311643895e-18,6.112647408341358e-18,1.4444688340470722e-17,3.30830817467751e-17,7.356144437050811e-17,1.5904409354777846e-16,3.348402784172887e-16,6.873814983358148e-16,1.3776724626336576e-15,2.6989458916907784e-15,5.173940958164674e-15,9.715752972629674e-15,1.7888739555572004e-14,3.232406670178958e-14,5.737015157252843e-14,1.0009407910381352e-13,1.717992633003806e-13,2.9029117410014557e-13,4.832116952927614e-13,7.928794061871061e-13,1.2832246108396935e-12,2.0496021961726136e-12,3.232511455130345e-12,5.036560102259137e-12,7.756391242171275e-12,1.181175952902781e-11,1.7794509752573593e-11,2.653089203932208e-11,3.916345800739332e-11,5.725773731530183e-11,8.294001018492759e-11,1.190737847785089e-10,1.6948407462639211e-10,2.3924026590865535e-10,3.3501028162577606e-10,4.655009025982345e-10,6.420015052792449e-10,8.790511327207106e-10,1.1952517354648318e-09,1.6142536069479435e-09,2.1659424961465498e-09,2.887861605912659e-09,3.826905674429761e-09,5.0413285808185054e-09,6.603110402289018e-09,8.600734561328074e-09,1.114243062884835e-08,1.4359943440781016e-08,1.841289446635086e-08,2.3493806745041647e-08,2.983387020441848e-08,3.7709529721555416e-08,4.7449983854059664e-08,5.9445687741901896e-08,7.415795916109555e-08,9.212979210680907e-08,1.1399798756827843e-07,1.4050671617483835e-07,1.7252263226561122e-07,2.1105166347613276e-07,2.572576041596246e-07,3.1248264491277246e-07,3.782699738142835e-07,4.563885882120166e-07,5.488604583237317e-07,6.579901860656481e-07,7.863973040415164e-07,9.370513606125105e-07,1.113309937374664e-06,1.3189597451750855e-06,1.5582609439949135e-06,1.8359948305938037e-06,2.157515035758252e-06,2.528802370288668e-06,2.956523455555502e-06,3.4480932704717355e-06,4.011741742187621e-06,4.65658450260893e-06,5.3926979270760016e-06,6.231198565210358e-06,7.184327067007835e-06,8.265536699888436e-06,9.489586544440664e-06,1.0872639448259895e-05,1.243236480844325e-05,1.4188046244061207e-05,1.616069421041583e-05,1.8373163596883726e-05,2.0850276340030792e-05,2.3618949073200973e-05,2.6708325823087595e-05,3.0149915753094976e-05,3.3977735942161436e-05,3.822845917684795e-05,4.294156672330398e-05,4.815950603466972e-05,5.392785333837083e-05,6.029548103689552e-05,6.73147298444836e-05,7.504158557174185e-05,8.353586045950869e-05,9.286137895271063e-05,0.00010308616779513734,0.0001142826503162106,0.00012652784477103495,0.00013990356658591128,0.0001544966343527605,0.00017039907940728287,0.00018770835881730196,0.00020652757160067068,0.00022696567798431147,0.00024913772150934307,0.00027316505378024617,0.00029917556165198327,0.00032730389664074395,0.00035769170634142116,0.0003904878676291141,0.0004258487214185262,0.0004639383087513695,0.0005049286079787881,0.0005489997728036079,0.0005963403709452328,0.0006471476231867789,0.000701627642566942,0.0007599956734727593,0.0008224763303946986,0.0008893038361024269,0.0009607222590010619,0.0010369857494289692,0.0011183587746618714,0.0012051163523843546,0.0012975442823977687,0.001395939376335486,0.001500609685155454,0.0016118747241873732,0.0017300656955366797,0.0018555257074808088,0.0019886099910841745,0.0021296861130988484,0.00227913418567135,0.0024373470722262093,0.002604730589482795,0.002781703705385672,0.002968698732784801,0.0031661615186784247,0.003374551628856888,0.003594342527781886,0.003826021753546946
0.05979899497487438,,,,,,,,,,,,,,,,,,,,,,,,,,,,,,,,,,,,,3.1827669321590532e-27,1.9885482638045363e-26,1.1282019353457275e-25,5.855696162148805e-25,2.7990499148898386e-24,1.2396518206583792e-23,5.114617161173627e-23,1.975595415876005e-22,7.176394466515553e-22,2.4615941390122386e-21,8.002989397643593e-21,2.4745673404025846e-20,7.299941035815605e-20,2.0604548289886764e-19,5.57931772664441e-19,1.452893157234944e-18,3.646696538994037e-18,8.840642677614597e-18,2.0740737285618373e-17,4.7173448074343716e-17,1.0418988840635198e-16,2.2380967637968586e-16,4.682545783007369e-16,9.55470540472742e-16,1.903829540263783e-15,3.708703164487654e-15,7.070894315995903e-15,1.3207776766111199e-14,2.4193864186928206e-14,4.35003027259826e-14,7.68348947625864e-14,1.334288095173048e-13,2.279769730336677e-13,3.83520980235718e-13,6.356719350110204e-13,1.038712672393075e-12,1.6743022741615086e-12,2.663739795830218e-12,4.1850390682727634e-12,6.4964339656858606e-12,9.968386507899302e-12,1.51267226136798e-11,2.271018727623166e-11,3.374650835894113e-11,4.96520026756776e-11,7.236086659495046e-11,1.0449158329226315e-10,1.495593669009424e-10,2.122452669289953e-10,2.987344895977979e-10,4.171386712402509e-10,5.780192745111576e-10,7.950319826068841e-10,1.0857149466749162e-09,1.4724470053521575e-09,1.9836055416826507e-09,2.654957474921528e-09,3.5313209948868336e-09,4.6685400290083515e-09,6.13581807387436e-09,8.018462908448189e-09,1.04210988154642e-08,1.3471408247163489e-08,1.7324470354338745e-08,2.2167769422534643e-08,2.8226951992533993e-08,3.5772417246273296e-08,4.51268310749022e-08,5.6673660070214445e-08,7.086682745086103e-08,8.824159860448381e-08,1.0942680945091947e-07,1.3515855616212894e-07,1.662954698652524e-07,2.0383570476290745e-07,2.489357725575256e-07,3.0293136023453213e-07,3.6736027180020516e-07,4.439876379661497e-07,5.348335403625576e-07,6.42203199129325e-07,7.687198743540087e-07,9.17360632879606e-07,1.0914951324448591e-06,1.294927574924472e-06,1.5319419796074095e-06,1.8073509259402549e-06,2.1265479130171752e-06,2.495563480244188e-06,2.9211252301276433e-06,3.410721890037353e-06,3.972671544320761e-06,4.616194165035819e-06,5.35148855876867e-06,6.189813846234688e-06,7.143575579347568e-06,8.22641659502669e-06,9.45331269595539e-06,1.0840673239795578e-05,1.240644670906946e-05,1.4170231324179841e-05,1.615339075205233e-05,1.8379174952335135e-05,2.0872846192472825e-05,2.3661810251953706e-05,2.6775752824793552e-05,3.0246781118086657e-05,3.410957063278031e-05,3.840151710141944e-05,4.316289354589838e-05,4.843701240666774e-05,5.42703926832471e-05,6.0712932014513076e-05,6.781808361556947e-05,7.56430379772662e-05,8.424890922290283e-05,9.3700926006255e-05,0.00010406862682433681,0.0001154260596080444,0.00012785198544429404,0.00014143008627301893,0.0001562491763941135,0.00017240341760924022,0.00018999253781759414,0.00020912205287540125,0.00022990349150590601,0.0002524546231056546,0.0002768996881491902,0.00030336963106187653,0.0003320023352850091,0.0003629428603230654,0.0003963436805378333,0.00043236492545307856,0.0004711746213294479,0.0005129489337669155,0.000557872411089204,0.0006061382282628781,0.000657948431102185,0.0007135141805102446,0.000773055996505827,0.0008368040017959668,0.0009049981645758365,0.0009778885405007467,0.0010557355133244885,0.0011388100340486908,0.001227393858555673,0.0013217797831300458,0.0014222718778771927,0.0015291857177169676,0.0016428486107368918,0.0017635998236768702,0.001891790804323676,0.00202778540059912,0.0021719600761258926,0.0023247041220729996,0.0024864198650671604,0.002657522870980576,0.002838442144410886,0.003029620323658509,0.003231513871029849,0.003444593258300468,0.003669343147160249,0.003906262564499172,0.004155865072370354
0.06030150753768845,,,,,,,,,,,,,,,,,,,,,,,,,,,,,,,,,,,,,5.4791242130485434e-27,3.3714082937892047e-26,1.8852978224073525e-25,9.651875890747934e-25,4.553883370424567e-24,1.9919812248907634e-23,8.122119430864711e-23,3.10215534664224e-22,1.1148166147769198e-21,3.784884763525695e-21,1.2184886515318496e-20,3.7323566100717754e-20,1.0911590024151724e-19,3.053348817517092e-19,8.19953581858708e-19,2.1182542196104118e-18,5.2761055744946956e-18,1.2696757397255856e-17,2.957651533935882e-17,6.68107720699023e-17,1.465907979703046e-16,3.128908655145661e-16,6.506154386367505e-16,1.3197099959722587e-15,2.614533293305099e-15,5.064947017566495e-15,9.604875558145573e-15,1.784784647347802e-14,3.2528999856520046e-14,5.820154670066376e-14,1.0231560166411571e-13,1.7686241338699636e-13,3.008418430691466e-13,5.039110708144876e-13,8.317046154544936e-13,1.353487712235993e-12,2.1730260572388835e-12,3.4438353785016403e-12,5.390326060780215e-12,8.336794293043883e-12,1.2746746355351085e-11,1.927569231093855e-11,2.8841326130080595e-11,4.2715938568216015e-11,6.264700494232428e-11,9.101317056295551e-11,1.3102434019569162e-10,1.8697628234082904e-10,2.645721013152027e-10,3.7132512587085585e-10,5.170602265243191e-10,7.145333169979014e-10,9.80191827828933e-10,1.3351022691116935e-09,1.806074628130155e-09,2.4270172764816005e-09,3.240560286578234e-09,4.29998957161088e-09,5.671539054504609e-09,7.4370931242757945e-09,9.697356932496831e-09,1.257555759408316e-08,1.6221745057234866e-08,2.0817767264977502e-08,2.658300020982882e-08,3.378091954469424e-08,4.272660651555214e-08,5.3795287081432876e-08,6.743200912563724e-08,8.416256864956122e-08,1.0460580157085404e-07,1.2948736344600416e-07,1.5965512472516466e-07,1.9609631424652098e-07,2.399565483859636e-07,2.9256088762959134e-07,3.5543706614859796e-07,4.303410435416952e-07,5.19285030518356e-07,6.245681430907878e-07,7.488098409230467e-07,8.949863073754381e-07,1.0664699286791977e-06,1.267072029791367e-06,1.5010890235343247e-06,1.7733521280871525e-06,2.0892808056265005e-06,2.45494007196355e-06,2.8771018233475273e-06,3.363310322241166e-06,3.9219519788203175e-06,4.562329559210468e-06,5.294740945091649e-06,6.130562562278498e-06,7.082337588233164e-06,8.163869040290276e-06,9.390317837560936e-06,1.0778305920245718e-05,1.2346024500325637e-05,1.4113347507348779e-05,1.610195028257641e-05,1.8335433563632675e-05,2.0839452790697194e-05,2.3641852753679613e-05,2.6772807588103793e-05,3.026496611552612e-05,3.415360251223798e-05,3.8476772277931114e-05,4.327547346382313e-05,4.859381310755599e-05,5.447917881016069e-05,6.098241537837648e-05,6.81580064435215e-05,7.606426095692212e-05,8.476350444981802e-05,9.43222749349893e-05,0.000104811523315808,0.00011630681815882638,0.00012888855467418534,0.00014264216773978434,0.0001576583487947659,0.00017403326641899023,0.00019186879040662523,0.00021127271913382164,0.0002323590100127347,0.0002552480128171112,0.00028006670565750014,0.0003069489333791036,0.00033603564814851375,0.00036747515199093874,0.00040142334103548786,0.000438043951221468,0.0004775088052152612,0.0005199980602850277,0.0005657004568774651,0.0006148135676393741,0.0006675440466254907,0.0007241078784331459,0.0007847306270042312,0.0008496476838348801,0.0009191045153345755,0.0009933569090768218,0.0010726712186858575,0.001157324607105004,0.0012476052879985572,0.00134381276503314,0.001446258068799942,0.0015552639911332845,0.001671165316589495,0.0017943090508531472,0.0019250546458437707,0.0020637742212997125,0.0022108527826219483,0.00236668843476655,0.002531692591981026,0.0027062901831803807,0.0028909198527784343,0.003086034156778189,0.0032920997539462966,0.0035095975919017517,0.0037390230879401553,0.003980886304457006,0.00423571211878987,0.004504040387359353
0.060804020100502516,,,,,,,,,,,,,,,,,,,,,,,,,,,,,,,,,,,,,9.339417259598335e-27,5.66106960044903e-26,3.120964698839699e-25,1.5763737700626695e-24,7.342788619290043e-24,3.1729822408376454e-23,1.2788136843346564e-22,4.830494330201603e-22,1.717671968977017e-21,5.7730095153596e-21,1.8406646177023035e-20,5.586225238054883e-20,1.6187243395392283e-19,4.491257813717333e-19,1.1962866908953392e-18,3.06632062919663e-18,7.580144115449093e-18,1.8109435440806796e-17,4.1891309487578845e-17,9.399367559449118e-17,2.0489837726279833e-16,4.346136090364861e-16,8.982707709537476e-16,1.8114357974158e-15,3.5684923307371914e-15,6.8753071301874915e-15,1.2969167696897292e-14,2.3976305681222077e-14,4.3482322763646285e-14,7.742628472406582e-14,1.3547866315460426e-13,2.331310804437528e-13,3.9481735647524225e-13,6.58507197849714e-13,1.0823737854576973e-12,1.754343610629203e-12,2.8056016928929363e-12,4.429459731955113e-12,6.907412189528919e-12,1.0644720543531969e-11,1.6218495089684383e-11,2.4442003923160102e-11,3.644984831782129e-11,5.380972154950659e-11,7.866773361891122e-11,1.139357567314344e-10,1.635309448958119e-10,2.3267952400421922e-10,3.2829915349832086e-10,4.5947664285616147e-10,6.380605792532032e-10,8.793914979765416e-10,1.2031956127067358e-09,1.634671823554101e-09,2.2058057380035523e-09,2.9569487710697016e-09,3.938705028761204e-09,5.214173613873987e-09,6.861599205071305e-09,8.977489236736261e-09,1.1680261714358067e-08,1.5114493616667786e-08,1.945584592585769e-08,2.4916747547461597e-08,3.175292671191157e-08,4.027088481025121e-08,5.0836414003758106e-08,6.388426627625678e-08,7.9929087838712e-08,9.95777388881744e-08,1.235431246167699e-07,1.5265966900758275e-07,1.8790056829081188e-07,2.3039696591397206e-07,2.8145919545290944e-07,3.42600242010796e-07,4.1556157627009233e-07,5.023415184385274e-07,6.052262918256427e-07,7.268239276586932e-07,8.701011839972789e-07,1.0384236419886844e-06,1.2355991431272532e-06,1.465924729172112e-06,1.7342372462407908e-06,2.0459677707808244e-06,2.407200013797706e-06,2.8247328533339426e-06,3.30614714364637e-06,3.859876941797537e-06,4.495285287930648e-06,5.22274466719997e-06,6.053722276618457e-06,7.000870208303044e-06,8.078120656641141e-06,9.300786242208921e-06,1.068566554117946e-05,1.2251153894523893e-05,1.4017359562549727e-05,1.600622527891873e-05,1.8241655246557964e-05,2.074964760633385e-05,2.355843239716387e-05,2.6698615013997053e-05,3.0203325157619023e-05,3.41083712576163e-05,3.84524003372046e-05,4.3277063275883555e-05,4.862718541377147e-05,5.455094242426881e-05,6.1100041385245e-05,6.832990693436962e-05,7.629987242242348e-05,8.507337593399982e-05,9.471816104977354e-05,0.00010530648220814798,0.00011691531451433435,0.00012962656783331567,0.0001435273049936981,0.00015870996391941866,0.0001752725834967216,0.00019331903297521304,0.00021295924469324668,0.00023430944991010555,0.0002574924175203216,0.00028263769541794824,0.00030988185427374703,0.00033936873348075795,0.0003712496890206388,0.00040568384299641107,0.0004428383345759258,0.00048288857208396576,0.0005260184859809949,0.00057242078246212,0.0006222971974093832,0.0006758587504289403,0.0007333259987037942,0.000794929290394125,0.0008609090173147325,0.0009315158666241119,0.001007011071257688,0.001087666658840656,0.001173765698821901,0.001265602547562992,0.001363483091136243,0.0014677249855729007,0.0015786578943128566,0.0016966237226215106,0.0018219768487226149,0.0019550843514250906,0.0020963262340087828,0.0022460956441494773,0.002404799089667293,0.002572856649890488,0.0027507021824238927,0.002938783525138248,0.0031375626931771233,0.003347516070810197,0.0035691345980329884,0.0038029239511742814,0.004049404719071193,0.004309112571793274,0.004582598424634598,0.0048704285955218155
0.061306532663316586,,,,,,,,,,,,,,,,,,,,,,,,,,,,,,,,,,,,,1.5765464487525232e-26,9.416096624555408e-26,5.118990201693334e-25,2.5514632128770093e-24,1.1735837114334425e-23,5.010843028718139e-23,1.9965888037382498e-22,7.460053023385718e-22,2.625273733889521e-21,8.736176018356844e-21,2.7590916315553835e-20,8.297703347517306e-20,2.3835541732162137e-19,6.558240958904643e-19,1.7328749261917404e-18,4.4075661286620704e-18,1.0815259200986755e-17,2.5654535524345562e-17,5.893832362506591e-17,1.313698288061645e-16,2.8455185594646316e-16,5.998593936885011e-16,1.2324489884344615e-15,2.4710855467801263e-15,4.841010011732416e-15,9.277027206446273e-15,1.7408832722646733e-14,3.2022287545257594e-14,5.779146704833494e-14,1.024201729975608e-13,1.7839239151539998e-13,3.0561410500069913e-13,5.153402653309984e-13,8.559282253178672e-13,1.401151503930636e-12,2.2620558971637336e-12,3.603655636757115e-12,5.6681640814742206e-12,8.80694636114114e-12,1.3523986976488527e-11,2.053440139856355e-11,3.084240613744162e-11,4.584421636786368e-11,6.746258439391801e-11,9.832114661811695e-11,1.4196843169717962e-10,2.0316331806315177e-10,2.8823593374641695e-10,4.055404827021204e-10,5.66019274831382e-10,7.83900344317382e-10,1.0775544725178494e-09,1.4705411938174634e-09,1.992877458113567e-09,2.682567050441043e-09,3.587433620647454e-09,4.767305243462874e-09,6.296603796424465e-09,8.267398089790274e-09,1.079298558384671e-08,1.4012073655407903e-08,1.809363769242267e-08,2.3242539765521812e-08,2.9705998205233407e-08,3.77810050582296e-08,4.782279505586065e-08,6.025447635171404e-08,7.557793982560878e-08,9.438617012034941e-08,1.1737708781008098e-07,1.4536905797923912e-07,1.79318206154612e-07,2.2033768776562175e-07,2.6971906214734074e-07,3.2895592646015504e-07,3.9976996874145635e-07,4.841396025719399e-07,5.843313485492437e-07,7.029341296207954e-07,8.428966489835331e-07,1.0075680194851517e-06,1.2007418136725215e-06,1.4267037026097544e-06,1.690282850001287e-06,1.9969072257381673e-06,2.3526629997911547e-06,2.76435817339979e-06,3.2395905997524496e-06,3.786820540838456e-06,4.415447900888238e-06,5.135894269822659e-06,5.959689902438586e-06,6.899565750685097e-06,7.969550657377875e-06,9.185073810067478e-06,1.0563072543624364e-05,1.2122105569326022e-05,1.3882471697187332e-05,1.586633410644033e-05,1.8097850207297492e-05,2.0603307124617895e-05,2.341126282183861e-05,2.6552692868502822e-05,3.006114284920602e-05,3.397288638356253e-05,3.83270887323971e-05,4.316597593702481e-05,4.853500943279512e-05,5.4483066062670084e-05,6.106262340408868e-05,6.832995030899468e-05,7.634530254491791e-05,8.517312341191765e-05,9.488224919855207e-05,0.00010554611932795135,0.00011724299103395056,0.00013005615839591347,0.00014407417555034998,0.00015939108388768184,0.00017610664303220443,0.00019432656539488248,0.00021416275407936078,0.00023573354391394095,0.0002591639453748791,0.00028458589115867915,0.0003121384851559711,0.0003419682535725464,0.0003742293979432454,0.00040908404974446835,0.0004467025264300066,0.0004872635884653991,0.0005309546972418551,0.0005779722735009705,0.0006285219560242431,0.0006828188603046857,0.0007410878369222211,0.0008035637293442435,0.0008704916308731107,0.0009421271404654561,0.0010187366171475615,0.0011005974327531103,0.0011879982227180875,0.0012812391346586087,0.001380632074477413,0.001486500949733834,0.0015991819100243995,0.0017190235841253569,0.001846387313654774,0.001981647382984262,0.0021251912453426245,0.002277419744380175,0.0024387473318044283,0.0026096022800503006,0.002790426890261112,0.0029816776952329913,0.0031838256571392037,0.0033973563598601215,0.0036227701957351846,0.0038605825465712483,0.004111323958744566,0.004375540312245987,0.004653792983516827,0.004946659001951648,0.005254731199924113
0.06180904522613066,,,,,,,,,,,,,,,,,,,,,,,,,,,,,,,,,,,,4.046660414289795e-27,2.6359809561717e-26,1.5516584350245279e-25,8.320153923017668e-25,4.093217178525215e-24,1.8595229556188912e-23,7.84644784539572e-23,3.091503945246007e-22,1.1427967489755903e-21,3.980697107698392e-21,1.3117794399607823e-20,4.104356174107239e-20,1.2233453733250896e-19,3.4840987649062004e-19,9.50777996042257e-19,2.4924602468009358e-18,6.291637140391389e-18,1.532612443830735e-17,3.610021234245442e-17,8.237710411224836e-17,1.8242078139244222e-16,3.9265498018504233e-16,8.227462579192045e-16,1.6805172289233708e-15,3.3504685563695947e-15,6.527988356877108e-15,1.2443876530820972e-14,2.323239963607787e-14,4.252309615669972e-14,7.637506617422891e-14,1.347264551512408e-13,2.336062353325697e-13,3.9845630945448163e-13,6.690468140223114e-13,1.1066451105358267e-12,1.8043296806269166e-12,2.9016359492501012e-12,4.605095562266257e-12,7.216699091032809e-12,1.1172891362389405e-11,1.709741691656185e-11,2.5872190068357486e-11,3.87313903300869e-11,5.738520094435694e-11,8.418103776460232e-11,1.223117794958744e-10,1.760824296910276e-10,2.512488362643952e-10,3.554445845541523e-10,4.987149820759898e-10,6.941801815066877e-10,9.58852954551068e-10,1.3146404411445382e-09,1.7895633599612185e-09,2.4192306771791212e-09,3.2486125860296515e-09,4.334159840064282e-09,5.746322993535769e-09,7.572530912792107e-09,9.920694009024018e-09,1.2923303970761394e-08,1.6742208320473038e-08,2.157414482432186e-08,2.7657127627720498e-08,3.527778389827396e-08,4.4779746721026824e-08,5.657321687268053e-08,7.114581298229966e-08,8.907483624481123e-08,1.1104108236687935e-07,1.3784433965560473e-07,1.7042071807868144e-07,2.098619596653225e-07,2.5743688572381267e-07,3.1461514097031986e-07,3.830933987405254e-07,4.6482419494374513e-07,5.62047561273039e-07,6.773256303606069e-07,8.135803870346667e-07,9.74134740541443e-07,1.162757092637866e-06,1.3837095753047475e-06,1.6418001308068583e-06,1.9424386035497733e-06,2.2916970107165996e-06,2.696374153576416e-06,3.1640647278295874e-06,3.7032330839829697e-06,4.323291783533392e-06,5.034685088794714e-06,5.848977516371962e-06,6.778947575532825e-06,7.838686803310884e-06,9.043704198139721e-06,1.0411036143183772e-05,1.1959361899328496e-05,1.3709124736146536e-05,1.5682658756964095e-05,1.7904321461653747e-05,2.040063207788483e-05,2.320041567836613e-05,2.633495308822578e-05,2.983813657301961e-05,3.374663128420594e-05,3.810004242502418e-05,4.2941088085956946e-05,4.831577768515898e-05,5.427359593538267e-05,6.086769224571738e-05,6.81550754524625e-05,7.619681376100904e-05,8.505823976707457e-05,9.48091604134917e-05,0.00010552407172622776,0.00011728237816186405,0.00013016861638690883,0.00014427268329861588,0.00015969006808675288,0.0001765220881253407,0.00019487612847444134,0.00021486588476295256,0.0002366116092151889,0.00026024035957675164,0.00028588625068716277,0.0003136907084417089,0.00034380272587774917,0.0003763791211165662,0.00041158479688682806,0.0004495930013521454,0.0004905855899608664,0.0005347532880360478,0.0005822959538184411,0.0006334228416760253,0.0006883528651924733,0.0007473148598459447,0.0008105478449912826,0.0008783012848570657,0.0009508353482751089,0.0010284211668572035,0.001111341091336509,0.001199888945802708,0.0012943702795467828,0.0013951026162552914,0.0015024157002815671,0.0016166517397344599,0.0017381656461316608,0.001867325270363718,0.00200451163472658,0.0021501191607859967,0.0023045558928363333,0.0024682437167426676,0.002641618573927633,0.002825130670317966,0.003019244680028582,0.003224439943597111,0.0034412106605859593,0.0036700660763646876,0.0039115306629103445,0.004166144293457389,0.004434462410851877,0.004717056189449125,0.005014512690440808,0.00532743501046343,0.005656442423379043
0.06231155778894473,,,,,,,,,,,,,,,,,,,,,,,,,,,,,,,,,,,,6.804684165946055e-27,4.36606512760254e-26,2.533585524968758e-25,1.340260034770295e-24,6.509421388248402e-24,2.9213126521084217e-23,1.2184482133237026e-22,4.747898163500132e-22,1.7366870294172764e-21,5.9888137869071445e-21,1.9546358934071476e-20,6.059754883699782e-20,1.7903340313334464e-19,5.056031657168127e-19,1.3686185169123192e-18,3.560050294440862e-18,8.919664780902853e-18,2.1572422486534724e-17,5.046330633624988e-17,1.143886609538924e-16,2.516902252622317e-16,5.384162683776116e-16,1.121455937666537e-15,2.2774971409762435e-15,4.515478554331178e-15,8.75067449553546e-15,1.6594278141108013e-14,3.082550084658965e-14,5.6146639324067965e-14,1.0036896959570879e-13,1.7624338908983505e-13,3.042402780920227e-13,5.167052278756372e-13,8.639796772387871e-13,1.423288284523478e-12,2.3114698912605662e-12,3.7029798016342725e-12,5.855033163998117e-12,9.142309571663917e-12,1.4104316308976784e-11,2.1509332114078854e-11,3.243984633079581e-11,4.840559222052552e-11,7.149167094598403e-11,1.0455089742913551e-10,1.5145139373932152e-10,2.1739263189426143e-10,3.0930560656427413e-10,4.363556181524901e-10,6.105692836511424e-10,8.476108813486678e-10,1.1677369831223435e-09,1.596962543567105e-09,2.168476196713621e-09,2.9243474573099466e-09,3.917573824623749e-09,5.214521428934689e-09,6.897818824654823e-09,9.069769794475772e-09,1.1856357555707453e-08,1.541191951723019e-08,1.9924578683009106e-08,2.5622524889997057e-08,3.278124625559164e-08,4.173181843878065e-08,5.287036653344589e-08,6.666882155291844e-08,8.368710047039229e-08,1.0458684558853881e-07,1.3014686555928815e-07,1.6128042660117717e-07,1.9905454830053288e-07,2.4471146377547914e-07,2.9969240889473097e-07,3.6566390949678503e-07,4.4454673943951017e-07,5.385477250899865e-07,6.501945746786788e-07,7.823739118641385e-07,9.38372694477221e-07,1.1219231988235963e-06,1.337251749429165e-06,1.5891313723766078e-06,1.8829385478850986e-06,2.22471423441639e-06,2.621229332354146e-06,3.0800547502160357e-06,3.6096362304283145e-06,4.219374084918304e-06,4.919707983228166e-06,5.722206927500836e-06,6.639664539609758e-06,7.686199775898966e-06,8.877363174552445e-06,1.0230248729512268e-05,1.176361147321723e-05,1.3497990838243957e-05,1.545583985527913e-05,1.7661660231751638e-05,2.0142143342100055e-05,2.292631714674666e-05,2.604569904307051e-05,2.9534454637285913e-05,3.342956241201269e-05,3.777098424978127e-05,4.26018417584197e-05,4.7968598329896776e-05,5.392124684986768e-05,6.051350296120309e-05,6.780300377057949e-05,7.585151187396576e-05,8.472512456300645e-05,9.449448806163285e-05,0.00010523501662925614,0.00011702711635513376,0.00012995641345604967,0.00014411398687872657,0.00015959660499745312,0.00017650696618703868,0.00019495394304174795,0.00021505283000164486,0.00023692559413943592,0.00026070112885330987,0.00028651551020330326,0.000314512255623367,0.00034484258473848944,0.0003776656819790459,0.00041314896079341034,0.0004514683290296563,0.0004928084553354153,0.0005373630361995042,0.0005853350633660744,0.000636937091321021,0.000692391504553878,0.0007519307842964803,0.0008157977744432777,0.0008842459463541231,0.0009575396622513459,0.0010359544369123498,0.0011197771973767677,0.0012093065403750054,0.0013048529872016087,0.0014067392357559898,0.0015153004094757615,0.0016308843028961008,0.0017538516235756057,0.001884576230130205,0.0020234453661266485,0.002170859889596401,0.0023272344979237388,0.0024929979478984796,0.002668593270688715,0.0028544779815430623,0.003051124284001349,0.003259019268426743,0.0034786651046599384,0.0037105792286310614,0.003955294522744752,0.004213359489878723,0.004485338420842619,0.004771811555161808,0.005073375235027285,0.005390642052309199,0.0057242409885009836,0.0060748175474896575
0.0628140703517588,,,,,,,,,,,,,,,,,,,,,,,,,,,,,,,,,,,,1.1334018487737816e-26,7.164863087644301e-26,4.0996246191911535e-25,2.139981224146758e-24,1.0262955726370357e-23,4.5508426881103364e-23,1.8765451876231445e-22,7.233155338639729e-22,2.6184374040124196e-21,8.940472898147047e-21,2.89051848145378e-20,8.88042651438133e-20,2.6010518065788787e-19,7.284801362062917e-19,1.956277951501679e-18,5.049901328010672e-18,1.2559841322332518e-17,3.016241657741653e-17,7.007938860121504e-17,1.578171950574143e-16,3.450625493362849e-16,7.336816147334811e-16,1.5192259321530509e-15,3.0678674080848117e-15,6.049292183733803e-15,1.1661209697131548e-14,2.2000730753881057e-14,4.066654423377681e-14,7.371698838030532e-14,1.3116714865262942e-13,2.2928853569141653e-13,3.9408452717354834e-13,6.664618905021408e-13,1.109813253039564e-12,1.8209790086934308e-12,2.9458833293973675e-12,4.701553044491505e-12,7.406747377519745e-12,1.1524069892478047e-11,1.7717222150026368e-11,2.6928013592302982e-11,4.0478887295693484e-11,6.020808048190063e-11,8.864613645870039e-11,1.292443452657882e-10,1.866678373807701e-10,2.671685108434468e-10,3.790557577278008e-10,5.332860892741776e-10,7.441962554328094e-10,1.0304083257279074e-09,1.4159394517918792e-09,1.931553670590289e-09,2.616398129196987e-09,3.519971509660355e-09,4.7044781921639035e-09,6.247627801107151e-09,8.245946197719932e-09,1.0818670700598765e-08,1.4112309276007732e-08,1.8305950617998947e-08,2.3617419378460426e-08,3.031037826101173e-08,3.870248620466186e-08,4.917472939363791e-08,6.218204927792644e-08,7.826539910956359e-08,9.806536762787866e-08,1.2233751539441203e-07,1.5196957583307403e-07,1.880006791420986e-07,2.3164276302289945e-07,2.843043392457623e-07,3.4761678975756635e-07,4.234633699615589e-07,5.14011100097191e-07,6.217457281952536e-07,7.495099498635482e-07,9.005450711432112e-07,1.0785363006379682e-06,1.2876618569632299e-06,1.5326460746630957e-06,1.8188166910830286e-06,2.1521664912447917e-06,2.5394194850750383e-06,2.988101785099166e-06,3.5066173470106916e-06,4.104328728450873e-06,4.791643013469811e-06,5.580103041535691e-06,6.48248407050082e-06,7.512895992752434e-06,8.686891212937668e-06,1.0021578284086227e-05,1.153574138685333e-05,1.3249965723912191e-05,1.5186768888368928e-05,1.7370738251418214e-05,1.9828674400556047e-05,2.2589740645270476e-05,2.5685618592645107e-05,2.915066978044859e-05,3.302210334064205e-05,3.7340149650854403e-05,4.214823991693479e-05,4.7493191614284424e-05,5.342539970113749e-05,5.999903350228866e-05,6.727223914710208e-05,7.5307347431738e-05,8.41710869616064e-05,9.393480241620846e-05,0.00010467467776617807,0.0001164719642585584,0.0001294132129757583,0.00014359051176013874,0.00015910172628664734,0.00017605074505454158,0.00019454772805963856,0.0002147093588989879,0.0002366591000516525,0.0002605274510710074,0.000286452209416383,0.0003145787336460965,0.00034506020868716207,0.0003780579128918524,0.00041374148658762997,0.00045228920182194125,0.0004938882330001067,0.0005387349281146127,0.0005870350802584237,0.000639004199116665,0.0006948677821301693,0.0007548615850234901,0.0008192318913908404,0.0008882357810388175,0.0009621413967778342,0.0010412282093671603,0.0011257872803163138,0.0012161215222467197,0.001312545956527659,0.0014153879679025033,0.001524987555824741,0.0016416975822301095,0.001765884015480443,0.0018979261702146103,0.002038216942854709,0.0021871630788251077,0.002345185217099655,0.002512718474288514,0.002690212297292066,0.002878130855062868,0.003076953206806883,0.003287173500585111,0.003509301165812355,0.003743861099469744,0.003991393845874071,0.004252455769814897,0.004527619222930396,0.004817472703163347,0.005122621007166245,0.005443685375528648,0.005781303630711657,0.006136130307578774,0.006508836776427244
0.06331658291457287,,,,,,,,,,,,,,,,,,,,,,,,,,,,,,,,,,,,1.8701532697001537e-26,1.165052334014565e-25,6.57460156510401e-25,3.387189920635256e-24,1.6043472353266993e-23,7.030468245660308e-23,2.866608481678267e-22,1.0931672217858396e-21,3.9171189862495125e-21,1.3245012540074573e-20,4.2425118863913584e-20,1.2918510043991173e-19,3.7516603727206184e-19,1.0421793798752958e-18,2.7768374529399083e-18,7.114331883718577e-18,1.7566890544257245e-17,4.1894516064053247e-17,9.668867331063883e-17,2.163423237112332e-16,4.700982336970366e-16,9.935697285874017e-16,2.0455223676040647e-15,4.1076754131227025e-15,8.056081895392236e-15,1.5449011671561332e-14,2.9000544940117006e-14,5.3344403030163844e-14,9.62429518359996e-14,1.704669762009748e-13,2.9666920161819154e-13,5.077065696482713e-13,8.550425370345132e-13,1.418092538522734e-12,2.317676507828799e-12,3.7351272431888346e-12,5.939089678621889e-12,9.322652966969455e-12,1.4454205719178501e-11,2.2146317419812242e-11,3.354804998220145e-11,5.0267417645164734e-11,7.453226658550107e-11,1.0939966346396333e-10,1.590259899362256e-10,2.2901236220635134e-10,3.268427535791409e-10,4.624353139699259e-10,6.488308708012148e-10,9.03046474412206e-10,1.2471261276317225e-09,1.7094255183764358e-09,2.3261726557612175e-09,3.143351788289117e-09,4.21896384550256e-09,5.6257228740745354e-09,7.4542545116452e-09,9.816869426459174e-09,1.2851991811693689e-08,1.672933041808518e-08,2.165588718933683e-08,2.7882906279129397e-08,3.571387401870855e-08,4.55136882094734e-08,5.771912286977932e-08,7.285072220379825e-08,9.152626501251285e-08,1.1447594796285863e-07,1.4255944300256785e-07,1.767849906807377e-07,2.1833069714706973e-07,2.6856820808194534e-07,3.290889376966424e-07,4.017330351805981e-07,4.886212744945796e-07,5.92190056180953e-07,7.152297118233378e-07,8.609263029087051e-07,1.0329071060868434e-06,1.2352899761745543e-06,1.4727367765545062e-06,1.7505110644751557e-06,2.0745402145159292e-06,2.4514821600238883e-06,2.888796926194292e-06,3.394823122561795e-06,3.9788595553577106e-06,4.651252112117305e-06,5.423486061973385e-06,6.3082839053246844e-06,7.319708895997874e-06,8.473274347803154e-06,9.786058825343003e-06,1.1276827306440888e-05,1.2966158390308025e-05,1.4876577611919198e-05,1.7032696908958336e-05,1.946136027309589e-05,2.219179560253272e-05,2.5255772757732405e-05,2.868776780654548e-05,3.2525133430130806e-05,3.680827544481396e-05,4.15808353800208e-05,4.6889879036607316e-05,5.2786090934864055e-05,5.9323974545746566e-05,6.656205818454128e-05,7.456310643102455e-05,8.33943369258975e-05,9.312764237973826e-05,0.00010383981761630073,0.00011561279146262622,0.00012853386326289228,0.00014269594386010295,0.00015819780071963773,0.00017514430705662033,0.00019364669465967755,0.00021382281017385234,0.00023579737457366217,0.00025970224555240106,0.000285676682545593,0.00031386761410090664,0.00034442990729967,0.00037752663893063213,0.0004133293681119996,0.0004520184100538502,0.0004937831106490895,0.0005388221215814996,0.0005873436756339079,0.0006395658618816016,0.0006957169004548102,0.0007560354165541232,0.0008207707134035302,0.0008901830438307226,0.0009645438801593914,0.0010441361821095728,0.0011292546624007392,0.001220206049755931,0.0013173093490118231,0.001420896098045386,0.0015313106212300452,0.0016489102791417021,0.0017740657142445975,0.0019071610922876683,0.002048594339154335,0.0021987773729129976,0.002358136330826814,0.0025271117911141324,0.0027061589890286487,0.002895748027652292,0.0030963640821783144,0.0033085075984866387,0.0035326944852306762,0.003769456299439639,0.004019340425388738,0.004282910246926065,0.004560745312065973,0.004853441491416159,0.005161611128599418,0.0054858831835663665,0.005826903368346142,0.0061853342751724836,0.006561855496895906,0.006957163739596484
0.06381909547738694,,,,,,,,,,,,,,,,,,,,,,,,,,,,,,,,,,,4.4746019860606486e-27,3.057260426570959e-26,1.8773489875490359e-25,1.0450847378552843e-24,5.315150315879018e-24,2.4868855543663795e-23,1.077181871224297e-22,4.343771704285214e-22,1.639109255720377e-21,5.814651021468542e-21,1.9473465086882155e-20,6.180634455233139e-20,1.8655832242898143e-19,5.3725437413751325e-19,1.4804886084790102e-18,3.914369469940693e-18,9.95470230425962e-18,2.4406079487387274e-17,5.780802875231333e-17,1.325398869249676e-16,2.946852663171186e-16,6.364314569642062e-16,1.3372180726737042e-15,2.737403268313491e-15,5.4669673355089244e-15,1.0665245697987077e-14,2.0347970740953095e-14,3.800782130619328e-14,6.957793905795053e-14,1.249492582876277e-13,2.203180672535523e-13,3.8175749880318386e-13,6.505648153372025e-13,1.0911464129358618e-12,1.802477393461115e-12,2.9345273795116116e-12,4.711496126528311e-12,7.46427066753191e-12,1.1675221465869212e-11,1.8039321448138117e-11,2.7546623531795573e-11,4.1592395294185054e-11,6.212271053517371e-11,9.182506379358879e-11,1.3437563230168737e-10,1.9475718648435302e-10,2.796643695220228e-10,3.9801615111529357e-10,5.615987299668964e-10,7.858660296377245e-10,1.0909292151482645e-09,1.5027713599942658e-09,2.0547285167983305e-09,2.789283985517146e-09,3.760228520679641e-09,5.0352455568544774e-09,6.698987236241745e-09,8.85671406399181e-09,1.1638578359406286e-08,1.520463927179058e-08,1.9750704939961353e-08,2.5515105339970237e-08,3.278650742758443e-08,4.191289227674429e-08,5.331182197553231e-08,6.748213199702448e-08,8.501719254128695e-08,1.0661988987375126e-07,1.331194858894876e-07,1.6549052093950442e-07,2.0487393129237454e-07,2.526005584007736e-07,3.102172323317122e-07,3.7951561623854854e-07,4.6256400253950513e-07,5.617422544747318e-07,6.797800888808103e-07,8.197988973207899e-07,9.853573030767506e-07,1.180500651048388e-06,1.4098146257474475e-06,1.6784831907352692e-06,1.992351038530288e-06,2.3579907361949836e-06,2.782774746007768e-06,3.274952494288265e-06,3.84373265402476e-06,4.499370798660287e-06,5.253262575142604e-06,6.118042534298196e-06,7.107688745680132e-06,8.237633312397539e-06,9.524878889032983e-06,1.0988121292744022e-05,1.264787828398726e-05,1.4526624579104527e-05,1.6648933142414857e-05,1.904162279028411e-05,2.1733912124349012e-05,2.475757979524433e-05,2.8147131082463494e-05,3.193997075973121e-05,3.6176582199339256e-05,4.0900712652691096e-05,4.615956462827913e-05,5.200399327231014e-05,5.848870964298553e-05,6.567248974287241e-05,7.361838919672353e-05,8.239396337132035e-05,9.207149281420082e-05,0.0001027282137986688,0.00011444655378625388,0.0001273143715949072,0.00014142520204921095,0.00015687850487828916,0.0001737799176142071,0.00019224151223623276,0.00021238205529249755,0.000234327271230807,0.00025821010861712916,0.0002841710090618454,0.0003123581783709138,0.0003429278598027389,0.0003760446090106458,0.0004118815703940893,0.0004506207545359284,0.0004924533164044413,0.0005375798339986948,0.0005862105871115254,0.0006385658358855695,0.0006948760988373871,0.0007553824300247108,0.0008203366950328009,0.0008900018454615335,0.0009646521915894188,0.001044573672903398,0.001130064126181275,0.001221433550818269,0.0013190043710955262,0.0014231116950953727,0.001534103569968966,0.0016523412332739077,0.001778199360102081,0.0019120663057279955,0.002054344343513329,0.0022054498978123847,0.002365813771631686,0.002535881368805844,0.0027161129104545443,0.002906983645509036,0.0031089840550889416,0.003322620050526164,0.0035484131648533587,0.0037869007375608095,0.004038636092410251,0.004304188708473328,0.004584144383236992,0.00487910538930902,0.0051896906229132456,0.00551653574505753,0.005860293314928938,0.006221632915452179,0.006601241270929687,0.006999822356674321,0.0074180975005563015
0.06432160804020101,,,,,,,,,,,,,,,,,,,,,,,,,,,,,,,,,,,7.357451536967288e-27,4.952053101760668e-26,2.998057515831722e-25,1.6467262260802147e-24,8.269266315476197e-24,3.822713555668851e-23,1.6369344755810156e-22,6.529473655531655e-22,2.4384468638019103e-21,8.565107765293778e-21,2.8415249837818665e-20,8.937635329526422e-20,2.674581932078064e-19,7.638928533881132e-19,2.0884221867172133e-18,5.4799444465001624e-18,1.3834889633221525e-17,3.3682375329164154e-17,7.924413800225634e-17,1.8051374688022834e-16,3.988513604527306e-16,8.562327707665504e-16,1.7886414892687164e-15,3.64107051750248e-15,7.232523485415858e-15,1.40361131436494e-14,2.6644360510683806e-14,4.9526454160874127e-14,9.023692123673564e-14,1.6130950869105748e-13,2.8317313699109504e-13,4.885672807926991e-13,8.291226069339411e-13,1.3850217261367983e-12,2.2789791998195284e-12,3.696196418329832e-12,5.912474802168472e-12,9.333331327548096e-12,1.4547777042108192e-11,2.240141723655003e-11,3.40947379992127e-11,5.131388582374604e-11,7.64029532150396e-11,1.1258878227242884e-10,1.6427161795604043e-10,2.373976097718476e-10,3.3993219931214867e-10,4.824568637968136e-10,6.789155302837391e-10,9.47541246025271e-10,1.3119983972689651e-09,1.802780914478138e-09,2.45891248541932e-09,3.3300008109774954e-09,4.478704362551576e-09,5.983676920592123e-09,7.94306235205184e-09,1.0478619592683217e-08,1.3740565590642472e-08,1.7913231993274036e-08,2.3221639563867932e-08,2.993910263849177e-08,3.839598430976571e-08,4.898973138438886e-08,6.219632643188941e-08,7.858330234759779e-08,9.882447271635721e-08,1.237165388058085e-07,1.5419774117632344e-07,1.913687305264853e-07,2.3651583860002575e-07,2.9113693538364954e-07,3.569700637255415e-07,4.360250465326392e-07,5.306182649763383e-07,6.43410808535694e-07,7.774501991991767e-07,9.362158926950114e-07,1.1236687591879005e-06,1.344304744446075e-06,1.6032129100272844e-06,1.9061380475460609e-06,2.259548057568246e-06,2.6707062781203695e-06,3.147748941254869e-06,3.699767928537679e-06,4.336898987794507e-06,5.070415563996944e-06,5.9128283867845065e-06,6.877990945908692e-06,7.981210973856973e-06,9.239368042123937e-06,1.0671037364156118e-05,1.2296619883847041e-05,1.4138478713826618e-05,1.6221081972650655e-05,1.857115205428786e-05,2.1217821347489056e-05,2.4192794406264124e-05,2.7530516556297237e-05,3.126834890551508e-05,3.544674971030466e-05,4.010946203226495e-05,4.5303707603714057e-05,5.108038680370574e-05,5.749428462999605e-05,6.460428253648945e-05,7.24735759897826e-05,8.11698975833166e-05,9.07657455325687e-05,0.00010133861736047841,0.00011297124856805323,0.00012575185607244252,0.0001397743861810706,0.00015513876685939104,0.00017195116403771778,0.0001903242416918108,0.00021037742542292192,0.00023223716925224096,0.0002560372253377937,0.0002819189163125441,0.00031003140993772564,0.0003405319957562228,0.0003735863634292633,0.00040936888243171837,0.0004480628827798489,0.0004898609364612558,0.000534965139235463,0.0005835873924714058,0.0006359496846876482,0.0006922843724619448,0.0007528344603763539,0.0008178538796677619,0.0008876077652506963,0.0009623727307925502,0.0010424371415100903,0.0011281013843762772,0.0012196781354164932,0.0013174926237888133,0.0014218828923453879,0.0015332000543755763,0.0016518085462426362,0.0017780863756295838,0.0019124253651202113,0.0020552313225713167,0.002206924615939253,0.002367939718548579,0.0025387261141630655,0.002719748172021562,0.002911485425384527,0.0031144327754505413,0.0033291006887126683,0.00355601538757114,0.0037957190340061325,0.004048769906096485,0.004315742567562833,0.00459722802915258,0.004893833903439591,0.00520618455119264,0.0055349212202191935,0.005880702176233914,0.006244202825690767,0.006626115830500321,0.00702715121454691,0.007448036461929141,0.00788951660687367
0.06482412060301508,,,,,,,,,,,,,,,,,,,,,,,,,,,,,,,,,,,1.1984570270286833e-26,7.948062906565104e-26,4.745189095263191e-25,2.572173299965987e-24,1.2755952428604595e-23,5.827246210648183e-23,2.467324785446577e-22,9.73678257464746e-22,3.599271962406258e-21,1.2520007522603447e-20,4.115152019203065e-20,1.2829186518522124e-19,3.8066435730554433e-19,1.0784142143250757e-18,2.925401758382197e-18,7.618959064921324e-18,1.9097536881938246e-17,4.617520276868203e-17,1.0791775481392505e-16,2.442667670629465e-16,5.364091568140793e-16,1.1447351196648582e-15,2.377696250056965e-15,4.81358997935029e-15,9.510849475243101e-15,1.8363019323959623e-14,3.468524086666085e-14,6.416372666808537e-14,1.1636352507792957e-13,2.07079421315508e-13,3.619382764092101e-13,6.218284977145616e-13,1.0509557305536185e-12,1.748617525440332e-12,2.8661702493899557e-12,4.6311478212198755e-12,7.381105256708394e-12,1.1610524053230455e-11,1.8035056719848673e-11,2.767853162347411e-11,4.198951550318666e-11,6.29958691225626e-11,9.35076615234799e-11,1.373810598285287e-10,1.9985841309133817e-10,2.880027271015818e-10,4.1124810653111285e-10,5.820915422169021e-10,8.169556614409758e-10,1.1372567496722833e-09,1.5707174997011107e-09,2.1529695486758142e-09,2.9294969188349978e-09,3.957977970333592e-09,5.311090383898902e-09,7.0798509890173725e-09,9.377569904693755e-09,1.2344506421853578e-08,1.615332227967772e-08,2.101543641657651e-08,2.71883938480047e-08,3.4984369970692014e-08,4.477994024399544e-08,5.7027253778276606e-08,7.226675778932555e-08,9.114162807540808e-08,1.1441406855912837e-07,1.4298365042746148e-07,1.7790786842105227e-07,2.204250982868442e-07,2.7198014524439106e-07,3.3425257845025704e-07,4.091880508126051e-07,4.990328070438479e-07,6.063715854890559e-07,7.341691209853573e-07,8.858154567402316e-07,1.065175272938165e-06,1.2766414384748125e-06,1.525192989822221e-06,1.8164577375926128e-06,2.1567796968341084e-06,2.553291531475692e-06,3.013992196712792e-06,3.547829955380938e-06,4.16479093568942e-06,4.875993387957037e-06,5.693787787393132e-06,6.631862918396565e-06,7.705358063507878e-06,8.93098140698154e-06,1.0327134749050286e-05,1.1914044612423881e-05,1.371389980742586e-05,1.5750995506507747e-05,1.805188386277787e-05,2.0645531190695413e-05,2.356348171029512e-05,2.6840027839311508e-05,3.051238700037446e-05,3.462088489328555e-05,3.920914516504742e-05,4.4324285393284944e-05,5.001711928149898e-05,5.634236494796255e-05,6.335885917261425e-05,7.112977745641781e-05,7.972285970982646e-05,8.921064141571832e-05,9.96706900421706e-05,0.00011118584651019449,0.00012384447148601228,0.00013774069626015824,0.00015297467796331708,0.0001696528588562794,0.00018788822942091265,0.00020780059496890643,0.0002295168454751768,0.0002531712283349114,0.00027890562373428625,0.000306869822319701,0.0003372218048420627,0.0003701280234490281,0.000405763684292886,0.000444313031117898,0.0004859696294886851,0.0005309366513187055,0.0005794271593566688,0.0006316643912883216,0.000687882043111621,0.0007483245514435798,0.0008132473744204316,0.0008829172708513283,0.0009576125772965959,0.0010376234827339304,0.0011232523004948219,0.0012148137371420754,0.0013126351579791694,0.0014170568488817274,0.0015284322741463447,0.0016471283300639582,0.0017735255939285955,0.0019080185682031094,0.0020510159195694785,0.002202940712601121,0.002364230637805143,0.0025353382337891367,0.002716731103314937,0.002908892123022329,0.00311231964660164,0.0033275277012075025,0.003555046176933366,0.003795421009237102,0.004049214353521523,0.004317004753606846,0.004599387300770091,0.004896973786386367,0.005210392846134437,0.005540290096283648,0.0058873282618655395,0.006252187296622331,0.006635564494656368,0.007038174593699908,0.007460749869930228,0.007904040224285078,0.00836881326022264
0.06532663316582915,,,,,,,,,,,,,,,,,,,,,,,,,,,,,,,,,,,1.9339964986609546e-26,1.2640789938191081e-25,7.443844141330449e-25,3.982882187845201e-24,1.9510158485551968e-23,8.809195957074405e-23,3.688739367113023e-22,1.4403931620367733e-21,5.271237159065545e-21,1.8160924152600002e-20,5.914853567198739e-20,1.8279262515640416e-19,5.378588968652322e-19,1.5115863120786379e-18,4.069106152450902e-18,1.0519894187292897e-17,2.6183230525676195e-17,6.28789398042573e-17,1.4600013898999242e-16,3.283943986416185e-16,7.168026502520406e-16,1.5208138213076334e-15,3.141126908214094e-15,6.324729455673527e-15,1.24313176908387e-14,2.3880535722017287e-14,4.488694708967485e-14,8.264374203939463e-14,1.4919304951379957e-13,2.643279729743669e-13,4.600185352922258e-13,7.870520750775904e-13,1.3248419963059828e-12,2.1957032327966416e-12,3.5853369259324244e-12,5.771831703849862e-12,9.166198109518782e-12,1.4368331935824844e-11,2.2243379315246375e-11,3.4024780828068936e-11,5.145183431037788e-11,7.695146773640039e-11,1.1387608578316852e-10,1.6681187693678888e-10,2.419748713612893e-10,3.4771534950285327e-10,4.951549415385396e-10,6.98984946996849e-10,9.784590573262428e-10,1.3586187905411072e-09,1.8717955492741493e-09,2.5594392874706558e-09,3.4743303055162847e-09,4.683237669706833e-09,6.270095143345898e-09,8.339773288768331e-09,1.1022534510388923e-08,1.4479266208805914e-08,1.8907595848571e-08,2.4549000544564847e-08,3.169703267478189e-08,4.0706791957082966e-08,5.200578330573019e-08,6.610630852853826e-08,8.36195484539657e-08,1.0527150030340011e-07,1.3192094296269348e-07,1.6457961017291232e-07,2.0443475847266396e-07,2.528743228989421e-07,3.1151485891937306e-07,3.822324737497511e-07,4.671969540524243e-07,5.68909299847839e-07,6.90242876735961e-07,8.344883988585829e-07,1.0054029557073872e-06,1.2072632940889638e-06,1.4449235645909794e-06,1.7238777384179456e-06,2.0503268959646904e-06,2.4312515828785657e-06,2.874489422626553e-06,3.3888181667830943e-06,3.984044355313944e-06,4.6710977496657885e-06,5.462131689201736e-06,6.370629512441415e-06,7.411517168504979e-06,8.601282133309815e-06,9.958098729538476e-06,1.15019599346791e-05,1.3254815745970527e-05,1.5240718154833224e-05,1.7485972766827162e-05,2.001929708618737e-05,2.2871985466658643e-05,2.6078080712842914e-05,2.9674552298478135e-05,3.3701481150518985e-05,3.820225092979658e-05,4.322374572160376e-05,4.88165540318429e-05,5.503517896709806e-05,6.193825445991545e-05,6.95887673838843e-05,7.805428538684596e-05,8.740719025469423e-05,9.772491660300968e-05,0.00010909019567894847,0.00012159130404203082,0.00013532231687828325,0.00015038336569077776,0.0001668809000961311,0.00018492795344646307,0.0002046444119854046,0.00022615728723689922,0.00024960099131793827,0.00027511761485595745,0.0003028572071883116,0.0003329780585109995,0.0003656469836413195,0.0004010396070536552,0.00043934064884325807,0.0004807442112719037,0.0005254540655453275,0.0005736839384725814,0.0006256577986566066,0.000681610141865847,0.0007417862752385852,0.0008064425999715476,0.0008758468921503667,0.0009502785813805112,0.001030029026882001,0.0011154017907138065,0.0012067129078070908,0.0013042911524784656,0.0014084783011168388,0.0015196293907310352,0.0016381129730613023,0.0017643113639614716,0.0018986208877695347,0.0020414521163667925,0.0021932301028276726,0.002354394608902547,0.0025254003269245926,0.0027067170950617553,0.0028988301062003816,0.00310224011006827,0.0033174636084159327,0.0035450330430703615,0.00378549697666765,0.004039420265897011,0.0043073842270949115,0.004589986794035389,0.004887842667781839,0.005201583458467418,0.005531857818889342,0.005879331569812197,0.006244687816877667,0.006628627059045166,0.0070318672884860205,0.007455144081864284,0.007899210682956678,0.008364838076564034,0.008852815053687835
0.06582914572864322,,,,,,,,,,,,,,,,,,,,,,,,,,,,,,,,,,4.286457051602769e-27,3.0919271009595787e-26,1.9921588781747772e-25,1.1573613887120186e-24,6.1137668359513014e-24,2.9587246479733283e-23,1.3206340803041606e-22,5.469864319742612e-22,2.1137984741092964e-21,7.659388198293385e-21,2.6140778229522896e-20,8.437426747905243e-20,2.585140300013694e-19,7.544246469036334e-19,2.1035593906264094e-18,5.620020504479525e-18,1.4424517760520398e-17,3.5652514841692855e-17,8.504870551648805e-17,1.9621085637244527e-16,4.386096250396089e-16,9.516871461175347e-16,2.007598851889196e-15,4.123649259324495e-15,8.258818279169945e-15,1.6149268446580332e-14,3.0868492897994465e-14,5.774298707331343e-14,1.0581946565333152e-13,1.901716925259872e-13,3.354627205675718e-13,5.813525516206433e-13,9.90574976811347e-13,1.6608161301801656e-12,2.741929139165181e-12,4.4605348698273934e-12,7.154711440427651e-12,1.132229070573746e-11,1.768728637286466e-11,2.729020578949633e-11,4.1609477300372035e-11,6.272298982059033e-11,9.352082373302787e-11,1.379826846962148e-10,2.015363655529953e-10,2.915167852516479e-10,4.177488135490734e-10,5.932812084033265e-10,8.353035867993888e-10,1.1662834311566469e-09,1.6153657080270538e-09,2.2200837421599482e-09,3.0284365383851005e-09,4.101394759468807e-09,5.515905025384267e-09,7.3684700655199335e-09,9.779390486591945e-09,1.289776247784839e-08,1.6907334574058588e-08,2.203333562612282e-08,2.855039525392689e-08,3.679168725452718e-08,4.7159435599807444e-08,6.013693170807748e-08,7.630222052487615e-08,9.634362151010977e-08,1.2107725881307955e-07,1.5146678263458323e-07,1.886454709385799e-07,2.3394090720273564e-07,2.889024357004842e-07,3.5533160082188065e-07,4.353157810818416e-07,5.312652316795789e-07,6.459537517011561e-07,7.825631932419962e-07,9.447320298714104e-07,1.1366082005981583e-06,1.36290644425523e-06,1.6289703341295246e-06,1.940839220456541e-06,2.3053202809891914e-06,2.7300658739893176e-06,3.2236563798479367e-06,3.7956887085768862e-06,4.456870640375305e-06,5.219121155372479e-06,6.095676896618618e-06,7.101204897402993e-06,8.25192169016688e-06,9.56571889962943e-06,1.1062295407422741e-05,1.2763296159525028e-05,1.469245767119355e-05,1.687576026709671e-05,1.9341587076786124e-05,2.212088978795747e-05,2.5247361141709586e-05,2.8757614136163198e-05,3.2691367885970686e-05,3.709164006747807e-05,4.20049458607305e-05,4.7481503281583605e-05,5.357544477933551e-05,6.034503495978627e-05,6.785289425965138e-05,7.61662284406592e-05,8.535706363693856e-05,9.550248682173625e-05,0.0001066848914259312,0.00011899222788533655,0.0001325182588639162,0.00014736281888761758,0.00016363207811305905,0.00018143880994245256,0.00020090266218621424,0.0002221504314646688,0.00024531634053134735,0.0002705423181928021,0.0002979782814913105,0.0003277824198129066,0.00036012148057485083,0.0003951710561454725,0.00043311587164244423,0.0004741500732555044,0.0005184775167360129,0.0005663120556957627,0.0006178778293568115,0.0006734095493948794,0.0007331527855202748,0.0007973642494428733,0.0008663120768694107,0.0009402761071874492,0.0010195481604919601,0.0011044323116162996,0.001195245160838855,0.0012923161009331073,0.0013959875802500282,0.001506615361514196,0.0016245687760341888,0.0017502309730283478,0.0018839991637832937,0.002026284860362446,0.0021775141086025074,0.00233812771512889,0.0025085814681599173,0.0026893463518382487,0.0028809087538852296,0.003083770666345402,0.003298449879223423,0.003525480166815479,0.0037654114665595347,0.0040188100502142575,0.004286258687233802,0.004568356800162644,0.004865720611929482,0.005178983284907156,0.005508795051624916,0.005855823337032168,0.006220752872211985,0.006604285799478594,0.007007141768771498,0.0074300580252994785,0.007873789488378103,0.00833910882142419,0.008826806493081877,0.00933769082945785
0.06633165829145729,,,,,,,,,,,,,,,,,,,,,,,,,,,,,,,,,,6.89126332591452e-27,4.896983310450677e-26,3.1109558210620047e-25,1.7834046087706606e-24,9.302800491318984e-24,4.448581372363892e-23,1.96325940741608e-22,8.044443909936726e-22,3.0770561776000785e-21,1.104155116626683e-20,3.733496076388071e-20,1.19440596407296e-19,3.6286256916618375e-19,1.0503890750877027e-18,2.9061319313232873e-18,7.706643025993606e-18,1.9639363460765352e-17,4.821021694256932e-17,1.142499946383219e-16,2.6191543620440316e-16,5.819284492535356e-16,1.255269650893261e-15,2.633078664767701e-15,5.378985781593932e-15,1.0716462907485508e-14,2.0848752954451125e-14,3.965620227348812e-14,7.383027017781928e-14,1.3468147028920584e-13,2.409680802315446e-13,4.232436963969187e-13,7.30426904214104e-13,1.239570234859088e-12,2.0701655698579005e-12,3.4047893591947213e-12,5.5184863237933965e-12,8.820040306811416e-12,1.3909213727634563e-11,2.1655183016994643e-11,3.330278863137413e-11,5.061488821335529e-11,7.606108429171391e-11,1.1306542762550327e-10,1.6632840701258095e-10,2.4224165743389247e-10,3.4941737940399536e-10,4.993584883036963e-10,7.073000236476676e-10,9.932573596059733e-10,1.3833222782324004e-09,1.9112539973884254e-09,2.6204187801974388e-09,3.566138777932583e-09,4.818518250870447e-09,6.465823240720049e-09,8.61849909388189e-09,1.1413918908817244e-08,1.5021964946830576e-08,1.965155423958054e-08,2.5558228977902727e-08,3.305294169736143e-08,4.251217470479238e-08,5.438954252915496e-08,6.922903534006182e-08,8.768007016589869e-08,1.1051452526874948e-07,1.3864594108913458e-07,1.7315107872893554e-07,2.1529403374530628e-07,2.6655310927853955e-07,3.2865065781524737e-07,4.035861053963966e-07,4.936723755973137e-07,6.015759331208543e-07,7.303606682988274e-07,8.835358441513746e-07,1.065108326761355e-06,1.279639318060849e-06,1.5323058063365317e-06,1.8289669461741918e-06,2.1762355733796145e-06,2.5815550539550062e-06,3.0532816582265536e-06,3.6007726421168134e-06,4.2344802074225514e-06,4.966051501676949e-06,5.8084348059405955e-06,6.775992045636483e-06,7.884617745422847e-06,9.151864534181648e-06,1.0597075290475738e-05,1.2241522002442155e-05,1.4108551399206537e-05,1.622373739324806e-05,1.8615040355394482e-05,2.1312973225759095e-05,2.435077444542543e-05,2.7764587674994328e-05,3.159364824734296e-05,3.588047628304057e-05,4.067107637834367e-05,4.601514375693873e-05,5.196627675835214e-05,5.858219551802021e-05,6.592496667620882e-05,7.406123393589109e-05,8.306245427308387e-05,9.300513958668703e-05,0.00010397110356014838,0.00011604771349120996,0.00012932814683356308,0.00014391165217919564,0.00015990381439902782,0.000177416823646965,0.00019656974792196317,0.000217488808872738,0.00024030766052023482,0.0002651676705659203,0.00029221820394508387,0.0003216169082796479,0.0003535300008784058,0.0003881325569289064,0.0004256087985208896,0.0004661523841395998,0.0005099666982643944,0.0005572651407078996,0.0006082714153308903,0.0006632198177685532,0.0007223555218059518,0.0007859348640424786,0.0008542256264881615,0.000927507316740026,0.0010060714453888138,0.0010902218003135916,0.0011802747175296369,0.0012765593482525943,0.001379417921865417,0.001489206004463421,0.001606292752675982,0.001731061162460678,0.0018639083125894843,0.002005245602533968,0.002155498984491743,0.0023151091892828503,0.002484531945880105,0.002664238194314712,0.00285471429175247,0.003056462211505539,0.0032699997347791585,0.003495860634970627,0.003734594854314145,0.003986768672730096,0.004252964868692472,0.0045337828719862645,0.004829838908209963,0.005141766134901255,0.005470214769173474,0.005815852206763654,0.006179363132397083,0.006561449621399783,0.006962831232482895,0.007384245091647753,0.00782644596716707,0.008290206335604854,0.00877631643885486,0.009285584332181481,0.009818835923263632
0.06683417085427136,,,,,,,,,,,,,,,,,,,,,,,,,,,,,,,,,,1.0972163234310776e-26,7.682787254180862e-26,4.813341712447795e-25,2.723333386883703e-24,1.403042801492194e-23,6.630845645762333e-23,2.8938583950497354e-22,1.1732490620789242e-21,4.442719209481287e-21,1.5789609500487137e-20,5.2902830870247195e-20,1.6777139319598594e-19,5.054516528526318e-19,1.451499561391161e-18,3.985281407443889e-18,1.0491179645408446e-17,2.6548004694377357e-17,6.473082546974957e-17,1.5240907458155772e-16,3.4722155121112115e-16,7.66846318496265e-16,1.6446197254257444e-15,3.430625422041879e-15,6.970713895671856e-15,1.381584864759944e-14,2.6744410987154816e-14,5.062494844047238e-14,9.381200796125443e-14,1.7036048392420052e-13,3.034735865182828e-13,5.307775525488836e-13,9.122564837848705e-13,1.5419997778017261e-12,2.5653319016345176e-12,4.203432029119005e-12,6.788234482525521e-12,1.0811257894244534e-11,1.6991071959357288e-11,2.636540814184469e-11,4.0415488930726417e-11,6.123202444699608e-11,9.173454091275143e-11,1.3595829767125428e-10,1.994260517413443e-10,2.896253722978636e-10,4.1661611995813147e-10,5.937971105530909e-10,8.388658983236412e-10,1.1750110509953543e-09,1.632382253733665e-09,2.24989006759532e-09,3.0773941694901983e-09,4.1783463948320186e-09,5.632962862052864e-09,7.542007841874802e-09,1.0031280796853475e-08,1.3256907102540903e-08,1.7411542306872364e-08,2.273160931785112e-08,2.9505697552979837e-08,3.8084262753221616e-08,4.8890775770859184e-08,6.243447809125829e-08,7.932491104874387e-08,1.002883945491205e-07,1.261866395181744e-07,1.5803768617540287e-07,1.9703936742619294e-07,2.445955032584866e-07,3.0234503763154184e-07,3.721943342392282e-07,4.5635285134316624e-07,5.573724187068009e-07,6.781903414003847e-07,8.221765558507061e-07,9.931850629404034e-07,1.1956098611858944e-06,1.4344456000212965e-06,1.7153531689771798e-06,2.044730433064841e-06,2.4297883179683593e-06,2.8786324407257516e-06,3.400350472475028e-06,4.005105409574339e-06,4.704234918060298e-06,5.5103569039582076e-06,6.437481448569822e-06,7.5011292334879e-06,8.718456564889983e-06,1.01083870906474e-05,1.1691750287087469e-05,1.3491426774900388e-05,1.553250050580436e-05,1.7842417843274862e-05,2.0451153541926238e-05,2.3391383611165e-05,2.6698665029630436e-05,3.0411622257592344e-05,3.45721404753835e-05,3.922556545654405e-05,4.4420909965583866e-05,5.0211066551246655e-05,5.6653026587919266e-05,6.38081053996347e-05,7.174217328346805e-05,8.052589223233017e-05,9.023495814016774e-05,0.00010095034825734122,0.00011275857364827673,0.00012575193638953705,0.00014002879123233429,0.00015569381144133924,0.00017285825850929713,0.00019164025543560176,0.00021216506325066677,0.0002345653604367282,0.0002589815249594732,0.0002855619184758331,0.00031446317245344515,0.00034585047579057635,0.00037989786359146486,0.000416788506729055,0.0004567150018257511,0.000499879661281385,0.0005464948029793726,0.0005967830392977317,0.0006509775650556841,0.0007093224440290865,0.000772072893666721,0.000839495567647926,0.0009118688359213994,0.0009894830618742232,0.001072640876282111,0.0011616574476999851,0.001256860748961237,0.0013585918194531968,0.0014672050228562855,0.001583068300032349,0.0017065634167630443,0.0018380862060438353,0.001978046804655634,0.0021268698837383993,0.0022849948731066562,0.0024528761790557933,0.002630983395425407,0.0028198015076783428,0.0030198310897933465,0.0032315884937590706,0.0034556060314737385,0.0036924321488769063,0.003942631592137647,0.004206785565743561,0.004485491882341838,0.004779365104214704,0.005089036676238418,0.005415155050245998,0.0057583858006791735,0.006119411731445297,0.006498932973912872,0.00689766707596384,0.0073163490820899275,0.00775573160442409,0.008216584884760979,0.008699696847478013,0.009205873143384306,0.009735937184486438,0.010290730169693679
0.06733668341708543,,,,,,,,,,,,,,,,,,,,,,,,,,,,,,,,,,1.7298970495412332e-26,1.1938208081689655e-25,7.377679905542929e-25,4.120568162809361e-24,2.0970751910243448e-23,9.79666897821416e-23,4.2287436232041814e-22,1.696631913805168e-21,6.361080897128625e-21,2.2394613573155907e-20,7.435880175026356e-20,2.3379261687475184e-19,6.985832383405837e-19,1.9903823595948844e-18,5.4238185203034106e-18,1.4175338082888776e-17,3.562312181906486e-17,8.628247303697823e-17,2.0185843153310054e-16,4.570609474572846e-16,1.0034780025641498e-15,2.139893699113505e-15,4.439326758180031e-15,8.972702704059494e-15,1.769320138638521e-14,3.408169447533661e-14,6.420732686074281e-14,1.1843476957446752e-13,2.1411938769697036e-13,3.7978406725037673e-13,6.614796889080748e-13,1.1323108475309149e-12,1.9064778828259406e-12,3.159667086526294e-12,5.158237592409145e-12,8.300433403079703e-12,1.3173822496723445e-11,2.0634364672497754e-11,3.191397041545128e-11,4.876517068151643e-11,7.365360890932234e-11,1.10011528423214e-10,1.625682963230071e-10,2.377773125543727e-10,3.4436243065177144e-10,4.940112910647472e-10,7.022477603736608e-10,9.89520994982668e-10,1.3825545150335108e-09,1.9160050819699628e-09,2.634488116127665e-09,3.5950338483147892e-09,4.870046348798338e-09,6.550845980015908e-09,8.751884631961818e-09,1.1615732266695836e-08,1.5318942757833067e-08,2.0078916690947086e-08,2.616188861295335e-08,3.38921760975207e-08,4.3662837838918044e-08,5.5947897703380384e-08,7.13163011571256e-08,9.044777965356544e-08,1.1415080729885271e-07,1.4338284232400235e-07,1.7927305347823073e-07,2.2314773832311142e-07,2.7655864646612545e-07,3.4131442593549785e-07,4.195154150930069e-07,5.135920056321705e-07,6.263468042588053e-07,7.61000821542442e-07,9.212439161182006e-07,1.1112897208780712e-06,1.3359352749813402e-06,1.6006255814538184e-06,1.9115233047810614e-06,2.275583816296494e-06,2.70063578727867e-06,3.195467520597025e-06,3.769919201435895e-06,4.434981236203602e-06,5.2028988361983e-06,6.087282989038909e-06,7.103227946328766e-06,8.267435340584654e-06,9.598345028214577e-06,1.1116272738324892e-05,1.2843554589496084e-05,1.480469851844355e-05,1.7026542645822478e-05,1.9538420585317135e-05,2.237233368282962e-05,2.5563130153093756e-05,2.914869106113568e-05,3.317012307671666e-05,3.767195790997496e-05,4.270235831709516e-05,4.831333054581977e-05,5.4560943071592206e-05,6.150555145818249e-05,6.921202914660661e-05,7.775000400101929e-05,8.71941003388383e-05,9.762418626177227e-05,0.00010912562600462227,0.00012178953704622185,0.00013571305170063626,0.00015099958289603973,0.000167759093835494,0.00018610837122335,0.00020617130173066397,0.0002280791513631406,0.0002519708473877808,0.00027799326246516384,0.00030630150063080367,0.0003370591847603574,0.00037043874515123445,0.00040662170884907234,0.0004457989893446678,0.00048817117626567954,0.0005339488246870916,0.0005833527436840185,0.0006366142837519727,0.0006939756227220124,0.0007556900498004337,0.0008220222473660911,0.0008932485701654163,0.0009696573215448828,0.0010515490263731198,0.00113923670030642,0.0012330461150612782,0.0013333160593629525,0.0014403985952510896,0.001554659309426164,0.0016764775593411105,0.0018062467137321995,0.0019443743873197392,0.0020912826693961373,0.002247408346043251,0.002413203115727588,0.002589133798035079,0.002775682535313464,0.0029733469870129405,0.003182640516515118,0.003404092370260542,0.003638247848996434,0.0038856684709740906,0.004146932126893883,0.0044226332267953816,0.004713382837738446,0.0050198088138617165,0.005342555917007212,0.005682285928838597,0.006039677754030764,0.006415427514507328,0.006810248634666597,0.0072248719175504305,0.007660045611913805,0.008116535470183695,0.008595124797256633,0.009096614490189068,0.00962182306872712,0.010171586696731289,0.010746759194496115
0.0678391959798995,,,,,,,,,,,,,,,,,,,,,,,,,,,,,,,,,3.520811337062797e-27,2.700172242285731e-26,1.8369449472514085e-25,1.1199991396852497e-24,6.176200319973122e-24,3.1055875554601386e-23,1.434330433545129e-22,6.124596010239513e-22,2.4321159124598663e-21,9.029758271567337e-21,3.1494868245742e-20,1.0364967575441996e-19,3.231329041186157e-19,9.577389827385112e-19,2.707679354858324e-18,7.323874884290064e-18,1.9005469937992114e-17,4.74365099681564e-17,1.1414515477785448e-16,2.6536738034015173e-16,5.972355732904189e-16,1.3036155413435972e-15,2.7643796823932216e-15,5.703940847324154e-15,1.1468785477858861e-14,2.250174776957432e-14,4.313422626822864e-14,8.088126141823405e-14,1.4851590161201847e-13,2.6732816439557225e-13,4.721520760732729e-13,8.18986306824291e-13,1.396357242611871e-12,2.3419984334333432e-12,3.866970857826009e-12,6.290051108902869e-12,1.0086099202342459e-11,1.5953216746499017e-11,2.490485453866383e-11,3.839466291670911e-11,5.848383615340968e-11,8.806302190643289e-11,1.3114358569008405e-10,1.9323617436551141e-10,2.818381449300135e-10,4.070555448307575e-10,5.823899721829813e-10,8.257258272766464e-10,1.1605592023556928e-09,1.6175159488108842e-09,2.236213305088496e-09,3.0675268510865657e-09,4.176332452347908e-09,5.644801236926642e-09,7.576334466771846e-09,1.0100234369415516e-08,1.3377216531125614e-08,1.7605879227110368e-08,2.303025503729356e-08,2.994858013635945e-08,3.872342670027086e-08,4.979335382017816e-08,6.368624206504675e-08,8.103448628960541e-08,1.0259223030826635e-07,1.2925483563041585e-07,1.62080784327509e-07,2.0231622335665975e-07,2.5142236405744483e-07,3.111059560623371e-07,3.8335305940424354e-07,4.704663420966667e-07,5.751061328414004e-07,7.00335459717583e-07,8.496693056902652e-07,1.0271283104965871e-06,1.2372971459034357e-06,1.4853877874629171e-06,1.7773079007163461e-06,2.1197345533133176e-06,2.520193456750643e-06,2.9871439323924412e-06,3.5300697861789723e-06,4.159576264974963e-06,4.8874932549318765e-06,5.7269848686558705e-06,6.692665552767537e-06,7.800722833681895e-06,9.069046799386041e-06,1.0517366402233928e-05,1.2167392646327492e-05,1.4042968706385547e-05,1.617022700538539e-05,1.8577753259112988e-05,2.129675747591814e-05,2.4361251880146653e-05,2.7808235707697964e-05,3.167788680208444e-05,3.601375991943798e-05,4.0862991631114776e-05,4.627651169294524e-05,5.2309260730952857e-05,5.9020414074665006e-05,6.647361155061158e-05,7.473719303100706e-05,8.388443951527472e-05,9.399381950602326e-05,0.00010514924042462687,0.00011744030479711832,0.0001309625709274774,0.0001458178177606508,0.0001621143136270353,0.00017996708854757672,0.0001994982097688178,0.00022083706018728982,0.00024412061931505563,0.0002694937464294567,0.00029710946554485385,0.00032712925183804673,0.0003597233191554418,0.0003950709082247084,0.0004333605751939549,0.0004747904801174912,0.0005195686750022046,0.0005679133910771911,0.0006200533247789499,0.000676227922290675,0.0007366876620470306,0.0008016943349641445,0.0008715213219853998,0.0009464538685915593,0.0010267893559202427,0.0011128375681468134,0.0012049209557916938,0.0013033748946156061,0.0014085479397877162,0.0015208020750066122,0.0016405129562740706,0.0017680701500235917,0.0019038773653253188,0.002048352679888977,0.0022019287596046827,0.0023650530713757514,0.0025381880889968314,0.0027218114918541336,0.00291641635627332,0.0031225113390552514,0.0033406208537607,0.0035712852383209697,0.0038150609150544423,0.004072520542186467,0.0043442531569849886,0.004630864310343568,0.004932976192702353,0.005251227751197257,0.005586274797950168,0.0059387901094241895,0.006309463516760064,0.006699001987068672,0.007108129695603009,0.007537588088799909,0.007988135938160893,0.008460549384957482,0.008955621975775109,0.0094741646888902,0.01001700595151225,0.010584991647912,0.011178985118485111
0.06834170854271357,,,,,,,,,,,,,,,,,,,,,,,,,,,,,,,,,5.521132044403222e-27,4.1712992091500834e-26,2.7980352856729123e-25,1.683456049969519e-24,9.167548879792474e-24,4.55531192628802e-23,2.0803551722379462e-22,8.78881289767697e-22,3.4548827607920406e-21,1.2703876375769674e-20,4.390464720000188e-20,1.4323025336825628e-19,4.428095885407265e-19,1.3020072264507043e-18,3.652958286416779e-18,9.808686832685797e-18,2.527571412833507e-17,6.266379782857036e-17,1.4981574520311092e-16,3.4614133966465656e-16,7.743925627867172e-16,1.6806309591467914e-15,3.544215889768867e-15,7.274186314240792e-15,1.4551118513770974e-14,2.8408153338269684e-14,5.4196442487130055e-14,1.0115541594058842e-13,1.8491560175756364e-13,3.314120667841558e-13,5.828932881022763e-13,1.0069896495403618e-12,1.7101770939885752e-12,2.8574572783694086e-12,4.7007016726034955e-12,7.618902421215397e-12,1.217456945854846e-11,1.9191746014015484e-11,2.986262011674193e-11,4.5891526392955786e-11,6.968729952586319e-11,1.0461749714015904e-10,1.553409935843548e-10,2.2823889256101047e-10,3.319676482034194e-10,4.781627486876886e-10,6.823263258428246e-10,9.649376243770514e-10,1.3528314017063746e-09,1.880896035475952e-09,2.594150377952837e-09,3.550266197076357e-09,4.822611351987786e-09,6.503897626755093e-09,8.710526339549936e-09,1.1587734395768694e-08,1.531565329359351e-08,2.0116403637870058e-08,2.6262357903009846e-08,3.4085714373681535e-08,4.3989535358546426e-08,5.646041272734598e-08,7.208293353304819e-08,9.155612780030939e-08,1.15712089397494e-07,1.4553696915459257e-07,1.8219454693753624e-07,2.2705259614774659e-07,2.817122599843116e-07,3.4804066370292645e-07,4.282069909494765e-07,5.247222549657504e-07,6.404829969974729e-07,7.788191445338155e-07,9.43546261023866e-07,1.13902241642529e-06,1.3702099043194267e-06,1.64274202637074e-06,1.9629951586591794e-06,2.338166306450814e-06,2.7763563462800787e-06,3.286659141600449e-06,3.879256709912658e-06,4.565520604273585e-06,5.358119659630837e-06,6.2711342393733046e-06,7.320177101832084e-06,8.52252098993721e-06,9.89723302981198e-06,1.1465316006088465e-05,1.3249856562973934e-05,1.5276180360900278e-05,1.7572014199059948e-05,2.0167655093931465e-05,2.309614628406204e-05,2.6393460110767797e-05,3.009868770422508e-05,3.425423538418673e-05,3.8906027664317556e-05,4.41037167294328e-05,4.990089823526819e-05,5.6355333261377734e-05,6.352917622912862e-05,7.14892085786342e-05,8.030707798116175e-05,9.00595428467346e-05,0.00010082872187072944,0.00011270234834803676,0.00012577402896924944,0.00014014350679948613,0.00015591692812856004,0.00017320711286931812,0.00019213382816998028,0.00021282406489833022,0.00023541231664463838,0.00026004086088229504,0.0002868600419415542,0.00031602855535898297,0.0003477137333386488,0.00038209183083384105,0.00041934831193629694,0.0004596781361652719,0.0005032860442804943,0.0005503868432316281,0.0006012056898671687,0.0006559783730204094,0.0007149515935999532,0.0007783832423102162,0.0008465426746370851,0.0009197109827357464,0.0009981818556679834,0.001082258885036374,0.0011722617434830032,0.0012685205227111061,0.001371378943711783,0.001481194011082645,0.0015983362537292135,0.0017231899598622643,0.0018561534059975513,0.0019976390797474732,0.0021480738957909357,0.0023078994058021223,0.0024775720003908067,0.0026575631045448935,0.002848359365319539,0.0030504628319346994,0.0032643911280289643,0.0034906776159047996,0.003729871552590982,0.003982538237587709,0.004249259152138999,0.004530632089922908,0.004827271279038323,0.0051398074951921665,0.005468888165997809,0.005815177466311493,0.006179356404538196,0.006562122899866009,0.006964191850374274,0.007386295192001544,0.007829181948347851,0.008293618271304919,0.008780387472523724,0.009290290045728698,0.009824143679905441,0.0103827832634097,0.010967060878996853,0.011577845789894028
0.06884422110552764,,,,,,,,,,,,,,,,,,,,,,,,,,,,,,,,,8.563167653648008e-27,6.374808186967011e-26,4.217115749770123e-25,2.5042370772864028e-24,1.3469586217588363e-23,6.615107643941344e-23,2.9877313347479107e-22,1.2490115193429648e-21,4.861050138701622e-21,1.7705381390161297e-20,6.063848193234763e-20,1.9612106208231766e-19,6.013516682096063e-19,1.754308415214333e-18,4.8850269426533695e-18,1.3022728288183983e-17,3.332681952645176e-17,8.207841252064415e-17,1.9498743373820264e-16,4.477627069260294e-16,9.958708299474e-16,2.1491063713833195e-15,4.507548497452891e-15,9.202913904258076e-15,1.8316370468968807e-14,3.558486039326934e-14,6.756867377547966e-14,1.2554098124680505e-13,2.284849709543046e-13,4.077582943779694e-13,7.1422263390636e-13,1.228956333090641e-12,2.0790913954957012e-12,3.460867338903099e-12,5.6727013308066506e-12,9.16196790684821e-12,1.459029652544049e-11,2.292356791966652e-11,3.555445928671763e-11,5.446739367207037e-11,8.245813062159202e-11,1.234230328454773e-10,1.8273629504233285e-10,2.677371610628264e-10,3.883534150484876e-10,5.578922365931335e-10,7.940348784467678e-10,1.1200775694616432e-09,1.566467568576601e-09,2.1726903916414913e-09,2.9895718859513872e-09,4.082067011321546e-09,5.532615864802953e-09,7.445156611448143e-09,9.949894498597584e-09,1.3208935968478e-08,1.7422907256246922e-08,2.2838684791876976e-08,2.9758383132197763e-08,3.854974024232721e-08,4.9658070333386255e-08,6.361994818229774e-08,8.10788065218568e-08,1.0280263485605355e-07,1.2970397692441266e-07,1.628624318441523e-07,2.035498710878222e-07,2.532585896426116e-07,3.137326149487345e-07,3.8700240140943104e-07,4.7542314133695814e-07,5.817169250803526e-07,7.090189837152264e-07,8.609282470203514e-07,1.0415624474827346e-06,1.2556179977416763e-06,1.5084348641946862e-06,1.8060666534301612e-06,2.155356120755507e-06,2.564016301364011e-06,3.040717454654859e-06,3.5951800009454643e-06,4.23827361734408e-06,4.98212264593408e-06,5.840217952724778e-06,6.827535360149848e-06,7.960660759287187e-06,9.257921990553543e-06,1.0739527563466676e-05,1.2427712267247302e-05,1.4346889704708384e-05,1.652381176211569e-05,1.8987735007489855e-05,2.177059398956824e-05,2.4907181389017837e-05,2.843533495309005e-05,3.2396131124240595e-05,3.683408525306513e-05,4.179735826572647e-05,4.733796963626433e-05,5.351201649502288e-05,6.037989868523839e-05,6.800654956196996e-05,7.646167231056796e-05,8.581998153763998e-05,9.616144989729896e-05,0.00010757155944822366,0.00012014155748715964,0.00013396871654020484,0.0001491565982042272,0.0001658153205148338,0.00018406182850452056,0.00020402016760738144,0.00022582175955679473,0.0002496056804152917,0.0002755189403704015,0.0003037167649221012,0.00033436287708676964,0.00036762978023612637,0.00040369904118887716,0.0004427615731710445,0.00048501791826051225,0.0005306785289322597,0.0005799640483218308,0.0006331055888274741,0.0006903450086745802,0.0007519351860698809,0.0008181402905791796,0.0008892360513642945,0.0009655100219290662,0.0010472618410084563,0.001134803489352036,0.0012284595418221983,0.0013285674148179262,0.0014354776085766829,0.001549553943815535,0.001671173792828171,0.0018007283044667209,0.0019386226228449922,0.002085276099482527,0.002241122498645729,0.0024066101956509377,0.0025822023679065572,0.0027683771784807044,0.0029656279520032234,0.003174463342709913,0.0033954074944616487,0.0036290001925749155,0.003875797007321726,0.004136369428959636,0.0044113049941763745,0.004701207403831253,0.0050066966319117,0.0053284090256060235,0.005666997396430982,0.006023131102350487,0.006397496120839439,0.006790795112857417,0.007203747477704431,0.007637089398750737,0.008091573880040972,0.008567970773757103,0.009067066798605597,0.009589665549109403,0.010136587495875983,0.01070866997686904,0.011306767179759964,0.011931750115419495
0.06934673366834171,,,,,,,,,,,,,,,,,,,,,,,,,,,,,,,,,1.312774372306342e-26,9.631748559637138e-26,6.2850325836856045e-25,3.684352902820831e-24,1.957696034965138e-23,9.504282844864247e-23,4.245990494336116e-22,1.7567189645654216e-21,6.77001137300853e-21,2.4428491413405242e-20,8.292117682095279e-20,2.6591776061342236e-19,8.087708881966171e-19,2.3411731531386736e-18,6.471003669375038e-18,1.7128561884678893e-17,4.3536709680919195e-17,1.0652565082317289e-16,2.5148312300678833e-16,5.740290872609739e-16,1.2693265823686218e-15,2.724003037840373e-15,5.68275655178469e-15,1.1542442895639976e-14,2.2858395918975574e-14,4.4195856579798596e-14,8.353023669751954e-14,1.5450205847024112e-13,2.7997664780861157e-13,4.975585385370592e-13,8.679825560364021e-13,1.4876674079676623e-12,2.5071964301834946e-12,4.158110501258492e-12,6.791190047624988e-12,1.0930399728338427e-11,1.7347906891939552e-11,2.716710166174972e-11,4.200238262239028e-11,6.414666847834585e-11,9.682019353300389e-11,1.444971829783518e-10,2.13330519995386e-10,3.116985441483621e-10,4.509026882848448e-10,6.46049791868388e-10,9.171586379193296e-10,1.2905365558685982e-09,1.8004788118495035e-09,2.4913509596172836e-09,3.4201223273906457e-09,4.659427335645622e-09,6.301240334741849e-09,8.461259064994977e-09,1.1284101609835751e-08,1.494943176513936e-08,1.9679137989380184e-08,2.574570145940351e-08,3.348189911244274e-08,4.3291997823043535e-08,5.5664605924727685e-08,7.118735803371488e-08,9.056361845354426e-08,1.1463139722348641e-07,1.4438468101045478e-07,1.8099738842868085e-07,2.258501659001843e-07,2.8056024574967875e-07,3.4701459276930117e-07,4.2740656891425325e-07,5.242763480286592e-07,6.405553134904289e-07,7.796146713604719e-07,9.453185099795632e-07,1.1420815339564563e-06,1.3749316961135282e-06,1.6495779452005526e-06,1.972483300064806e-06,2.350943452483715e-06,2.7931710910800786e-06,3.308386127656165e-06,3.906911994992048e-06,4.600278171673647e-06,5.401329074958789e-06,6.324339447091144e-06,7.38513634392834e-06,8.601227817404855e-06,9.99193836512103e-06,1.157855120165274e-05,1.3384457386685954e-05,1.5435311825319523e-05,1.775919613567165e-05,2.0386788358394578e-05,2.3351539462270042e-05,2.6689856579188047e-05,3.0441292881347486e-05,3.4648743993434166e-05,3.935865080901166e-05,4.462120857189952e-05,5.049058204103315e-05,5.702512656680959e-05,6.428761486574461e-05,7.234546927389539e-05,8.127099923913836e-05,9.114164379672066e-05,0.00010204021875682813,0.00011405516831844522,0.00012728082081319783,0.00014181764824658619,0.00015777252937415297,0.00017525901587586514,0.00019439760138749462,0.0002153159929739782,0.00023814938470546464,0.0002630407329638989,0.00029014103312820135,0.00031960959719887813,0.0003516143320875847,0.0003863320180844355,0.0004239485871815855,0.00046465940085093185,0.0005086695269051826,0.0005561940149804794,0.000607458170507633,0.000662697826386209,0.0007221596124012323,0.000786101221769984,0.0008547916745414127,0.0009285115774822844,0.001007553380105146,0.0010922216264984143,0.0011828332026319185,0.0012797175788112575,0.0013832170469795723,0.0014936869525572273,0.0016114959205346428,0.0017370260755361655,0.001870673255592124,0.002012847219354918,0.0021639718465248825,0.002324485331243506,0.0024948403682481806,0.0026755043315622585,0.0028669594455488115,0.003069702948128608,0.0032842472459986174,0.003511120061707744,0.003750864572418547,0.0040040395402623705,0.004271219434133771,0.004552994542846436,0.004849971079545529,0.005162771277300152,0.005492033475807961,0.005838412199159245,0.006202578224609794,0.006585218642342544,0.0069870369061861655,0.007408752875288614,0.007851102846744347,0.008314839579189026,0.008800732307383957,0.009309566747823217,0.009842145095408372,0.010399286011225405,0.010981824601539547,0.011590612387977777,0.01222651726910474
0.06984924623115579,,,,,,,,,,,,,,,,,,,,,,,,,,,,,,,,,1.9874991405133364e-26,1.4374583477273815e-25,9.254164545561873e-25,5.356305505188344e-24,2.8121001829152004e-23,1.3497967418036834e-22,5.965561846321157e-22,2.4430804396655067e-21,9.32416306303368e-21,3.333555613836953e-20,1.1216517373527648e-19,3.5669666123655165e-19,1.0762219053050188e-18,3.0916400971147057e-18,8.483020350761522e-18,2.229761447949628e-17,5.629612040935201e-17,1.368615285004317e-16,3.211087857390342e-16,7.286159019397701e-16,1.6019859408127223e-15,3.4190626210990228e-15,7.095140931738315e-15,1.433790710419936e-14,2.8255233487619315e-14,5.437192830415118e-14,1.0229348052021858e-13,1.8837228192608067e-13,3.398967984198481e-13,6.015515970829913e-13,1.0452040591083702e-12,1.784483443080034e-12,2.9961546457495593e-12,4.95098101076548e-12,8.057649748873895e-12,1.2924434988273114e-11,2.0444634907349257e-11,3.191348064682884e-11,4.918621691153953e-11,7.488943891151211e-11,1.1270057846176293e-10,1.6771370274932344e-10,2.469135585302558e-10,3.597840940731756e-10,5.190825471859836e-10,7.418156195338902e-10,1.0504602766629993e-09,1.4744783222585069e-09,2.0521810870332765e-09,2.833008329699482e-09,3.8802937413614005e-09,5.2745982359217675e-09,7.117701447368374e-09,9.537351478838706e-09,1.269288288685619e-08,1.678182305607575e-08,2.204761743586609e-08,2.878861447305586e-08,3.736846138199599e-08,4.8228072036002067e-08,6.189933813139172e-08,7.902076425443972e-08,1.0035521645863814e-07,1.2680998232329368e-07,1.5945934810569393e-07,1.9956990541297735e-07,2.4862880570844393e-07,3.0837518583793075e-07,3.8083499153223374e-07,4.6835942843711006e-07,5.736672715789185e-07,6.998912642398119e-07,8.506288359457887e-07,1.0299973666280617e-06,1.2426942200991577e-06,1.4940617642459335e-06,1.7901575892310577e-06,2.137830126000861e-06,2.544799858588965e-06,3.019746312579873e-06,3.5724009901670517e-06,4.213646408997203e-06,4.955621387673462e-06,5.811832705371909e-06,6.797273246699496e-06,7.928546725680266e-06,9.22399906475289e-06,1.0703856485967585e-05,1.2390370352282004e-05,1.4307968777100904e-05,1.6483414999898478e-05,1.894597250683715e-05,2.1727576849385506e-05,2.486301410401502e-05,2.8390105882084897e-05,3.234990078914215e-05,3.678687220747746e-05,4.174912225719075e-05,4.728859177140836e-05,5.346127610243867e-05,6.032744655677929e-05,6.795187723969991e-05,7.640407707254444e-05,8.575852672985562e-05,9.60949202278909e-05,0.00010749841088154456,0.00012005986133277063,0.00013387609734178462,0.00014905016501889117,0.00016569159116624365,0.00018391664638744656,0.000203848610615284,0.00022561804069998816,0.0002493630396938234,0.0002752295274636048,0.00030337151225569975,0.00033395136283843007,0.00036714008084153335,0.0004031175729127154,0.00044207292231065255,0.00048420465955454093,0.0005297210317523164,0.0005788402702318262,0.0006317908561030447,0.0006888117833840296,0.0007501528193277578,0.0008160747615943497,0.0008868496919166308,0.0009627612259207426,0.0010441047587620817,0.0011311877062574558,0.0012243297411898377,0.0013238630244840875,0.0014301324309563426,0.0015434957693489719,0.001664323996379234,0.001793001424535018,0.0019299259233698835,0.0020755091140542132,0.0022301765569568257,0.002394367932041795,0.00256853721187899,0.002753152827074248,0.0029486978239500737,0.003155670014304639,0.0033745821171041845,0.0036059618919635585,0.003850352264299083,0.00410831144203013,0.00438041302373823,0.004667246098187219,0.004969415335139689,0.005287541067396586,0.0056222593640135685,0.005974222094661259,0.006344096985076527,0.006732567663633012,0.00714033369897505,0.007568110628760256,0.008016629979506461,0.008486639277568925,0.00897890205129985,0.009494197824416852,0.010033322100649555,0.01059708633971811,0.011186317924724541,0.011801860121045683,0.012444572026771569
0.07035175879396986,,,,,,,,,,,,,,,,,,,,,,,,,,,,,,,,3.666314195816295e-27,2.967715036601685e-26,2.1162781266823095e-25,1.3444292822358437e-24,7.684567964675496e-24,3.98695070467004e-23,1.8923979551103862e-22,8.275334711841534e-22,3.355046226748598e-21,1.2682819190540893e-20,4.493259679402049e-20,1.4988146041468605e-19,4.727157393586386e-19,1.4150673534143738e-18,4.034509441802672e-18,1.0990593864043897e-17,2.8690039065398746e-17,7.195785413410902e-17,1.7383026316139056e-16,4.0536914060418297e-16,9.144403494558326e-16,1.9992699366631336e-15,4.243928087529876e-15,8.761073347909826e-15,1.761569298708724e-14,3.454685294137429e-14,6.61688801603388e-14,1.2392715560777403e-13,2.2721733428340244e-13,4.08263548809535e-13,7.196072297636836e-13,1.245403117743539e-12,2.1181758702400286e-12,3.543285989430919e-12,5.83411777026125e-12,9.461968110203965e-12,1.5125819858306062e-11,2.3848665921565622e-11,3.71088513869581e-11,5.701706217860681e-11,8.655215188891983e-11,1.2987200382284434e-10,1.9271911096057108e-10,2.82944556745259e-10,4.11178623598452e-10,5.916813668426938e-10,8.434121847790655e-10,1.191363697995505e-09,1.6682121200357424e-09,2.3163437443861107e-09,3.1903251665938877e-09,4.35989336824881e-09,5.913550769626461e-09,7.962859748301339e-09,1.0647540858404872e-08,1.4141488989722203e-08,1.865983189149075e-08,2.4467165758128716e-08,3.188711283104773e-08,4.131335610619156e-08,5.322231613952247e-08,6.818764449427344e-08,8.689671748680836e-08,1.1016932237581576e-07,1.38978736021479e-07,1.7447540305330202e-07,2.180134267576477e-07,2.7118009105849e-07,3.3582863605796637e-07,4.141145125476884e-07,5.085353426211004e-07,6.219748139688733e-07,7.577507345584571e-07,9.196674721763422e-07,1.1120729997012096e-06,1.3399207619820755e-06,1.6088365738272894e-06,1.925190750855534e-06,2.2961756658769843e-06,2.729888913083233e-06,3.235422250656272e-06,3.822956479561969e-06,4.503862402314614e-06,5.290807990410181e-06,6.197871873132245e-06,7.240663243481056e-06,8.436448259264199e-06,9.804282998953925e-06,1.136515301288664e-05,1.3142119490852846e-05,1.5160472047195834e-05,1.744788810435268e-05,2.0034598835326522e-05,2.295356160517392e-05,2.6240638831090935e-05,2.993478316034153e-05,3.4078228845271835e-05,3.871668917469935e-05,4.389955980172704e-05,4.968012778902631e-05,5.6115786174372185e-05,6.326825384141184e-05,7.12038004638248e-05,7.999347627461526e-05,8.97133463970403e-05,0.00010044472945910015,0.00011227444019989527,0.00012529503576366296,0.00013960506536535696,0.00015530932300148487,0.00017251910286992993,0.0001913524571539329,0.00021193445581858204,0.00023439744806073805,0.00025888132504913353,0.0002855337835858277,0.00031451059031859684,0.0003459758461300033,0.0003801022503287803,0.0004170713642689922,0.0004570738740229585,0.0005003098517343448,0.0005469890152848974,0.0005973309859058643,0.0006515655433735675,0.000709932878433852,0.0007726838421031873,0.0008400801915042051,0.000912394831898587,0.0009899120545896543,0.0010729277703746506,0.0011617497382360323,0.0012566977889736253,0.0013581040434822596,0.001466313125400915,0.0015816823678598494,0.0017045820140728291,0.0018353954115219741,0.0019745191995109985,0.0021223634898327143,0.002279352040512719,0.002445922421930702,0.002622526175973466,0.002809628967204137,0.0030077107264020937,0.0032172657861509633,0.0034388030083713815,0.0036728459036724265,0.003919932742421682,0.004180616657429275,0.004455465738174378,0.0047450631164841104,0.005050007043635158,0.005370910958802241,0.005708403548836606,0.006063128799342682,0.0064357460370437925,0.0068269299634354285,0.007237370679728474,0.007667773703113151,0.008118859974368963,0.00859136585683873,0.009086043126862819,0.009603658955679712,0.010144995882894478,0.010710851781567391,0.01130203981502552,0.01191938838548092,0.01256374107452699
0.07085427135678393,,,,,,,,,,,,,,,,,,,,,,,,,,,,,,,,5.4694811133525296e-27,4.362119532317235e-26,3.067590577101916e-25,1.923392091790107e-24,1.0858752805971357e-23,5.568398181116906e-23,2.6139960397618985e-22,1.1311847297964702e-21,4.540827816627839e-21,1.700420999216107e-20,5.97043683669993e-20,1.9746128727306167e-19,6.177263852186636e-19,1.8348309563586e-18,5.192573304797386e-18,1.404514797647928e-17,3.641504988241258e-17,9.073936268239861e-17,2.1783429871423423e-16,5.04944420388525e-16,1.1325113606473121e-15,2.4623471890199314e-15,5.19909141210745e-15,1.0677859576382303e-14,2.1363640288858038e-14,4.169744892132878e-14,7.949742087285446e-14,1.4822894652424782e-13,2.706081063362373e-13,4.842113772996528e-13,8.500493150877315e-13,1.4654435318075489e-12,2.4830492053258084e-12,4.138517594447526e-12,6.790126111552423e-12,1.0974752182937418e-11,1.748586897431267e-11,2.748083584396226e-11,4.2626685296862363e-11,6.52959129160557e-11,9.882649830654496e-11,1.4786356277336496e-10,2.188037394782946e-10,3.203675260231097e-10,4.6432963397287176e-10,6.664426640251637e-10,9.475953305483244e-10,1.3352529371564384e-09,1.865234858011703e-09,2.58389138919035e-09,3.550750471241477e-09,4.841713407237635e-09,6.5528877583487635e-09,8.80515502839969e-09,1.1749580477001333e-08,1.5573782344976486e-08,2.0509387844868205e-08,2.6840713364643524e-08,3.491481634990093e-08,4.51530761595689e-08,5.8064470720635614e-08,7.426072492421422e-08,9.44735152965746e-08,1.1957392343136515e-07,1.5059433787638823e-07,1.8875301052633829e-07,2.3548147898460487e-07,2.924550707345786e-07,3.6162670822271155e-07,4.45264236029913e-07,5.459914921382877e-07,6.668333448338316e-07,8.112649149866655e-07,9.832652002991468e-07,1.1873753135795528e-06,1.428761541211355e-06,1.7132834207258979e-06,2.047567027796169e-06,2.439083653074091e-06,2.8962340381383026e-06,3.4284383274646517e-06,4.046231879929456e-06,4.761367068010261e-06,5.5869211800380004e-06,6.5374105189085586e-06,7.628910780262441e-06,8.879183769670496e-06,1.0307810502508888e-05,1.1936330710322875e-05,1.378838875806389e-05,1.5889885956754194e-05,1.8269139236142392e-05,2.0957046121778698e-05,2.3987255940851546e-05,2.7396347161152873e-05,3.122401074770082e-05,3.551323940213743e-05,4.0310522530835724e-05,4.566604676910673e-05,5.1633901870735114e-05,5.8272291754717384e-05,6.564375048422763e-05,7.38153629369477e-05,8.285898991055812e-05,9.285149739303431e-05,0.00010387498971401594,0.00011601704628063117,0.00012937096159366856,0.00014403598820308844,0.00016011758234247823,0.0001777276517945847,0.00019698480575618536,0.00021801460628574341,0.00024094982100066802,0.00026593067665987125,0.0002931051132894263,0.0003226290384241068,0.0003546665812049945,0.00038939034586170737,0.0004269816642779493,0.0004676308472562663,0.0005115374341248166,0.0005589104403292506,0.0006099686026574821,0.0006649406217500058,0.0007240654015547509,0.0007875922853917232,0.000855781288300178,0.0009289033253490869,0.0010072404356005473,0.0010910860014238116,0.0011807449628675562,0.001276534026812908,0.0013787818706266493,0.001487829340064771,0.001604029641168695,0.001727748525924011,0.0018593644714438892,0.0019992688524804836,0.002147866107046407,0.0023055738949647633,0.0024728232491685554,0.002650058719590729,0.0028377385094781877,0.0030363346040079803,0.0032463328910661343,0.0034682332740801508,0.0037025497767998405,0.003949810639941803,0.004210558409612372,0.004485350017444931,0.0047747568524116575,0.005079364824237776,0.00539977441841689,0.005736600742791894,0.006090473565693836,0.0064620373456441916,0.006851951252631667,0.007260889180978284,0.0076895397538409875,0.008138606319382914,0.008608806938642652,0.009100874365215237,0.00961555601675243,0.010153613938399532,0.010715824758226447,0.011302979634767282,0.01191588419675721,0.012555358475145878
0.071356783919598,,,,,,,,,,,,,,,,,,,,,,,,,,,,,,,,8.006289982778009e-27,6.292632787022492e-26,4.364823933173295e-25,2.701609535416411e-24,1.5067491454559475e-23,7.638210797736047e-23,3.546801498060609e-22,1.5190952599458914e-21,6.0385934864943264e-21,2.240366347692066e-20,7.796999284808011e-20,2.5570844396031315e-19,7.935442140256869e-19,2.3390605234727852e-18,6.5712265670372606e-18,1.7650087342647426e-17,4.5455630296884857e-17,1.1254083723850087e-16,2.6851113163807415e-16,6.187402407456185e-16,1.379866071367598e-15,2.9837900237720444e-15,6.267013946194519e-15,1.2806082904474193e-14,2.54968363821642e-14,4.953078533576625e-14,9.40037592580679e-14,1.7450975616897623e-13,3.1723901442747906e-13,5.653289721741518e-13,9.885284751924786e-13,1.6976512663964305e-12,2.8658399260130137e-12,4.7593650623611844e-12,7.781579084871907e-12,1.253476478372245e-11,1.990600419038395e-11,3.118488264518454e-11,4.822287752698764e-11,7.364670155989012e-11,1.1114071667080578e-10,1.6581684352175288e-10,2.4469419761678414e-10,3.5731501419151247e-10,5.165283033706468e-10,7.394781194461429e-10,1.048839340135975e-09,1.4743504304222298e-09,2.0546997978954464e-09,2.8398300085698795e-09,3.89373228888823e-09,5.29781234503327e-09,7.154917527669396e-09,9.594124691314809e-09,1.2776397665384853e-08,1.690123298226656e-08,2.221442230254352e-08,2.9017069738104298e-08,3.7676011894492554e-08,4.863579782541981e-08,6.243239510306098e-08,7.970879674617056e-08,1.0123271170373385e-07,1.2791652885922046e-07,1.608397509683341e-07,2.012741006032311e-07,2.507115046106612e-07,3.1089516733081867e-07,3.838539450274459e-07,4.7194023535867534e-07,5.778715954353486e-07,7.047763009238533e-07,8.562430557805081e-07,1.036375058289275e-06,1.249848623806196e-06,1.5019765575809585e-06,1.7987764637572687e-06,2.147044166480614e-06,2.5544324092513183e-06,3.0295349865960465e-06,3.5819764493974327e-06,4.22250751132237e-06,4.9631062689665335e-06,5.81708533207046e-06,6.799204945275816e-06,7.925792162176383e-06,9.214866118749072e-06,1.0686269431397707e-05,1.236180572767529e-05,1.4265383298080231e-05,1.642316483802001e-05,1.886372322950033e-05,2.1618203292604158e-05,2.4720489417413752e-05,2.8207378967812243e-05,3.2118761329615724e-05,3.6497802456945124e-05,4.1391134752584265e-05,4.684905210054724e-05,5.2925709851851154e-05,5.967932954863066e-05,6.717240815555273e-05,7.547193155316518e-05,8.464959203367585e-05,9.478200952650815e-05,0.00010595095626893142,0.00011824358462608103,0.00013175265775392352,0.0001465767827900149,0.00016282064624867707,0.0001805952512897422,0.0002000181565242164,0.00022121371601488627,0.0002443133201261504,0.0002694556368739387,0.00029678685342451324,0.0003264609173906136,0.0003586397775723368,0.00039349362379144577,0.00043120112546979003,0.0004719496686046661,0.0005159355907978401,0.0005633644139989616,0.0006144510746293746,0.000669420150757993,0.0007285060860076673,0.0007919534098772792,0.000860016954172814,0.0009329620652490894,0.0010110648117727902,0.0010946121877256595,0.0011839023103804485,0.00127924461298341,0.0013809600319029036,0.001489381187997262,0.0016048525619784615,0.0017277306635585029,0.0018583841941635605,0.001997194203040798,0.002144554236561314,0.002300870480558531,0.0024665618955447195,0.002642060344665863,0.0028278107142502423,0.0030242710268469563,0.0032319125466355116,0.0034512198771162574,0.003682691050992277,0.003926837612180248,0.004184184689974829,0.004455271064648612,0.004740649226478149,0.005040885424783066,0.005356559710348588,0.005688265969193981,0.006036611948368261,0.006402219273691492,0.006785723459465831,0.007187773910188851,0.007609033914313057,0.00805018063010552,0.00851190506355312,0.008994912039118166,0.009499920161254307,0.010027661770353281,0.010578882889631283,0.011154343165207227,0.01175481579873514,0.012381087472867232
0.07185929648241207,,,,,,,,,,,,,,,,,,,,,,,,,,,,,,,,1.1443103707820983e-26,8.865094324104032e-26,6.066464264741116e-25,3.707280435677313e-24,2.0429329058610102e-23,1.0239413100566203e-22,4.703888888192536e-22,1.9942856346187225e-21,7.851395998716209e-21,2.886346244579183e-20,9.95793781180698e-20,3.2387682180761206e-19,9.971639879239205e-19,2.9171173912723784e-18,8.136203278040627e-18,2.1703086729703967e-17,5.552509604762125e-17,1.3660244482285743e-16,3.2394382150169593e-16,7.421308426176029e-16,1.6457853461889618e-15,3.539666416741756e-15,7.39606886051943e-15,1.5037868218786303e-14,2.9796473295258874e-14,5.761520020925257e-14,1.0885819749471869e-13,2.0121334754268687e-13,3.6425750927643104e-13,6.464999813117002e-13,1.126054315331314e-12,1.926532165194563e-12,3.240331759877751e-12,5.362237281348938e-12,8.737186524587695e-12,1.4027238112856245e-11,2.2204213826830955e-11,3.467624534262811e-11,5.345855747031824e-11,8.140131096604894e-11,1.2249024463309526e-10,1.822392333262278e-10,2.681977460661553e-10,3.9060057176784646e-10,5.631920974498511e-10,8.042628857962877e-10,1.137942307390009e-09,1.5957975300007829e-09,2.2187962349315315e-09,3.059697989870955e-09,4.185947219409762e-09,5.6831491280183575e-09,7.659218685149115e-09,1.0249301807477244e-08,1.3621577089553462e-08,1.7984055753393268e-08,2.3592506815109456e-08,3.075964370223972e-08,3.9865717594703705e-08,5.1370671497861265e-08,6.582801738055382e-08,8.39006065159882e-08,1.0637847034430165e-07,1.341989156305493e-07,1.6846906332373855e-07,2.104910252432078e-07,2.61789916439289e-07,3.2414490375593523e-07,3.996234925638979e-07,4.906192541358151e-07,5.998931950376772e-07,7.306189679268636e-07,8.864321196352029e-07,1.071483567722545e-06,1.2904974906921328e-06,1.5488338097832916e-06,1.8525554317693813e-06,2.208500412462843e-06,2.6243591897844413e-06,3.1087570232676525e-06,3.6713417639051384e-06,4.322877064232451e-06,5.075341123759889e-06,5.942031049161288e-06,6.937672892317086e-06,8.078537412317961e-06,9.38256159005919e-06,1.086947590612452e-05,1.256093737449266e-05,1.4480668306022812e-05,1.665460075705481e-05,1.9111026601392632e-05,2.188075313970403e-05,2.499726415347462e-05,2.8496886278326397e-05,3.241896056530775e-05,3.680601907302454e-05,4.170396632869627e-05,4.716226545830149e-05,5.323412879752827e-05,5.997671275822897e-05,6.745131672227932e-05,7.572358571781044e-05,8.486371662102674e-05,9.49466676147012e-05,0.00010605237062419917,0.00011826594644193428,0.0001316779222451517,0.00014638445117978147,0.00016248753376233566,0.00018009524067361604,0.00019932193672843142,0.0002202885056292011,0.00024312257519552432,0.000267958742730116,0.00029493880021028775,0.0003242119589075576,0.00035593507320890664,0.0003902728632030534,0.0004273981357670173,0.0004674920038068824,0.0005107441033351247,0.000557352808068442,0.0006075254412359839,0.0006614784842936567,0.000719437782247518,0.0007816387452968343,0.000848326546514175,0.0009197563152903578,0.0009961933262796722,0.0010779131835905484,0.0011652019999760382,0.0012583565707923192,0.0013576845424951352,0.001463504575466917,0.0015761465009673497,0.0016959514720183884,0.0018232721080411632,0.001958472633078976,0.0021019290074971784,0.0022540290526594483,0.00241517256951385,0.0025857714491878962,0.0027662497772565327,0.0029570439305230743,0.0031586026665739297,0.0033713872059831147,0.003595871307099819,0.003832541333364396,0.004081896313108655,0.004344447991808039,0.004620720876759659,0.004911252274179072,0.005216592318707573,0.005537303995339266,0.0058739631537869695,0.006227158515302657,0.00659749167200278,0.006985577078726872,0.00739204203748518,0.007817526674560713,0.008262683910322519,0.008728179421831617,0.009214691598317866,0.009722911489615701,0.010253542747658526,0.010807301561114898,0.011384916583300035,0.01198712885345775
0.07236180904522614,,,,,,,,,,,,,,,,,,,,,,,,,,,,,,,,1.582785074569938e-26,1.2088903007451672e-25,8.162793554931041e-25,4.926057118766589e-24,2.682568958213705e-23,1.3295681377030398e-22,6.043577600948319e-22,2.536693223763981e-21,9.892234840916266e-21,3.6038737096953616e-20,1.2326951231721872e-19,3.9765744693742895e-19,1.2147985429941075e-18,3.5273956180987715e-18,9.768514562834509e-18,2.5880294725901965e-17,6.578152243745539e-17,1.608266481027002e-16,3.791097859483795e-16,8.635265600976259e-16,1.9044359777464486e-15,4.074233119509651e-15,8.46958235018359e-15,1.7135909025718912e-14,3.379273837258274e-14,6.50439491053158e-14,1.2235227464569713e-13,2.2519303167690992e-13,4.059913048782272e-13,7.177058027965889e-13,1.2452705942620189e-12,2.122565475374808e-12,3.557182620492769e-12,5.866020405123839e-12,9.525696691465746e-12,1.5242967695864008e-11,2.4051800873339603e-11,3.744551814469102e-11,5.7554536445615456e-11,8.73827222363362e-11,1.3111827942640453e-10,1.9453843700430351e-10,2.855310198671769e-10,4.1476029456897463e-10,5.965092947573065e-10,8.497361549060066e-10,1.1993878127838353e-09,1.678020768720256e-09,2.327785390962918e-09,3.2028374989146064e-09,4.372248597141266e-09,5.923494120101983e-09,7.96660731821256e-09,1.0639094898881098e-08,1.4111719152132424e-08,1.8595259952887613e-08,2.4348378648794626e-08,3.16867143164774e-08,4.09933511009666e-08,5.273080324083288e-08,6.745467182373199e-08,8.5829134214365e-08,1.0864443335067237e-07,1.368365396232544e-07,1.7150916274884164e-07,2.1395829484286308e-07,2.6569946871321543e-07,3.2849791717895797e-07,4.044018199029338e-07,4.957788237817335e-07,6.053560213170949e-07,7.36263568588589e-07,8.920821204381013e-07,1.0768942552666583e-06,1.2953400554550624e-06,1.5526770018415834e-06,1.8548443320077977e-06,2.2085320023156574e-06,2.6212543828174445e-06,3.1014288023243316e-06,3.6584590482109035e-06,4.302823911915769e-06,5.046170856784981e-06,5.901414869852967e-06,6.882842543542366e-06,8.006221417128643e-06,9.288914591273892e-06,1.0750000612080513e-05,1.2410398604000042e-05,1.42929986137503e-05,1.6422797110129516e-05,1.8827037567368864e-05,2.153535604265401e-05,2.4579931641566366e-05,2.7995641748684076e-05,3.182022188440606e-05,3.609443003337808e-05,4.0862215274746044e-05,4.617089052986256e-05,5.2071309229083024e-05,5.86180456862215e-05,6.586957895649721e-05,7.3888479942322e-05,8.274160150028906e-05,9.250027129260841e-05,0.00010324048711742922,0.0001150431144436719,0.00012799408586929294,0.00014218460221495347,0.0001577113349597909,0.0001746766297217126,0.0001931887104803803,0.0002133618842385988,0.0002353167458163386,0.00025918038247033055,0.00028508657803158737,0.0003131760162555015,0.00034359648307854493,0.00037650306748020565,0.00041205836065030734,0.00045043265316656306,0.0004918041298906863,0.0005363590622927063,0.0005842919979660592,0.0006358059469283329,0.0006911125646622147,0.0007504323314160761,0.0008139947276467641,0.0008820384053159666,0.0009548113548142614,0.001032571067288272,0.0011155846921520086,0.001204129189583525,0.0012984914778026656,0.001398968574953103,0.001505867735406883,0.0016195065803308244,0.0017402132223577561,0.0018683263842245105,0.0020041955112360802,0.002148180877417741,0.0023006536854111716,0.002461996159496512,0.0026326016325220556,0.0028128746257826314,0.003003230922314128,0.003204097633399729,0.0034159132579964537,0.0036391277358610837,0.00387420249298349,0.0041216104806714405,0.00438183620746188,0.0046553757641246765,0.004942736841739001,0.005244438742849312,0.005561012385732509,0.005893000301811383,0.00624095662624613,0.006605447081771131,0.006987048955816465,0.007386351070985284,0.007803953748960746,0.008240468767912195,0.008696519313489168,0.009172739923489274,0.009669776426295086,0.010188285873182901,0.010728936464597117,0.011292407470514408
0.07286432160804021,,,,,,,,,,,,,,,,,,,,,,,,,,,,,,,,2.0798956771921218e-26,1.566451978948723e-25,1.0438753622936325e-24,6.221934163576102e-24,3.348888175040552e-23,1.641595471150857e-22,7.384389406778685e-22,3.0689659156160143e-21,1.1856117361431098e-20,4.281001627717781e-20,1.4519382772534205e-19,4.646154441461237e-19,1.4084582899683109e-18,4.059767298988455e-18,1.1164123719024735e-17,2.93796838751932e-17,7.419724651557683e-17,1.8028693872183993e-16,4.2247685820415434e-16,9.568592041412674e-16,2.098794004460139e-15,4.4665430346488e-15,9.238379693886178e-15,1.860074350860562e-14,3.651006761352356e-14,6.995759758577257e-14,1.3102301355184288e-13,2.4013932834710687e-13,4.311812057404076e-13,7.592470898226936e-13,1.3123508207551408e-12,2.2286921691599768e-12,3.721762325260069e-12,6.116286969295287e-12,9.898945713689816e-12,1.578896400593764e-11,2.4835084924111066e-11,3.854712717410722e-11,5.907235518404741e-11,8.942925934882218e-11,1.3381409868674822e-10,1.979987204212019e-10,2.8984176269053397e-10,4.1993938345169646e-10,6.02446149767282e-10,8.561016686135729e-10,1.2055039364428868e-09,1.6826762144973077e-09,2.3289804756823236e-09,3.1974370827468355e-09,4.355517303451663e-09,5.888482494279627e-09,7.903351229577055e-09,1.0533583249620257e-08,1.3944576773979486e-08,1.8340083394786765e-08,2.3969652342953586e-08,3.113722331974416e-08,4.0210994216209415e-08,5.163469681205916e-08,6.594041986184572e-08,8.376312475991315e-08,1.0585700410657617e-07,1.3311383798565955e-07,1.6658350637763501e-07,2.0749681899298477e-07,2.572908256982932e-07,3.1763677166544466e-07,3.904708613217958e-07,4.780279940936962e-07,5.828786327925558e-07,7.079689622797268e-07,8.566644917596788e-07,1.0327972486995658e-06,1.2407167059711582e-06,1.4853445763900768e-06,1.7722336004115787e-06,2.1076304433666805e-06,2.4985428085618164e-06,2.952810860812075e-06,3.4791830444589796e-06,4.087396365690323e-06,4.788261197144476e-06,5.593750648339047e-06,6.5170945315046195e-06,7.572877937716296e-06,8.777144423398172e-06,1.014750379206077e-05,1.1703244440981064e-05,1.3465450227161324e-05,1.545712179165258e-05,1.77033022664069e-05,2.0231207271062493e-05,2.307035909844946e-05,2.625272496117032e-05,2.9812859172563036e-05,3.3788049109995885e-05,3.821846480126062e-05,4.3147311960789434e-05,4.862098829078122e-05,5.4689242851160566e-05,6.140533829190005e-05,6.882621573128267e-05,7.7012662055181e-05,8.602947940364455e-05,9.594565660420231e-05,0.0001068345423044717,0.00011877401955085173,0.00013184668155565547,0.00014614000838993654,0.00016174654433723134,0.00017876407564000534,0.00019729580836940202,0.00021745054614806,0.00023934286745507972,0.00026309330224420714,0.00028882850760579483,0.00031668144220714354,0.0003467915392471056,0.0003793048776650107,0.00041437435134815935,0.00045215983608610984,0.0004928283540249186,0.0005365542353760645,0.0005835192771899239,0.0006339128988282057,0.0006879322941463551,0.0007457825799407734,0.0008076769405949096,0.0008738367686797283,0.0009444918013279466,0.0010198802522001823,0.0011002489388720628,0.0011858534054826014,0.001276958040484034,0.0013738361893593383,0.0014767702621622891,0.0015860518357663235,0.0017019817506952746,0.0018248702024393675,0.0019550368271566997,0.0020928107816727617,0.0022385308177016528,0.00239254535022071,0.002555212519941447,0.0027269002498210774,0.0029079862955842676,0.003098858290213814,0.0032999137823888046,0.003511560268866291,0.0037342152207762293,0.003968306103863907,0.004214270392657854,0.004472555578597461,0.004743619172153142,0.00502792869894102,0.005325961689903384,0.0056382056655798025,0.005965158114534181,0.006307326465972414,0.006665228056652344,0.007039390092117587,0.007430349602352145,0.007838653391928352,0.008264857984735252,0.00870952956337451,0.0091732439033187,0.009656586301928515,0.01016015150243436
0.07336683417085428,,,,,,,,,,,,,,,,,,,,,,,,,,,,,,,,2.471087164804919e-26,1.8355135781932874e-25,1.2073888648324546e-24,7.109086775511018e-24,3.7825299050174417e-23,1.834084492273447e-22,8.165726872845717e-22,3.3607391647477847e-21,1.2863673937847355e-20,4.6041422015574655e-20,1.5485263316872478e-19,4.915912921558866e-19,1.4789570254945918e-18,4.232175647653903e-18,1.1557878331922751e-17,3.021498340839883e-17,7.582410144200465e-17,1.8312296575211615e-16,4.266269950031737e-16,9.60863353855811e-16,2.0962687292414513e-15,4.438151024774423e-15,9.134074539134305e-15,1.8302790337633327e-14,3.575967758541027e-14,6.821524530833616e-14,1.2721186422122112e-13,2.321887439542073e-13,4.152375510896959e-13,7.283445888033281e-13,1.2542261587215773e-12,2.122270077517269e-12,3.5316191779039583e-12,5.784095024413912e-12,9.330486926271549e-12,1.4834748964728153e-11,2.3261883357426643e-11,3.5996769415628196e-11,5.5002950358685645e-11,8.303244061523742e-11,1.238999868716681e-10,1.8283792664472788e-10,2.6695085397834476e-10,3.8579273336285597e-10,5.520929046886137e-10,7.82661592012474e-10,1.0995100581555133e-09,1.531225419259955e-09,2.114645324421468e-09,2.896883183713571e-09,3.937760354254896e-09,5.3127076220790375e-09,7.116204394661145e-09,9.465830186025606e-09,1.2507009169456398e-08,1.641853472376829e-08,2.1418966934634048e-08,2.7774001866838174e-08,3.5804917000924376e-08,4.5898202490492543e-08,5.851649272774222e-08,7.421091706974715e-08,9.363499238892713e-08,1.1756018331261103e-07,1.4689325854938483e-07,1.826955735127973e-07,2.2620441050111595e-07,2.78856507938081e-07,3.4231390959394886e-07,4.1849226326828883e-07,5.09591696110371e-07,6.181303905776067e-07,7.469809809878854e-07,8.994098857213177e-07,1.0791196843877598e-06,1.2902946427278738e-06,1.5376494806851722e-06,1.8264814710256518e-06,2.162725947123596e-06,2.5530152891229407e-06,3.0047414477226596e-06,3.526122054296515e-06,4.126270155108726e-06,4.815267596003793e-06,5.604242072239822e-06,6.505447846203329e-06,7.532350123540494e-06,8.69971306599758e-06,1.002369140691212e-05,1.1521925622966907e-05,1.3213640603583728e-05,1.5119747747212143e-05,1.7262950401878906e-05,1.9667852555703115e-05,2.236107067174424e-05,2.5371348550625392e-05,2.8729675093778506e-05,3.246940483000993e-05,3.662638105866562e-05,4.123906145337396e-05,4.6348645962062165e-05,5.199920683075445e-05,5.823782057177442e-05,6.511470168979874e-05,7.268333797366068e-05,8.100062715610327e-05,9.012701473921472e-05,0.00010012663277912778,0.0001110674394202544,0.00012302135896676393,0.00013606442227659548,0.0001502769072627136,0.00016574347928651614,0.00018255333121352081,0.0002008003229561706,0.00022058312022004014,0.00024200533230961654,0.00026517564873995177,0.00029020797446100354,0.00031722156348701857,0.0003463411507297669,0.00037769708183841563,0.0004114254408539859,0.00044766817549051066,0.000486573219860381,0.0005282946144690462,0.0005729926233068755,0.0006208338478751862,0.0006719913379888252,0.0007266446992043959,0.0007849801967306,0.0008471908556840303,0.0009134765575613975,0.0009840441328060954,0.00105910744935516,0.0011388874970596644,0.0012236124678802046,0.0013135178317642945,0.001408846408125219,0.0015098484328431249,0.0016167816207216053,0.0017299112233408473,0.0018495100822470327,0.0019758586774439473,0.0021092451711370195,0.0022499654467047388,0.0023983231428715618,0.002554629683067423,0.0027192042999564544,0.0028923740551426705,0.003074473854044417,0.0032658464559529006,0.0034668424792884353,0.003677820402073969,0.0038991465576571497,0.004131195125706339,0.004374348118527363,0.004628995362731251,0.004895534476317045,0.005174370841206641,0.005465917571297476,0.005770595476092456,0.006088833019968946,0.006421066277161906,0.006767738882528072,0.0071293019781703566,0.007506214155999723,0.007898941396320086,0.008307957002515175
0.07386934673366835,,,,,,,,,,,,,,,,,,,,,,,,,,,,,,,,2.0535838338830266e-26,1.504726920731076e-25,9.771967647782437e-25,5.684742550823709e-24,2.9904792584444814e-23,1.4345429847282452e-22,6.322327640896211e-22,2.5771345444809795e-21,9.774663081649109e-21,3.4683128589486036e-20,1.1569235556476036e-19,3.643992070476923e-19,1.0881147705901844e-18,3.0915527211596017e-18,8.385383927818982e-18,2.1778508378993318e-17,5.431187285120991e-17,1.3038430494392922e-16,3.0201753459182244e-16,6.764671727334195e-16,1.4680045097816936e-15,3.092192263950584e-15,6.332811573894274e-15,1.2629783315490663e-14,2.4563680450124233e-14,4.665231605042171e-14,8.663198200478927e-14,1.574759193654693e-13,2.8051250553483997e-13,4.901537913990395e-13,8.40941171389651e-13,1.4178702880057994e-12,2.351284266239285e-12,3.83803674961816e-12,6.171138660984572e-12,9.780730526546236e-12,1.5289981305443244e-11,2.3590420594561165e-11,3.594227890016248e-11,5.410665437671851e-11,8.051775640990675e-11,1.1850510689948728e-10,1.7257741664959025e-10,2.487819013263605e-10,3.551550598561536e-10,5.022834048512284e-10,7.039953024163651e-10,9.782079359019173e-10,1.3479564387923012e-09,1.842635425530259e-09,2.4994864610116845e-09,3.365368421073054e-09,4.498851175245202e-09,5.972676533799324e-09,7.876633905466138e-09,1.0320901569782123e-08,1.3439907836887701e-08,1.7396769605118107e-08,2.2388368889725138e-08,2.8651130742403733e-08,3.646756856915633e-08,4.617366514436645e-08,5.816715957386533e-08,7.291681204558028e-08,9.097271939155614e-08,1.1297775524249916e-07,1.3968020886324588e-07,1.7194769659480642e-07,2.1078241918277849e-07,2.5733783713352875e-07,3.129368346037436e-07,3.7909144019668473e-07,4.575241704131033e-07,5.501910583998635e-07,6.593064270620615e-07,7.873694615800898e-07,9.37192631919319e-07,1.1119320110609924e-06,1.315119529454476e-06,1.550697200609657e-06,1.823053346870971e-06,2.1370608482483794e-06,2.498117430787617e-06,2.912188004367266e-06,3.385849053058673e-06,3.926335074300105e-06,4.5415870562061275e-06,5.24030297531103e-06,6.031990290072859e-06,6.927020398492635e-06,7.936685021323196e-06,9.073254465560364e-06,1.0350037716278652e-05,1.1781444298400487e-05,1.3383047843749431e-05,1.5171651292700926e-05,1.7165353653932432e-05,1.9383618240406004e-05,2.1847342294377297e-05,2.4578927909435508e-05,2.7602354153095543e-05,3.094325028914095e-05,3.462896999523846e-05,3.8688666467778636e-05,4.315336830292813e-05,4.8056056040587435e-05,5.343173925138533e-05,5.931753406026836e-05,6.575274096773181e-05,7.277892286740263e-05,8.043998312674727e-05,8.878224361284392e-05,9.785452254067389e-05,0.000107708212022144,0.00011839735519460462,0.0001299787228091028,0.0001425118891587226,0.00015605930723032333,0.0001706863829639329,0.00018646154850611747,0.00020345633434688408,0.00022174544023106292,0.00024140680473939895,0.00026252167343599885,0.00028517466548348697,0.000309453838629994,0.0003354507524754709,0.00036326052992904695,0.00039298191677275015,0.000424717339250878,0.0004585729596084645,0.0004946587295063161,0.0005330884412445591,0.0005739797767305969,0.000617454354131807,0.0006636377721579213,0.0007126596519218674,0.0007646536763329467,0.0008197576269786369,0.0008781134184610107,0.0009398671301479019,0.0010051690353158715,0.0010741736276555925,0.001147039645120649,0.0012239300911026905,0.0013050122529182564,0.001390457717601495,0.0014804423849959652,0.0015751464781414413,0.0016747545231598892,0.001779455493274604,0.0018894425330697915,0.0020049132361792794,0.002126069503243151,0.002253117564056805,0.002386267969300099,0.002525735579678616,0.002671739552494351,0.002824503325693893,0.002984254599409167,0.003151225315037968,0.003325651631893219,0.0035077739014657077,0.0036978366393406723,0.003896088494814952,0.004102782218247207,0.004318174626311487,0.004542526564448059,0.004776102868790312
0.07437185929648242,,,,,,,,,,,,,,,,,,,,,,,,,,,,,,,,,,,,,,,,,,,,,,,,,,,,,,,,,,,,,,,,,,,,,,,,,,,,,,,,,,,,,,,,,,,,,,,,,,,,,,,,,,,,,,,,,,,,,,,,,,,,,,,,,,,,,,,,,,,,,,,,,,,,,,,,,,,,,,,,,,,,,,,,,,,,,,,,,,,,,,,,,,,,,,,,,,,,,,,,
0.07487437185929649,,,,,,,,,,,,,,,,,,,,,,,,,,,,,,,,,,,,,,,,,,,,,,,,,,,,,,,,,,,,,,,,,,,,,,,,,,,,,,,,,,,,,,,,,,,,,,,,,,,,,,,,,,,,,,,,,,,,,,,,,,,,,,,,,,,,,,,,,,,,,,,,,,,,,,,,,,,,,,,,,,,,,,,,,,,,,,,,,,,,,,,,,,,,,,,,,,,,,,,,
0.07537688442211056,,,,,,,,,,,,,,,,,,,,,,,,,,,,,,,,,,,,,,,,,,,,,,,,,,,,,,,,,,,,,,,,,,,,,,,,,,,,,,,,,,,,,,,,,,,,,,,,,,,,,,,,,,,,,,,,,,,,,,,,,,,,,,,,,,,,,,,,,,,,,,,,,,,,,,,,,,,,,,,,,,,,,,,,,,,,,,,,,,,,,,,,,,,,,,,,,,,,,,,,
0.07587939698492463,,,,,,,,,,,,,,,,,,,,,,,,,,,,,,,,,,,,,,,,,,,,,,,,,,,,,,,,,,,,,,,,,,,,,,,,,,,,,,,,,,,,,,,,,,,,,,,,,,,,,,,,,,,,,,,,,,,,,,,,,,,,,,,,,,,,,,,,,,,,,,,,,,,,,,,,,,,,,,,,,,,,,,,,,,,,,,,,,,,,,,,,,,,,,,,,,,,,,,,,
0.0763819095477387,,,,,,,,,,,,,,,,,,,,,,,,,,,,,,,,,,,,,,,,,,,,,,,,,,,,,,,,,,,,,,,,,,,,,,,,,,,,,,,,,,,,,,,,,,,,,,,,,,,,,,,,,,,,,,,,,,,,,,,,,,,,,,,,,,,,,,,,,,,,,,,,,,,,,,,,,,,,,,,,,,,,,,,,,,,,,,,,,,,,,,,,,,,,,,,,,,,,,,,,
0.07688442211055277,,,,,,,,,,,,,,,,,,,,,,,,,,,,,,,,,,,,,,,,,,,,,,,,,,,,,,,,,,,,,,,,,,,,,,,,,,,,,,,,,,,,,,,,,,,,,,,,,,,,,,,,,,,,,,,,,,,,,,,,,,,,,,,,,,,,,,,,,,,,,,,,,,,,,,,,,,,,,,,,,,,,,,,,,,,,,,,,,,,,,,,,,,,,,,,,,,,,,,,,
0.07738693467336684,,,,,,,,,,,,,,,,,,,,,,,,,,,,,,,,,,,,,,,,,,,,,,,,,,,,,,,,,,,,,,,,,,,,,,,,,,,,,,,,,,,,,,,,,,,,,,,,,,,,,,,,,,,,,,,,,,,,,,,,,,,,,,,,,,,,,,,,,,,,,,,,,,,,,,,,,,,,,,,,,,,,,,,,,,,,,,,,,,,,,,,,,,,,,,,,,,,,,,,,
0.07788944723618091,,,,,,,,,,,,,,,,,,,,,,,,,,,,,,,,,,,,,,,,,,,,,,,,,,,,,,,,,,,,,,,,,,,,,,,,,,,,,,,,,,,,,,,,,,,,,,,,,,,,,,,,,,,,,,,,,,,,,,,,,,,,,,,,,,,,,,,,,,,,,,,,,,,,,,,,,,,,,,,,,,,,,,,,,,,,,,,,,,,,,,,,,,,,,,,,,,,,,,,,
0.07839195979899498,,,,,,,,,,,,,,,,,,,,,,,,,,,,,,,,,,,,,,,,,,,,,,,,,,,,,,,,,,,,,,,,,,,,,,,,,,,,,,,,,,,,,,,,,,,,,,,,,,,,,,,,,,,,,,,,,,,,,,,,,,,,,,,,,,,,,,,,,,,,,,,,,,,,,,,,,,,,,,,,,,,,,,,,,,,,,,,,,,,,,,,,,,,,,,,,,,,,,,,,
0.07889447236180905,,,,,,,,,,,,,,,,,,,,,,,,,,,,,,,,,,,,,,,,,,,,,,,,,,,,,,,,,,,,,,,,,,,,,,,,,,,,,,,,,,,,,,,,,,,,,,,,,,,,,,,,,,,,,,,,,,,,,,,,,,,,,,,,,,,,,,,,,,,,,,,,,,,,,,,,,,,,,,,,,,,,,,,,,,,,,,,,,,,,,,,,,,,,,,,,,,,,,,,,
0.07939698492462312,,,,,,,,,,,,,,,,,,,,,,,,,,,,,,,,,,,,,,,,,,,,,,,,,,,,,,,,,,,,,,,,,,,,,,,,,,,,,,,,,,,,,,,,,,,,,,,,,,,,,,,,,,,,,,,,,,,,,,,,,,,,,,,,,,,,,,,,,,,,,,,,,,,,,,,,,,,,,,,,,,,,,,,,,,,,,,,,,,,,,,,,,,,,,,,,,,,,,,,,
0.07989949748743719,,,,,,,,,,,,,,,,,,,,,,,,,,,,,,,,,,,,,,,,,,,,,,,,,,,,,,,,,,,,,,,,,,,,,,,,,,,,,,,,,,,,,,,,,,,,,,,,,,,,,,,,,,,,,,,,,,,,,,,,,,,,,,,,,,,,,,,,,,,,,,,,,,,,,,,,,,,,,,,,,,,,,,,,,,,,,,,,,,,,,,,,,,,,,,,,,,,,,,,,
0.08040201005025127,,,,,,,,,,,,,,,,,,,,,,,,,,,,,,,,,,,,,,,,,,,,,,,,,,,,,,,,,,,,,,,,,,,,,,,,,,,,,,,,,,,,,,,,,,,,,,,,,,,,,,,,,,,,,,,,,,,,,,,,,,,,,,,,,,,,,,,,,,,,,,,,,,,,,,,,,,,,,,,,,,,,,,,,,,,,,,,,,,,,,,,,,,,,,,,,,,,,,,,,
0.08090452261306534,,,,,,,,,,,,,,,,,,,,,,,,,,,,,,,,,,,,,,,,,,,,,,,,,,,,,,,,,,,,,,,,,,,,,,,,,,,,,,,,,,,,,,,,,,,,,,,,,,,,,,,,,,,,,,,,,,,,,,,,,,,,,,,,,,,,,,,,,,,,,,,,,,,,,,,,,,,,,,,,,,,,,,,,,,,,,,,,,,,,,,,,,,,,,,,,,,,,,,,,
0.08140703517587941,,,,,,,,,,,,,,,,,,,,,,,,,,,,,,,,,,,,,,,,,,,,,,,,,,,,,,,,,,,,,,,,,,,,,,,,,,,,,,,,,,,,,,,,,,,,,,,,,,,,,,,,,,,,,,,,,,,,,,,,,,,,,,,,,,,,,,,,,,,,,,,,,,,,,,,,,,,,,,,,,,,,,,,,,,,,,,,,,,,,,,,,,,,,,,,,,,,,,,,,
0.08190954773869348,,,,,,,,,,,,,,,,,,,,,,,,,,,,,,,,,,,,,,,,,,,,,,,,,,,,,,,,,,,,,,,,,,,,,,,,,,,,,,,,,,,,,,,,,,,,,,,,,,,,,,,,,,,,,,,,,,,,,,,,,,,,,,,,,,,,,,,,,,,,,,,,,,,,,,,,,,,,,,,,,,,,,,,,,,,,,,,,,,,,,,,,,,,,,,,,,,,,,,,,
0.08241206030150755,,,,,,,,,,,,,,,,,,,,,,,,,,,,,,,,,,,,,,,,,,,,,,,,,,,,,,,,,,,,,,,,,,,,,,,,,,,,,,,,,,,,,,,,,,,,,,,,,,,,,,,,,,,,,,,,,,,,,,,,,,,,,,,,,,,,,,,,,,,,,,,,,,,,,,,,,,,,,,,,,,,,,,,,,,,,,,,,,,,,,,,,,,,,,,,,,,,,,,,,
0.08291457286432162,,,,,,,,,,,,,,,,,,,,,,,,,,,,,,,,,,,,,,,,,,,,,,,,,,,,,,,,,,,,,,,,,,,,,,,,,,,,,,,,,,,,,,,,,,,,,,,,,,,,,,,,,,,,,,,,,,,,,,,,,,,,,,,,,,,,,,,,,,,,,,,,,,,,,,,,,,,,,,,,,,,,,,,,,,,,,,,,,,,,,,,,,,,,,,,,,,,,,,,,
0.08341708542713569,,,,,,,,,,,,,,,,,,,,,,,,,,,,,,,,,,,,,,,,,,,,,,,,,,,,,,,,,,,,,,,,,,,,,,,,,,,,,,,,,,,,,,,,,,,,,,,,,,,,,,,,,,,,,,,,,,,,,,,,,,,,,,,,,,,,,,,,,,,,,,,,,,,,,,,,,,,,,,,,,,,,,,,,,,,,,,,,,,,,,,,,,,,,,,,,,,,,,,,,
0.08391959798994976,,,,,,,,,,,,,,,,,,,,,,,,,,,,,,,,,,,,,,,,,,,,,,,,,,,,,,,,,,,,,,,,,,,,,,,,,,,,,,,,,,,,,,,,,,,,,,,,,,,,,,,,,,,,,,,,,,,,,,,,,,,,,,,,,,,,,,,,,,,,,,,,,,,,,,,,,,,,,,,,,,,,,,,,,,,,,,,,,,,,,,,,,,,,,,,,,,,,,,,,
0.08442211055276383,,,,,,,,,,,,,,,,,,,,,,,,,,,,,,,,,,,,,,,,,,,,,,,,,,,,,,,,,,,,,,,,,,,,,,,,,,,,,,,,,,,,,,,,,,,,,,,,,,,,,,,,,,,,,,,,,,,,,,,,,,,,,,,,,,,,,,,,,,,,,,,,,,,,,,,,,,,,,,,,,,,,,,,,,,,,,,,,,,,,,,,,,,,,,,,,,,,,,,,,
0.0849246231155779,,,,,,,,,,,,,,,,,,,,,,,,,,,,,,,,,,,,,,,,,,,,,,,,,,,,,,,,,,,,,,,,,,,,,,,,,,,,,,,,,,,,,,,,,,,,,,,,,,,,,,,,,,,,,,,,,,,,,,,,,,,,,,,,,,,,,,,,,,,,,,,,,,,,,,,,,,,,,,,,,,,,,,,,,,,,,,,,,,,,,,,,,,,,,,,,,,,,,,,,
0.08542713567839197,,,,,,,,,,,,,,,,,,,,,,,,,,,,,,,,,,,,,,,,,,,,,,,,,,,,,,,,,,,,,,,,,,,,,,,,,,,,,,,,,,,,,,,,,,,,,,,,,,,,,,,,,,,,,,,,,,,,,,,,,,,,,,,,,,,,,,,,,,,,,,,,,,,,,,,,,,,,,,,,,,,,,,,,,,,,,,,,,,,,,,,,,,,,,,,,,,,,,,,,
0.08592964824120604,,,,,,,,,,,,,,,,,,,,,,,,,,,,,,,,,,,,,,,,,,,,,,,,,,,,,,,,,,,,,,,,,,,,,,,,,,,,,,,,,,,,,,,,,,,,,,,,,,,,,,,,,,,,,,,,,,,,,,,,,,,,,,,,,,,,,,,,,,,,,,,,,,,,,,,,,,,,,,,,,,,,,,,,,,,,,,,,,,,,,,,,,,,,,,,,,,,,,,,,
0.08643216080402011,,,,,,,,,,,,,,,,,,,,,,,,,,,,,,,,,,,,,,,,,,,,,,,,,,,,,,,,,,,,,,,,,,,,,,,,,,,,,,,,,,,,,,,,,,,,,,,,,,,,,,,,,,,,,,,,,,,,,,,,,,,,,,,,,,,,,,,,,,,,,,,,,,,,,,,,,,,,,,,,,,,,,,,,,,,,,,,,,,,,,,,,,,,,,,,,,,,,,,,,
0.08693467336683418,,,,,,,,,,,,,,,,,,,,,,,,,,,,,,,,,,,,,,,,,,,,,,,,,,,,,,,,,,,,,,,,,,,,,,,,,,,,,,,,,,,,,,,,,,,,,,,,,,,,,,,,,,,,,,,,,,,,,,,,,,,,,,,,,,,,,,,,,,,,,,,,,,,,,,,,,,,,,,,,,,,,,,,,,,,,,,,,,,,,,,,,,,,,,,,,,,,,,,,,
0.08743718592964825,,,,,,,,,,,,,,,,,,,,,,,,,,,,,,,,,,,,,,,,,,,,,,,,,,,,,,,,,,,,,,,,,,,,,,,,,,,,,,,,,,,,,,,,,,,,,,,,,,,,,,,,,,,,,,,,,,,,,,,,,,,,,,,,,,,,,,,,,,,,,,,,,,,,,,,,,,,,,,,,,,,,,,,,,,,,,,,,,,,,,,,,,,,,,,,,,,,,,,,,
0.08793969849246232,,,,,,,,,,,,,,,,,,,,,,,,,,,,,,,,,,,,,,,,,,,,,,,,,,,,,,,,,,,,,,,,,,,,,,,,,,,,,,,,,,,,,,,,,,,,,,,,,,,,,,,,,,,,,,,,,,,,,,,,,,,,,,,,,,,,,,,,,,,,,,,,,,,,,,,,,,,,,,,,,,,,,,,,,,,,,,,,,,,,,,,,,,,,,,,,,,,,,,,,
0.08844221105527639,,,,,,,,,,,,,,,,,,,,,,,,,,,,,,,,,,,,,,,,,,,,,,,,,,,,,,,,,,,,,,,,,,,,,,,,,,,,,,,,,,,,,,,,,,,,,,,,,,,,,,,,,,,,,,,,,,,,,,,,,,,,,,,,,,,,,,,,,,,,,,,,,,,,,,,,,,,,,,,,,,,,,,,,,,,,,,,,,,,,,,,,,,,,,,,,,,,,,,,,
0.08894472361809046,,,,,,,,,,,,,,,,,,,,,,,,,,,,,,,,,,,,,,,,,,,,,,,,,,,,,,,,,,,,,,,,,,,,,,,,,,,,,,,,,,,,,,,,,,,,,,,,,,,,,,,,,,,,,,,,,,,,,,,,,,,,,,,,,,,,,,,,,,,,,,,,,,,,,,,,,,,,,,,,,,,,,,,,,,,,,,,,,,,,,,,,,,,,,,,,,,,,,,,,
0.08944723618090453,,,,,,,,,,,,,,,,,,,,,,,,,,,,,,,,,,,,,,,,,,,,,,,,,,,,,,,,,,,,,,,,,,,,,,,,,,,,,,,,,,,,,,,,,,,,,,,,,,,,,,,,,,,,,,,,,,,,,,,,,,,,,,,,,,,,,,,,,,,,,,,,,,,,,,,,,,,,,,,,,,,,,,,,,,,,,,,,,,,,,,,,,,,,,,,,,,,,,,,,
0.0899497487437186,,,,,,,,,,,,,,,,,,,,,,,,,,,,,,,,,,,,,,,,,,,,,,,,,,,,,,,,,,,,,,,,,,,,,,,,,,,,,,,,,,,,,,,,,,,,,,,,,,,,,,,,,,,,,,,,,,,,,,,,,,,,,,,,,,,,,,,,,,,,,,,,,,,,,,,,,,,,,,,,,,,,,,,,,,,,,,,,,,,,,,,,,,,,,,,,,,,,,,,,
0.09045226130653267,,,,,,,,,,,,,,,,,,,,,,,,,,,,,,,,,,,,,,,,,,,,,,,,,,,,,,,,,,,,,,,,,,,,,,,,,,,,,,,,,,,,,,,,,,,,,,,,,,,,,,,,,,,,,,,,,,,,,,,,,,,,,,,,,,,,,,,,,,,,,,,,,,,,,,,,,,,,,,,,,,,,,,,,,,,,,,,,,,,,,,,,,,,,,,,,,,,,,,,,
0.09095477386934674,,,,,,,,,,,,,,,,,,,,,,,,,,,,,,,,,,,,,,,,,,,,,,,,,,,,,,,,,,,,,,,,,,,,,,,,,,,,,,,,,,,,,,,,,,,,,,,,,,,,,,,,,,,,,,,,,,,,,,,,,,,,,,,,,,,,,,,,,,,,,,,,,,,,,,,,,,,,,,,,,,,,,,,,,,,,,,,,,,,,,,,,,,,,,,,,,,,,,,,,
0.09145728643216082,,,,,,,,,,,,,,,,,,,,,,,,,,,,,,,,,,,,,,,,,,,,,,,,,,,,,,,,,,,,,,,,,,,,,,,,,,,,,,,,,,,,,,,,,,,,,,,,,,,,,,,,,,,,,,,,,,,,,,,,,,,,,,,,,,,,,,,,,,,,,,,,,,,,,,,,,,,,,,,,,,,,,,,,,,,,,,,,,,,,,,,,,,,,,,,,,,,,,,,,
0.09195979899497489,,,,,,,,,,,,,,,,,,,,,,,,,,,,,,,,,,,,,,,,,,,,,,,,,,,,,,,,,,,,,,,,,,,,,,,,,,,,,,,,,,,,,,,,,,,,,,,,,,,,,,,,,,,,,,,,,,,,,,,,,,,,,,,,,,,,,,,,,,,,,,,,,,,,,,,,,,,,,,,,,,,,,,,,,,,,,,,,,,,,,,,,,,,,,,,,,,,,,,,,
0.09246231155778896,,,,,,,,,,,,,,,,,,,,,,,,,,,,,,,,,,,,,,,,,,,,,,,,,,,,,,,,,,,,,,,,,,,,,,,,,,,,,,,,,,,,,,,,,,,,,,,,,,,,,,,,,,,,,,,,,,,,,,,,,,,,,,,,,,,,,,,,,,,,,,,,,,,,,,,,,,,,,,,,,,,,,,,,,,,,,,,,,,,,,,,,,,,,,,,,,,,,,,,,
0.09296482412060303,,,,,,,,,,,,,,,,,,,,,,,,,,,,,,,,,,,,,,,,,,,,,,,,,,,,,,,,,,,,,,,,,,,,,,,,,,,,,,,,,,,,,,,,,,,,,,,,,,,,,,,,,,,,,,,,,,,,,,,,,,,,,,,,,,,,,,,,,,,,,,,,,,,,,,,,,,,,,,,,,,,,,,,,,,,,,,,,,,,,,,,,,,,,,,,,,,,,,,,,
0.0934673366834171,,,,,,,,,,,,,,,,,,,,,,,,,,,,,,,,,,,,,,,,,,,,,,,,,,,,,,,,,,,,,,,,,,,,,,,,,,,,,,,,,,,,,,,,,,,,,,,,,,,,,,,,,,,,,,,,,,,,,,,,,,,,,,,,,,,,,,,,,,,,,,,,,,,,,,,,,,,,,,,,,,,,,,,,,,,,,,,,,,,,,,,,,,,,,,,,,,,,,,,,
0.09396984924623117,,,,,,,,,,,,,,,,,,,,,,,,,,,,,,,,,,,,,,,,,,,,,,,,,,,,,,,,,,,,,,,,,,,,,,,,,,,,,,,,,,,,,,,,,,,,,,,,,,,,,,,,,,,,,,,,,,,,,,,,,,,,,,,,,,,,,,,,,,,,,,,,,,,,,,,,,,,,,,,,,,,,,,,,,,,,,,,,,,,,,,,,,,,,,,,,,,,,,,,,
0.09447236180904524,,,,,,,,,,,,,,,,,,,,,,,,,,,,,,,,,,,,,,,,,,,,,,,,,,,,,,,,,,,,,,,,,,,,,,,,,,,,,,,,,,,,,,,,,,,,,,,,,,,,,,,,,,,,,,,,,,,,,,,,,,,,,,,,,,,,,,,,,,,,,,,,,,,,,,,,,,,,,,,,,,,,,,,,,,,,,,,,,,,,,,,,,,,,,,,,,,,,,,,,
0.09497487437185931,,,,,,,,,,,,,,,,,,,,,,,,,,,,,,,,,,,,,,,,,,,,,,,,,,,,,,,,,,,,,,,,,,,,,,,,,,,,,,,,,,,,,,,,,,,,,,,,,,,,,,,,,,,,,,,,,,,,,,,,,,,,,,,,,,,,,,,,,,,,,,,,,,,,,,,,,,,,,,,,,,,,,,,,,,,,,,,,,,,,,,,,,,,,,,,,,,,,,,,,
0.09547738693467338,,,,,,,,,,,,,,,,,,,,,,,,,,,,,,,,,,,,,,,,,,,,,,,,,,,,,,,,,,,,,,,,,,,,,,,,,,,,,,,,,,,,,,,,,,,,,,,,,,,,,,,,,,,,,,,,,,,,,,,,,,,,,,,,,,,,,,,,,,,,,,,,,,,,,,,,,,,,,,,,,,,,,,,,,,,,,,,,,,,,,,,,,,,,,,,,,,,,,,,,
0.09597989949748745,,,,,,,,,,,,,,,,,,,,,,,,,,,,,,,,,,,,,,,,,,,,,,,,,,,,,,,,,,,,,,,,,,,,,,,,,,,,,,,,,,,,,,,,,,,,,,,,,,,,,,,,,,,,,,,,,,,,,,,,,,,,,,,,,,,,,,,,,,,,,,,,,,,,,,,,,,,,,,,,,,,,,,,,,,,,,,,,,,,,,,,,,,,,,,,,,,,,,,,,
0.09648241206030152,,,,,,,,,,,,,,,,,,,,,,,,,,,,,,,,,,,,,,,,,,,,,,,,,,,,,,,,,,,,,,,,,,,,,,,,,,,,,,,,,,,,,,,,,,,,,,,,,,,,,,,,,,,,,,,,,,,,,,,,,,,,,,,,,,,,,,,,,,,,,,,,,,,,,,,,,,,,,,,,,,,,,,,,,,,,,,,,,,,,,,,,,,,,,,,,,,,,,,,,
0.09698492462311559,,,,,,,,,,,,,,,,,,,,,,,,,,,,,,,,,,,,,,,,,,,,,,,,,,,,,,,,,,,,,,,,,,,,,,,,,,,,,,,,,,,,,,,,,,,,,,,,,,,,,,,,,,,,,,,,,,,,,,,,,,,,,,,,,,,,,,,,,,,,,,,,,,,,,,,,,,,,,,,,,,,,,,,,,,,,,,,,,,,,,,,,,,,,,,,,,,,,,,,,
0.09748743718592966,,,,,,,,,,,,,,,,,,,,,,,,,,,,,,,,,,,,,,,,,,,,,,,,,,,,,,,,,,,,,,,,,,,,,,,,,,,,,,,,,,,,,,,,,,,,,,,,,,,,,,,,,,,,,,,,,,,,,,,,,,,,,,,,,,,,,,,,,,,,,,,,,,,,,,,,,,,,,,,,,,,,,,,,,,,,,,,,,,,,,,,,,,,,,,,,,,,,,,,,
0.09798994974874373,,,,,,,,,,,,,,,,,,,,,,,,,,,,,,,,,,,,,,,,,,,,,,,,,,,,,,,,,,,,,,,,,,,,,,,,,,,,,,,,,,,,,,,,,,,,,,,,,,,,,,,,,,,,,,,,,,,,,,,,,,,,,,,,,,,,,,,,,,,,,,,,,,,,,,,,,,,,,,,,,,,,,,,,,,,,,,,,,,,,,,,,,,,,,,,,,,,,,,,,
0.0984924623115578,,,,,,,,,,,,,,,,,,,,,,,,,,,,,,,,,,,,,,,,,,,,,,,,,,,,,,,,,,,,,,,,,,,,,,,,,,,,,,,,,,,,,,,,,,,,,,,,,,,,,,,,,,,,,,,,,,,,,,,,,,,,,,,,,,,,,,,,,,,,,,,,,,,,,,,,,,,,,,,,,,,,,,,,,,,,,,,,,,,,,,,,,,,,,,,,,,,,,,,,
0.09899497487437187,,,,,,,,,,,,,,,,,,,,,,,,,,,,,,,,,,,,,,,,,,,,,,,,,,,,,,,,,,,,,,,,,,,,,,,,,,,,,,,,,,,,,,,,,,,,,,,,,,,,,,,,,,,,,,,,,,,,,,,,,,,,,,,,,,,,,,,,,,,,,,,,,,,,,,,,,,,,,,,,,,,,,,,,,,,,,,,,,,,,,,,,,,,,,,,,,,,,,,,,
0.09949748743718594,,,,,,,,,,,,,,,,,,,,,,,,,,,,,,,,,,,,,,,,,,,,,,,,,,,,,,,,,,,,,,,,,,,,,,,,,,,,,,,,,,,,,,,,,,,,,,,,,,,,,,,,,,,,,,,,,,,,,,,,,,,,,,,,,,,,,,,,,,,,,,,,,,,,,,,,,,,,,,,,,,,,,,,,,,,,,,,,,,,,,,,,,,,,,,,,,,,,,,,,
0.1,,,,,,,,,,,,,,,,,,,,,,,,,,,,,,,,,,,,,,,,,,,,,,,,,,,,,,,,,,,,,,,,,,,,,,,,,,,,,,,,,,,,,,,,,,,,,,,,,,,,,,,,,,,,,,,,,,,,,,,,,,,,,,,,,,,,,,,,,,,,,,,,,,,,,,,,,,,,,,,,,,,,,,,,,,,,,,,,,,,,,,,,,,,,,,,,,,,,,,,,
