$\mu / t$,0.0,2.0202020202020203,4.040404040404041,6.06060606060606,8.080808080808081,10.1010101010101,12.12121212121212,14.14141414141414,16.161616161616163,18.18181818181818,20.2020202020202,22.22222222222222,24.24242424242424,26.26262626262626,28.28282828282828,30.3030303030303,32.323232323232325,34.34343434343434,36.36363636363636,38.38383838383838,40.4040404040404,42.424242424242415,44.44444444444444,46.464646464646464,48.48484848484848,50.505050505050505,52.52525252525252,54.54545454545455,56.56565656565656,58.58585858585859,60.6060606060606,62.62626262626262,64.64646464646465,66.66666666666666,68.68686868686868,70.7070707070707,72.72727272727272,74.74747474747474,76.76767676767676,78.78787878787878,80.8080808080808,82.82828282828282,84.84848484848483,86.86868686868685,88.88888888888889,90.90909090909089,92.92929292929293,94.94949494949495,96.96969696969695,98.98989898989899,101.01010101010101,103.03030303030302,105.05050505050504,107.07070707070707,109.0909090909091,111.1111111111111,113.13131313131312,115.15151515151514,117.17171717171718,119.19191919191918,121.2121212121212,123.23232323232321,125.25252525252525,127.27272727272727,129.2929292929293,131.31313131313132,133.33333333333331,135.35353535353536,137.37373737373736,139.3939393939394,141.4141414141414,143.43434343434345,145.45454545454544,147.47474747474746,149.49494949494948,151.5151515151515,153.53535353535352,155.55555555555554,157.57575757575756,159.59595959595958,161.6161616161616,163.63636363636363,165.65656565656565,167.67676767676767,169.69696969696966,171.7171717171717,173.7373737373737,175.75757575757575,177.77777777777777,179.79797979797976,181.81818181818178,183.8383838383838,185.85858585858585,187.87878787878788,189.8989898989899,191.91919191919192,193.9393939393939,195.95959595959593,197.97979797979798,199.99999999999997
0.0,,,,,,,,,,,,,,,,,,,,,,,,,,,,,,,,,,,,,,,,,,,,,,,,,,,,,,,,,,,,,,,,,,,,,,,,,,,,,,,,,,,,,,,,,,,,,,,,,,,,16.643556478126353
0.00101010101010101,,,,,,,,,,,,,,,,,,,,,,,,,,,,,,,,,,,,,,,,,,,,,,,,,,,,,,1.1593745385878247e-26,1.4287003121583421e-25,1.6069267137286884e-24,1.6577281999221412e-23,1.5756819908193082e-22,1.3858021235855615e-21,1.1322073952237974e-20,8.624685348282297e-20,6.14679162182539e-19,4.111882061132811e-18,2.5895832824922144e-17,1.5397295773408927e-16,8.666366179664214e-16,4.629034835447072e-15,2.351921733597821e-14,1.1391805557052971e-13,5.271112319213974e-13,2.3345497246922975e-12,9.915128083596283e-12,4.045259999363521e-11,1.588051075011567e-10,6.008010093716327e-10,2.193749708664819e-09,7.741801179713397e-09,2.644065125410688e-08,8.750333113322703e-08,2.8094333605661733e-07,8.760886021228489e-07,2.6563270219584406e-06,7.839086423629083e-06,2.2538471038587923e-05,6.319213046011015e-05,0.00017292847799513654,0.00046227724571158875,0.001208152050954582,0.0030892881756863907,0.007734506762125224,0.01897359474767761,0.04563535239598997,0.10768799428712329,0.24946782856470212,0.5676741232107418,1.2695975607894214,2.7922245810635435,6.040211173649166,12.671415722651123,23.759540898018102
0.00202020202020202,,,,,,,,,,,,,,,,,,,,,,,,,,,,,,,,,,,,,9.504311557488006e-27,1.4115779895528534e-25,1.818931056092702e-24,2.0558849654627862e-23,2.0583643642275948e-22,1.8417881596921108e-21,1.484694916936688e-20,1.086117324936082e-19,7.258262093711062e-19,4.4578335107210805e-18,2.5301222884726962e-17,1.3337465900749935e-16,6.560314195093667e-16,3.0236890554803005e-15,1.3110073204046564e-14,5.366486572930506e-14,2.0808139433404175e-13,7.665972803896941e-13,2.6910760106799074e-12,9.025129251000274e-12,2.8987586505075203e-11,8.936957252746416e-11,2.6503669436163836e-10,7.575623604814306e-10,2.0908699687614806e-09,5.5818690053470224e-09,1.4436958888427158e-08,3.6230167038395134e-08,8.834411432592413e-08,2.0959161911151158e-07,4.843960795115894e-07,1.0918596772523962e-06,2.4029884133293814e-06,5.168999976600761e-06,1.0878197997472213e-05,2.2418397190803642e-05,4.5282314324434866e-05,8.971966184232733e-05,0.00017451016204435632,0.00033346398286484815,0.0006264355587733384,0.001157687832901192,0.0021060452017453075,0.0037736773271755033,0.006663914404494809,0.011603691262720029,0.0199337093315613,0.03380007162109108,0.05659615061681301,0.09362431528397577,0.1530758407767644,0.24746637277335987,0.3957169071457056,0.6261403716899484,0.9806865186319912,1.520919048662871,2.336356109693328,3.5560075006313476,5.364199279632174,8.022028379656906,11.893738649170501,17.452584223746832,25.159187150191126,35.137049034877236
0.0030303030303030303,,,,,,,,,,,,,,,,,,,,,,,,,,,,4.5433288777196955e-27,1.0808256242198575e-25,2.0663992258491448e-24,3.2452058883818613e-23,4.266848095925736e-22,4.775766121447502e-21,4.6175015314949374e-20,3.906685564750798e-19,2.9256037311146963e-18,1.959044835330664e-17,1.1836787505716505e-16,6.505910602329711e-16,3.2766481309411864e-15,1.522107884518621e-14,6.560300258794712e-14,2.637477400758689e-13,9.93913127657536e-13,3.5262981575228625e-12,1.182623475624632e-11,3.762919615720662e-11,1.1397584325320849e-10,3.296454045037637e-10,9.129675705459299e-10,2.427545304582535e-09,6.211892966084164e-09,1.5331551242059187e-08,3.6571444582198104e-08,8.44723499031001e-08,1.892632177543223e-07,4.120076732334521e-07,8.727510628490658e-07,1.8015013978628158e-06,3.6283529362030654e-06,7.139184667319895e-06,1.3738849289475699e-05,2.5886961578188703e-05,4.7805458757936e-05,8.66062059492458e-05,0.00015405644588813557,0.00026929668806682675,0.0004629582393606827,0.0007833064760471812,0.0013052737960019378,0.0021435579987617317,0.0034713652011119306,0.0055468915642307515,0.008750288081407294,0.01363466317626258,0.020995677245614134,0.03196550234736665,0.04813839193973255,0.0717368646539259,0.10582958855033599,0.15461449490198312,0.2237834900588726,0.3209884064809617,0.45643157422235026,0.6436086343429841,0.9002359850916576,1.249400575420799,1.7209756587776095,2.35335260788282,3.1955459766523218,4.309736679896322,5.774326435934993,7.687585116384436,10.17196778492484,13.378965176846878,17.492775691691275,22.725543242074878,29.288314671390584,37.325430701174575,46.83668523567171
0.00404040404040404,,,,,,,,,,,,,,,,,,,,,,,1.5414596057260304e-26,5.373299082996062e-25,1.3932342483867213e-23,2.78422685916178e-22,4.4190890316164616e-21,5.715121488989347e-20,6.156183544788207e-19,5.6286663821719435e-18,4.440445324321732e-17,3.0660216823506093e-16,1.876191323492074e-15,1.0287269598405591e-14,5.1033009339584525e-14,2.3102366075651103e-13,9.616745370133362e-13,3.706126371671871e-12,1.3303806020951479e-11,4.4726734366579886e-11,1.41523614577721e-10,4.2333836020486223e-10,1.201949983192151e-09,3.250919050917059e-09,8.403962543547175e-09,2.0827143396509544e-08,4.961791846568972e-08,1.1392117244100128e-07,2.5265628420970557e-07,5.424208174467628e-07,1.1294586692965077e-06,2.285139978900027e-06,4.49970880399952e-06,8.636771345223191e-06,1.6181946734324833e-05,2.963428819001284e-05,5.3109695780447955e-05,9.325295984810773e-05,0.00016059084674411545,0.0002715044669105355,0.000451056865252684,0.0007369832289973453,0.0011852382122829012,0.001877599465951352,0.002931950240929566,0.00451600840150222,0.006865435551943518,0.010307449096678578,0.015291272341029607,0.022426993128718223,0.03253465939964725,0.04670571926533807,0.06637921198256497,0.09343543221709008,0.13031012032028805,0.18013257255202036,0.2468914133469499,0.33563212249892094,0.45269075883883986,0.6059686636635088,0.805253256723671,1.0625903498174858,1.3927136928113404,1.8135377291818404,2.346719768129168,3.0182979736714333,3.859411722596874,4.907110992271932,6.205261497194481,7.805552299677172,9.76861237458533,12.165238526923035,15.07769734983159,18.600846750548527,22.84212240672699,27.91809138689181,33.94403585386128,41.0140223458142,49.17439835760718,58.40191222645502
0.00505050505050505,,,,,,,,,,,,,,,,,,,,1.9966044866453101e-25,8.775196612076915e-24,2.689978628229237e-22,6.0409490011453e-21,1.0350283897298289e-19,1.3995188875457929e-18,1.5364666767049062e-17,1.4028965645892845e-16,1.087376202333551e-15,7.281296200806293e-15,4.2764545154376944e-14,2.2320333129656448e-13,1.0471758743039374e-12,4.460475406608689e-12,1.74020153670981e-11,6.266721485844338e-11,2.0974162076129497e-10,6.564202107698035e-10,1.9315040791469536e-09,5.369578226291788e-09,1.4164889884868522e-08,3.559775258857186e-08,8.552824275302019e-08,1.9709180514486734e-07,4.368822246753211e-07,9.339997007232584e-07,1.930470708497804e-06,3.866075076693298e-06,7.516973294808757e-06,1.4216200317132325e-05,2.6195610824158075e-05,4.7103776232197944e-05,8.277319086331505e-05,0.0001423334506473992,0.00023979525667941248,0.0003962634938877956,0.00064297642646449,0.0010254122504399742,0.0016087536703950796,0.0024850554342478975,0.0037825182661465387,0.005677334572006966,0.008408635648513312,0.012297135724613216,0.017768133682005652,0.02537959730907646,0.03585611594754966,0.05012956387801002,0.06938736726808012,0.09512931055039722,0.12923385239067367,0.1740349457582597,0.23241037009279106,0.30788258518093214,0.4047331058593199,0.528131373293057,0.6842790625451555,0.8805707173716231,1.1257715420442018,1.4302131070454258,1.8060076414264072,2.2672814903751948,2.8304282131584064,3.5143816852430954,4.340909450373245,5.334926444959068,6.524829089780148,7.942849613987514,9.625430341285519,11.613617439192204,13.95347222769161,16.696488441109786,19.899959230211238,23.627103109740915,27.94648612475671,32.92992200044107,38.647828864336454,45.161364535406996,52.511891645289985,60.71025178923648,69.72980839809796
0.006060606060606061,,,,,,,,,,,,,,,,,4.510171933689275e-26,3.6894234641757e-24,1.8500966773618246e-22,6.144098068359742e-21,1.4374590560237113e-19,2.4907996426694095e-18,3.330190502474566e-17,3.5536527560116324e-16,3.1131286869040243e-15,2.2925424784340868e-14,1.447891926727577e-13,7.977459783775972e-13,3.890947330809074e-12,1.7013146868004368e-11,6.742153928218118e-11,2.4447312659239526e-10,8.178978396813703e-10,2.543203191839079e-09,7.397445339457985e-09,2.0243485293035327e-08,5.238412856914134e-08,1.2876400062119057e-07,3.0187808168799984e-07,6.774736981360438e-07,1.4601593497566882e-06,3.0313731140390524e-06,6.078156938751812e-06,1.1799177903395188e-05,2.222475852559793e-05,4.070059739311519e-05,7.260056597404916e-05,0.00012635253015461022,0.0002148825003506569,0.00035760634142168975,0.0005831243913342145,0.0009328021059341781,0.0014654485830666289,0.002263333719209773,0.00343981292331859,0.005148854810908433,0.0075967911691422465,0.011056628790936671,0.015885278659147677,0.022544068657410554,0.0316229108587787,0.043868493015348724,0.06021685582795569,0.08183070277561333,0.11014176776739519,0.14689853785193596,0.19421959404715974,0.25465279354686693,0.33124047171978227,0.4275907933074743,0.5479553294900694,0.6973128825196867,0.8814595225350348,1.1071047435004473,1.3819735874621257,1.7149145294612542,2.116012860255811,2.596709251190223,3.1699231357920263,3.8501804965239868,4.6537456030637,5.5987562109313505,6.705361696550627,7.995863577074229,9.494857840716795,11.229378493461088,13.22904167282506,15.526189239134231,18.156028010960263,21.156749287099082,24.569579704164617,28.438644585252074,32.81042083507224,37.73245416322411,43.250987199267556,49.40728063944523,56.232772890277076,63.74377875008109,71.93696517169714,80.7870124375918
0.007070707070707071,,,,,,,,,,,,,,,4.1734117474715586e-26,5.546910987261424e-24,4.0009780050594237e-22,1.7445337277657428e-20,5.000626782599967e-19,1.0068499907913348e-17,1.5014506611282514e-16,1.7309760013686509e-15,1.597885203499216e-14,1.2158078054420723e-13,7.811618043785286e-13,4.3250087137414115e-12,2.0992308759847136e-11,9.06385993479707e-11,3.525258375259916e-10,1.2484969768794138e-09,4.064161283603543e-09,1.2259830737433006e-08,3.451663244394987e-08,9.126983682708949e-08,2.2792135655174105e-07,5.401705425227465e-07,1.2202745598676048e-06,2.6378679231946486e-06,5.475549648263553e-06,1.0948056439162286e-05,2.1144667912033724e-05,3.954759993885615e-05,7.179444777116793e-05,0.00012676998425327428,0.0002181313682640017,0.00036639047949878044,0.0006016969354670863,0.0009674845333069081,0.001525161507632154,0.002360040218286968,0.0035887138383300468,0.005368095556614265,0.007906339128220278,0.011475857850367189,0.01642865194488856,0.02321414181577058,0.03239968683618014,0.04469394649665821,0.060973213367264384,0.08231081597894571,0.11000965510736833,0.14563789981646894,0.19106783080422934,0.24851777892291285,0.32059706703817004,0.4103538244349738,0.5213255054995013,0.6575919090648821,0.8238304621819065,1.025373502639918,1.2682672687134742,1.5593322826295073,1.9062247963400198,2.3174989544392064,2.8026693195282335,3.372273399897511,4.037933818025296,4.812419760791391,5.709707358360164,6.74503864800794,7.934978791612593,9.297471230534532,10.851890479085442,12.619092275964357,14.621460816744522,16.882952662449593,19.429136079995928,22.28722115325964,25.48606610617034,29.05612403634001,33.02925992526088,37.438326800957945,42.31635880586991,47.69524123434624,53.603777149685996,60.065200795381436,67.09437893544991,74.69514266844244,82.8583166496923,91.56096978827355
0.00808080808080808,,,,,,,,,,,,,,8.739275768551947e-25,1.2174587408136354e-22,8.78151038523664e-21,3.7103921765501215e-19,1.0092386433649918e-17,1.9018261271558887e-16,2.6309863584234903e-15,2.798798319572789e-14,2.376999487444615e-13,1.661983854391728e-12,9.812535330944658e-12,4.996579445603592e-11,2.2336392658183354e-10,8.898710986583045e-10,3.200173021442516e-09,1.0503075952726573e-08,3.1758755833189787e-08,8.920187632652251e-08,2.3439499667149827e-07,5.798281390540305e-07,1.3577217867843866e-06,3.0240315341966345e-06,6.434117043020939e-06,1.3127281090393191e-05,2.577038092613284e-05,4.882572246655504e-05,8.952499827596854e-05,0.00015924843839273945,0.00027542574818111205,0.00046409183111509463,0.0007632447119045294,0.0012271644914215167,0.0019318596864196626,0.0029818102052679204,0.004518173970027051,0.006728616536552492,0.009858909968625788,0.014226428904367445,0.02023564866232995,0.028395723002033364,0.03934018856321633,0.05384880994606497,0.07287154480507743,0.09755457316967615,0.12926830040663706,0.16963720967450335,0.22057140817312293,0.28429968263996097,0.3634038539479628,0.46085419874584194,0.5800456881605363,0.7248347798273579,0.8995764899967921,1.1091614671456325,1.3590527872650875,1.6553221935947064,2.0046855097528464,2.414536964662892,2.892982179994395,3.4488695857286253,4.091820046417126,4.832254499445692,5.681419426653932,6.651410001740021,7.755190777659839,9.00661379877968,10.420434049580619,12.0123221630882,13.798874345646905,15.797619478289446,18.0270233273899,20.506489529492356,23.25635591622506,26.297881507963467,29.653212282257346,33.345301325475255,37.39774217513505,41.834457381325336,46.679174771104755,51.954629890320106,57.681461665363365,63.876822559095764,70.55280018106053,77.71482969209814,85.36033985363244,93.47789036187046,102.04700387577259
0.00909090909090909,,,,,,,,,,,,1.0674399122825688e-26,4.528775210836746e-24,7.574713228825105e-22,6.09712552587739e-20,2.7339016359258463e-18,7.620499078730292e-17,1.4360195524786492e-15,1.952769417743803e-14,2.0175614704576722e-13,1.6503840016244252e-12,1.1051313000146327e-11,6.225402008584816e-11,3.017435591100502e-10,1.2822894382120867e-09,4.853625651124528e-09,1.6583598725704506e-08,5.1732615001740484e-08,1.487846922179997e-07,3.9784244655170284e-07,9.962931061693004e-07,2.351484393483973e-06,5.2600199370049935e-06,1.1205779080091691e-05,2.2833677318934435e-05,4.467297485114524e-05,8.420175922512437e-05,0.0001533619624408453,0.00027065064759330574,0.0004639269931283288,0.0007740841683796465,0.0012597400762125281,0.0020030999609384897,0.0031171367048246144,0.004754221191477429,0.007116315683309624,0.010466818349593968,0.015144117763883592,0.021576883434575634,0.03030108343173622,0.041978684166948915,0.05741795159054467,0.07759523863426428,0.1036781116652478,0.13704963989094604,0.1793336467485511,0.2324207018261304,0.2984946161118135,0.38005919249144055,0.4799649774025968,0.6014357582377735,0.7480945542177077,0.9239888556470655,1.1336148773001242,1.3819406056856018,1.6744274365888312,2.017050218100993,2.416315534781446,2.8792780901961006,3.413555067370619,4.027338369266939,4.729404663834118,5.529123180247622,6.436461224199538,7.461987400462591,8.616872550089674,9.912888427449568,11.362404158686445,12.9783805380696,14.774362231788649,16.76446796821553,18.96337878616729,21.38632432603422,24.04906677805193,26.96788097469048,30.159526477684413,33.641202638178015,37.430470417950815,41.54511638669152,46.00292718863965,50.82134010728726,56.01694028500019,61.604789909093036,67.59759982372196,74.00478763000625,80.83150317644484,88.07773379954361,95.73761720494744,103.79908044178097,112.24388595981513
0.0101010101010101,,,,,,,,,,,1.0703466338734157e-26,7.368392657869884e-24,1.707050447468845e-21,1.711170338354031e-19,8.88129488522793e-18,2.722502353894533e-16,5.440624350648756e-15,7.643776594778203e-14,8.006625880463698e-13,6.549494255118809e-12,4.342003528924199e-11,2.404009386075177e-10,1.1392376489117216e-09,4.715609948726672e-09,1.7340081172624737e-08,5.745440308885629e-08,1.7360993322745426e-07,4.833387963365767e-07,1.2507372758810982e-06,3.0311237874439165e-06,6.924877261620131e-06,1.4999319571951108e-05,3.09565332262157e-05,6.114508007779254e-05,0.00011603311222702077,0.0002122775438585203,0.0003755369859442043,0.0006441834441285288,0.0010740681319083606,0.001744489442824728,0.0027654959980353026,0.004286635129941096,0.006507228059672645,0.00968821865037444,0.014165604515637899,0.02036541912355343,0.02882019307356233,0.04018678356174757,0.055265424645124434,0.07501981848846918,0.1005980602799881,0.13335416760000493,0.1748699691072233,0.22697709758902526,0.2917788286000826,0.37167150777988095,0.469365317028665,0.5879041414640117,0.7306843148085395,0.9014720398844996,1.1044193024958697,1.3440781204708354,1.625412994340456,1.9538114514572942,2.335092600718467,2.775513639982176,3.2817742823816323,3.861019090582968,4.520837729497146,5.269263167659677,6.11476787542129,7.06625808405869,8.133066183952039,9.324941351993091,10.652038508512756,12.12490571220912,13.754470108038584,15.552022547629653,17.529201004277805,19.69797290062392,22.070616436089722,24.659700871533403,27.478065321902278,30.53879460583385,33.85518872194249,37.44071934391006,41.30896257913962,45.4734929482858,49.94772043603814,54.744652015923734,59.87656251979654,65.35456783158753,71.18810610977874,77.38434909595783,83.94758341760813,90.87861784896903,98.17428269920501,105.8270879916894,113.82509560799838,122.15203768209928
0.011111111111111112,,,,,,,,,,,4.103831665762905e-24,1.5597379584370254e-21,2.2026055412448214e-19,1.4523465646789437e-17,5.264141770822847e-16,1.1821808410901955e-14,1.799370988555728e-13,1.9881415417515033e-12,1.6820879882476195e-11,1.1366556582346773e-10,6.344992395918167e-10,3.0068327775079195e-09,1.2369785181483796e-08,4.499888421609684e-08,1.4699572364767493e-07,4.3679677129578066e-07,1.193634788245782e-06,3.027773365251951e-06,7.186213657307565e-06,1.6068999375353396e-05,3.40547969523299e-05,6.875800625382262e-05,0.00013286074820854444,0.0002466790854340412,0.00044163144333950655,0.000764776676938999,0.0012845786261881347,0.002098033250553738,0.003339264311284025,0.005189655582938569,0.007889543768252608,0.011751449027057497,0.01717477177763211,0.024661837560947194,0.03483512839751722,0.04845550097301488,0.06644116049481703,0.08988713504763973,0.12008497918512362,0.1585424273661206,0.20700271737819131,0.26746331050574035,0.3421937481137159,0.43375240259845577,0.5450019033118539,0.6791230440620328,0.8396270071357015,1.030365768530716,1.2555405793653251,1.5197084484890733,1.8277865805015772,2.1850547511525047,2.597155628021864,3.070093068140354,3.610228445581235,4.224275080902449,4.919290860577147,5.702669148228116,6.582128100647225,7.565698510395871,8.661710302565004,9.878777820021481,11.22578402902463,12.711863783860414,14.346386283228899,16.13893685150211,18.09929817339734,20.237431104659123,22.563455166194355,25.08762878000347,27.820329154717395,30.77203134072043,33.95328515601756,37.37468725825212,41.04684358559589,44.980314959933466,49.18553638355225,53.67269918497093,58.45158539295758,63.53134606690964,68.9202200100848,74.6251962050226,80.65163189322273,87.00284749975543,93.67972817434845,100.68036788955509,107.99979411214962,115.62980782131524,123.55896480178397,131.77271065273916
0.012121212121212121,,,,,,,,,,7.552736054132927e-25,5.868206224906312e-22,1.359499218783866e-19,1.2708870602517628e-17,5.910796820131997e-16,1.5884195971878393e-14,2.752380979830076e-13,3.338942541731601e-12,3.0198936524484494e-11,2.1385017407450431e-10,1.232370988725557e-09,5.9608766939761e-09,2.4813143883624805e-08,9.072916948655224e-08,2.963806804759733e-07,8.772248648732431e-07,2.3805159310674253e-06,5.982469178091647e-06,1.4042508914976579e-05,3.101273531322496e-05,6.484921481508223e-05,0.0001290956855942975,0.00024582608230339125,0.0004496368815002192,0.0007928717176395111,0.0013522384445950701,0.0022369436277216454,0.0035984233675848366,0.005641695305765937,0.008638298104212584,0.012940725233164418,0.01899820297668994,0.02737361115299284,0.03876130151500564,0.05400553480619354,0.07411923394034825,0.10030273802545059,0.13396223965170842,0.17672759523379972,0.23046921411022844,0.29731375520313635,0.3796583888557248,0.4801834144839452,0.6018630604613914,0.747974329840071,0.9221037929034572,1.12815226410923,1.3703373358606061,1.6531937740573632,1.9815718100444188,2.3606333900191614,2.795846465991134,3.292977431961721,3.858081825036841,4.49749342393825,5.217811886883434,6.025889077367008,6.9288142301997855,7.933898111590415,9.048656326194116,10.280791921525283,11.63817743602964,13.128836529442122,14.7609253349781,16.542713650149967,18.48256609388278,20.588923333285535,22.870283479292567,25.33518372547181,27.992182245791003,30.84984021549958,33.91670348032845,37.20128276069462,40.712030270269025,44.457309295684134,48.445351830821025,52.68419812747496,57.181611417623095,61.944961438154294,66.98107197423857,72.29603048787025,77.89496188018508,83.78177323735096,89.95888153646308,96.42694108606575,103.18459118077544,110.22824628684981,117.55195042739994,125.1473140109529,133.00354532978062,141.10758102614142
0.013131313131313131,,,,,,,,,3.8986895083751064e-26,8.433285353489311e-23,3.9269856350610174e-20,5.9843853873633165e-18,3.9459637217373404e-16,1.3659032075056349e-14,2.8496498483611505e-13,3.96503352450505e-12,3.969815357731253e-11,3.0309942392294285e-10,1.8463302308191123e-09,9.298889686163436e-09,3.984195486604208e-08,1.4861694217917877e-07,4.918365050291417e-07,1.466821725943269e-06,3.993811166500666e-06,1.0036837769027726e-05,2.3497461423558778e-05,5.1651179365424766e-05,0.00010732644205820281,0.00021204495659265816,0.00040034500534162187,0.0007254943140800717,0.0012667652364179902,0.0021383944983445306,0.0035002860592791675,0.005570443570323609,0.008639043746033404,0.013083988916643115,0.01938771070180411,0.02815494081573865,0.040131122033597026,0.05622110372729107,0.07750775245386533,0.10527010827572374,0.14100073051859718,0.18642190073582685,0.2435003836490813,0.3144604865573254,0.4017952019506783,0.5082752647771253,0.6369560031416427,0.7911819075926002,0.9745888882732067,1.191104230086757,1.4449442929049505,1.740610036279354,2.0828804758164976,2.4768042013053946,2.9276891049091995,3.441090481463518,4.022797672475528,4.6788194311045315,5.415368187688132,6.238843394645246,7.155814126204825,8.173001102964552,9.297258303914155,10.535554319892325,11.894953592631724,13.382597673010302,15.005686621027303,16.77146065877562,18.687182176215032,20.760118178239622,22.99752324972371,25.406623100529142,27.99459872599801,30.768571157697362,33.73558663956531,36.90260178390733,40.276467777076924,43.863911996359086,47.67151452448647,51.70567615634265,55.97257380099968,60.47809892351464,65.22777503125586,70.22665129044664,75.47917115684595,80.98901731654904,86.75893706821867,92.7905552677226,99.08418477000457,105.63864657152479,112.45111320803602,119.51698908502424,126.82984012118459,134.3813823615343,142.16153527095753,150.15854065272617
0.014141414141414142,,,,,,,,,3.8544431144883896e-24,4.817479987629222e-21,1.4464603792398197e-18,1.5393630288848877e-16,7.525519346471202e-15,2.022347032508057e-13,3.3961466056875916e-12,3.9153123201243545e-11,3.3252468794043837e-10,2.1957378978206854e-09,1.1755822874105132e-08,5.275008913595328e-08,2.0370249358683112e-07,6.916499278930231e-07,2.101423575425968e-06,5.796599248951524e-06,1.4693028214954319e-05,3.4572780271546966e-05,7.616771293179318e-05,0.00015826956381470014,0.0003121305582769233,0.0005874008358318581,0.0010598057702885509,0.0018407001585920631,0.003088552738874919,0.00502232079891152,0.007936578627644129,0.012218172744368996,0.01836409755721853,0.027000222063662174,0.03890045429384056,0.055005906519211695,0.07644362035549027,0.10454442509719025,0.1408595323750869,0.18717551244691813,0.24552734882667565,0.3182093252797519,0.4077835594441739,0.5170860578294361,0.6492302254685992,0.8076078183027515,0.9958873761483787,1.218010217962287,1.478184118571493,1.7808748168756336,2.130795529870797,2.5328946649160744,2.992341934940038,3.514513088285816,4.1049734671999225,4.769460607225482,5.513866084597538,6.344216810735804,7.266655962683962,8.287423726405054,9.412838016608827,10.649275322803113,12.003151816769998,13.480904842099386,15.088974891905261,16.83378816680366,18.721739791553073,20.759177755861717,22.952387632452655,25.307578113062483,27.83086738755316,30.528270364694915,33.40568667550089,36.46888927970253,39.72351327062491,43.17504411155715,46.82880403699554,50.6899347685855,54.763374133047684,59.05382376925325,63.565705010779865,68.30310033089488,73.26967848498258,78.46860265908789,83.90242245955729,89.57295233380076,95.48114084202626,101.62693692532734,108.00916074715967,114.62538763515101,121.47185395742646,128.5433933165899,135.83341019465675,143.33389617869,151.03549128485426,158.92758990694827
0.015151515151515152,,,,,,,,3.980963888536336e-26,2.0711815678297865e-22,1.6092341215341594e-19,3.3032396330881204e-17,2.5753659912819453e-15,9.714520135427579e-14,2.0962960272239074e-12,2.916808894963868e-11,2.856949902038946e-10,2.103889581158778e-09,1.2249803039613248e-08,5.864398486135786e-08,2.3808331412687265e-07,8.402023598773113e-07,2.6295487188052517e-06,7.418794389373874e-06,1.9125627770366354e-05,4.5564282208491865e-05,0.00010126809964534346,0.00021166066794392583,0.00041888185978248687,0.0007895285599112437,0.0014244905225856374,0.002470956893651047,0.004136548821189898,0.006705409850833643,0.010555969523357784,0.016179995988751753,0.02420247712302303,0.035401820290403854,0.05072983949978826,0.07133100391125324,0.09856045036817844,0.13400031064560508,0.17947396663814474,0.2370579188958823,0.30909103116827635,0.39818099186965766,0.5072079092493833,0.6393250278622004,0.7979566177625691,0.9867931434080358,1.2097838658789994,1.471127069503985,1.775258132545595,2.12683568172102,2.530726082745484,2.991986524613444,3.5158469549000926,4.107691117903184,4.773036937847234,5.5175164765334515,6.346855679534966,7.26685410809244,8.283364834410822,9.402274664077137,10.629484820809664,11.970892222258902,13.432371447896411,15.019757487499758,16.738829341346424,18.595294527907445,20.594774541199588,22.74279128683084,25.044754514208943,27.505950250618696,30.13153022857355,32.92650227291761,35.89572156382662,39.04388259158941,42.375511443118654,45.89495779050741,49.60638559772906,53.51376116454218,57.62083676286845,61.93112788107163,66.4478820619732,71.17403755769168,76.11217055015686,81.26443047654907,86.63246400145924,92.2173293108875,98.01940357338016,104.03828751877431,110.27271202041196,116.7204522342585,123.37825515889043,130.24178636547634,137.30560106661596,144.56314364576838,152.00677830034502,159.6278516591608,167.4167862593213
0.01616161616161616,,,,,,,,2.224495729124117e-24,6.779491800029148e-21,3.4749465880249096e-18,5.113861110734775e-16,3.0367156291020155e-14,9.129565762279959e-13,1.6259396660453785e-11,1.9190833181091083e-10,1.6298637996408896e-09,1.0594406001030794e-08,5.525398937256565e-08,2.398568406634992e-07,8.921256011277736e-07,2.9097287587932055e-06,8.479714848984775e-06,2.2422297188576547e-05,5.448253681542702e-05,0.00012294280082680346,0.00025994006431558813,0.0005188361825060763,0.0009839056037739304,0.0017824811971063911,0.00309954855779519,0.005194618993080211,0.00842055802389914,0.013243913884014951,0.020266189431260264,0.030245436881515105,0.04411752929044565,0.06301647363205326,0.08829317278557278,0.12153211148518044,0.16456552701021926,0.21948472217811382,0.28864827947722843,0.3746870354276356,0.4805057690387331,0.6092816442552338,0.764459521344831,0.9497443150501889,1.1690906275786064,1.4266899223670102,1.7269555307275006,2.0745057990126483,2.4741456900721603,2.9308471508592633,3.4497285494557723,4.036033470881303,4.69510914299161,5.4323847428041985,6.25334981060519,7.163532975102767,8.168481168462176,9.273739485759068,10.48483181981094,11.807242379922618,13.246398181718778,14.807652575759906,16.496269864375652,18.31741103997034,20.276120663311733,22.377314887258652,24.625770620214446,27.026115813159542,29.582820844630515,32.30019096550356,35.18235974461326,38.23328341366122,41.45673592992028,44.856304439434574,48.435384623601024,52.197175158484946,56.14467024120517,60.280648895910396,64.60765962297246,69.12799895613658,73.843682674563,78.75640879269525,83.86751199775348,89.17790988561072,94.68804210645752,100.39780431137461,106.30647952837238,112.41267023229437,118.71423484857931,125.20823269803405,131.890881402554,138.75753050023653,145.80265444778212,153.01986733094162,160.40196049784333,167.94096305306638,175.62822380156143
0.01717171717171717,,,,,,,3.293905886033252e-27,7.757939764063708e-23,1.4749347773563719e-19,5.2375320371350094e-17,5.7465844551855294e-15,2.6836898961931016e-13,6.604416376120672e-12,9.929350702717448e-11,1.0135660474369352e-09,7.590302728399252e-09,4.419419833940905e-08,2.0915051275004113e-07,8.328028422530008e-07,2.8672053892351302e-06,8.723359071825287e-06,2.387191563747323e-05,5.961355454035971e-05,0.00013748053762070115,0.0002957304711926965,0.0005983269163114236,0.001146672184055091,0.002094180127582665,0.0036635732515144376,0.006166583720794361,0.010025554476408282,0.015796291988702724,0.024191426746737032,0.03610349509493973,0.05262696431094588,0.07507847533806702,0.10501466512201046,0.1442470426764338,0.19485351952060398,0.25918632666014957,0.33987617898845357,0.43983266778409896,0.5622409685522195,0.7105550421223208,0.8884875803961257,1.0999970043191964,1.3492718612521026,1.6407129933189089,1.9789138592399464,2.3686393915742627,2.8148037612096575,3.3224474032980305,3.8967136354880005,4.542825171870731,5.2660608060576966,6.071732505365233,6.96516312636439,7.95166493076886,9.036519050502262,10.22495602226123,11.522137485325104,12.933139111973896,14.462934817808609,16.116382279510184,17.89820977021542,19.813004307495607,21.865201095701536,24.059074235565586,26.398728657394336,28.888093241241098,31.530915061765768,34.33075470086254,37.290982547129346,40.41477596973557,43.70511719155395,47.16479158314596,50.796385951430146,54.60228621404159,58.58467365174995,62.74551878391875,67.08657178040366,71.6093483803589,76.31511039157864,81.20484013451883,86.27920857795516,91.5385373913305,96.98275566672964,102.61135260494488,108.4233279713459,114.41714257624632,120.59067138203693,126.9411620557699,133.46520184114036,140.15869549452376,147.0168567014381,154.03421486242257,161.20463842959322,168.5213751276627,175.97710846744923,183.5640290332498
0.01818181818181818,,,,,,,1.3564739435981442e-25,1.826231491223005e-21,2.2825174481559734e-18,5.849000468573384e-16,4.9432855262451664e-14,1.864653293645955e-12,3.8407563416345976e-11,4.967175122465434e-10,4.456449013396963e-09,2.98413053372858e-08,1.5754988170490124e-07,6.839219629525928e-07,2.522039339040233e-06,8.106618990491225e-06,2.318562868932511e-05,5.99975219996302e-05,0.0001424000280011631,0.00031350565445649264,0.000646278050918061,0.0012573596305407143,0.002324158540909974,0.004104956789348194,0.0069615428300696496,0.011383660429997992,0.0180144055912856,0.027675624170110987,0.04139234861396856,0.060415364781987925,0.0862411032541061,0.12062818986668858,0.16561015232117587,0.2235039498530328,0.29691415960450773,0.3887328076669923,0.5021349686042306,0.6405703709728474,0.8077513363834087,1.0076374461082704,1.2444173735102209,1.5224883448336832,1.8464336978216895,2.22099900013084,2.651067170464527,3.141633017496732,3.6977775775055672,4.324642593393818,5.027405437304336,5.811254737867288,6.68136693253625,7.6428839263944415,8.70089200196582,9.860402090424431,11.126331483493294,12.503487037380356,13.996549895442316,15.610061734624429,17.34841252239937,19.21582975519131,21.21636913637433,23.353906641513696,25.632131910168606,28.054542897273713,30.624441712282234,33.344931569763894,36.218914769521525,39.24909161183648,42.437960128602356,45.787816463625326,49.30075565799009,52.978672487168105,56.82326186287768,60.83601817427037,65.01823282698155,69.37098917488214,73.8951540539737,78.59136523365808,83.46001430088273,88.50122477358003,93.71482559223585,99.1003204885944,104.65685417822661,110.38317661973198,116.27760697028468,122.33799909716001,128.56171068602612,134.94557804708478,141.48589865558895,148.1784232596226,155.01835904368963,162.00038486176913,169.11867897343004,176.36695907050031,183.7385337197654,191.22636372841612
0.01919191919191919,,,,,,,3.781880914657281e-24,3.086944582916011e-20,2.650907481063176e-17,5.073295330196591e-15,3.3947406709372687e-13,1.0578180640372227e-11,1.8581522348065193e-10,2.1002155250937872e-09,1.678772258011719e-08,1.0170820284671265e-07,4.919541773391747e-07,1.9767686002238165e-06,6.805694332765357e-06,2.0571762780559886e-05,5.5671211069441774e-05,0.00013702908803583998,0.00031076554130366385,0.0006563408878385113,0.0013024708528612896,0.0024467831562751817,0.004378842247429028,0.007505849830017468,0.012380074529208885,0.01972689928472375,0.03047230857681303,0.04576866455195123,0.06701772693262274,0.09589003623228678,0.13433998152960475,0.1846160923345917,0.24926631135720098,0.33113820763792684,0.4333742680153328,0.5594025536122917,0.7129231245067086,0.8978907052553589,1.1184942375789706,1.37913357657151,1.6843944263974064,2.039021553650878,2.447891122825045,2.9159825414123133,3.44835027467122,4.050096024059338,4.726341610332667,5.482202849388915,6.3227646576323755,7.25305757515751,8.278035850001991,9.40255718589243,10.631364219242792,11.969067759011752,13.42013179512482,14.988860257492565,16.679385487815832,18.495658370215377,20.44144005379655,22.520295190289666,24.735586602593013,27.090471294935085,29.587897712198515,32.23060415430568,35.02111825023655,37.96175739397718,41.05463003716056,44.30163771569956,47.70447765311944,51.26464572607292,54.983439497381354,58.86196092375885,62.90111824501802,67.10162647835894,71.46400589742647,75.98857788834897,80.67545765690889,85.52454340902791,90.53550183676438,95.70774999656656,101.04043394825199,106.53240481213764,112.182193178667,117.98798305149646,123.94758670398494,130.0584219631214,136.3174934910125,142.721379595035,149.26622596096314,155.94774746264878,162.7612388675585,169.70159484636784,176.7633392340122,183.94066301377435,191.22747004324094,198.61742914840838
0.0202020202020202,,,,,,,7.56723864968609e-23,3.93701767949445e-19,2.4117918088303764e-16,3.5492828525399656e-14,1.9247806630360928e-12,5.050163093190931e-11,7.686740168267539e-10,7.69601038233088e-09,5.544433363807983e-08,3.069751039645988e-07,1.3722820847915608e-06,5.143669027412978e-06,1.664729943182077e-05,4.7612710521976274e-05,0.00012259255860256406,0.00028846099861015213,0.0006279516234909438,0.0012775795773408386,0.002449878724943302,0.00445944366180232,0.007751866916761079,0.012934357225450164,0.02080664559801343,0.03239073921885146,0.04895815729230507,0.07205345366746663,0.10351306843303786,0.1454788241671889,0.2004056649077649,0.2710635052956859,0.3605332979989684,0.4721976296545402,0.6097263145437706,0.7770575705302994,0.9783754359160616,1.2180841232491748,1.5007800122969817,1.8312219653022683,2.21430060915426,2.655007176637276,3.1584024372836623,3.729586181651358,4.373667654373513,5.095737263746249,5.9008398309125445,6.79394958122003,7.779947025083896,8.863597826144419,10.049533710902029,11.342235436358452,12.746017800191929,14.26501665151832,15.903177838511363,17.66424801233463,19.551767193545313,21.56906299778604,23.71924641116763,26.00520900187068,28.42962145315208,30.994933302885503,33.703373776869874,36.55695360447683,39.5574677069731,42.706498645433086,46.00542070466605,49.455404465212354,53.05742167476412,56.81225017125757,60.720478538374586,64.78251010024981,68.99856580144277,73.36868548662697,77.8927271049026,82.57036342610863,87.40107596838551,92.38414599578127,97.51864263749584,102.80340839673148,108.23704253731236,113.817883050872,119.54398809744505,125.4131179664863,131.42271870962702,137.56990863945853,143.8514688611485,150.26383890065918,156.80311831507896,163.465074923853,170.24515999850416,177.13853041236328,184.14007740563343,191.24446129099277,198.44615113641103,205.73946823621358
0.021212121212121213,,,,,,1.2636978099102187e-26,1.1392432883568634e-21,3.9435112388866356e-18,1.7796435955897232e-15,2.064929467093113e-13,9.258976257467862e-12,2.0793103255876743e-10,2.7800307095883577e-09,2.4941873011334153e-08,1.6356218194326588e-07,8.347111528883781e-07,3.4746244556307126e-06,1.2229600608090844e-05,3.74277711147936e-05,0.0001018217931273554,0.00025062410510543945,0.0005661734498172221,0.001187684282410658,0.0023360069281837498,0.004342763216975965,0.007682716596058559,0.013007860952806129,0.02118150815600887,0.033310626566481864,0.05077481103228352,0.07525051251866785,0.10872947945066172,0.1535307212199804,0.2123056614538372,0.28803647747929934,0.38402790494497757,0.5038930130483378,0.6515336233378886,0.8311161557398907,1.0470437448457954,1.3039254850892312,1.6065436435757245,1.9598196323225558,2.368779465274702,2.838519346525668,3.3741719504695737,3.9808738668141874,4.6637345971308735,5.427807407548219,6.2780622662210765,7.219361025424286,8.256434947194647,9.393864618539332,10.636062257194107,11.987256371398395,13.45147870660235,15.032553387844423,16.73408814800643,18.55946751868402,20.511847851190527,22.594154029759174,24.809077736608966,27.15907712873437,29.646377788497837,32.27297481403175,35.04063592024851,37.95090542688318,41.00510901409845,44.20435912769255,47.54956091088215,51.04141852427443,54.68044168722432,58.4669522314497,62.40109040541888,66.48282061336526,70.71193622812342,75.08806309250585,79.6106613336656,84.27902516112688,89.09228040641719,94.04937968490788,99.14909521135435,104.39000946936568,109.77050410944588,115.28874761913106,120.94268245820992,126.73001247258001,132.64819147957547,138.69441394779986,144.86560866903812,151.15843623631494,157.5692910018314,164.0943080007681,170.72937509700364,177.47015035932253,184.31208442045582,191.25044733040534,198.28035920565367,205.39682381112468,212.59476410231207
0.022222222222222223,,,,,,2.4991254779749684e-25,1.3413288054618818e-20,3.205723794397588e-17,1.0957695753815158e-14,1.0243473149003229e-12,3.863933378868643e-11,7.532873621993968e-10,8.951652700233764e-09,7.268921714281962e-08,4.3762149872670075e-07,2.073847507461679e-06,8.09086989705085e-06,2.689419259402445e-05,7.822745752347136e-05,0.00020335240813227972,0.00048045245143301735,0.001045898399926587,0.0021213676387621927,0.004046091811321242,0.007312859187363856,0.012605920689337306,0.020838698659829354,0.03318918155134941,0.05113107496671641,0.07645911689557419,0.11130739230218399,0.15815994243638443,0.21985341077547396,0.29957186659981,0.40083427819077605,0.5274753611502727,0.6836207028480833,0.873657167188642,1.1021996242428291,1.3740550381599435,1.6941848959057435,2.067666879896349,2.4996565894316207,2.995350007370963,3.559947296517635,4.198618399877894,4.916470814229594,5.7185198097739045,6.609661281749986,7.5946473434929915,8.678064704784681,9.864315824078071,11.157602777908012,12.561913754455102,14.08101205025022,15.718427428160002,17.477449680164618,19.361124229367462,21.372249601003386,23.513376591053138,25.786808963436247,28.194605510892888,30.738583321046047,33.42032209672231,36.24116938788096,39.20224660128174,42.30445566153789,45.54848620244366,48.93482316743624,52.46375468994909,56.13538010586758,59.94961792075341,63.906213516618365,68.00474634265989,72.24463630107614,76.62514902008996,81.14539971443999,85.80435536865174,90.60083504712375,95.53350823174983,100.60089120806317,105.80134165606283,111.13305174257657,116.59404014653087,122.18214356865296,127.89500836974769,133.7300830413371,139.6846122303003,145.75563301248334,151.93997403813972,158.23425805775076,164.63490818688692,171.138158093231,177.7400660997945,184.43653300901764,191.22332327613324,198.09608900865047,205.05039615141342,212.08175213950977,219.1856342667576
0.023232323232323233,,,,,,3.814707904452732e-24,1.2751676789817639e-19,2.1730593466221458e-16,5.763679263220943e-14,4.423275346966452e-12,1.4248833462544798e-10,2.4413295247933034e-09,2.6051474795698722e-08,1.9313131612964373e-07,1.0754357256121933e-06,4.763051942567524e-06,1.7514533265185582e-05,5.525617885471753e-05,0.00015343366301993363,0.00038262386777726325,0.0008708399039021382,0.001832688903391478,0.0036046397505897776,0.006684816596120549,0.011775105935573259,0.01982303388465797,0.03206084880013638,0.05003949055134436,0.07565556791301727,0.11117001629981348,0.1592176922218289,0.22280771676978012,0.3053148654901992,0.41046269192371043,0.542299357998428,0.7051673290808845,0.9036681850966759,1.142623816300829,1.427035229204406,1.7620401007899256,2.152870101988596,2.6048088769350417,3.1231514228355683,3.7131654742649016,4.380055361076584,5.128928684748628,5.964766046355868,6.892393961656971,7.916461015240848,9.04141723611397,10.27149662046507,11.610702682742579,13.062796882228392,14.631289747635247,16.31943450579312,18.130223010652596,20.066383764677248,22.13038182519823,24.324420392190877,26.650443881016415,29.11014229234716,31.70495670207469,34.43608570546691,37.30449266146978,40.31091359516303,43.455865626997955,46.739655805641355,50.16239022985541,53.723983327587916,57.42416718011256,61.2625007214393,65.2383786468464,69.35103981975718,73.59957494499065,77.98293326284328,82.4999280224007,87.14924052268388,91.92942256303607,96.83889722297221,101.87595798914886,107.03876635751008,112.32534815300762,117.73358891898836,123.26122882285092,128.90585759685203,134.66491007486945,140.53566289348842,146.51523289674148,152.60057771926753,158.78849892648645,165.07564796906377,171.4585350716194,177.93354102977415,184.49693175032905,191.1448752387235,197.873460630959,204.67871878522078,211.55664389688312,218.5032155798436,225.51442086587284
0.024242424242424242,,,,,,4.641677359617244e-23,1.0052556894071235e-18,1.2564199346891606e-15,2.6410615794717113e-13,1.6915279956231125e-11,4.714978535768477e-10,7.1765632583774595e-09,6.938738412588911e-08,4.732057919282941e-07,2.453068379775684e-06,1.0211306455182371e-05,3.5565712125967355e-05,0.00010696036118224884,0.0002846307651006452,0.0006832785215653468,0.0015027339744133786,0.003065970226265408,0.0058627382356278785,0.010596244763788008,0.01822982513265286,0.03003050132186447,0.047606611531071895,0.07293725091955337,0.10839196073078626,0.1567398393072867,0.22114794103649646,0.3051694226902987,0.41272236138014134,0.5480604959793908,0.7157373410972816,0.9205652057945392,1.1675706392790384,1.4619477451544995,1.8090106756252515,2.2141464560931245,2.6827691142839765,3.220275908583142,3.8320062766471557,4.523203963812771,5.298982645259083,6.1642952284234696,7.123906913402344,8.18237199874114,9.344014347022425,10.612911367516936,11.992881330171436,13.487473794514461,15.099962916888373,16.833343387994663,18.690328748618978,20.67335183289274,22.784567094640572,25.02585458183298,27.398825336205753,29.904828008891297,32.54495649754583,35.32005842621914,38.23074430399985,41.27739721413617,44.460182898742936,47.77906011681627,51.23379115667457,54.82395240290388,58.54894482126634,62.4080042535315,66.40021136381145,70.52450107283128,74.77967129369982,79.16439077215699,83.67720583989006,88.31654591092408,93.0807275969177,97.96795737979332,102.9763328615191,108.10384270155909,113.34836544664114,118.70766754598061,124.17940092004835,129.76110050507344,135.45018222335042,141.24394182801615,147.13955503974498,153.13407933379995,159.22445765403185,165.40752423027004,171.6800125674751,178.03856556313667,184.47974760439158,191.00005840296782,197.59594825034864,204.26383432080385,211.00011761784975,217.80120015039253,224.6635019355691,231.58347745633915
0.025252525252525252,,,,,,4.625953071154605e-22,6.72014662965308e-18,6.314845023456826e-15,1.0717676823712424e-12,5.812209947761389e-11,1.4181879869441233e-09,1.9358563513149144e-08,1.7093168174443025e-07,1.0795464177780232e-06,5.239797933952625e-06,2.0602092312837137e-05,6.826270906223513e-05,0.00019644782164336596,0.0005026941574130884,0.00116521785127703,0.0024831336317234815,0.004923778264173126,0.009174232767042097,0.016193442120860883,0.027261168912401424,0.04402033568601478,0.06850998165934089,0.1031869286058775,0.1509351742904471,0.21506289734286768,0.299287690753339,0.40771120436126085,0.5447847609747504,0.7152677277082714,0.9241804975982951,1.1767538959930721,1.4783767018397505,1.8345427937286662,2.2507992183404104,2.7326962539935,3.285740318923775,3.91535036308845,4.626818190382837,5.425272989094714,6.315650203675815,7.3026647605905834,8.390788563744657,9.584232099115699,10.886929931141474,12.302529833019753,13.83438526653478,15.485550912242655,17.25878094550522,19.156529756136727,21.180954817354074,23.333921422314933,25.617009021867997,28.031518914885638,30.578483061314998,33.25867380764389,36.072614333767156,39.0205896493227,42.102657985925305,45.318662448350615,48.66824280253073,52.150847289687924,55.76574436270519,59.512034241665745,63.38866017988961,67.39441932044524,71.52797300864557,75.78785641264514,80.17248729668675,84.68017379614402,89.30912106217629,94.05743668020561,98.92313482108243,103.90413914913884,108.99828458820652,114.20331812307215,119.5168988851238,124.9365978289249,130.4598973454708,136.08419117389283,141.80678496465342,147.62489781450589,153.53566503935056,159.53614238063074,165.6233117586331,171.79408860008124,178.04533068199407,184.3738483558488,190.7764159474225,197.24978409394933,203.79069268321777,210.39588416640223,217.06211685944214,223.78617798705866,230.56489618604883,237.3951532388004
0.026262626262626262,,,,,3.8358545031187336e-27,3.863694582391246e-21,3.882366800089205e-17,2.8037221686077092e-14,3.9058340203275734e-12,1.8165730086780083e-10,3.919982385303515e-09,4.8390959797173746e-08,3.929443089715262e-07,2.3118753883785563e-06,1.0559666656924502e-05,3.938926627119413e-05,0.0001246348837492823,0.0003443872104676813,0.0008499808662546691,0.0019075239831470479,0.003948433052622353,0.007625856345783766,0.013872822802149371,0.02395758988052465,0.03953194865667983,0.06266902115931804,0.09588814825449238,0.14216561900580502,0.20493107839075006,0.2880503669931784,0.3957962421463552,0.5328088939673311,0.7040484188475739,0.9147414805698588,1.1703243155083687,1.4763840637735928,1.838600169296235,2.2626873193412034,2.7543411118109504,3.319187364574347,3.9627357269347407,4.690338026490702,5.507151588768047,6.418107602985997,7.427884474221684,8.540885997816254,9.761224113186397,11.092705937959414,12.538824746193129,14.102754533125085,15.78734780044487,17.595136197770884,19.528333665555753,21.58884173991517,23.778256699308553,26.097878255090798,28.54871951163078,31.131517945995512,33.84674718169234,36.69462935426226,39.67514788999126,42.78806053973707,46.03291253009492,49.40904971136681,52.91563159629783,56.55164419347097,60.31591254489371,64.20711287590375,68.2237842602941,72.36433969416736,76.62707646312037,81.01018568279234,85.51176089682826,90.12980563368647,94.86223985356219,99.70690526302893,104.66156953015494,109.72392949575298,114.89161353879655,120.16218331002835,125.53313509115868,131.00190106315162,136.56585077319576,142.22229307545945,147.9684787871967,153.80160425238458,159.71881594377092,165.71721616845062,171.79386987193934,177.94581247301153,184.1700586039211,190.46361158498206,196.82347342917797,203.24665515258047,209.73018715962107,216.2711294775191,222.8665816296787,229.51369196146072,236.2096662610875,242.95177555118264
0.02727272727272727,,,,,4.5684142220733165e-26,2.757830657045449e-20,1.9698614228199602e-16,1.1148041828537607e-13,1.2935129331050084e-11,5.21854150661889e-10,1.0050133609383557e-08,1.130385990375593e-07,8.493875197143343e-07,4.679876069670281e-06,2.0206324941650033e-05,7.178602660295849e-05,0.0002176573942435225,0.0005792051370111935,0.0013824919428759724,0.003011072499677788,0.0060669994505847735,0.011435370683490018,0.020347048537445726,0.03443432891147528,0.05577517752045665,0.08692293451312522,0.13091976410705267,0.1912935959868318,0.27203933480978515,0.3775860952941905,0.5127527469514402,0.6826943691937424,0.892842285867746,1.1488402407620724,1.4564790442371032,1.8216317138167164,2.2501907877802863,2.748009140787118,3.320845295838607,3.9743139215640486,4.713841935856546,5.5446304097319645,6.471622278987169,7.499475723651278,8.632542962819745,9.8748541309944,11.230105847136983,12.701654053554,14.292510690262993,16.00534376200171,17.842480374102415,19.805912323832928,21.897303860951716,24.118001257371713,26.4690438552929,28.951176293448736,31.564861641340777,34.310295201034535,37.18741876398403,40.19593513766837,43.335322780941674,46.60485041008966,50.00359145747978,53.53043828176161,57.18411604160337,60.96319615369461,64.86610925884378,68.89115761890179,73.03652686251766,77.30029699264304,81.68045256668078,86.1748919652193,90.78143568009244,95.49783357986108,100.32177114845223,105.25087473984166,110.28271594257502,115.41481519756984,120.64464485518099,125.96963188800719,131.38716049089888,136.89457479749709,142.4891819237297,148.1682555152706,153.92903993102473,159.7687551430515,165.6846023787663,171.67377047838463,177.7334428928636,183.86080520777864,190.05305304852996,196.30740020281587,202.62108678745295,208.99138728756608,215.41561830568133,221.89114587460685,228.41539220939453,234.98584179828705,241.6000467586107,248.25563140961202
0.028282828282828285,,,,,4.558553061082703e-25,1.7106923603917266e-19,8.900242715776209e-16,4.016537290963843e-13,3.9326859654473254e-11,1.3903316447156822e-09,2.409138228554882e-08,2.485300882086042e-07,1.737707543123112e-06,9.008164101209617e-06,3.691489716224929e-05,0.0001253405665825273,0.00036527537503902504,0.000938639220321326,0.002171875693762579,0.004600659024701625,0.00904079497922505,0.01665910310305193,0.02903790286504101,0.048227537362689074,0.07678282812197022,0.11778109864870201,0.1748211230107082,0.2520038354885309,0.35389676490618704,0.4854849016769298,0.6521110928803969,0.8594091493531897,1.1132327103959032,1.4195826175591288,1.784535162123501,2.2141731425427347,2.7145212368006404,3.2914867871368605,3.950806727759197,4.698001068939167,5.538333086430285,6.476776152343254,7.517986979032956,8.666284925791688,9.925636933538025,11.299647599146368,12.791553872912342,14.404223854608789,16.14015917109187,18.001500437404818,19.99003533055481,22.107208837747834,24.35413527675769,26.7316117234768,29.240132519247176,31.87990456723992,34.650863162532644,37.5526881332434,40.584820101592705,43.74647670129399,47.036668613828574,50.45421530842279,53.997760390280106,57.66578647706879,61.4566295351906,65.36849261405264,69.39945891895634,73.54750416244177,77.81050813225984,82.18626541468994,86.67249521791955,91.26685025441964,95.96692466476372,100.77026099777893,105.67435630075065,110.67666741316347,115.77461559708458,120.96559066600413,126.24695479400837,131.61604619220154,137.07018283046457,142.60666636045855,148.2227863635502,153.91582500656418,159.68306214554843,165.52178087392178,171.42927347163862,177.40284767803806,183.4398331848394,189.53758822808516,195.69350614892488,201.90502179234457,208.1696176193444,214.4848294202344,220.8482515332147,227.25754149178084,233.71042404433229,240.2046945124817,246.73822147025643,253.30894874909316
0.029292929292929294,,,,,3.8811721130867e-24,9.355974169883385e-19,3.623873996904755e-15,1.3246168793143835e-12,1.1073328452620873e-10,3.4618895919529817e-09,5.4367734696153717e-08,5.174991274898098e-07,3.383633181627076e-06,1.657293562505516e-05,6.469070338815628e-05,0.00021058397175811132,0.0005914742222202856,0.0014712293794944653,0.0033071457664107353,0.006826491510280224,0.013105915086249665,0.023646075364608617,0.040434450159115266,0.06599086167508816,0.10339234094602735,0.15627610276672227,0.22882130207437196,0.32571171465748877,0.4520824704084995,0.6134544907929108,0.8156604171436438,1.0647656563757792,1.3669878099319348,1.7286172734862681,2.155941266252304,2.655173019488406,3.232387357966838,3.893463466428312,4.644035255818453,5.4894494341158016,6.434731141663926,7.484556825478209,8.643233893964313,9.914686604848633,11.30244758725156,12.80965437618358,14.43905033798976,16.192989382560004,18.073443887666954,20.0820152987349,22.219946910327362,24.488138381313327,26.887161581992228,29.417277417108025,32.07845331240423,34.870381093971424,37.79249502766714,40.84398982162588,44.023838426463435,47.330809496568016,50.76348440112074,54.32027369523777,57.99943297933777,61.799078089095374,65.71719956748571,69.75167637616605,73.90028880592241,78.16073054747122,82.5306198868354,87.00750999705704,91.588898311591,96.27223498546873,101.0549304784987,105.93436232429582,110.90788118164058,115.97281629090934,121.12648047791677,126.36617485629527,131.68919337658266,137.092827355958,142.57437009808748,148.13112168195056,153.76039396292208,159.45951579397172,165.22583844141806,171.05674114098312,176.9496367174757,182.90197717627765,188.91125916690336,194.9750292180962,201.0908886483787,207.2564980681044,213.46958139904214,219.7279293581141,226.02940236423996,232.37193284899155,238.75352696428362,245.17226569723906,251.6263054144715,258.11387786870955
0.030303030303030304,,,,,2.864403373185326e-23,4.568315445892101e-18,1.3434990286221486e-14,4.033889335170396e-12,2.9096379123313514e-10,8.110347767815985e-09,1.1619833389511486e-07,1.026004673079342e-06,6.3014506155306516e-06,2.927225409139248e-05,0.0001091902470243208,0.00034172847861838344,0.0009273449944536261,0.00223766162311264,0.004896002119359731,0.009864937550123954,0.01853197941614212,0.0327846439478147,0.05506764805003091,0.08841739395590555,0.13647155095032215,0.20345398036188161,0.2941371918115505,0.4137858518414206,0.5680856027727448,0.7630616770865479,1.0049916309837221,1.3003160940456029,1.6555508504940222,2.0772029202977094,2.571692660771184,3.14528330541992,3.8040188228557565,4.55367052710004,5.399692504325702,6.347185636116597,7.400869787982992,8.56506358440435,9.84367109770778,11.240174727557033,12.757633531441904,14.398686276099227,16.165558508341217,18.06007298537962,20.083662854899064,22.237387029912476,24.52194726017294,26.937706458337836,29.484707893717466,32.162694918205446,34.971130937038865,37.909219381540495,40.975923480729634,44.16998566488538,47.48994646591419,50.93416280728405,54.50082560019343,58.18797658429027,61.993524355798336,65.91525957669865,69.95086928973137,74.09795036558745,78.35402203633244,82.7165375130076,87.18289468326032,91.75044589977296,96.4165068889483,101.17836483186052,106.03328569351261,110.97852089858583,116.01131346891341,121.1289037470175,126.32853482968864,131.60745782552314,136.96293703162675,142.39225509945797,147.8927182307395,153.46166141436197,159.09645368692807,164.7945033753271,170.55326326026457,176.37023558872787,182.24297685412523,188.16910226656276,194.14628983678583,200.17228401067376,206.24489880034014,212.3620203739942,218.5216090811547,224.72170090478104,230.96040834582686,237.235920758203,243.54650416274006,249.890500577314,256.26632690675416,262.6724734406068
0.031313131313131314,,,,,1.8578760229356544e-22,2.013301880172494e-17,4.576186110052435e-14,1.1430661872594781e-11,7.182028975016473e-10,1.7981599107236657e-08,2.3642491278316846e-07,1.945934318488262e-06,1.1271731297089194e-05,4.982985498397777e-05,0.00017814534437124823,0.000537388065149925,0.0014120899574018924,0.003311883289587435,0.007065663386003882,0.013918456677416372,0.025620370549479486,0.04449817264231645,0.07350262961910474,0.11622792172407938,0.17690255340900402,0.2603537518703829,0.371949174845727,0.5175208136395624,0.7032763716878266,0.9357032735461546,1.2214699760952559,1.5673285598318445,1.980021792139648,2.466197063890489,3.032328863997928,3.6846508080764986,4.429097693022938,5.271257612171882,6.216333830099353,7.269115871629811,8.433959113370184,9.714772064471195,11.1150104735763,12.637677389012019,14.285328320556467,16.060080688229526,17.963626807439105,19.997249713426285,22.161841204652102,24.457921549912673,26.885660373039112,29.4448982937246,32.13516896366557,34.955721192923654,37.90554091222143,40.98337276212567,44.18774114045181,47.51697057456578,50.96920531593502,54.542428080563475,58.234477880827335,62.043066912368865,65.96579647326035,70.00017190367024,74.14361654213377,78.3934847018879,82.74707367867987,87.20163481186732,91.75438363419815,96.40250916223117,101.14318239624819,105.97356412526631,110.89081211286083,115.89208781400679,120.9745626890057,126.1354242391901,131.37188183902876,136.68117242744285,142.0605660933745,147.5073715660158,153.01894159259535,158.5926781684905,164.22603756525083,169.91653509476524,175.6617495409985,181.45932719338182,187.30698542145376,193.2025157401088,199.1437863271125,205.12874396828778,211.15541541994574,217.22190819186537,223.3264107667449,229.46719228304767,235.6426017172878,241.85106660887618,248.09109137569754,254.36125527171873,260.66021003930445,266.9866773087901
0.03232323232323232,,,,,1.0718633528271233e-21,8.085208268886711e-17,1.443418954761605e-13,3.034143473253523e-11,1.6750157493266392e-09,3.792227574211789e-08,4.6003914676973707e-07,3.545050182454006e-06,1.943772285403842e-05,8.20299672235966e-05,0.00028181703417263875,0.0008212889542191294,0.002093912989202836,0.004781918223224917,0.009963143359847548,0.01921468752158135,0.03470136658431946,0.0592394406395816,0.09632973758072229,0.15015817643645357,0.22556508492667948,0.3279872307212882,0.4633780446095701,0.6381121912712011,0.8588806205571133,1.1325817184039033,1.4662133669678996,1.8667697783676376,2.341146004083892,2.896052121832694,3.537938310100678,4.272931359008962,5.106782638803319,6.044827146684827,7.091952965067437,8.252580272965355,9.53064893963613,10.92961349780314,12.452445742302315,14.101640151907834,15.879227547652022,17.78678977256462,19.8254784178346,21.996035624127412,24.298816522146765,26.733812776029914,29.300676769526046,31.998746045768403,34.82706767582218,37.78442228884781,40.86934754847745,44.080160904693166,47.414981489951366,50.87175106188033,54.44825392354423,58.14213577622291,61.95092147915515,65.87203170691097,69.90279850711792,74.04047977254602,78.2822726508971,82.62532592623892,87.06675141788169,91.60363445611988,96.23304350875081,100.95203904596454,105.75768174174858,110.64704011525434,115.61719771402296,120.66525993193083,125.78836053877285,130.983667977098,136.24839145784688,141.57978685980504,146.97516241686836,152.43188415520882,157.9473810293204,163.51914969685464,169.14475886953565,174.821853180203,180.5481565133173,186.32147475711545,192.13969794862615,198.00080179698074,203.90284858474607,209.84398746054907,215.82245414842083,221.8365701095994,227.88474120079727,233.96545587903836,240.0772830071996,246.21886931647035,252.38893658232166,258.5862785694983,264.80975779927263,271.05830218909904
0.03333333333333333,,,,,5.559005270506617e-21,2.9836252580193915e-16,4.2453066684097715e-13,7.588739311103778e-11,3.7099243928083057e-09,7.641589826302839e-08,8.594856963677048e-07,6.2257644883453604e-06,3.242060014669586e-05,0.0001309781628959456,0.00043346230200456287,0.00122293520219593,0.003030742544220713,0.006750323309947811,0.013754929769376166,0.02600469594103695,0.04613025366596622,0.07748397625974777,0.12415461283932883,0.19094548300328906,0.2833198746410837,0.407319573741351,0.5694635922222651,0.7766343506199365,1.0359580811593012,1.3546853016521125,1.7400760886311015,2.199293711768146,2.739309090499334,3.3668175627640617,4.088168645353299,4.909308822117676,5.835736911238143,6.872471218318795,8.024027456632187,9.294406287035438,10.68708927695846,12.205042081535723,13.850723694431611,15.626100688268082,17.53266545395063,19.57145754721798,21.743087350510862,24.04776136522727,26.485308532624074,29.055207087517516,31.756611518257788,34.58837928722623,37.54909703015706,40.63710601112948,43.850526660309,47.187282065196,50.6451203230259,54.22163569320891,57.914288514594304,61.720423873792406,65.63728902809036,69.66204960171113,73.79180458605006,78.02360018788119,82.35444258136495,86.7813096334167,91.30116168545895,95.91095148691558,100.60763338506841,105.38817187985997,110.24954964948681,115.18877514248976,120.2028898150372,125.28897506938296,130.44415892437505,135.665622422262,140.95060575232657,146.29641405176162,151.70042282991264,157.16008295394371,162.6729251322941,168.2365638363223,173.8487006093765,179.50712672483527,185.2097251692153,190.95447194191027,196.739436678417,202.5627826181494,208.42276595044993,214.31773458278457,220.24612638314377,226.20646695431174,232.19736700106412,238.21751935268654,244.26569570279054,250.3407431261211,256.44158043036884,262.5671943938334,268.7166359397708,274.88901628916966
0.03434343434343434,,,,,2.616035204757768e-20,1.0192496286942922e-15,1.1713999840422506e-12,1.7977231963839602e-10,7.838555336504899e-09,1.4771104372714567e-07,1.547228717188667e-06,1.0573427364418756e-05,5.245257862427356e-05,0.00020338084421211915,0.0006497939263608313,0.0017781941181268896,0.004290740512295123,0.00933424267095327,0.018626048093263865,0.034560420884770945,0.0602825333791636,0.099722522639763,0.15758763200648165,0.2393151713532416,0.35099235589025163,0.4992509395507857,0.6911451414437685,0.9340209933590531,1.2353842505409056,1.6027727006777202,2.043637302342436,2.565235238051003,3.174536771336791,3.8781467969678673,4.682241180311662,5.592517386184194,6.614158477308018,7.75180929039618,9.009563445375017,10.39095978352512,11.898986839564337,13.536094010875242,15.304208177705595,17.20475463852252,19.238681344619195,21.40648554065953,23.708242037674836,26.143632458407872,28.711974900450258,31.412253557916305,34.243147928161804,37.20306130522188,40.290148327798576,43.50234140584595,46.837375898384174,50.29281395581461,53.86606697391628,57.55441663491832,61.35503453406456,65.26500040934515,69.28131900842808,73.4009356419986,77.62075048704867,81.93763171862311,86.34842756304931,90.84997737901713,95.43912188290746,100.11271263941663,104.86762093596676,109.70074614879027,114.60902369026344,119.58943260260568,124.63900283475257,129.7548222102583,134.93404306700523,140.17388852707762,145.47165833889966,150.82473422467143,156.2305846642079,161.6867690509413,167.19094116586618,172.7408519292031,178.33435140598962,183.96939005913845,189.64401926064346,195.35639108729512,201.10475744098676,206.8874685448573,212.7029708749755,218.54980459301024,224.4266005484738,230.3320769204112,236.26503556606647,242.22435814376777,248.20900207078193,254.2179963738902,260.2504374844245,266.30548502396744,272.3823576211882,278.48032879463415
0.03535353535353535,,,,4.161108611014983e-27,1.1263384772863762e-19,3.244478060454688e-15,3.0487989716430397e-12,4.052180215384096e-10,1.586202842083188e-08,2.7485398318768037e-07,2.6921340705553446e-06,1.741447909093351e-05,8.252559383292419e-05,0.000307833826131514,0.000951412031855762,0.0025297676337760915,0.00595255785676551,0.012665031274534222,0.024778515335635364,0.04517137875130989,0.07754835783258686,0.1264528441534589,0.1972329668308834,0.2959670596681934,0.4293570441901823,0.6045995086059277,0.8292441827953941,1.1110485313841885,1.457835706502444,1.8773614316954481,2.3771937478511393,2.9646080760109648,3.646498809316117,4.429307658680001,5.318968235164161,6.320865830127563,7.4398110176752414,8.680025516672286,10.045138677345731,11.538192970184129,13.161656927001225,14.917444095102226,16.806936699457577,18.831012852472117,20.990076297578863,23.284087815205055,25.712597553707237,28.274777671056658,30.969454784249322,33.795141821850976,36.75006896186109,39.832213410987535,43.03932784593242,46.368967390411875,49.81851504707972,53.385205540390146,57.06614755687701,60.85834439451575,64.75871305347908,68.76410181892581,72.87130640349059,77.07708473387368,81.37817048265475,85.77128546212454,90.25315100972688,94.82049850216565,99.47007913510163,104.19867309620933,109.00309824106473,113.88021835525018,118.82695105472074,123.84027534325709,128.917238813975,134.0549644547703,139.25065699713417,144.50160873558764,149.80520474112666,155.15892739601085,160.56036018770942,166.00719071514595,171.49721287877452,177.02832824572042,182.59854660066995,188.20598571120576,193.8488703519233,199.52553064441733,205.23439977969295,210.9740111965652,216.74299529155053,222.54007573911096,228.36406549711862,234.21386257087588,240.08844560384466,245.9868693578002,251.90826013897154,257.8518112202867,263.8167783033281,269.80247505728465,275.8082687659503,281.83357610871946
0.03636363636363636,,,,2.656200375542946e-26,4.469546747720523e-19,9.679770800758474e-15,7.520836271989046e-12,8.726464373931412e-10,3.085087309833835e-08,4.938570232852842e-07,4.540129644395496e-06,2.7884281127494076e-05,0.0001265519333899363,0.00045510870468364506,0.0013631852470784378,0.0035275186171166272,0.008105306589334782,0.01688743465600331,0.03242920742159595,0.05814070413719796,0.0983263333936228,0.1581710738472566,0.24367750744137556,0.36156226256440965,0.5191228071142072,0.7240860199639235,0.9844491502104241,1.3083221715466127,1.7037785880265186,2.1787197612653033,2.740756006707279,3.3971061570743317,4.154516047556678,5.019195446189697,5.996772290718673,7.09226266889006,8.310054740550694,9.653904706292218,11.126942939377534,12.731688483458473,14.470070251893185,16.34345342519893,18.352669716468704,20.49805034915998,22.779460760455887,25.19633620137765,27.747717549098624,30.432286776277774,33.24840163611965,36.19412922150722,39.2672781377173,42.465429112584204,45.78596390378822,49.226092442990975,52.78287817316968,56.45326158080597,60.23408194778097,64.12209737137913,68.11400312045053,72.20644841494301,76.3960517348523,80.67941478306459,85.05313524304,89.51381848423298,94.05808837269896,98.68259733913933,103.38403584080082,108.15914132772991,113.00470679038881,117.91758892803242,122.89471593963201,127.93309490540531,133.02981870021952,138.18207236239954,143.38713883345477,148.64240398563874,153.94536086377246,159.29361308361965,164.6848773491013,170.11698507273974,175.58788310598038,181.09563360693505,186.63841309136743,192.21451072819477,197.82232595116477,203.46036546808543,209.12723975120235,214.8216590949827,220.54242932560916,226.28844724307166,232.05869587160237,237.85223958794356,243.66821918994475,249.5058469608443,255.3644017765913,261.24322429785474,267.1417122794568,273.05931602563436,278.9955340126214,284.9499086949713
0.03737373737373737,,,,1.533086250753093e-25,1.6454014286764557e-18,2.7207901010138798e-14,1.765944910249102e-11,1.8019805078802492e-09,5.785352053424085e-08,8.592390486182835e-07,7.439459372728989e-06,4.35038213796951e-05,0.00018953195078624048,0.000658424398770713,0.0019145596485008272,0.004828625114954286,0.010848226718560797,0.022158324960117257,0.04180717860367167,0.07378061536934646,0.12301683385859666,0.19536278554044806,0.29747985459476267,0.43671052031916924,0.6209191772103022,0.8583198945934418,1.1573022964815127,1.5262645290453172,1.9734599072232444,2.506861590240504,3.13404769521778,3.8621076892092057,4.6975697090765545,5.646347613609794,6.713706022286177,7.904241283077034,9.22187618261261,10.669866216759205,12.250815336987847,13.966699244854293,15.818894497718759,17.808211894905234,19.934932820719162,22.198847420662975,24.59929367318102,27.13519658849238,29.805106916921087,32.60723888100616,35.53950655989809,38.59955865132242,41.784811418009085,45.09247969338244,48.51960587643244,52.06308689090396,55.71969911997906,59.48612135713931,63.35895583805675,67.33474744077569,71.41000116201015,75.58119799844863,79.84480938190006,84.19731033405711,88.63519151737144,93.15497035973642,97.75320142010914,102.42648613944053,107.17148208786283,111.9849117784603,116.86357107461161,121.80433717659388,126.80417613814448,131.8601498379603,136.9694223164023,142.12926538414382,147.3370634161054,152.59031725889886,157.88664720076093,163.22379497710418,168.59962480999494,174.01212350377324,179.45939964186866,184.93968194558084,190.45131687313452,195.99276554418574,201.56260008250462,207.15949947117224,212.7822450137151,218.42971549106855,224.1008820987501,229.7948032417542,235.51061925678673,241.2475471237095,247.00487521888599,252.78195815613353,258.57821175249205,264.39310814915314,270.22617111165675,276.0769715271165,281.94512311169603,287.8302783367419
0.03838383838383838,,,,8.064017631105664e-25,5.652469009121006e-18,7.238527399976539e-14,3.962095243422323e-11,3.579607447476157e-09,1.0489825696222725e-07,1.4511625387273949e-06,1.1870644204605492e-05,6.626382112050865e-05,0.0002777228622150783,0.0009336904541645971,0.0026397747981344293,0.006497540223385753,0.014290035667200064,0.028645005067376782,0.053150481864403985,0.09240739772347087,0.15201495698913997,0.23849395197526807,0.3591595467726508,0.5219581901033096,0.7352837924149895,1.0077869435191393,1.3481885555998845,1.765106531736225,2.2669013235365916,2.8615438151709225,3.5565069786312655,4.358681215066703,5.274312200346279,6.308959330307728,7.467472442193688,8.753984303790464,10.171916348142293,11.723995236469532,13.412278012752985,15.23818383760645,17.202530532473073,19.305574410680734,21.54705210799433,23.926223344701523,26.441913749966933,29.092557055356405,31.876236117949034,34.79072236505386,37.8335133640794,41.001868313709075,44.29284132947775,47.703312458564895,51.2300164088237,54.86956901669826,58.61849151066128,62.47323265368225,66.43018887177071,70.48572249906697,74.63617829286216,78.87789839250357,83.20723591425336,87.62056738253654,92.114304195605,96.68490330719213,101.32887727612142,106.04280379391275,110.82333475448256,115.6672048801526,120.57123987426958,125.53236403541412,130.54760724384425,135.61411121974396,140.72913495397611,145.89005922389197,151.09439012674434,156.33976158847153,161.6239368337274,166.94480882961003,172.3003997428794,177.68885947054093,183.10846332251327,188.55760894737543,194.03481260043552,199.5387048570333,205.06802587395458,210.62162029868915,216.1984319203731,221.79749814985422,227.4179444059664,233.05897847826273,238.71988492550966,244.40001956053962,250.09880406462938,255.81572076371117,261.55030759487624,267.30215328230594,273.07089273737205,278.8562026922924,284.65779757250755,290.47542560942503
0.03939393939393939,,,,3.89303314619547e-24,1.8215638292928192e-17,1.8303669672341595e-13,8.523160886811967e-11,6.860560952510468e-09,1.8436515069429892e-07,2.3843584661988176e-06,1.848101078454189e-05,9.871408724529145e-05,0.0003988016798219555,0.0012997083962863595,0.0035779679773028455,0.008605740328978833,0.01854795579150884,0.03652310175388864,0.06670254581408341,0.11433599656491467,0.18570324639271973,0.28800192464276664,0.4291866482378407,0.6177769888974677,0.8626509903301888,1.1728386005867515,1.5573262283759428,2.024880339808043,2.58389499320457,3.2422656761756983,4.007289832423591,4.885593028662249,5.8830787495363985,7.00489923530512,8.25544450581271,9.6383466647989,11.15649668292761,12.812071061122857,14.606566035984715,16.540837274853615,18.61514329787111,20.829191143194148,23.182183050297734,25.672863170094217,28.299563517024207,31.060248557294585,33.95255798025534,36.9738473284095,40.12122626787851,43.39159436820128,46.78167433059759,50.288042659374284,53.907157815306256,57.6353859249148,61.469024148746215,65.40432183790095,69.43749963332189,73.564766687072,77.78233620742488,82.08643954654553,86.47333905635726,90.93933993115937,95.48080123286711,100.09414625722985,104.77587235087147,109.52256023479397,114.33088283668458,119.19761358760063,124.11963410317779,129.09394114776583,134.1176527727205,139.18801352618118,144.30239864860155,149.45831719388644,154.65341404389738,159.88547081717908,165.15240570018554,170.45227225691687,175.78325729417656,181.14367787626435,186.53197759406302,191.94672219948413,197.3865947177761,202.85039014772727,208.33700985478362,213.84545575383532,219.37482437012997,224.92430085628558,230.49315303297894,236.08072551145918,241.68643394522513,247.30975944992866,252.95024322183005,258.6074813777863,264.28112003320973,269.97085062875334,275.6764055116943,281.3975537739386,287.13409734530734,292.88586733807205
0.0404040404040404,,,,1.7359629100217326e-23,5.5327726805568494e-17,4.4155444220013325e-13,1.763377164223451e-10,1.2719211223843014e-08,3.148084673376366e-07,3.8189748868121716e-06,2.8123354453414043e-05,0.0001440552859679482,0.0005620145997020373,0.0017783175705024335,0.004773149984058859,0.011231249487019297,0.023746422680843416,0.04597407553051871,0.08270816636396261,0.1398743076982471,0.22444428508900907,0.34428654335589837,0.5079717856249176,0.7245535313299659,1.0033415331851654,1.3536825728191688,1.7847592897097153,2.3054139816063723,2.92400110211025,3.6482696208187764,4.485274516190784,5.441315376667123,6.521899291587312,7.731724811371189,9.074683644398469,10.55387684806813,12.171642492766212,13.92959207493648,15.828653288764627,17.86911710671897,20.050687448096745,22.37253202034916,24.83333319334595,27.431338009455825,30.16440664201447,33.03005879282072,36.025517668208956,39.14775129607459,42.39351104566244,45.759367291723564,49.241742227367,52.83693987907697,56.541173416203335,60.350589879309396,64.26129248049475,68.26936065637273,72.37086808120118,76.56189887135571,80.83856222877792,85.19700577517912,89.63342781668658,94.14408874893721,98.72532176716648,103.37354298941811,108.08526104034874,112.85708608534227,117.68573825622276,122.56805537511755,127.50099986436341,132.48166472742733,137.50727849788882,142.57520907433843,147.68296639099523,152.82820390503096,158.00871891626701,163.22245176549558,168.46748398431995,173.7420354904733,179.0444609375937,184.37324533779918,189.72699907839896,195.1044524547404,200.50444983443384,205.92594356242654,211.3679877062146,216.8297317287521,222.31041416793425,227.80935638679745,233.32595645032043,238.8596831730354,244.4100703725847,249.97671135582726,255.5592536566063,261.1573940378321,266.77087376502584,272.39947415388025,278.04301239062903,283.70133762095963,289.37432730092246,295.0618838013378
0.04141414141414142,,,,7.19119693817778e-23,1.5906843099676697e-16,1.0196560167424872e-12,3.518574996248663e-10,2.2864510184529747e-08,5.23309018903909e-07,5.97340583806507e-06,4.18979779677548e-05,0.00020622969016604106,0.0007783046533273825,0.0023944724443860084,0.00627403839336744,0.014457932405647954,0.03001548261590888,0.05718237899324124,0.10140917088387354,0.1693172438394255,0.26857324898756074,0.4077014555501196,0.5958566842573498,0.8425796643824957,1.1575533986781712,1.5503747644709063,2.0303510887227407,2.606327393138061,3.2865466937884342,4.078543232620642,4.989066766113643,6.024034927786306,7.188510083794696,8.486696885434647,9.921956775751703,11.496835937119306,13.213103500526335,15.071797222500125,17.07327423456381,19.217264857642405,21.502927834833653,23.928905661108093,26.493378974762265,29.19411922190883,32.02853901391787,34.99373977141096,38.08655639055658,41.30359878262146,44.641290228398866,48.095902560856196,51.663588244420346,55.340409462669506,59.122364361749774,63.005410628457504,66.98548661221638,71.05853022912507,75.2204959110976,79.46736988061254,83.7951840173799,88.20002861837015,92.67806420924235,97.22553264366564,101.83876755642528,106.51420422208926,111.24838879408134,116.03798685132307,120.87979114626465,125.77072843368437,130.7078652605926,135.6884126165017,140.70972936930167,145.7693244473821,150.86485776503255,155.99413992388656,161.155130755061,166.3459367929552,171.56480779174635,176.81013240801525,182.08043318139227,187.374360944226,192.69068878964362,198.02830571914703,203.38621008213607,208.76350290698673,214.15938121260078,219.57313137551085,225.0041226159572,230.4518006545191,235.91568158015622,241.39534596081668,246.89043321919024,252.40063628876706,257.92569655901775,263.465399113233,269.01956825821907,274.58806334153604,280.1707748492867,285.7676207753316,291.37854325129416,297.0035054257378
0.04242424242424243,,,,2.781786471993456e-22,4.345505942213257e-16,2.260842364414582e-12,6.788235575925274e-10,3.9938358181218356e-08,8.484283738787192e-07,9.139054706580263e-06,6.119700262998335e-05,0.0002900068934857755,0.0010604091410077586,0.0031762391754155306,0.008133736779779417,0.018374552641596636,0.037488891766137795,0.07033229729605009,0.12303980908690001,0.20294064510370688,0.3183904888502355,0.478545697522119,0.6931052216286786,0.9720435645827975,1.3253535371429177,1.7628123020082624,2.2937791938433265,2.92702954242222,3.670625412604555,4.5318217977245165,5.517005249752046,6.631661043840827,7.880364595218708,9.266792827373495,10.793751410837176,12.463214157306943,14.276371293593927,16.233683804392708,18.334941488719153,20.579322800844935,22.96545493168555,25.491472924771017,28.155076912034374,30.953586800158455,33.88399394186494,36.943009492624476,40.127109286641684,43.432575171094605,46.85553281931952,50.39198610641606,54.037848179450116,57.78896939411609,61.64116232479639,65.59022408830204,69.63195625299494,73.76218263094206,77.97676526540859,82.27161892303839,86.64272437572014,91.08614071109639,95.59801684727766,100.17460235413806,104.81225760982011,109.50746325557985,114.25682886226596,119.0571006898666,123.90516841244096,128.79807068721811,133.73299947055466,138.7073030164532,143.71848753230395,148.76421750645474,153.84231475965902,158.9507563048272,164.08767112477503,169.2513359965085,174.4401705005025,179.65273135857953,184.88770624164096,190.14390718338225,195.42026372500257,200.7158159058773,206.02970720043012,211.36117748835076,216.70955613137818,222.07425521675495,227.45476301523544,232.85063769044206,238.26150128651145,243.6870340124203,249.1269688340492,254.581086378936,260.0492101535937,265.5312020693074,271.0269582690392,276.53640524572074,282.0594962404141,287.5962079075496,293.14653723407514,298.7104986975955
0.043434343434343436,,,,1.0096016331714133e-21,1.131948535260308e-15,4.826503931365455e-12,1.269121844081615e-09,6.791760431992203e-08,1.3438216633317818e-06,1.3696861916992462e-05,8.774949568395142e-05,0.000401060003472418,0.0014229182731835164,0.004154700267770477,0.010409250889478078,0.02307359599480494,0.04630193233774948,0.08560450388670328,0.14782191894972713,0.2409950883681872,0.3741541887295417,0.5570555628486231,0.7998949844145533,1.1130215313679879,1.5066704663318826,1.9907274643866826,2.574531121293723,3.2667163174567917,4.075097791876288,5.00659110448009,6.067166859271708,7.261833427105792,8.594643259717333,10.068718067943278,11.686288521834019,13.448744624396555,15.3566934473977,17.41002145174422,19.60795911801472,21.9491460687177,24.43169526502033,27.053255205578385,29.81106934546737,32.70203219336125,35.7227417403017,38.869548029214336,42.138597796905714,45.525875214398724,49.027238823657775,52.63845482401173,56.3552269055688,60.17322287151486,64.08809830923423,68.09551764219007,72.19117287461077,76.37080039219815,80.63019615595725,84.96522959977996,89.37185648613327,93.84613090048946,98.38421648279682,102.98239691357075,107.63708560343126,112.34483448492026,117.10234177709947,121.90645858848133,126.75419423795131,131.64272020283744,136.56937264239778,141.5316534883777,146.52723013723823,151.55393381733703,156.60975673687534,161.6928481420472,166.80150943162326,171.93418848195822,177.08947333702525,182.26608541525624,187.46287237372138,192.67880075987088,197.91294856601792,203.16449778694437,208.43272706569556,213.71700449785286,219.01678065067463,224.33158184080222,229.66100370289936,235.00470507168473,240.36240219134987,245.73386325917193,251.11890330437382,256.5173793984322,261.9291861893654,267.3542517497146,272.792533725801,278.2440157744117,283.70870427212355,289.1866252819928,294.677821762163,300.1823510011105
0.044444444444444446,,,,3.452500665308149e-21,2.8204457942179745e-15,9.945534984852413e-12,2.304102228873028e-09,1.1264117413675693e-07,2.0825418487055515e-06,2.0135282866165274e-05,0.00012366560693147574,0.0005460274284995914,0.0018822865137068832,0.0053637572452444405,0.013160834958710413,0.02864986157101934,0.0565889619220504,0.10317236210067178,0.17595990795025857,0.2836996358018117,0.43607312811379156,0.6433967572238901,0.9163092867043008,1.265470381906018,1.701287550060599,2.233682304058809,2.8719006746970765,3.6243688552532567,4.498591725080881,5.501090088135646,6.637371443892002,7.911928748151296,9.328261714538396,10.888915588107048,12.59553286481513,14.448914043795757,16.449084122102335,18.595362134633945,20.886431582220848,23.320410067990736,25.89491687200427,28.607137539307125,31.453884841267623,34.431655700857036,37.53668385621142,40.76498818029438,44.11241668465179,47.57468631848061,51.1474187378606,54.82617227066068,58.60647034673919,62.48382670433961,66.45376772109469,70.51185224708308,74.653689329484,78.87495420628126,83.1714029062012,87.53888572564894,91.97335976832109,96.47090064066333,101.02771330874623,105.64014204981316,110.3046793824466,115.01797383505856,119.77683641332537,124.57824564856723,129.41935114556938,134.29747559352643,139.21011525144905,144.15493896579127,149.12978581621584,154.13266151892952,159.16173373800484,164.21532646894914,169.2919136639867,174.39011226583787,179.50867480937006,184.64648173825464,189.8025335690123,194.97594301846303,200.16592719368043,205.37179992693794,210.59296432231355,215.8289055660812,221.07918403993497,226.34342876462333,231.6213311916583,236.91263935250197,242.21715236770788,247.5347153129362,252.8652144344119,258.2085727030244,263.564745693777,268.93371777557564,274.31549859520777,279.7101198387563,285.1176322534736,290.5381029132455,295.97161271112554,301.418254062948
0.045454545454545456,,,,1.1167639210409852e-20,6.741607981273343e-15,1.9826441238106474e-11,4.06973016560181e-09,1.8248339992828932e-07,3.1620350188737036e-06,2.9069241195161695e-05,0.00017147756639950562,0.000732555055696631,0.002456788301369805,0.006839822344048881,0.016451163163731457,0.03519882445548054,0.06848071174617747,0.12319799875182466,0.20763558006983374,0.3312355470626798,0.5042995533462727,0.7376568137776669,1.0423295802873371,1.4292203267270922,1.9088367844507717,2.491063727140618,3.1849846134203075,3.998751986770274,4.939502762826292,6.013312943454655,7.225185597518216,8.579065875840858,10.07787716338347,11.723573045943958,13.517200458491653,15.458970102849282,17.548330919232793,19.784046036557193,22.16426819430279,24.68661311780818,27.348229740661203,30.14586650731363,33.075933263621934,36.134558461006776,39.31764156946324,42.62090072448825,46.03991573018416,49.57016661464864,53.20706799187705,56.94599953447541,60.78233290785149,64.71145555829615,68.7287917784199,72.82982148438636,77.01009712185203,81.26525906786519,85.59104981734014,89.98332714489398,94.43807632921869,98.95142143194909,103.51963554753017,108.13914989235211,112.80656158216577,117.51863995469432,122.27233132382399,127.06476209593764,131.89324023043127,136.7552550790911,141.64847568667074,146.57074767580676,151.52008886932,156.49468382357244,161.49287745583482,166.5131679508467,171.55419912512042,176.61475241645638,181.69373865077023,186.79018972073703,191.9032502920892,197.03216963470695,202.17629365763912,207.3350572104976,212.50797669850533,217.69464304512903,222.8947150246577,228.1079129774209,233.33401291206732,238.57284099294205,243.82426840532221,249.08820658730934,254.36460281421463,259.65343611918985,264.95471353248644,270.268466620964,275.59474830915747,280.93362996330006,286.2851987200534,291.6495550422805,297.02681048496817,302.4170856548856
0.046464646464646465,,,,3.429016940993115e-20,1.549894508917925e-14,3.8316130606030895e-11,7.005427590796279e-09,2.8919234567005605e-07,4.709783055971424e-06,4.1259407565448566e-05,0.00023417506831395395,0.0009693133675423189,0.0031664100651696775,0.008621391169988646,0.02034432242364717,0.04281477431818481,0.08210134740388787,0.14582816960599324,0.24300282753463157,0.3837399627508718,0.5789221428016462,0.8398377181847371,1.1778281619885722,1.6039681807449282,2.1287928937822636,2.7620787839485184,3.5126793553682183,4.388412466074605,5.395993876546572,6.541010329814688,7.827925120787497,9.260109334024689,10.839892503087993,12.568627202548432,14.446762908257758,16.47392527738219,18.64899775280516,20.970203082536926,23.435182917847687,26.041074156603777,28.784581100223882,31.6620428226576,34.66949541000145,37.802728931731245,41.057339158019104,44.42877415335363,47.91237596243441,51.50341767207444,55.19713619008841,58.988761134755975,62.87354027537456,66.84676199804586,70.90377528155486,75.04000764368199,79.25098145927683,83.53232895822904,87.87980609952128,92.28930540160634,96.75686770555932,101.27869276943905,105.85114854506182,110.47077897567472,115.13431016874222,119.83865483692726,124.58091495222227,129.35838261799424,134.16853921885033,139.0090529601708,143.87777494849894,148.7727339932852,153.69213032704877,158.63432844765057,163.59784928325925,168.58136187060003,173.5836747216969,178.60372703558363,183.64057989091634,188.6934075343914,193.76148885938952,198.84419914989695,203.94100214727712,209.0514424817022,214.17513849666614,219.31177548327744,224.4610993315928,229.62291059843142,234.79705898493413,239.9834382123699,245.18198128114923,250.39265609548409,255.61546143447103,260.85042324940196,266.0975912667016,271.3570358759327,276.6288452826652,281.91312290666554,287.20998500648597,292.5195585133192,297.84197905576343,303.1773891618093
0.047474747474747475,,,,1.002677191551986e-19,3.4353554273562785e-14,7.192137817824382e-11,1.1770155950191896e-08,4.48907289109737e-07,6.889496556781098e-06,5.763096754558621e-05,0.0003152322556537235,0.0012659838431438187,0.00403267068055474,0.010748488959317917,0.024904623340550755,0.05158873346918394,0.09756530192964041,0.17118992861797266,0.2821821931922755,0.4412995485954964,0.659959027596172,0.9498486678750686,1.3225610570955992,1.789270739140089,2.3604675151189274,3.04574990149874,3.8536774038650123,4.791676639166238,5.865994319281855,7.081689283735562,8.442655766415541,9.951670596232967,11.610457834890802,13.419765283225178,15.379448232301304,17.48855672921236,19.745423433348986,22.147749839636337,24.692689237973976,27.376925267530265,30.196745320002012,33.14810835919342,36.22670696696531,39.42802361015938,42.74738126004898,46.17998859875212,49.72098012534936,53.36545154116684,57.10849085392789,60.94520569334014,64.87074736911912,68.88033221133524,72.9692607035733,77.13293484794235,81.36687409169366,85.66673001821684,90.02829987398451,94.44753889097346,98.9205712821,103.44369974326753,108.0134132892057,112.62639327583543,117.27951751109276,121.96986241726106,126.6947032745222,131.45151263652633,136.23795706089197,141.0518923386402,145.89135743137996,150.7545673396765,155.63990512716114,160.54591331757183,165.47128486702323,170.4148538942852,175.3755863293469,180.35257061693846,185.34500858821028,190.3522065914424,195.37356695211196,200.40857981417253,205.45681539854988,210.51791670089992,215.59159263949957,220.67761165473016,225.775795754242,230.88601499217208,236.0081823664955,241.14224911554837,246.2882003927075,251.446051297004,256.6158432369033,261.7976406044533,266.99152773738956,272.1976061475223,277.41599199407847,282.6468137837798,287.8902102761444,293.14632857967575,298.4153224205811,303.6973505697406
0.048484848484848485,,,,2.800385042277482e-19,7.35732154597338e-14,1.313472333990081e-10,1.9329549156148704e-08,6.833620610951336e-07,9.907697047132635e-06,7.9290845658389e-05,0.00041862322081982555,0.0016332088079526802,0.005078362665615135,0.013261983418743156,0.030195225824851925,0.06160615580046059,0.11497388570768191,0.19938610299143258,0.32525529459762215,0.5039440702225364,0.7473508062368688,1.0674988634353577,1.4761609305414798,1.9845381203102157,2.603003224748242,3.3409097650203323,4.206463165241776,5.206647185827684,6.347197191614868,7.632611429710893,9.066191849268494,10.650106797045579,12.385468941660177,14.272422861951027,16.31023778301081,18.497401901303135,20.831715580314714,23.310381412146985,25.93008973160081,28.687098647701,31.577308036469017,34.59632723240939,37.7395363787813,41.00214156233171,44.37922398015988,47.86578348038282,51.456776895164396,55.14715165470431,58.931875231924884,62.80596101063967,66.76449117978504,70.80263722026979,74.91567846581988,79.0990190935963,83.34820375304663,87.65893189564214,92.02707074514858,96.44866676302443,100.919955422776,105.43736910887742,109.99754299279539,114.59731879864631,119.23374644386921,123.90408361333432,128.60579339230523,133.336540137244,138.0941838030433,142.87677296815858,147.68253680826763,152.5098762656312,157.35735464831072,162.22368787351442,167.10773454503632,172.0084860283342,176.9250566599213,181.85667420178183,186.8026706273042,191.76247330353402,196.73559661534443,201.7216340606914,206.72025083255792,211.73117689187396,216.75420052680147,221.7891623868445,226.83594997503127,231.8944925776904,236.96475660881597,242.04674134449513,247.14047502214893,252.24601127923086,257.36342590643414,262.49281389092147,267.63428672723995,272.7879699720242,277.95400102391045,283.13252710758405,288.32370344455506,293.5276915937957,298.7446579468292,303.97477236310755
0.049494949494949494,,,,7.490525440193527e-19,1.5254999215623113e-13,2.337502765844593e-10,3.106791411720515e-08,1.021270155159959e-06,1.4020453103268694e-05,0.00010754214638968292,0.0005488226430493992,0.0020824986954530926,0.006327206405920106,0.01620275697605391,0.03627657479246156,0.07294440455421655,0.13441167055020123,0.23049056428222367,0.3722590839692278,0.5716398466177148,0.8409534657808888,1.1924902015371162,1.6381298468571295,2.1890268465279674,2.8553671274562658,3.646195523180812,4.569307790605368,5.631198533040515,6.837055283177293,8.190789038289635,9.695092254584031,11.351516383097776,13.16056224734337,15.12177778105154,17.233858778447686,19.49474931563116,21.90173936287829,24.45155782372374,27.1404598179736,29.96430748654568,32.91864395351967,35.99876035167022,39.19975601903054,42.51659212177634,45.94413907038353,49.47721818778709,53.11063816909496,56.839226944175145,60.65785960440455,64.5614830661794,68.54513810124071,72.60397926417149,76.73329310167958,80.9285148594919,85.18524373855936,89.49925661770683,93.86652007120152,98.28320047306849,102.74567199174744,107.25052232790365,111.79455612228611,116.374796044059,120.98848165231657,125.63306619489074,130.30621156418127,135.00578166714368,139.72983448613658,144.47661311097545,149.24453601318334,154.03218681433177,158.83830377473083,163.66176919937152,168.5015989273371,173.3569320405714,178.22702089930146,183.11122158558325,188.00898481316682,192.91984734229823,197.84342392137737,202.77939976375777,207.72752355706908,212.68760099398213,217.6594888069245,222.64308928466428,227.6383452455341,232.64523544015384,237.66377035553,242.6939883922171,247.73595238664512,252.78974645101488,257.8554731061647,262.933250680086,268.02321095167673,273.12549701607645,278.24026135212944,283.36766407318265,288.50787134406113,293.66105394849217,298.8273859926264,304.00704373157845
0.050505050505050504,,,,1.923617279435219e-18,3.067895608487353e-13,4.0595110010485767e-10,4.892856580773319e-08,1.4998729048599339e-06,1.9539949636486286e-05,0.0001438943554005642,0.0007107878777606589,0.0026260904186789667,0.00780340942950831,0.01961073050879823,0.04320463902656714,0.0856700017400216,0.15594263600740363,0.26454327151926804,0.4231798985791782,0.6442830056469108,0.9405310927787015,1.324409705668586,1.8078316638291214,2.4018323942646096,3.11634368856492,3.960041947842678,4.940262627943728,6.062970486802035,7.332774702338922,8.752978415101117,10.325653303568037,12.051731141906938,13.931105678083167,15.962739507984779,18.144771821933336,20.474623938868614,22.949100413005286,25.564484205989782,28.31662498100135,31.2010200126043,34.21288753859108,37.34723262610226,40.59890580527969,43.962654858397165,47.43317026134505,51.0051248704487,54.67320853143205,58.43215834721691,62.276785355687,66.20199831970838,70.20282521602745,74.2744328409342,78.41214475693066,82.61145761936265,86.86805577401124,91.17782392428364,95.53685763505824,99.94147146365,104.38820457250924,108.87382376769031,113.39532400329124,117.94992648395417,122.53507457389253,127.14842777757934,131.78785409238273,136.45142104825885,141.13738574702668,145.84418419751694,150.5704202169369,155.31485413680775,160.07639151696142,164.85407203575622,169.64705869077108,174.4546274131594,179.2761571706833,184.11112061059245,188.95907527299738,193.81965538864648,198.69256426156122,203.57756722648307,208.4744851631496,213.3831885436771,218.30359198537394,223.23564927884902,228.17934885999875,233.13470969409968,238.1017775404622,243.08062156757418,248.07133128826266,253.07401378861175,258.088791223211,263.11579855288875,268.1551815021578,273.20709471548804,278.2717000932136,283.34916528953653,288.43966235663373,293.5433665203459,298.6604550742885,303.7911063804916
0.051515151515151514,,,,4.753579642413698e-18,5.994162711169157e-13,6.888952329771006e-10,7.558511545149518e-08,2.166613042080578e-06,2.684047252667071e-05,0.00019006761107026148,0.0009099184754395167,0.003276750158021729,0.009531122115136756,0.023523729063005594,0.05102894270223273,0.09983563497792317,0.1796060543148018,0.30154504501983664,0.4779472328932519,0.72169243586849,1.045748222616675,1.4627214911535118,1.9844838001966643,2.6218808968026748,3.384526434227175,4.280673119054855,5.317150803838294,6.499359553133736,7.831305722423771,9.31567000920118,10.953897827642422,12.74630392465744,14.692184706920049,16.789933176699307,19.03715262549101,21.430766290564378,23.96712104522477,26.642083884535865,29.451130506792513,32.389425700554746,35.45189555130072,38.63329170407086,41.928248083719836,45.33133060460409,48.83708051648587,52.440052132595255,56.134845759555695,59.916136667705786,63.7787008867871,67.71743847844772,71.72739474206617,75.80377958783606,79.94198510103169,84.13760115794986,88.38642885753735,92.68449150758819,97.02804294153222,101.41357302380325,105.83781030817245,110.29772192475518,114.79051087307862,119.313610980312,123.86467984097794,128.44159008642094,133.04241934131483,137.66543921455158,142.3091036477034,146.9720369105721,151.65302149432455,156.35098611180248,161.06499397431156,165.79423147674902,170.53799738860758,175.2956926189928,180.066810598413,184.85092829929707,189.6476979003694,194.45683908685822,199.2781319685364,204.11141059031286,208.9565570050548,213.8134958751586,218.68218956762777,223.56263370688575,228.4548531495333,233.35889834735627,238.2748420636654,243.2027764135014,248.14281019666777,253.09506649661242,258.0596805195054,263.0367976499965,268.0265717021076,273.02916334558563,278.04473868984275,283.0734680092695,288.11552459527184,293.1710837218316,298.2403217127023,303.32341509958013
0.052525252525252523,,,,1.1327133197238195e-17,1.1395600795252334e-12,1.1436879845598365e-09,1.146448225014461e-07,3.0808719757916583e-06,3.636328049214862e-05,0.0002479891000239742,0.0011519887071567913,0.004047513277159188,0.01153378006349919,0.027976177503122375,0.05979037377747282,0.11547689810387325,0.20541207537132275,0.34145200822931754,0.5364271354681299,0.8036022934100868,1.156161633244373,1.606758011168133,2.1671480605923024,2.8479196168588334,3.6583080721198917,4.606092123048888,5.697556360329887,6.937507317057407,8.329330152715706,9.875074493514733,11.575559649892698,13.430491207684636,15.43858267263167,17.597677348779772,19.904866913547608,22.35660421125811,24.94880863709243,27.67696314888355,30.536202451830544,33.52139227928443,36.627199969034585,39.84815673783912,43.17871221576527,46.613281938844295,50.14628861907014,53.7721981001047,57.485550936202266,61.28099047302142,65.1532881570377,69.0973665750612,73.10832046898992,77.18143573179448,81.31220620920014,85.49634803055504,89.72981117516919,94.00878803424254,98.32971883114155,102.68929388929938,107.08445286508794,111.5123811756596,115.97050393880922,120.45647779898704,124.96818104126528,129.50370239691847,134.06132892566131,138.63953332631954,143.23696098530576,147.85241702546944,152.48485357032038,157.13335739340724,161.7971380806365,166.47551679685566,171.16791571634351,175.87384815074302,180.59290938663662,185.32476822834496,190.06915922876308,194.82587558172358,199.59476264285843,204.37571204175816,209.1686563458172,213.97356423534455,218.79043614926053,223.61930036313854,228.46020945979353,233.3132371588281,238.1784754699577,243.05603213623644,247.94602836021946,252.84859672013675,257.7638793622635,262.6920263368047,267.63319412350654,272.58754430671667,277.5552423866715,282.5364567122764,287.53135752216343,292.54011608221487,297.56290390881605,302.59989206911195
0.05353535353535353,,,3.979104953668615e-27,2.6076051183823293e-17,2.1109115689994186e-12,1.8595461848255893e-09,1.7088276214542928e-07,4.315679393176587e-06,4.861970987248089e-05,0.0003197793377921381,0.0014430481671114128,0.004951353178860351,0.013833321503036887,0.03299761014059019,0.06951874605235607,0.13260872933256668,0.2333369540770513,0.38416960801648004,0.5984150981346772,0.8896538780389873,1.2712113349884049,1.755710265979146,2.3547201255905845,3.078505719760428,3.935868484370239,4.934068136254188,6.078810241441186,7.374285091223581,8.823244373763249,10.427103879805333,12.186062458607356,14.099229398981445,16.16475419868224,18.379954237461348,20.741437164447298,23.245215858558417,25.886814645151123,28.66136608434554,31.563698118941463,34.58841171539672,37.72994938432276,40.98265516177335,44.340826797794904,47.79876104540003,51.35079305541683,54.991330915600734,58.7148863459582,62.51610232119513,66.3897782174736,70.33089271573233,74.33462445452717,78.39637021261326,82.51176029677592,86.6766708031289,90.88723249403736,95.13983616012622,99.4311344867837,103.75804059167872,108.11772352460801,112.5076011132376,116.92533059443572,121.3687974928373,125.8361032013956,130.32555168979502,134.83563572280912,139.36502291844374,143.91254192013366,148.47716890291835,153.058014582041,157.6543118470157,162.26540410443502,166.89073437958854,171.5298351998628,176.18231926145253,180.8478708644861,185.52623808949465,190.21722567963837,194.9206885874875,199.63652614187126,204.36467678898563,209.10511336139308,213.85783883120735,218.62288250208283,223.40029660133348,228.19015323215626,232.992541650774,237.80756583536171,242.63534231646804,247.47599824128588,252.32966964666232,257.19649991813895,262.0766384145273,266.97023923961535,271.8774601444908,276.7984615457128,281.73340564620213,286.6824556467277,291.64577503882896,296.6235269674692,301.61587365801955
0.05454545454545454,,,1.34732076681136e-26,5.809532747451696e-17,3.814839793840987e-12,2.9639943015073943e-09,2.505021192807128e-07,5.959267240540969e-06,6.419171140335368e-05,0.000407725747719225,0.0017892848491080854,0.006000769567997489,0.016449265278568777,0.03861097273430298,0.08023008145973806,0.1512214940732247,0.2633178373853635,0.4295460891538622,0.6636282592361609,0.9793866346078792,1.3902104369081159,1.90861657187497,2.545917213023625,3.311992758461189,4.215159905995219,5.262120107957724,6.457972240451627,7.806273846965634,9.309136939779076,10.967346464065997,12.780491759673264,14.747103464485347,16.86479017173803,19.130370735129794,21.53999940732241,24.089282021465767,26.77338221504892,29.58711728837497,32.525043725198714,35.58153272008393,38.75083629826772,42.0271448151529,45.40463680113346,48.877522257964806,52.440080574749366,56.086694172148256,59.81187879026147,63.61031103623314,67.47685346444597,71.4065771472367,75.39478146567559,79.43701073847069,83.52906731221744,87.66702083469467,91.84721358958639,96.06626194873671,100.32105416673993,104.60874488094065,108.92674677715799,113.27271993539763,117.64455938430692,122.04038137548594,126.4585088477232,130.8974564952927,135.35591579091405,139.83274024920047,144.32693115362736,148.8376239133598,153.36407516613892,157.90565070102213,162.46181423990578,167.03211708895793,171.6161886496361,176.21372776292577,180.82449484918914,185.44830479827152,190.08502056005983,194.73454738339322,199.39682765117792,204.07183625933325,208.7595764911981,213.46007633912237,218.1733852295645,222.89957111048085,227.63871786312677,232.39092300358817,237.15629564246674,241.93495467410963,246.72702716621754,251.5326469500054,256.35195331995595,261.1850899414774,266.0322038329687,270.89344447774744,275.7689630288586,280.6589116001,285.5634426300818,290.4827083134336,295.4168600890307,300.36604817900235
0.05555555555555555,,,4.3552465265683993e-26,1.2546053106634246e-16,6.733708481265111e-12,4.6355644576593255e-09,3.614111109308781e-07,8.116295299409723e-06,8.372884389865372e-05,0.0005142405183587883,0.002196844167301499,0.0072072846053608825,0.019397630810376362,0.04483068720109344,0.09192356505292118,0.17127663703061494,0.29524699533046794,0.47736525283237285,0.7316966820439161,1.0722279587040997,1.512333474086773,2.0643493693991948,2.7392632768113834,3.546514116268838,4.4938884085286865,5.58749603138813,6.831807761056258,8.229738138151918,9.782759317617613,11.491034023699859,13.353558176382636,15.368305985159662,17.53237222816552,19.842108024685864,22.293247681485116,24.88102518146965,27.600279630645048,30.4455495291134,33.41115613323234,36.49127647641257,39.68000686359401,42.971417873303864,46.35960207919039,49.838715791994765,53.403016070292644,57.04689403340304,60.764905165389315,64.55179689999682,68.40253341171272,72.31231727920873,76.27660756972818,80.29113391386605,84.35190626886758,88.45522026047452,92.59765820443056,96.77608610171868,100.98764705516002,105.22975165657256,109.5000659439438,113.79649753279357,118.11718049508723,122.46045950355136,126.82487368911114,131.20914058330246,135.61214044152445,140.03290117237924,144.47058403500418,148.9244702119324,153.39394831985723,157.87850288434683,162.37770377628152,166.8911965865299,171.41869390011016,175.95996742070238,180.5148408899126,185.08318374236646,189.66490543691728,194.259950404007,198.8682935531205,203.4899362848609,208.12490295709534,212.77323775758737,217.43500193948722,222.11027137974372,226.79913442417006,231.50168998638404,236.21804587111086,240.94831729539234,245.69262558405944,250.4510970184015,255.22386181931344,260.0110532481889,264.81280681144096,269.62925955433906,274.46054943452253,279.306814763686,284.168193709233,289.0448238480169,293.9368417653762,298.8443826935306
0.05656565656565657,,,1.3470731884428043e-25,2.63006225273737e-16,1.1621266115878604e-11,7.1191131735300264e-09,5.135004922241873e-07,1.0908520215749204e-05,0.00010794053672735184,0.0006417991578677951,0.0026715960866386013,0.008580832530402671,0.022689675366283357,0.05166043795599922,0.10457810561684264,0.19270179755168984,0.3289653353986983,0.5273382668840043,0.8021533869530805,1.167481379369853,1.6366026476884583,2.2215993879673523,2.93307091356124,3.779962420055767,4.769490534659766,5.907146471477306,7.196757878965832,8.640592314139635,10.239487858801903,11.992999156559977,13.899549773023006,15.956584100069325,18.160713975218812,20.507856765948834,22.993362906759675,25.612131819578952,28.358715846740072,31.227412335291394,34.21234438966888,37.307531115802405,40.50694844921722,43.8045818856433,47.194472559649604,50.6707580777494,54.22770927707634,57.85976368429274,61.56155598381142,65.32794537953095,69.15403943834052,73.03521387905677,76.96712781138946,80.94573409525664,84.9672847268177,89.02833140586688,93.12572166341087,97.2565910961211,101.41835236066049,105.60868162493817,109.82550316546406,114.06697275290082,118.33146039511256,122.61753292069997,126.92393679541337,131.2495814764024,135.59352352936853,139.95495166380064,144.333172782724,148.7275990956384,153.13773630579365,157.56317285447733,162.00357018429557,166.45865396911856,170.92820624925474,175.41205840531248,179.91008490255422,184.42219773685906,188.9483415173165,193.4884891213831,198.04263786389424,202.61080612483536,207.19303038530484,211.78936262550422,216.39986804288446,221.02462305270626,225.66371353710664,230.31723331236975,234.98528278739946,239.66796778940056,244.36539853555485,249.0776887316522,253.8049547820389,258.54731509448277,263.3048894693525,268.0777985602929,272.8661633972423,277.6701049630898,282.4897438165036,287.3251997544174,292.1765915085288,297.0440364709119
0.05757575757575758,,,3.9948637380964756e-25,5.359006273635965e-16,1.962797124076129e-11,1.0743606702561051e-08,7.188968166047448e-07,1.4474610576755941e-05,0.0001375821634149064,0.0007928554067930312,0.0032188406589177226,0.010129024082028955,0.026330415231665075,0.05909062254770071,0.11814840741743338,0.21538523951197472,0.36425497734511464,0.5790942090113381,0.8744227009514358,1.2643125431381306,1.7618712424954337,2.3788562532632618,3.125418867706526,4.009963603200611,5.039103536852742,6.217690564142598,7.548900663670819,9.034356715661074,10.674274420864068,12.4676198888848,14.412270228760393,16.505170850610725,18.742485140405396,21.119733718788158,23.631921685681952,26.27365314136683,29.039232925049856,31.9227559917444,34.91818522893264,38.01941884800156,41.2203487721148,44.51491162063754,47.897133875154125,51.3611725581634,54.90135230051287,58.51219912795602,62.1884707991022,65.92518318575056,69.71763205497845,73.56140967812922,77.45241590494697,81.38686362963968,85.36127887151069,89.37249594947963,93.41764841608611,97.49415652511192,101.59971204217518,105.73226118333488,109.88998639966323,114.07128763237165,118.27476355764196,122.49919323338632,126.7435184598063,131.00682707582774,135.28833733685175,139.5873834561756,143.90340234235106,148.23592152635956,152.5845482442472,156.94895962106764,161.3288938890388,165.72414256523396,170.13454351101277,174.55997479402194,179.00034927735325,183.45560986164574,187.9257253117525,192.41068660392506,196.9105037346828,201.4252029377832,205.9548242607499,210.49941945731257,215.05905015659982,219.63378627425396,224.2237046344584,228.82888777545242,233.44942291433964,238.08540104952166,242.73691618313913,247.40406464496064,252.08694450574887,256.78565506587796,261.500296408908,266.2309690104899,270.9777733943298,275.740809828054,280.5201780527915,285.31597704112687,290.12830477884813,294.9572580665413
0.05858585858585859,,,1.1380441337004101e-24,1.0625987261790356e-15,3.246940903123998e-11,1.5941803076685243e-08,9.921548905191423e-07,1.8968722167104483e-05,0.00017343311484776413,0.0009697271156876318,0.0038429395414837897,0.011856260805294843,0.030316884604641582,0.06709538585352198,0.1325604194832041,0.23916938640577104,0.4008305771052546,0.6321689013451831,0.9478063232956289,1.3617322101646845,1.8868032167446076,2.534384289751549,3.314123619965214,4.233843811757095,5.299527099757711,6.515372030828013,7.883900950198337,9.40610066924814,11.08158206102956,12.908747565064635,14.884958448315848,17.006696070102308,19.269713336181116,21.669174019745356,24.199778771420455,26.85587746323399,29.63156812830339,32.52078323385107,35.51736443904427,38.615127352737645,41.8079180532994,45.089663155513485,48.45441494196579,51.89639255396182,55.41001959595758,58.98995791878306,62.631136950725654,66.328777805377,70.07841149445859,73.875890846546,77.7173960850225,81.59943437269268,85.51883392517435,89.47273350061266,93.45856818226157,97.47405239275446,101.51716103343972,105.58610955008011,109.67933360854911,113.79546893598739,117.93333175802556,122.09190014760077,126.27029650083354,130.4677712718301,134.68368803106517,138.9175098599826,143.16878705569957,147.43714609219842,151.72227976599643,156.0239384431691,160.34192231868607,164.67607459867048,169.02627551528525,173.39243709073713,177.7744985689423,182.17242244064252,186.58619099327998,191.01580332315947,195.4612727534503,199.92262460728858,204.39989429070434,208.89312564506835,213.40236953339544,217.9276826289649,222.46912637861718,227.0267661159778,231.6006703045656,236.1909098898833,240.7975577467788,245.42068820627904,250.0603766502836,254.71669915972672,259.3897322327586,264.07955248786516,268.78623647374735,273.5098604514988,278.2505002212682,283.00823096342407,287.783127094286,292.57526213336996
0.0595959595959596,,,3.119584542209509e-24,2.052435346794093e-15,5.264484462634976e-11,2.3270604547496223e-08,1.3503371348881412e-06,2.4557331449911034e-05,0.00021626457821118998,0.001174446180090028,0.00454685705937231,0.013762665070846902,0.034636067231269774,0.07562912284357012,0.14770597181561423,0.26384316409860803,0.438328959633231,0.6859914150496313,1.0214662651948325,1.4585751593288663,2.0098475608318105,2.6861917763286067,3.496702941750168,4.448586625830157,5.547173574016392,6.7960017597715305,8.196944604818453,9.750367787969637,11.45530074637033,13.309612373938732,15.310183349196427,17.45306992301447,19.73365588682089,22.14679088215387,24.686914280038224,27.34816464248551,30.12447538086707,33.00965774065499,35.99747270236348,39.08169372594024,42.25616234581089,45.51483834947941,48.85184567538131,52.2615144081789,55.7384185495217,59.27740877870282,62.873639268029024,66.522587762366,70.2200684787823,73.96223781726057,77.74559329559658,81.56696646179455,85.42351076221699,89.3126854501415,93.23223662317375,97.1801764048173,101.15476116317828,105.1544695119003,109.17798068508887,113.22415373182977,117.29200784531758,121.38070403058711,125.4895282243275,129.6178759093565,133.76523821294046,137.93118943972914,142.1153759639317,146.31750638901363,150.5373428741019,154.7746935239561,159.0294057381978,163.3013604218303,167.59046696209768,171.89665888466806,176.2198901087534,180.56013172811052,184.91736925200794,189.29160024708847,193.68283232747834,198.09108144648715,202.51637044864276,206.9587278457923,211.4181867853927,215.89478418347812,220.38855999709867,224.89955661645442,229.42781835719447,233.97339103752338,238.53632162624447,243.11665794988377,247.7144484486791,252.3297419726783,256.9625876104421,261.6130345439525,266.2811319242841,270.9669287634242,275.6704738383528,280.3918156041213,285.1310021132066,289.8880809388889
0.06060606060606061,,,8.240792447581334e-24,3.865201651431512e-15,8.370930699774562e-11,3.3429870993327085e-08,1.8129062103261565e-06,3.141366790205274e-05,0.00026679404507535506,0.0014085633911152745,0.00533158833148003,0.01584277767597088,0.039262407554366587,0.08462228370223676,0.163436322856429,0.28913272201894363,0.47629642783745685,0.7398673543946935,1.09440345865065,1.553473425756553,2.1292054193651695,2.8319911642976376,3.670328384580799,4.650776972040961,5.778002453277009,7.054881992995461,8.482651584770498,10.06107709574545,11.788635773642689,13.662698341988458,15.6797047604952,17.835329093147255,20.124630753898778,22.54219076756897,25.08223269088671,27.738728603157984,30.505491218934004,33.37625375635431,36.34473964989141,39.40472435856249,42.55009125164019,45.77488287214214,49.07334797959401,52.439983935321486,55.869573445053604,59.35721451715057,62.8983426979571,66.48874508921061,70.12456618984005,73.80230611023805,77.51881209957004,81.27126457120472,85.05715890987325,88.8742843219532,92.72070088140389,96.59471576329383,100.49485947379921,104.41986270224196,108.36863425106557,112.34024035225302,116.33388555922446,120.3488952834007,124.38470005047681,128.44082133793432,132.5168590176342,136.6124802437805,140.72740969255815,144.86142103166227,149.01432949893717,153.18598547495202,157.3762689384026,161.5850847019631,165.8123583341591,170.05803268153116,174.32206491387967,178.60442402356296,182.9050887175129,187.2240456477297,191.56128793251855,195.91681392657577,200.29062620331635,204.68273071777386,209.09313612159764,213.52185320722526,217.96889445946204,222.43427369695064,226.91800578798959,231.42010642741386,235.94059196315473,240.47947926275765,245.03678561157648,249.61252863560492,254.20672624300784,258.8193965754522,263.45055799222195,268.10022900210765,272.7684282760455,277.45517460227956,282.16048686366,286.88438400836526
0.06161616161616162,,,2.100616653594212e-23,7.102301632353569e-15,1.3059461425628348e-10,4.727602563527549e-08,2.401327647794709e-06,3.970886421793869e-05,0.0003256225689538178,0.0016728956709777577,0.0061954426984891,0.018083953413185853,0.04415476476500712,0.09397623652454391,0.1795542120534862,0.3146899013251419,0.5141728182799317,0.7929576142345341,1.1654302687708153,1.6448215604443495,2.2427870360780577,2.9691466021885287,3.831762250858214,4.836526394551301,5.987432805225385,7.286704798630651,8.734959369633561,10.331390384048708,12.073958075976341,13.95957568035994,15.9842869695663,18.14343076818977,20.431790268553524,22.843726264207028,25.373294393974696,28.014347294590884,30.760623292490365,33.605823871719245,36.54368243310134,39.568026613159965,42.672835654908184,45.85229325084247,49.1008352665534,52.4131911009907,55.78441727803761,59.209922148999226,62.685481144348124,66.20724271871082,69.77172566346692,73.37580901006264,77.01671593206291,80.69199317563647,84.39948747769007,88.13732027756417,91.90386181973801,95.69770552015345,99.51764325062697,103.3626420004102,107.23182220856548,111.12443792742125,115.03985887445013,118.97755435407531,122.93707897766953,126.91806007514086,130.92018667072185,134.943199885932,138.9868846294306,143.05106243801418,147.13558533812056,151.2403306069065,155.3651963215003,159.51009759541614,163.6749634113597,167.85973396949532,172.06435847948444,176.28879333313034,180.53300060222637,184.7969468132072,189.08060195634854,193.38393869337466,197.7069317307536,202.049557332699,206.41179294919868,210.79361693929758,215.19500837216472,219.61594689107687,224.05641262764013,228.5163861554699,232.9958484741853,237.4947810159973,242.01316566839174,246.5509848074803,251.1082213374943,255.6848587326898,260.2808810744761,264.8962731102298,269.5310202450024,274.18510860926875,278.85852505683977,283.55125717890724
0.06262626262626263,,,5.172634955497049e-23,1.2740861038894354e-14,1.999595972441007e-10,6.582461655758365e-08,3.138236921975698e-06,4.959861821123211e-05,0.00039314926204938347,0.0019671978626683807,0.007133136045731534,0.020464351043616037,0.04925260459706331,0.10355681863181292,0.195803804918021,0.3400774980376542,0.5512709033450028,0.8442506434683762,1.2331342492939226,1.7307304291383563,2.3481540847983378,3.0946032456725545,3.977272310393983,5.0013716095459735,6.170224120349375,7.4854137160056045,8.946963964776323,10.553531210318848,12.302599937029127,14.190672026663494,16.213444399707893,18.365971757511563,20.642812803453744,23.038159568554157,25.545950479734785,28.159968730255645,30.873928311296705,33.681550501236195,36.5766334089655,39.55311628499151,42.60513902783652,45.72709608210064,48.91368314378694,52.15993492900974,55.461252657589526,58.81342063987077,62.21261218725715,65.65538579776366,69.13867309296161,72.65976023576192,76.21626465670883,79.80610875168733,83.42749204138798,87.07886299502725,90.75889145133762,94.4664423118633,98.20055095793519,101.96040065895919,105.74530209588269,109.55467501635941,113.38803196191925,117.24496395658613,121.12512801530823,125.02823631452375,128.95404686129518,132.9023555005706,136.87298910609562,140.86579981144328,144.88066014908603,148.9174589779385,152.97609809218963,157.05648941618466,161.15855270128915,165.28221365097366,169.4274024096826,173.594052359468,177.78209917563856,181.99148010002298,186.22213339448464,190.47399794500922,194.7470129886262,199.04111794078392,203.35625230360574,207.69235563845967,212.04936758873723,216.4272279409362,220.82587671400037,225.24525426845358,229.6853014282896,234.14595960973506,238.62717095204235,243.12887844634113,247.65102605933262,252.19355884925236,256.7564230720788,261.3395662764328,265.94293738601465,270.5664867688093,275.21016629215785,279.873929364713
0.06363636363636363,,,1.2315282574273635e-22,2.2322001053761627e-14,3.0052284796089504e-10,9.023273448941525e-08,4.04596263251759e-06,6.120366116534935e-05,0.00046945509108370663,0.0022897326756848705,0.008134621500441737,0.022950358713037886,0.05447111171347548,0.1131860044047282,0.2118575796173291,0.36474984271483973,0.5867489645611739,0.8925251565664055,1.2958290034512838,1.8089641279581063,2.4424404712044083,3.204789736315797,4.102513739833295,5.140133713112322,6.3203106487834475,7.6440111558143915,9.110698395840306,10.7185326274384,12.464570216408067,14.344953554668487,16.35508712400537,18.48979707000477,20.743473245807543,23.110193962662642,25.5838348408135,28.158164199414454,30.826928076174188,33.58392784704633,36.423092412121854,39.33854535793008,42.32466599584651,45.37614223806431,48.4880131298805,51.655699411460205,54.87502144296983,58.14220487086458,61.45387529420814,64.80704378026536,68.19908535480818,71.62771260062766,75.09094631458346,78.58708487915978,82.11467366592436,85.6724754536117,89.25944254225307,92.87469099143924,96.51747720928542,100.18717696628092,103.88326679870889,107.60530769219807,111.35293088958824,115.12582564211068,118.92372871218349,122.74641543769066,126.59369217382843,130.4653899412734,134.3613591232047,138.2814650688869,142.22558447665938,146.19360244375665,150.18541008403034,154.20090262715223,158.2399779242032,162.30253529467265,166.38847465862008,170.49769590651104,174.63009846410912,178.78558101863376,182.96404137498467,187.16537641683917,191.38948215078497,195.63625381506716,199.90558603741604,204.19737302882083,208.51150880236145,212.8478874078581,217.2064031747753,221.58695095710075,225.9894263750398,230.41372604937553,234.85974782514367,239.32739098199286,243.8165564291903,248.32714688375947,252.85906703065734,257.41222366432385,261.9865258107747,266.5818848314957,271.198214506549,275.83543110013846
0.06464646464646465,,,2.8366348276824386e-22,3.819938863675488e-14,4.432848645234746e-10,1.217471483078936e-07,5.144099896052273e-06,7.458152310739728e-05,0.000554144014179136,0.002636697987032955,0.009183549821124104,0.02549320189390587,0.05969471520082557,0.12263077156765849,0.22729862670160247,0.3880263179615899,0.6195730336667089,0.936298363234001,1.3514854717652094,1.8768512538412547,2.5222404181733076,3.2954798938937784,4.202361222590447,5.2467175416685095,6.430564963005349,7.754283228533147,9.21681601061686,10.815876327418373,12.548146878444756,14.409468613258117,16.395013529692516,18.499439739593882,20.717028451443696,23.04180397005359,25.467639168979293,27.98834982970692,30.59778124305072,33.289889320059025,36.058816559882615,38.89896134066141,41.80503789394741,44.77212419982973,47.795695848490304,50.871645168005195,53.996286236934154,57.16634745871413,60.378954034852335,63.63160293060009,66.92213285849604,70.24869152074776,73.60970195505092,77.00382940155741,80.4299497056797,83.88711992240144,87.37455150472938,90.89158624190945,94.43767495535127,98.01235885215006,101.6152533673588,105.24603428742576,108.90442592929229,112.59019114859052,116.3031229566083,120.04303754050746,123.80976849791058,127.60316211560826,131.42307354077724,135.2693637110584,139.1418969266171,143.04053896263298,146.9651556344558,150.9156117399553,154.8917703140962,158.89349214123615,162.92063547660692,166.9730559385602,171.0506065365792,175.15313780681288,179.2804980308868,183.4325335176684,187.60908893094916,191.81000764880886,196.03513214282032,200.28430436728732,204.5573661504449,208.8541595810037,213.17452738473776,217.51831328677162,221.8853623562536,226.27552133074187,230.68863891838797,235.12456607648403,239.58315626543413,244.06426567756424,248.56775344034733,253.09348179511255,257.6413162492453,262.2111257050536,266.80278256399293,271.4161628077119
0.06565656565656566,,,6.322557984995281e-22,6.383816163552018e-14,6.414667464711204e-10,1.6159592796599718e-07,6.4456678620803145e-06,8.968571761780138e-05,0.0006461224196875259,0.0030014453492066802,0.01025517187483246,0.028024314083014878,0.06476818076199004,0.1315876302769657,0.24159580039987308,0.40905382088356435,0.6484629123365916,0.9737514180365112,1.3976323907834556,1.9311557433868476,2.583444932540607,3.361590016107019,4.270662316457917,5.313816435341371,6.4924495906620345,7.8063939076436455,9.254123051616656,10.832959747070902,12.53927501179572,14.368673311067102,16.31616041955363,18.37629281370152,20.543309235311913,22.811246815064486,25.174045461068815,27.625644392768482,30.160073370047122,32.771538803703095,35.45450259607116,38.2037502119843,41.01444449394145,43.88216286877488,46.80291727750748,49.773157823169534,52.789762393410236,55.85001522878924,58.95157760608705,62.092453616143416,65.27095359052602,68.48565720360921,71.73537774416218,75.01912857013501,78.33609236362402,81.68559349197076,85.06707355422826,88.48007003454903,91.9241978828518,95.39913378424157,98.90460285148983,102.44036746709472,106.00621801092267,109.60196522406179,113.22743398140987,116.8824582680891,120.56687717813728,124.28053177614674,128.02326268330594,131.79490826818466,135.59530333948868,139.42427825291136,143.28165835750107,147.1672637174917,151.08090905684324,155.02240388043163,158.99155273420752,162.98815557231694,167.01200820448219,171.0629028013887,175.1406284395825,179.2449716705802,183.37571710158906,187.53264797751766,191.71554675588936,195.92419566789548,200.15837726019927,204.41787491326016,208.70247333291516,213.0119590127864,217.34612066575679,221.70474962337212,226.08764020243163,230.49459003848455,234.9254003861773,239.37987638759972,243.85782730718338,248.3590667364115,252.88341276742682,257.43068813725364,262.0007203436207,266.59334173355995
0.06666666666666667,,,1.3633379157052291e-21,1.0411552540785176e-13,9.098535336570469e-10,2.107876105247125e-07,7.951104789270933e-06,0.00010630599587431742,0.0007432851782312464,0.003373376417171004,0.01131337727229212,0.030448737293269502,0.06948378506139444,0.13966011347559582,0.2540672049042549,0.4267511168641678,0.6718115497619588,1.0026173836491683,1.4312059460316164,1.9678810031581375,2.6209930213785007,3.3968697372467895,4.299860571020216,5.3324603858027775,6.495483197911811,7.78826254885372,9.208861152431771,10.754277557188246,12.420641724975424,14.203394665759479,16.097449826175144,18.097336205294877,20.197325417531918,22.391546735969737,24.674094555435556,27.039131124561756,29.480984396738553,31.99423789986737,34.573807936714346,37.21500369525944,39.91356747349413,42.665694542647465,45.46803423053568,48.31767530374144,51.212119444764916,54.1492466922376,57.127276333153596,60.144726116848155,63.20037196684879,66.29320971191628,69.42241979660547,72.58733548912686,75.78741477555259,79.02221590067143,82.2913763675882,85.59459512103754,88.93161759723523,92.3022233097089,95.70621564976418,99.14341359851092,102.61364507430024,106.11674166804531,109.65253454806282,113.22085134406777,116.8215138457124,120.45433637449806,124.11912470863531,127.81567545858884,131.5437758071201,135.303203540572,139.09372731106728,142.91510707794075,146.7670946861022,150.6494345458722,154.56186438497653,158.50411604851288,162.475916327025,166.47698779645518,170.50704965679913,174.56581855884406,178.6530094105205,182.76833615618727,186.9115125236751,191.08225273515384,195.2802721789447,199.50528804025262,203.75701988951488,208.0351902276683,212.33952498811578,216.66975399553215,221.02561138196788,225.40683596177837,229.813171564498,234.24436732921583,238.70017796005564,243.18036394482425,247.68469173821586,252.2129339111123,256.7648692675684,261.3402829310811
0.06767676767676768,,,2.841259567454626e-21,1.654883746334272e-13,1.2629779842765573e-09,2.697570191619962e-07,9.63882443283759e-06,0.00012397851734679603,0.0008420506485516568,0.003736310235373815,0.012306277432546867,0.03263519044333846,0.07356180202957714,0.14632417161324454,0.2638235402028513,0.4397218206317119,0.6875581461677874,1.0200039568214063,1.4483108673916976,1.9819576072782035,2.628473938986998,3.3934066942166385,4.28039058657851,5.291289719301205,6.42638150940955,7.684561137750479,9.063550558115743,10.56010110232225,12.170182712942298,13.889156020305082,15.711926324817046,17.6330814329014,19.647017761234896,21.748059807972236,23.930576077229784,26.18909062175125,28.518385613667977,30.91358858531873,33.37023871214485,35.88432901765854,38.45232445496652,41.07115844354955,43.73821209520372,46.45128099334898,49.2085342152446,52.0084696190865,54.84986853659396,57.73175211911238,60.653340796399526,63.61401767238469,66.61329620784191,69.65079220872218,72.72619992430177,75.83927193305402,78.98980243211007,82.17761352574757,85.40254411822634,88.66444103988998,91.96315206969585,95.29852055406108,98.67038135904521,102.07855792813216,105.52286025022921,109.00308357147769,112.51900771001628,116.07039685490997,119.65699975015353,123.2785501797119,126.93476768540661,130.6253584594933,134.35001636477986,138.1084240431874,141.9002540807677,145.72517020311452,149.58282848006098,153.47287852270492,157.39496465925575,161.34872707907664,165.33380293669268,169.34982740951173,173.39643470465202,177.4732590116176,181.57993539867456,185.71610065169733,189.8813940549818,194.07545811413848,198.29793922165416,202.54848826609657,206.82676118605337,211.1324194712049,215.46513061035458,219.82456849051823,224.21041374742794,228.6223540700627,233.06008446115982,237.52330745579076,242.01173330008012,246.52508009214145,251.06307388727856,255.62544876949138
0.06868686868686869,,,5.710587374289714e-21,2.5570687836879275e-13,1.7110914660439643e-09,3.377471664584402e-07,1.1449961861979273e-05,0.0001418446122214689,0.0009366329838108467,0.004065911455610567,0.013159175892556036,0.03440007000073154,0.07661871340161974,0.15087123871087435,0.2696741118278932,0.4461090338218552,0.6929749864468376,1.0220943249937315,1.443815810405551,1.9667128013205484,2.597449907756929,3.340781417397012,4.199644201451601,5.175312144206056,6.267585430777675,7.474994520725985,8.795004439837413,10.224209830432049,11.758515103696162,13.393297585437633,15.123555277594269,16.944044185841268,18.84941111358904,20.834325023613907,22.89360473762807,25.02233596764293,27.215968947466692,29.470389659925548,31.781961505631358,34.147538425091724,36.564453661841206,39.03049004100307,41.54383796122136,44.10304668349461,46.706973407180634,49.354733409120534,52.04565340713566,54.77922939786749,57.55508953556635,60.37296214341825,63.23264864375577,66.13400101676976,69.07690331059854,72.06125670028301,75.08696760491799,78.15393840603761,81.26206035495824,84.41120830505344,87.60123695269674,90.83197831535955,94.10324021587498,97.41480557776048,100.76643236771265,104.15785404845131,107.58878042753948,111.0588988082406,114.56787536387881,118.1153566717542,121.70097135399378,125.32433178255556,128.98503581373376,132.68266852432927,136.41680392733696,140.18700664971806,143.99283355876045,147.83383532677908,151.7095579265909,155.6195440524148,159.56333446265177,163.54046924248186,167.5504889853978,171.59293589376708,175.66735479926277,179.77329410461343,183.91030664858184,188.07795049644284,192.2757896584323,196.5033947388347,200.76034351915416,205.0462214766926,209.36062224351153,213.70314800724714,218.07340985727424,222.47102807898895,226.89563239911675,231.34686218468656,235.82436659846866,240.3278047134436,244.85684558884208,249.4111683102018
0.0696969696969697,,,1.1022210688824561e-20,3.8233617125459614e-13,2.251820279683377e-09,4.117055576150422e-07,1.326239825898193e-05,0.00015841276055853938,0.0010178088783741378,0.004325280641200132,0.013762354378828683,0.03547930476012132,0.07811067746695222,0.15230606572912522,0.26995691282488343,0.443330971315038,0.6842778613204837,1.0035982978859403,1.4106085686626546,1.9128914190815194,2.5162033732231874,3.224501252175459,4.040051696439571,4.963592640890879,5.994522217448522,7.131096952537009,8.370626690304833,9.709658352093767,11.144145065884146,12.669602088503733,14.281255421315295,15.974189985091803,17.743499786487916,19.584434929055497,21.492534435433907,23.463732908994146,25.494432840922897,27.581540334405314,29.722467515036183,31.915108420533723,34.157796470505225,36.44925122773621,38.788520816521846,41.17492469178881,43.60799986208748,46.0874523587795,48.61311476726148,51.18490996825846,53.80282081831318,56.466865264468986,59.17707628054913,61.93348598651519,64.73611333648626,67.58495480983406,70.47997760220909,73.42111487719922,76.40826270137926,79.44127834215016,82.51997965818795,85.64414535623794,88.81351592554454,92.02779509392437,95.2866516752924,98.58972170308986,101.93661076166485,105.32689644457946,108.7601308819734,112.23584329037465,115.75354250772834,119.31271948423418,122.9128497060674,126.55339553451242,130.23380844748945,133.9535311786257,137.7119997165224,141.5086452537722,145.34289592850064,149.21417851385175,153.12191996332632,157.06554884531573,161.04449666540506,165.05819908006427,169.10609700576953,173.18763762789536,177.30227531389386,181.44947243539184,185.62870010385942,189.8394388243679,194.08117907208754,198.35342179632346,202.65567885504535,206.98747338597428,211.34834011677648,215.73782561875925,220.1554885076537,224.6008995949208,229.07364199302063,233.57331117766344,238.09951501017034,242.65187372274843
0.0707070707070707,,,2.0257333458842484e-20,5.483301748363802e-13,2.8528049562984975e-09,4.841835618945918e-07,1.4842327656158937e-05,0.00017111260224799083,0.00107057471505425,0.004456445889856203,0.013947165754157683,0.03547258713734922,0.07722038261550136,0.14914056714249538,0.26219351136764707,0.42754116473495335,0.6558272120432863,0.9566228568902899,1.3380589911027074,1.8066303152276229,2.367139883949199,3.022747850741676,3.775090556357129,4.624441704203086,5.56989382366935,6.609544306795058,7.740675733023432,8.95992577014004,10.263448623985376,11.647075871428921,13.106484415301423,14.637371131963963,16.235622713185688,17.89746301242903,19.619562258240173,21.39910037501312,23.23378562380315,25.121836322579078,27.06193637858809,29.05317535154135,31.094981995036424,33.18705781660108,35.32931488085086,37.521820200315446,39.76474769803038,42.058337832394585,44.40286444438089,46.79860811354213,49.245835203339325,51.74478177259859,54.29564158110679,56.898557496775354,59.55361569833086,62.26084215359484,65.02020093233469,67.83159398495546,70.69486206324841,73.60978656716344,76.57609203455877,79.59344916641119,82.66147820105265,85.77975253163197,88.9478024677062,92.1651190620098,95.43115793889038,98.74534307383823,102.10707048436636,105.51571180157045,108.97061769928503,112.4711211640709,116.01654059448185,119.60618272246631,123.23934535318783,126.91531992253977,130.63339387388962,134.39285285744188,138.1929827570286,142.0330715502283,145.9124110085002,149.83029824456753,153.78603711463907,157.7789394832279,161.8083263583786,165.8735289050483,169.97388934423603,174.10876174524168,178.27751271817007,182.47952201349534,186.71418303517905,190.98090327350138,195.27910466342033,199.60822387393938,203.96771253362382,208.35703739709547,212.77568045701034,217.22313900574713,221.69892565075835,226.20256828717027,230.73361003129438,235.2916091179906
0.07171717171717172,,,3.4787353031039987e-20,7.399437734511818e-13,3.412615725639361e-09,5.38791317253607e-07,1.573896086260994e-05,0.0001753078603100603,0.001068858928272372,0.004360823411557683,0.013430339452216371,0.03371195473848619,0.0725879820495668,0.13890002150676894,0.2422575885875044,0.3923218141116089,0.5981868891531016,0.8679186830215093,1.2082615232856837,1.6244952388990994,2.120411691879286,2.6983776038259344,3.3594537233407347,4.103545977198588,4.929570315991866,5.835619085933361,6.819124346031845,7.87702339803216,9.005938264577152,10.20237501817225,11.462932071490744,12.784492043028916,14.164370470444306,15.600405556456618,17.090987947614686,18.635040844197317,20.231965814587056,21.881569561212974,23.583983903784322,25.339587444208856,27.148933949563297,29.012689897388906,30.93158189691667,32.90635366751793,34.9377317174146,37.02639864929337,39.17297297221073,41.37799439045271,43.64191361556725,45.965085896273806,48.34776756606224,50.7901150195578,53.292185622174344,55.85394013802406,58.47524632921985,61.15588343726498,63.8955473057598,66.69385594473245,69.5503553716857,72.4645255940418,75.43578662284995,78.46350442910396,81.54699677230683,84.68553884648125,87.87836870202595,91.12469241294862,94.42368896835634,97.77451487487,101.1763084630551,104.62819389621345,108.12928488411099,111.67868810757477,115.27550636248982,118.91884143372233,122.60779671088808,126.34147955889588,130.11900345679365,133.93948991873833,137.80207021640445,141.70588687845358,145.65009509475001,149.63386384782862,153.65637697452033,157.71683405530962,161.81445118073748,165.9484615999549,170.1181162613232,174.3226842542662,178.56145316094455,182.8337293256641,187.1388380493369,191.47612371572043,195.84494985561574,200.24469915469683,204.67477341015953,209.13459344094227,213.62359895586542,218.1412483836642,222.68701866855722,227.2604050346597
0.07272727272727272,,,5.2914070168737127e-20,8.903767667863095e-13,3.65237317346457e-09,5.374968696797462e-07,1.49822303274936e-05,0.00016138477543319382,0.000959571038888631,0.0038392290177927677,0.011640657986805686,0.028848492822834276,0.06145791104175018,0.11654696628549994,0.20170693998181705,0.32447262293046464,0.49184484706349874,0.7099458797225038,0.9838107630753342,1.3172965239888001,1.713082681250574,2.1727358682058795,2.6968148337593414,3.2849974345049175,3.936219397975469,4.648828766520009,5.420773614423047,6.249834086620586,7.133879572961175,8.071105149469169,9.060202443326972,10.100444091588725,11.191687782222875,12.334321707729044,13.529176553614564,14.777424783600104,16.08048119180855,17.439912556096303,18.85735982337256,20.334473571079975,21.872862027744166,23.474050335369824,25.13944953207525,26.87033379267355,28.667824601425544,30.532880696550023,32.46629278422882,34.46868215980294,36.540502493935264,38.682044143957285,40.893440438725115,43.174675462138495,45.525592928385244,47.94590580259431,50.43520637497566,52.992976545333086,55.61859811846715,58.31136294970991,61.0704828138832,63.89509890062204,66.78429086444694,69.73708538228803,72.75246416787108,75.8293714821229,78.96672104121185,82.16340242053762,85.418286910833,88.73023286304961,92.09809054147041,95.520706510039,98.99692757872273,102.52560433772162,106.1055943076405,109.73576473353651,113.41499505013608,117.14217904460429,120.91622674211946,124.7360660382271,128.60064410056737,132.5089285611589,136.45990851898094,140.45259537116004,144.48602348967677,148.55925075914644,152.67135898993772,156.82145421964572,161.00866691477856,165.23215208341296,169.4910893085565,173.7846827109919,178.11216084951855,182.47277656567908,186.8658067793401,191.29055224080437,195.74633724454554,200.23250930908753,204.74843882707398,209.29351868912778,213.86716388471234,218.46881108285746
0.07373737373737374,,,5.2232657667327115e-20,6.997750217810532e-13,2.561336230545787e-09,3.520233621065479e-07,9.375074962246087e-06,9.775071359632877e-05,0.0005671903419614981,0.0022266238324105537,0.0066493818558628895,0.01627524812463418,0.034314913247078596,0.06450582251350151,0.11080401541376574,0.17708612569996365,0.26690698797785783,0.383330644622902,0.528833498562938,0.7052682612850081,0.9138743900144926,1.1553282382803232,1.4298559118061127,1.7374567722261451,2.0782316801843566,2.4527138885764876,2.862087557742981,3.3082538456654267,3.793776278743022,4.3217598736868075,4.895707477795089,5.519378048593722,6.19665772594748,6.931447197488669,7.727565833664797,8.588672123580478,9.518199715101195,10.5193082437096,11.594847947539408,12.747336824818355,13.978948861440974,15.291511698396262,16.686512048810943,18.165107213021088,19.728141158829477,21.376163807241753,23.109452364566963,24.928033748549808,26.831707352714936,28.820067569899553,30.892525648095095,33.04833057811084,35.286588814535605,37.60628271132471,40.00628761473137,42.48538760177435,45.04228988563619,47.67563793253144,50.384023350081,53.16599661707017,56.02007672927625,58.94475983905245,61.93852696509851,64.9998508478482,68.1272020225393,71.31905417857655,74.57388886970712,77.89019963530006,81.26649558871786,84.70130452453604,88.1931755922557,91.74068158022534,95.34242084977298,98.99701895605295,102.70312998885557,106.45943766359981,110.26465618993605,114.11753094279712,118.0168389583732,121.96138927530177,125.95002313938825,129.98161408831695,134.05506793117075,138.1693226360441,142.32334813764132,146.51614607547984,150.74674947215988,155.01422236010822,159.31765936423915,163.65618524710254,168.0289544223016,172.4351504412406,176.87398545763648,181.34469967364188,185.84656077083807,190.37886332903267,194.94092823577986,199.53210208734677,204.15175658485808,208.79928792574788
0.07474747474747474,,,,,,,,,,,,,,,,,,,,,,,,,,,,,,,,,,,,,,,,,,,,,,,,,,8.939701339484962,12.494593152214131,15.491891067851356,18.320597133357275,21.095058528417653,23.86523979276686,26.657191883887663,29.485884794072835,32.36041018687291,35.28644035498984,38.26752136406258,41.30580925592258,44.402515819399085,47.558192177179386,50.772916664893536,54.04642359225204,57.37819405354567,60.76752155710624,64.21356045988112,67.71536236024868,71.2719038676025,74.88210807171542,78.54486132659144,82.25902649297095,86.02345346538182,89.83698758950781,93.69847642162526,97.60677517082188,101.56075108524429,105.55928698450677,109.60128409649043,113.68566432432914,117.81137204274962,121.97737550549083,126.1826679285272,130.42626830301538,134.70722198198928,139.02460107733805,143.37750470562025,147.76505905101675,152.186417437999,156.6407601461308,161.12729426770375,165.64525344942246,170.19389758626687,174.77251246831838,179.38040938831776,184.01692471644228,188.68141944781874,193.37327872747053,198.091911356424
0.07575757575757576,,,,,,,,,,,,,,,,,,,,,,,,,,,,,,,,,,,,,,,,,,,,,,,,,,,,,,,,,,,,,,,19.08542493011864,25.69709367536109,30.906047390969594,35.59824461838592,40.03235900440383,44.32272457834443,48.530305338502146,52.69135959571902,56.82903558064882,60.95884816138286,65.09155812181034,69.23481048535342,73.39412536936598,77.57352707108765,81.77595960041748,86.00357033018118,90.2579090636443,94.5400710836803,98.85080206126347,103.19057636240339,107.55965640604445,111.95813826889957,116.38598714119752,120.84306518046337,125.32915359439309,129.8439702895195,134.38718407545554,138.9584261662543,143.5572995420823,148.18338660247562,152.8362554453403,157.51546503269046,162.22056944873546,166.95112141355733,171.70667518285964,176.4867889388118,181.2910267570066,186.11896021886025
0.07676767676767676,,,,,,,,,,,,,,,,,,,,,,,,,,,,,,,,,,,,,,,,,,,,,,,,,,,,,,,,,,,,,,,,,,,,,,,,22.82848428046407,34.196193375518774,41.6104618154804,47.91642249729079,53.682014174119196,59.13249028981653,64.38206051859166,69.4969896367384,74.5191760062484,79.47673483257458,84.38936738938925,89.27133691571593,94.13323263882592,98.9830722352857,103.82702094769051,108.66987751553695,113.51541241711824,118.36660932629857,123.22584126245452,128.09500154403943,132.97560276320453,137.86885268691324,142.775713218636,147.69694672929023,152.63315283775978,157.5847978783196,162.55223870363616,167.5357420539561,172.5355004227951
0.07777777777777778,,,,,,,,,,,,,,,,,,,,,,,,,,,,,,,,,,,,,,,,,,,,,,,,,,,,,,,,,,,,,,,,,,,,,,,,,,,,,,,,32.73852864556508,45.457403132567755,54.17430168040684,61.57960750682796,68.30882063312008,74.62607493769468,80.6688793741736,86.5185544970516,92.2273469056877,97.83083829444696,103.35432968004696,108.81641816747498,114.23113560619416,119.60929488799933,124.95937359075761,130.28811436659308,135.600944925536,140.9022792124826,146.1957380667222,151.4843139377112,156.77049587390206
0.07878787878787878,,,,,,,,,,,,,,,,,,,,,,,,,,,,,,,,,,,,,,,,,,,,,,,,,,,,,,,,,,,,,,,,,,,,,,,,,,,,,,,,,,,,,,,40.32894977321186,55.15044418401794,65.18777149499405,73.62990720355619,81.23807551647954,88.33012753641886,95.0722014426278,101.56295703296641,107.86607017366126,114.02512730637493,120.07129859126657,126.02764193056588,131.9116793965085,137.73702091200983
0.0797979797979798,,,,,,,,,,,,,,,,,,,,,,,,,,,,,,,,,,,,,,,,,,,,,,,,,,,,,,,,,,,,,,,,,,,,,,,,,,,,,,,,,,,,,,,,,,,,,26.62389957430891,58.700661116998454,71.33530185747357,81.31540924517668,90.05513547683334,98.061998293915,105.58277204779476,112.75789044871559
0.0808080808080808,,,,,,,,,,,,,,,,,,,,,,,,,,,,,,,,,,,,,,,,,,,,,,,,,,,,,,,,,,,,,,,,,,,,,,,,,,,,,,,,,,,,,,,,,,,,,,,,,,,35.47025586791571,67.29617182234718
0.08181818181818182,,,,,,,,,,,,,,,,,,,,,,,,,,,,,,,,,,,,,,,,,,,,,,,,,,,,,,,,,,,,,,,,,,,,,,,,,,,,,,,,,,,,,,,,,,,,,,,,,,,,
0.08282828282828283,,,,,,,,,,,,,,,,,,,,,,,,,,,,,,,,,,,,,,,,,,,,,,,,,,,,,,,,,,,,,,,,,,,,,,,,,,,,,,,,,,,,,,,,,,,,,,,,,,,,
0.08383838383838384,,,,,,,,,,,,,,,,,,,,,,,,,,,,,,,,,,,,,,,,,,,,,,,,,,,,,,,,,,,,,,,,,,,,,,,,,,,,,,,,,,,,,,,,,,,,,,,,,,,,
0.08484848484848485,,,,,,,,,,,,,,,,,,,,,,,,,,,,,,,,,,,,,,,,,,,,,,,,,,,,,,,,,,,,,,,,,,,,,,,,,,,,,,,,,,,,,,,,,,,,,,,,,,,,
0.08585858585858586,,,,,,,,,,,,,,,,,,,,,,,,,,,,,,,,,,,,,,,,,,,,,,,,,,,,,,,,,,,,,,,,,,,,,,,,,,,,,,,,,,,,,,,,,,,,,,,,,,,,
0.08686868686868687,,,,,,,,,,,,,,,,,,,,,,,,,,,,,,,,,,,,,,,,,,,,,,,,,,,,,,,,,,,,,,,,,,,,,,,,,,,,,,,,,,,,,,,,,,,,,,,,,,,,
0.08787878787878788,,,,,,,,,,,,,,,,,,,,,,,,,,,,,,,,,,,,,,,,,,,,,,,,,,,,,,,,,,,,,,,,,,,,,,,,,,,,,,,,,,,,,,,,,,,,,,,,,,,,
0.08888888888888889,,,,,,,,,,,,,,,,,,,,,,,,,,,,,,,,,,,,,,,,,,,,,,,,,,,,,,,,,,,,,,,,,,,,,,,,,,,,,,,,,,,,,,,,,,,,,,,,,,,,
0.0898989898989899,,,,,,,,,,,,,,,,,,,,,,,,,,,,,,,,,,,,,,,,,,,,,,,,,,,,,,,,,,,,,,,,,,,,,,,,,,,,,,,,,,,,,,,,,,,,,,,,,,,,
0.09090909090909091,,,,,,,,,,,,,,,,,,,,,,,,,,,,,,,,,,,,,,,,,,,,,,,,,,,,,,,,,,,,,,,,,,,,,,,,,,,,,,,,,,,,,,,,,,,,,,,,,,,,
0.09191919191919191,,,,,,,,,,,,,,,,,,,,,,,,,,,,,,,,,,,,,,,,,,,,,,,,,,,,,,,,,,,,,,,,,,,,,,,,,,,,,,,,,,,,,,,,,,,,,,,,,,,,
0.09292929292929293,,,,,,,,,,,,,,,,,,,,,,,,,,,,,,,,,,,,,,,,,,,,,,,,,,,,,,,,,,,,,,,,,,,,,,,,,,,,,,,,,,,,,,,,,,,,,,,,,,,,
0.09393939393939393,,,,,,,,,,,,,,,,,,,,,,,,,,,,,,,,,,,,,,,,,,,,,,,,,,,,,,,,,,,,,,,,,,,,,,,,,,,,,,,,,,,,,,,,,,,,,,,,,,,,
0.09494949494949495,,,,,,,,,,,,,,,,,,,,,,,,,,,,,,,,,,,,,,,,,,,,,,,,,,,,,,,,,,,,,,,,,,,,,,,,,,,,,,,,,,,,,,,,,,,,,,,,,,,,
0.09595959595959595,,,,,,,,,,,,,,,,,,,,,,,,,,,,,,,,,,,,,,,,,,,,,,,,,,,,,,,,,,,,,,,,,,,,,,,,,,,,,,,,,,,,,,,,,,,,,,,,,,,,
0.09696969696969697,,,,,,,,,,,,,,,,,,,,,,,,,,,,,,,,,,,,,,,,,,,,,,,,,,,,,,,,,,,,,,,,,,,,,,,,,,,,,,,,,,,,,,,,,,,,,,,,,,,,
0.09797979797979799,,,,,,,,,,,,,,,,,,,,,,,,,,,,,,,,,,,,,,,,,,,,,,,,,,,,,,,,,,,,,,,,,,,,,,,,,,,,,,,,,,,,,,,,,,,,,,,,,,,,
0.09898989898989899,,,,,,,,,,,,,,,,,,,,,,,,,,,,,,,,,,,,,,,,,,,,,,,,,,,,,,,,,,,,,,,,,,,,,,,,,,,,,,,,,,,,,,,,,,,,,,,,,,,,
0.1,,,,,,,,,,,,,,,,,,,,,,,,,,,,,,,,,,,,,,,,,,,,,,,,,,,,,,,,,,,,,,,,,,,,,,,,,,,,,,,,,,,,,,,,,,,,,,,,,,,,
